status,avgMeasuredTime,avgSpeed,extID,medianMeasuredTime,TIMESTAMP,vehicleCount,_id,REPORT_ID
OK,49,67,910,49,2014-02-13T11:30:00,9,190242,158805
OK,54,61,910,54,2014-02-13T11:35:00,7,190691,158805
OK,53,62,910,53,2014-02-13T11:40:00,7,191140,158805
OK,51,64,910,51,2014-02-13T11:45:00,13,191589,158805
OK,51,64,910,51,2014-02-13T11:50:00,16,192038,158805
OK,53,62,910,53,2014-02-13T11:55:00,9,192487,158805
OK,59,56,910,59,2014-02-13T12:00:00,3,192936,158805
OK,51,64,910,51,2014-02-13T12:05:00,9,193385,158805
OK,50,66,910,50,2014-02-13T12:10:00,12,193834,158805
OK,44,75,910,44,2014-02-13T12:15:00,9,194283,158805
OK,45,73,910,45,2014-02-13T12:20:00,7,194732,158805
OK,48,69,910,48,2014-02-13T12:25:00,8,195181,158805
OK,49,67,910,49,2014-02-13T12:30:00,8,195630,158805
OK,48,69,910,48,2014-02-13T12:35:00,6,196079,158805
OK,48,69,910,48,2014-02-13T12:40:00,5,196528,158805
OK,48,69,910,48,2014-02-13T12:45:00,5,196977,158805
OK,56,59,910,56,2014-02-13T12:50:00,7,197426,158805
OK,52,63,910,52,2014-02-13T12:55:00,11,197875,158805
OK,48,69,910,48,2014-02-13T13:00:00,15,198324,158805
OK,46,72,910,46,2014-02-13T13:05:00,12,198773,158805
OK,57,58,910,57,2014-02-13T13:10:00,11,199222,158805
OK,54,61,910,54,2014-02-13T13:15:00,16,199671,158805
OK,50,66,910,50,2014-02-13T13:20:00,13,200120,158805
OK,52,63,910,52,2014-02-13T13:25:00,13,200569,158805
OK,56,59,910,56,2014-02-13T13:30:00,15,201018,158805
OK,53,62,910,53,2014-02-13T13:35:00,15,201467,158805
OK,49,67,910,49,2014-02-13T13:40:00,15,201916,158805
OK,49,67,910,49,2014-02-13T13:45:00,14,202365,158805
OK,51,64,910,51,2014-02-13T13:50:00,15,202814,158805
OK,52,63,910,52,2014-02-13T13:55:00,18,203263,158805
OK,53,62,910,53,2014-02-13T14:00:00,16,203712,158805
OK,52,63,910,52,2014-02-13T14:05:00,14,204161,158805
OK,48,69,910,48,2014-02-13T14:10:00,8,204610,158805
OK,52,63,910,52,2014-02-13T14:15:00,19,205059,158805
OK,53,62,910,53,2014-02-13T14:20:00,15,205508,158805
OK,53,62,910,53,2014-02-13T14:25:00,17,205957,158805
OK,52,63,910,52,2014-02-13T14:30:00,18,206406,158805
OK,49,67,910,49,2014-02-13T14:35:00,14,206855,158805
OK,48,69,910,48,2014-02-13T14:40:00,14,207304,158805
OK,50,66,910,50,2014-02-13T14:45:00,15,207753,158805
OK,50,66,910,50,2014-02-13T14:50:00,14,208202,158805
OK,47,70,910,47,2014-02-13T14:55:00,13,208651,158805
OK,44,75,910,44,2014-02-13T15:00:00,9,209100,158805
OK,50,66,910,50,2014-02-13T15:05:00,9,209549,158805
OK,53,62,910,53,2014-02-13T15:10:00,10,209998,158805
OK,55,60,910,55,2014-02-13T15:15:00,14,210447,158805
OK,54,61,910,54,2014-02-13T15:20:00,12,210896,158805
OK,48,69,910,48,2014-02-13T15:25:00,11,211345,158805
OK,48,69,910,48,2014-02-13T15:30:00,9,211794,158805
OK,47,70,910,47,2014-02-13T15:35:00,7,212243,158805
OK,46,72,910,46,2014-02-13T15:40:00,9,212692,158805
OK,46,72,910,46,2014-02-13T15:45:00,8,213141,158805
OK,53,62,910,53,2014-02-13T15:50:00,3,213590,158805
OK,44,75,910,44,2014-02-13T15:55:00,7,214039,158805
OK,44,75,910,44,2014-02-13T16:00:00,6,214488,158805
OK,44,75,910,44,2014-02-13T16:05:00,3,214937,158805
OK,51,64,910,51,2014-02-13T16:10:00,3,215386,158805
OK,51,64,910,51,2014-02-13T16:15:00,6,215835,158805
OK,47,70,910,47,2014-02-13T16:20:00,8,216284,158805
OK,48,69,910,48,2014-02-13T16:25:00,9,216733,158805
OK,50,66,910,50,2014-02-13T16:30:00,9,217182,158805
OK,47,70,910,47,2014-02-13T16:35:00,9,217631,158805
OK,47,70,910,47,2014-02-13T16:40:00,7,218080,158805
OK,51,64,910,51,2014-02-13T16:45:00,9,218529,158805
OK,51,64,910,51,2014-02-13T16:50:00,9,218978,158805
OK,51,64,910,51,2014-02-13T16:55:00,5,219427,158805
OK,50,66,910,50,2014-02-13T17:00:00,6,219876,158805
OK,49,67,910,49,2014-02-13T17:05:00,5,220325,158805
OK,46,72,910,46,2014-02-13T17:10:00,4,220774,158805
OK,42,78,910,42,2014-02-13T17:15:00,4,221223,158805
OK,41,80,910,41,2014-02-13T17:20:00,4,221672,158805
OK,46,72,910,46,2014-02-13T17:25:00,4,222121,158805
OK,47,70,910,47,2014-02-13T17:30:00,5,222570,158805
OK,45,73,910,45,2014-02-13T17:35:00,4,223019,158805
OK,49,67,910,49,2014-02-13T17:40:00,3,223468,158805
OK,51,64,910,51,2014-02-13T17:45:00,4,223917,158805
OK,50,66,910,50,2014-02-13T17:50:00,4,224366,158805
OK,68,48,910,68,2014-02-13T17:55:00,3,224815,158805
OK,56,59,910,56,2014-02-13T18:00:00,5,225264,158805
OK,55,60,910,55,2014-02-13T18:05:00,4,225713,158805
OK,56,59,910,56,2014-02-13T18:10:00,1,226162,158805
OK,38,87,910,38,2014-02-13T18:15:00,3,226611,158805
OK,42,78,910,42,2014-02-13T18:20:00,6,227060,158805
OK,54,61,910,54,2014-02-13T18:25:00,5,227509,158805
OK,54,61,910,54,2014-02-13T18:30:00,3,227958,158805
OK,72,46,910,72,2014-02-13T18:35:00,1,228407,158805
OK,72,46,910,72,2014-02-13T18:40:00,0,228856,158805
OK,51,64,910,51,2014-02-13T18:45:00,1,229305,158805
OK,51,64,910,51,2014-02-13T18:50:00,1,229754,158805
OK,55,60,910,55,2014-02-13T18:55:00,1,230203,158805
OK,50,66,910,50,2014-02-13T19:00:00,2,230652,158805
OK,46,72,910,46,2014-02-13T19:05:00,1,231101,158805
OK,49,67,910,49,2014-02-13T19:10:00,7,231550,158805
OK,49,67,910,49,2014-02-13T19:15:00,7,231999,158805
OK,43,77,910,43,2014-02-13T19:20:00,5,232448,158805
OK,43,77,910,43,2014-02-13T19:25:00,3,232897,158805
OK,50,66,910,50,2014-02-13T19:30:00,3,233346,158805
OK,50,66,910,50,2014-02-13T19:35:00,4,233795,158805
OK,43,77,910,43,2014-02-13T19:40:00,2,234244,158805
OK,35,94,910,35,2014-02-13T19:45:00,1,234693,158805
OK,64,51,910,64,2014-02-13T19:50:00,2,235142,158805
OK,48,69,910,48,2014-02-13T19:55:00,1,235591,158805
OK,45,73,910,45,2014-02-13T20:00:00,2,236040,158805
OK,42,78,910,42,2014-02-13T20:05:00,2,236489,158805
OK,47,70,910,47,2014-02-13T20:10:00,2,236938,158805
OK,46,72,910,46,2014-02-13T20:15:00,1,237387,158805
OK,49,67,910,49,2014-02-13T20:20:00,1,237836,158805
OK,51,64,910,51,2014-02-13T20:25:00,2,238285,158805
OK,42,78,910,42,2014-02-13T20:30:00,1,238734,158805
OK,45,73,910,45,2014-02-13T20:35:00,2,239183,158805
OK,47,70,910,47,2014-02-13T20:40:00,3,239632,158805
OK,45,73,910,45,2014-02-13T20:45:00,2,240081,158805
OK,45,73,910,45,2014-02-13T20:50:00,0,240530,158805
OK,47,70,910,47,2014-02-13T20:55:00,2,240979,158805
OK,47,70,910,47,2014-02-13T21:20:00,0,243118,158805
OK,45,73,910,45,2014-02-13T21:40:00,2,244759,158805
OK,87,38,910,87,2014-02-13T21:50:00,1,245569,158805
OK,87,38,910,87,2014-02-13T22:00:00,0,246391,158805
OK,52,63,910,52,2014-02-13T22:20:00,1,248038,158805
OK,52,63,910,52,2014-02-13T22:25:00,1,248421,158805
OK,56,59,910,56,2014-02-13T22:30:00,1,248797,158805
OK,56,59,910,56,2014-02-13T22:35:00,1,249172,158805
OK,56,59,910,56,2014-02-13T22:55:00,0,250788,158805
OK,56,59,910,56,2014-02-13T23:00:00,0,251237,158805
OK,56,59,910,56,2014-02-13T23:05:00,0,251635,158805
OK,56,59,910,56,2014-02-13T23:10:00,0,252084,158805
OK,56,59,910,56,2014-02-13T23:25:00,0,253312,158805
OK,53,62,910,53,2014-02-13T23:30:00,1,253704,158805
OK,43,77,910,43,2014-02-13T23:55:00,0,255589,158805
OK,40,82,910,40,2014-02-14T00:35:00,0,258410,158805
OK,40,82,910,40,2014-02-14T01:00:00,0,260066,158805
OK,40,82,910,40,2014-02-14T01:05:00,0,260515,158805
OK,40,82,910,40,2014-02-14T01:15:00,0,261413,158805
OK,40,82,910,40,2014-02-14T01:20:00,0,261862,158805
OK,40,82,910,40,2014-02-14T01:25:00,0,262311,158805
OK,40,82,910,40,2014-02-14T01:30:00,0,262760,158805
OK,40,82,910,40,2014-02-14T01:35:00,0,263209,158805
OK,40,82,910,40,2014-02-14T01:40:00,0,263658,158805
OK,40,82,910,40,2014-02-14T01:45:00,0,264107,158805
OK,40,82,910,40,2014-02-14T01:50:00,0,264556,158805
OK,40,82,910,40,2014-02-14T01:55:00,0,265005,158805
OK,40,82,910,40,2014-02-14T02:00:00,0,265454,158805
OK,40,82,910,40,2014-02-14T02:05:00,0,265903,158805
OK,43,77,910,43,2014-02-14T02:10:00,1,266352,158805
OK,43,77,910,43,2014-02-14T02:15:00,0,266801,158805
OK,43,77,910,43,2014-02-14T02:20:00,0,267250,158805
OK,43,77,910,43,2014-02-14T02:25:00,0,267699,158805
OK,43,77,910,43,2014-02-14T02:30:00,0,268148,158805
OK,43,77,910,43,2014-02-14T02:35:00,0,268597,158805
OK,43,77,910,43,2014-02-14T02:40:00,0,269046,158805
OK,43,77,910,43,2014-02-14T02:45:00,0,269495,158805
OK,43,77,910,43,2014-02-14T02:50:00,0,269944,158805
OK,43,77,910,43,2014-02-14T02:55:00,0,270393,158805
OK,43,77,910,43,2014-02-14T03:00:00,0,270842,158805
OK,43,77,910,43,2014-02-14T03:05:00,0,271291,158805
OK,43,77,910,43,2014-02-14T03:10:00,0,271740,158805
OK,43,77,910,43,2014-02-14T03:15:00,0,272189,158805
OK,44,75,910,44,2014-02-14T03:20:00,1,272638,158805
OK,44,75,910,44,2014-02-14T03:25:00,0,273087,158805
OK,44,75,910,44,2014-02-14T03:30:00,0,273536,158805
OK,44,75,910,44,2014-02-14T03:35:00,0,273985,158805
OK,44,75,910,44,2014-02-14T03:40:00,0,274434,158805
OK,44,75,910,44,2014-02-14T03:45:00,0,274883,158805
OK,44,75,910,44,2014-02-14T03:50:00,0,275332,158805
OK,44,75,910,44,2014-02-14T03:55:00,0,275781,158805
OK,44,75,910,44,2014-02-14T04:00:00,0,276230,158805
OK,44,75,910,44,2014-02-14T04:05:00,0,276679,158805
OK,44,75,910,44,2014-02-14T04:10:00,0,277128,158805
OK,44,75,910,44,2014-02-14T04:15:00,0,277577,158805
OK,37,89,910,37,2014-02-14T04:20:00,1,278026,158805
OK,37,89,910,37,2014-02-14T04:25:00,0,278475,158805
OK,37,89,910,37,2014-02-14T04:30:00,0,278924,158805
OK,61,54,910,61,2014-02-14T04:35:00,2,279373,158805
OK,61,54,910,61,2014-02-14T04:40:00,2,279822,158805
OK,71,46,910,71,2014-02-14T04:45:00,1,280271,158805
OK,53,62,910,53,2014-02-14T04:50:00,2,280720,158805
OK,46,72,910,46,2014-02-14T04:55:00,3,281169,158805
OK,48,69,910,48,2014-02-14T05:00:00,2,281618,158805
OK,47,70,910,47,2014-02-14T05:05:00,1,282067,158805
OK,49,67,910,49,2014-02-14T05:10:00,2,282516,158805
OK,51,64,910,51,2014-02-14T05:15:00,1,282965,158805
OK,67,49,910,67,2014-02-14T05:20:00,1,283414,158805
OK,53,62,910,53,2014-02-14T05:25:00,4,283863,158805
OK,53,62,910,53,2014-02-14T05:30:00,4,284312,158805
OK,99,33,910,99,2014-02-14T05:35:00,2,284761,158805
OK,53,62,910,53,2014-02-14T05:40:00,3,285210,158805
OK,53,62,910,53,2014-02-14T05:45:00,7,285659,158805
OK,57,58,910,57,2014-02-14T05:50:00,7,286108,158805
OK,59,56,910,59,2014-02-14T05:55:00,3,286557,158805
OK,48,69,910,48,2014-02-14T06:00:00,2,287006,158805
OK,44,75,910,44,2014-02-14T06:05:00,1,287455,158805
OK,45,73,910,45,2014-02-14T06:10:00,3,287904,158805
OK,49,67,910,49,2014-02-14T06:15:00,8,288353,158805
OK,51,64,910,51,2014-02-14T06:20:00,8,288802,158805
OK,58,57,910,58,2014-02-14T06:25:00,7,289251,158805
OK,60,55,910,60,2014-02-14T06:30:00,8,289700,158805
OK,55,60,910,55,2014-02-14T06:35:00,14,290149,158805
OK,54,61,910,54,2014-02-14T06:40:00,10,290598,158805
OK,66,50,910,66,2014-02-14T06:45:00,2,291047,158805
OK,53,62,910,53,2014-02-14T06:50:00,3,291496,158805
OK,54,61,910,54,2014-02-14T06:55:00,6,291945,158805
OK,60,55,910,60,2014-02-14T07:00:00,6,292394,158805
OK,65,50,910,65,2014-02-14T07:05:00,3,292843,158805
OK,54,61,910,54,2014-02-14T07:10:00,5,293292,158805
OK,46,72,910,46,2014-02-14T07:15:00,5,293741,158805
OK,62,53,910,62,2014-02-14T07:20:00,7,294190,158805
OK,62,53,910,62,2014-02-14T07:25:00,9,294639,158805
OK,49,67,910,49,2014-02-14T07:30:00,4,295088,158805
OK,45,73,910,45,2014-02-14T07:35:00,2,295537,158805
OK,51,64,910,51,2014-02-14T07:40:00,5,295986,158805
OK,47,70,910,47,2014-02-14T07:45:00,6,296435,158805
OK,48,69,910,48,2014-02-14T07:50:00,5,296884,158805
OK,48,69,910,48,2014-02-14T07:55:00,3,297333,158805
OK,50,66,910,50,2014-02-14T08:00:00,5,297782,158805
OK,53,62,910,53,2014-02-14T08:05:00,6,298231,158805
OK,55,60,910,55,2014-02-14T08:10:00,7,298680,158805
OK,55,60,910,55,2014-02-14T08:15:00,6,299129,158805
OK,58,57,910,58,2014-02-14T08:20:00,1,299578,158805
OK,54,61,910,54,2014-02-14T08:25:00,4,300027,158805
OK,55,60,910,55,2014-02-14T08:30:00,5,300476,158805
OK,50,66,910,50,2014-02-14T08:35:00,0,300925,158805
OK,51,64,910,51,2014-02-14T08:40:00,3,301374,158805
OK,54,61,910,54,2014-02-14T08:45:00,7,301823,158805
OK,55,60,910,55,2014-02-14T08:50:00,6,302272,158805
OK,36,92,910,36,2014-02-14T08:55:00,3,302721,158805
OK,49,67,910,49,2014-02-14T09:00:00,3,303170,158805
OK,50,66,910,50,2014-02-14T09:05:00,6,303619,158805
OK,51,64,910,51,2014-02-14T09:10:00,7,304068,158805
OK,51,64,910,51,2014-02-14T09:15:00,6,304517,158805
OK,51,64,910,51,2014-02-14T09:20:00,12,304966,158805
OK,53,62,910,53,2014-02-14T09:25:00,12,305415,158805
OK,53,62,910,53,2014-02-14T09:30:00,8,305864,158805
OK,52,63,910,52,2014-02-14T09:35:00,3,306313,158805
OK,49,67,910,49,2014-02-14T09:40:00,5,306762,158805
OK,48,69,910,48,2014-02-14T09:45:00,9,307211,158805
OK,50,66,910,50,2014-02-14T09:50:00,7,307660,158805
OK,52,63,910,52,2014-02-14T09:55:00,7,308109,158805
OK,52,63,910,52,2014-02-14T10:00:00,6,308558,158805
OK,50,66,910,50,2014-02-14T10:05:00,5,309007,158805
OK,50,66,910,50,2014-02-14T10:10:00,8,309456,158805
OK,51,64,910,51,2014-02-14T10:15:00,3,309905,158805
OK,53,62,910,53,2014-02-14T10:20:00,4,310354,158805
OK,55,60,910,55,2014-02-14T10:25:00,10,310803,158805
OK,57,58,910,57,2014-02-14T10:30:00,12,311252,158805
OK,55,60,910,55,2014-02-14T10:35:00,7,311701,158805
OK,45,73,910,45,2014-02-14T10:40:00,4,312150,158805
OK,49,67,910,49,2014-02-14T10:45:00,7,312599,158805
OK,49,67,910,49,2014-02-14T10:50:00,9,313048,158805
OK,50,66,910,50,2014-02-14T10:55:00,8,313497,158805
OK,58,57,910,58,2014-02-14T11:00:00,7,313946,158805
OK,62,53,910,62,2014-02-14T11:05:00,10,314395,158805
OK,52,63,910,52,2014-02-14T11:10:00,14,314844,158805
OK,51,64,910,51,2014-02-14T11:15:00,10,315293,158805
OK,49,67,910,49,2014-02-14T11:20:00,6,315742,158805
OK,50,66,910,50,2014-02-14T11:25:00,11,316191,158805
OK,49,67,910,49,2014-02-14T11:30:00,12,316640,158805
OK,48,69,910,48,2014-02-14T11:35:00,12,317089,158805
OK,51,64,910,51,2014-02-14T11:40:00,18,317538,158805
OK,53,62,910,53,2014-02-14T11:45:00,11,317987,158805
OK,54,61,910,54,2014-02-14T11:50:00,10,318436,158805
OK,53,62,910,53,2014-02-14T11:55:00,11,318885,158805
OK,52,63,910,52,2014-02-14T12:00:00,11,319334,158805
OK,52,63,910,52,2014-02-14T12:05:00,11,319783,158805
OK,49,67,910,49,2014-02-14T12:10:00,12,320232,158805
OK,54,61,910,54,2014-02-14T12:15:00,17,320681,158805
OK,53,62,910,53,2014-02-14T12:20:00,16,321130,158805
OK,53,62,910,53,2014-02-14T12:25:00,10,321579,158805
OK,54,61,910,54,2014-02-14T12:30:00,3,322028,158805
OK,53,62,910,53,2014-02-14T12:35:00,9,322477,158805
OK,50,66,910,50,2014-02-14T12:40:00,8,322926,158805
OK,51,64,910,51,2014-02-14T12:45:00,10,323375,158805
OK,53,62,910,53,2014-02-14T12:50:00,9,323824,158805
OK,50,66,910,50,2014-02-14T12:55:00,7,324273,158805
OK,50,66,910,50,2014-02-14T13:00:00,11,324722,158805
OK,52,63,910,52,2014-02-14T13:05:00,21,325171,158805
OK,51,64,910,51,2014-02-14T13:10:00,19,325620,158805
OK,48,69,910,48,2014-02-14T13:15:00,8,326069,158805
OK,55,60,910,55,2014-02-14T13:20:00,5,326518,158805
OK,53,62,910,53,2014-02-14T13:25:00,8,326967,158805
OK,49,67,910,49,2014-02-14T13:30:00,10,327416,158805
OK,48,69,910,48,2014-02-14T13:35:00,10,327865,158805
OK,53,62,910,53,2014-02-14T13:40:00,9,328314,158805
OK,53,62,910,53,2014-02-14T13:45:00,8,328763,158805
OK,53,62,910,53,2014-02-14T13:50:00,13,329212,158805
OK,51,64,910,51,2014-02-14T13:55:00,11,329661,158805
OK,50,66,910,50,2014-02-14T14:00:00,12,330110,158805
OK,51,64,910,51,2014-02-14T14:05:00,12,330559,158805
OK,51,64,910,51,2014-02-14T14:10:00,4,331008,158805
OK,47,70,910,47,2014-02-14T14:15:00,2,331457,158805
OK,52,63,910,52,2014-02-14T14:20:00,14,331906,158805
OK,51,64,910,51,2014-02-14T14:25:00,17,332355,158805
OK,51,64,910,51,2014-02-14T14:30:00,16,332804,158805
OK,51,64,910,51,2014-02-14T14:35:00,14,333253,158805
OK,50,66,910,50,2014-02-14T14:40:00,6,333702,158805
OK,52,63,910,52,2014-02-14T14:45:00,6,334151,158805
OK,46,72,910,46,2014-02-14T14:50:00,10,334600,158805
OK,45,73,910,45,2014-02-14T14:55:00,8,335049,158805
OK,49,67,910,49,2014-02-14T15:00:00,6,335498,158805
OK,51,64,910,51,2014-02-14T15:05:00,4,335947,158805
OK,51,64,910,51,2014-02-14T15:10:00,6,336396,158805
OK,53,62,910,53,2014-02-14T15:15:00,8,336845,158805
OK,66,50,910,66,2014-02-14T15:20:00,9,337294,158805
OK,56,59,910,56,2014-02-14T15:25:00,12,337743,158805
OK,56,59,910,56,2014-02-14T15:30:00,11,338192,158805
OK,58,57,910,58,2014-02-14T15:35:00,7,338641,158805
OK,55,60,910,55,2014-02-14T15:40:00,4,339090,158805
OK,47,70,910,47,2014-02-14T15:45:00,8,339539,158805
OK,48,69,910,48,2014-02-14T15:50:00,8,339988,158805
OK,64,51,910,64,2014-02-14T15:55:00,4,340437,158805
OK,53,62,910,53,2014-02-14T16:00:00,6,340886,158805
OK,51,64,910,51,2014-02-14T16:05:00,4,341335,158805
OK,63,52,910,63,2014-02-14T16:10:00,3,341784,158805
OK,57,58,910,57,2014-02-14T16:15:00,4,342233,158805
OK,71,46,910,71,2014-02-14T16:20:00,6,342682,158805
OK,51,64,910,51,2014-02-14T16:25:00,9,343131,158805
OK,44,75,910,44,2014-02-14T16:30:00,7,343580,158805
OK,44,75,910,44,2014-02-14T16:35:00,1,344029,158805
OK,49,67,910,49,2014-02-14T16:40:00,4,344478,158805
OK,53,62,910,53,2014-02-14T16:45:00,6,344927,158805
OK,50,66,910,50,2014-02-14T16:50:00,6,345376,158805
OK,46,72,910,46,2014-02-14T16:55:00,6,345825,158805
OK,45,73,910,45,2014-02-14T17:00:00,3,346274,158805
OK,63,52,910,63,2014-02-14T17:05:00,3,346723,158805
OK,63,52,910,63,2014-02-14T17:10:00,5,347172,158805
OK,68,48,910,68,2014-02-14T17:15:00,4,347621,158805
OK,62,53,910,62,2014-02-14T17:20:00,2,348070,158805
OK,57,58,910,57,2014-02-14T17:25:00,3,348519,158805
OK,56,59,910,56,2014-02-14T17:30:00,2,348968,158805
OK,50,66,910,50,2014-02-14T17:35:00,2,349417,158805
OK,50,66,910,50,2014-02-14T17:40:00,2,349866,158805
OK,47,70,910,47,2014-02-14T17:45:00,3,350315,158805
OK,49,67,910,49,2014-02-14T17:50:00,7,350764,158805
OK,54,61,910,54,2014-02-14T17:55:00,4,351213,158805
OK,52,63,910,52,2014-02-14T18:00:00,1,351662,158805
OK,48,69,910,48,2014-02-14T18:05:00,4,352111,158805
OK,45,73,910,45,2014-02-14T18:10:00,4,352560,158805
OK,45,73,910,45,2014-02-14T18:15:00,3,353009,158805
OK,51,64,910,51,2014-02-14T18:20:00,1,353458,158805
OK,55,60,910,55,2014-02-14T18:25:00,2,353907,158805
OK,46,72,910,46,2014-02-14T18:30:00,4,354356,158805
OK,48,69,910,48,2014-02-14T18:35:00,4,354805,158805
OK,50,66,910,50,2014-02-14T18:40:00,3,355254,158805
OK,55,60,910,55,2014-02-14T18:45:00,3,355703,158805
OK,55,60,910,55,2014-02-14T18:50:00,5,356152,158805
OK,51,64,910,51,2014-02-14T18:55:00,3,356601,158805
OK,51,64,910,51,2014-02-14T19:00:00,0,357050,158805
OK,47,70,910,47,2014-02-14T19:05:00,2,357499,158805
OK,49,67,910,49,2014-02-14T19:10:00,1,357948,158805
OK,54,61,910,54,2014-02-14T19:15:00,1,358397,158805
OK,42,78,910,42,2014-02-14T19:20:00,1,358846,158805
OK,42,78,910,42,2014-02-14T19:25:00,1,359295,158805
OK,50,66,910,50,2014-02-14T19:30:00,1,359744,158805
OK,50,66,910,50,2014-02-14T19:35:00,0,360193,158805
OK,50,66,910,50,2014-02-14T19:40:00,0,360642,158805
OK,56,59,910,56,2014-02-14T19:45:00,1,361091,158805
OK,56,59,910,56,2014-02-14T19:50:00,0,361540,158805
OK,56,59,910,56,2014-02-14T19:55:00,0,361989,158805
OK,56,59,910,56,2014-02-14T20:00:00,0,362438,158805
OK,46,72,910,46,2014-02-14T20:05:00,1,362887,158805
OK,46,72,910,46,2014-02-14T20:10:00,3,363336,158805
OK,38,87,910,38,2014-02-14T20:15:00,2,363785,158805
OK,48,69,910,48,2014-02-14T20:20:00,0,364234,158805
OK,48,69,910,48,2014-02-14T20:25:00,0,364683,158805
OK,54,61,910,54,2014-02-14T20:30:00,1,365132,158805
OK,54,61,910,54,2014-02-14T20:35:00,1,365581,158805
OK,43,77,910,43,2014-02-14T20:40:00,2,366030,158805
OK,43,77,910,43,2014-02-14T20:45:00,2,366479,158805
OK,42,78,910,42,2014-02-14T20:50:00,1,366928,158805
OK,42,78,910,42,2014-02-14T20:55:00,0,367377,158805
OK,42,78,910,42,2014-02-14T21:05:00,0,368191,158805
OK,66,50,910,66,2014-02-14T21:10:00,1,368581,158805
OK,41,80,910,41,2014-02-14T21:15:00,1,369030,158805
OK,57,58,910,57,2014-02-14T21:20:00,1,369455,158805
OK,57,58,910,57,2014-02-14T21:30:00,0,370353,158805
OK,42,78,910,42,2014-02-14T21:35:00,1,370743,158805
OK,52,63,910,52,2014-02-14T21:40:00,1,371141,158805
OK,71,46,910,71,2014-02-14T22:05:00,1,373312,158805
OK,51,64,910,51,2014-02-14T22:10:00,2,373761,158805
OK,55,60,910,55,2014-02-14T22:15:00,3,374210,158805
OK,57,58,910,57,2014-02-14T22:20:00,4,374659,158805
OK,61,54,910,61,2014-02-14T22:30:00,4,375557,158805
OK,50,66,910,50,2014-02-14T22:40:00,1,376455,158805
OK,52,63,910,52,2014-02-14T22:50:00,1,377220,158805
OK,48,69,910,48,2014-02-14T22:55:00,1,377604,158805
OK,48,69,910,48,2014-02-14T23:00:00,0,378053,158805
OK,58,57,910,58,2014-02-14T23:05:00,1,378502,158805
OK,40,82,910,40,2014-02-14T23:10:00,3,378951,158805
OK,50,66,910,50,2014-02-14T23:20:00,1,379849,158805
OK,40,82,910,40,2014-02-14T23:25:00,2,380273,158805
OK,31,106,910,31,2014-02-14T23:45:00,0,381850,158805
OK,46,72,910,46,2014-02-14T23:50:00,1,382299,158805
OK,57,58,910,57,2014-02-15T00:20:00,0,384545,158805
OK,57,58,910,57,2014-02-15T00:30:00,0,385333,158805
OK,44,75,910,44,2014-02-15T01:00:00,0,387632,158805
OK,42,78,910,42,2014-02-15T01:05:00,1,388081,158805
OK,40,82,910,40,2014-02-15T01:10:00,1,388530,158805
OK,40,82,910,40,2014-02-15T01:15:00,0,388979,158805
OK,40,82,910,40,2014-02-15T01:20:00,0,389428,158805
OK,40,82,910,40,2014-02-15T01:25:00,0,389877,158805
OK,40,82,910,40,2014-02-15T01:30:00,0,390326,158805
OK,40,82,910,40,2014-02-15T01:35:00,0,390775,158805
OK,40,82,910,40,2014-02-15T01:40:00,0,391224,158805
OK,40,82,910,40,2014-02-15T01:45:00,0,391673,158805
OK,40,82,910,40,2014-02-15T01:50:00,0,392122,158805
OK,40,82,910,40,2014-02-15T01:55:00,0,392571,158805
OK,40,82,910,40,2014-02-15T02:00:00,0,393020,158805
OK,40,82,910,40,2014-02-15T02:05:00,0,393469,158805
OK,40,82,910,40,2014-02-15T02:10:00,0,393918,158805
OK,40,82,910,40,2014-02-15T02:15:00,0,394367,158805
OK,40,82,910,40,2014-02-15T02:20:00,0,394816,158805
OK,40,82,910,40,2014-02-15T02:25:00,0,395265,158805
OK,40,82,910,40,2014-02-15T02:30:00,0,395714,158805
OK,40,82,910,40,2014-02-15T02:35:00,0,396163,158805
OK,40,82,910,40,2014-02-15T02:40:00,0,396612,158805
OK,40,82,910,40,2014-02-15T02:45:00,0,397061,158805
OK,49,67,910,49,2014-02-15T02:50:00,1,397510,158805
OK,49,67,910,49,2014-02-15T02:55:00,0,397959,158805
OK,49,67,910,49,2014-02-15T03:00:00,0,398408,158805
OK,49,67,910,49,2014-02-15T03:05:00,0,398857,158805
OK,49,67,910,49,2014-02-15T03:10:00,0,399306,158805
OK,49,67,910,49,2014-02-15T03:15:00,0,399755,158805
OK,49,67,910,49,2014-02-15T03:20:00,0,400204,158805
OK,41,80,910,41,2014-02-15T03:25:00,1,400653,158805
OK,41,80,910,41,2014-02-15T03:30:00,0,401102,158805
OK,41,80,910,41,2014-02-15T03:35:00,0,401551,158805
OK,41,80,910,41,2014-02-15T03:40:00,0,402000,158805
OK,41,80,910,41,2014-02-15T03:45:00,0,402449,158805
OK,41,80,910,41,2014-02-15T03:50:00,0,402898,158805
OK,33,100,910,33,2014-02-15T03:55:00,1,403347,158805
OK,33,100,910,33,2014-02-15T04:00:00,1,403796,158805
OK,33,100,910,33,2014-02-15T04:05:00,0,404245,158805
OK,33,100,910,33,2014-02-15T04:10:00,0,404694,158805
OK,33,100,910,33,2014-02-15T04:15:00,0,405143,158805
OK,33,100,910,33,2014-02-15T04:20:00,0,405592,158805
OK,33,100,910,33,2014-02-15T04:25:00,1,406041,158805
OK,33,100,910,33,2014-02-15T04:30:00,1,406490,158805
OK,33,100,910,33,2014-02-15T04:35:00,0,406939,158805
OK,33,100,910,33,2014-02-15T04:40:00,0,407388,158805
OK,33,100,910,33,2014-02-15T04:45:00,0,407837,158805
OK,33,100,910,33,2014-02-15T04:50:00,0,408286,158805
OK,33,100,910,33,2014-02-15T04:55:00,0,408735,158805
OK,33,100,910,33,2014-02-15T05:05:00,0,409610,158805
OK,41,80,910,41,2014-02-15T05:10:00,1,410059,158805
OK,41,80,910,41,2014-02-15T05:15:00,0,410508,158805
OK,41,80,910,41,2014-02-15T05:20:00,0,410919,158805
OK,40,82,910,40,2014-02-15T05:25:00,1,411305,158805
OK,40,82,910,40,2014-02-15T05:30:00,0,411748,158805
OK,46,72,910,46,2014-02-15T05:35:00,1,412197,158805
OK,48,69,910,48,2014-02-15T05:40:00,2,412586,158805
OK,50,66,910,50,2014-02-15T05:50:00,2,413484,158805
OK,50,66,910,50,2014-02-15T05:55:00,2,413876,158805
OK,47,70,910,47,2014-02-15T06:00:00,0,414325,158805
OK,47,70,910,47,2014-02-15T06:05:00,0,414774,158805
OK,47,70,910,47,2014-02-15T06:10:00,0,415223,158805
OK,47,70,910,47,2014-02-15T06:15:00,0,415672,158805
OK,47,70,910,47,2014-02-15T06:20:00,0,416121,158805
OK,47,70,910,47,2014-02-15T06:25:00,0,416515,158805
OK,47,70,910,47,2014-02-15T06:30:00,0,416964,158805
OK,61,54,910,61,2014-02-15T06:35:00,2,417354,158805
OK,46,72,910,46,2014-02-15T06:40:00,3,417803,158805
OK,43,77,910,43,2014-02-15T06:45:00,0,418195,158805
OK,43,77,910,43,2014-02-15T06:50:00,0,418593,158805
OK,43,77,910,43,2014-02-15T06:55:00,0,419042,158805
OK,43,77,910,43,2014-02-15T07:00:00,0,419433,158805
OK,43,77,910,43,2014-02-15T07:05:00,0,419882,158805
OK,43,77,910,43,2014-02-15T07:10:00,0,420331,158805
OK,43,77,910,43,2014-02-15T07:15:00,0,420780,158805
OK,59,56,910,59,2014-02-15T07:20:00,1,421229,158805
OK,59,56,910,59,2014-02-15T07:25:00,1,421678,158805
OK,40,82,910,40,2014-02-15T07:30:00,1,422127,158805
OK,40,82,910,40,2014-02-15T07:35:00,1,422576,158805
OK,40,82,910,40,2014-02-15T07:40:00,0,423025,158805
OK,48,69,910,48,2014-02-15T07:45:00,1,423474,158805
OK,48,69,910,48,2014-02-15T07:50:00,1,423923,158805
OK,54,61,910,54,2014-02-15T07:55:00,2,424372,158805
OK,56,59,910,56,2014-02-15T08:00:00,3,424821,158805
OK,56,59,910,56,2014-02-15T08:05:00,1,425270,158805
OK,56,59,910,56,2014-02-15T08:10:00,0,425719,158805
OK,56,59,910,56,2014-02-15T08:15:00,0,426168,158805
OK,56,59,910,56,2014-02-15T08:20:00,0,426617,158805
OK,56,59,910,56,2014-02-15T08:25:00,0,427066,158805
OK,56,59,910,56,2014-02-15T08:30:00,0,427515,158805
OK,56,59,910,56,2014-02-15T08:35:00,0,427964,158805
OK,47,70,910,47,2014-02-15T08:40:00,1,428413,158805
OK,47,70,910,47,2014-02-15T08:45:00,1,428862,158805
OK,63,52,910,63,2014-02-15T08:50:00,1,429311,158805
OK,63,52,910,63,2014-02-15T08:55:00,3,429760,158805
OK,60,55,910,60,2014-02-15T09:00:00,2,430209,158805
OK,56,59,910,56,2014-02-15T09:05:00,2,430658,158805
OK,56,59,910,56,2014-02-15T09:10:00,2,431107,158805
OK,50,66,910,50,2014-02-15T09:15:00,3,431556,158805
OK,50,66,910,50,2014-02-15T09:20:00,3,432005,158805
OK,43,77,910,43,2014-02-15T09:25:00,2,432454,158805
OK,53,62,910,53,2014-02-15T09:30:00,0,432903,158805
OK,54,61,910,54,2014-02-15T09:35:00,2,433352,158805
OK,42,78,910,42,2014-02-15T09:40:00,4,433801,158805
OK,44,75,910,44,2014-02-15T09:45:00,1,434250,158805
OK,52,63,910,52,2014-02-15T09:50:00,4,434699,158805
OK,50,66,910,50,2014-02-15T09:55:00,7,435148,158805
OK,51,64,910,51,2014-02-15T10:00:00,4,435597,158805
OK,47,70,910,47,2014-02-15T10:05:00,3,436046,158805
OK,49,67,910,49,2014-02-15T10:10:00,4,436495,158805
OK,51,64,910,51,2014-02-15T10:15:00,1,436944,158805
OK,42,78,910,42,2014-02-15T10:20:00,1,437393,158805
OK,50,66,910,50,2014-02-15T10:25:00,4,437842,158805
OK,50,66,910,50,2014-02-15T10:30:00,3,438291,158805
OK,50,66,910,50,2014-02-15T10:35:00,0,438740,158805
OK,46,72,910,46,2014-02-15T10:40:00,3,439189,158805
OK,47,70,910,47,2014-02-15T10:45:00,4,439638,158805
OK,56,59,910,56,2014-02-15T10:50:00,2,440087,158805
OK,48,69,910,48,2014-02-15T10:55:00,4,440536,158805
OK,51,64,910,51,2014-02-15T11:00:00,7,440985,158805
OK,49,67,910,49,2014-02-15T11:05:00,3,441434,158805
OK,36,92,910,36,2014-02-15T11:10:00,2,441883,158805
OK,44,75,910,44,2014-02-15T11:15:00,7,442332,158805
OK,52,63,910,52,2014-02-15T11:20:00,7,442781,158805
OK,50,66,910,50,2014-02-15T11:25:00,2,443230,158805
OK,56,59,910,56,2014-02-15T11:30:00,2,443679,158805
OK,54,61,910,54,2014-02-15T11:35:00,3,444128,158805
OK,53,62,910,53,2014-02-15T11:40:00,3,444577,158805
OK,51,64,910,51,2014-02-15T11:45:00,6,445026,158805
OK,50,66,910,50,2014-02-15T11:50:00,7,445475,158805
OK,50,66,910,50,2014-02-15T11:55:00,6,445924,158805
OK,44,75,910,44,2014-02-15T12:00:00,5,446373,158805
OK,38,87,910,38,2014-02-15T12:05:00,3,446822,158805
OK,51,64,910,51,2014-02-15T12:10:00,2,447271,158805
OK,47,70,910,47,2014-02-15T12:15:00,3,447720,158805
OK,47,70,910,47,2014-02-15T12:20:00,5,448169,158805
OK,56,59,910,56,2014-02-15T12:25:00,5,448618,158805
OK,48,69,910,48,2014-02-15T12:30:00,6,449067,158805
OK,47,70,910,47,2014-02-15T12:35:00,5,449516,158805
OK,42,78,910,42,2014-02-15T12:40:00,2,449965,158805
OK,49,67,910,49,2014-02-15T12:45:00,5,450414,158805
OK,53,62,910,53,2014-02-15T12:50:00,4,450863,158805
OK,54,61,910,54,2014-02-15T12:55:00,4,451312,158805
OK,54,61,910,54,2014-02-15T13:00:00,7,451761,158805
OK,53,62,910,53,2014-02-15T13:05:00,5,452210,158805
OK,49,67,910,49,2014-02-15T13:10:00,3,452659,158805
OK,48,69,910,48,2014-02-15T13:15:00,2,453108,158805
OK,49,67,910,49,2014-02-15T13:20:00,3,453557,158805
OK,52,63,910,52,2014-02-15T13:25:00,4,454006,158805
OK,56,59,910,56,2014-02-15T13:30:00,2,454455,158805
OK,47,70,910,47,2014-02-15T13:35:00,2,454904,158805
OK,44,75,910,44,2014-02-15T13:40:00,4,455353,158805
OK,45,73,910,45,2014-02-15T13:45:00,6,455802,158805
OK,47,70,910,47,2014-02-15T13:50:00,3,456251,158805
OK,45,73,910,45,2014-02-15T13:55:00,4,456700,158805
OK,44,75,910,44,2014-02-15T14:00:00,3,457149,158805
OK,54,61,910,54,2014-02-15T14:05:00,0,457598,158805
OK,54,61,910,54,2014-02-15T14:10:00,0,458047,158805
OK,50,66,910,50,2014-02-15T14:15:00,4,458496,158805
OK,47,70,910,47,2014-02-15T14:20:00,3,458945,158805
OK,59,56,910,59,2014-02-15T14:25:00,2,459394,158805
OK,47,70,910,47,2014-02-15T14:30:00,4,459843,158805
OK,43,77,910,43,2014-02-15T14:35:00,8,460292,158805
OK,49,67,910,49,2014-02-15T14:40:00,4,460741,158805
OK,50,66,910,50,2014-02-15T14:45:00,2,461190,158805
OK,50,66,910,50,2014-02-15T14:50:00,3,461639,158805
OK,47,70,910,47,2014-02-15T14:55:00,6,462088,158805
OK,47,70,910,47,2014-02-15T15:00:00,4,462537,158805
OK,50,66,910,50,2014-02-15T15:05:00,4,462986,158805
OK,47,70,910,47,2014-02-15T15:10:00,6,463435,158805
OK,45,73,910,45,2014-02-15T15:15:00,4,463884,158805
OK,53,62,910,53,2014-02-15T15:20:00,4,464333,158805
OK,52,63,910,52,2014-02-15T15:25:00,6,464782,158805
OK,49,67,910,49,2014-02-15T15:30:00,11,465231,158805
OK,49,67,910,49,2014-02-15T15:35:00,7,465680,158805
OK,51,64,910,51,2014-02-15T15:40:00,4,466129,158805
OK,48,69,910,48,2014-02-15T15:45:00,2,466578,158805
OK,48,69,910,48,2014-02-15T15:50:00,3,467027,158805
OK,48,69,910,48,2014-02-15T15:55:00,7,467476,158805
OK,45,73,910,45,2014-02-15T16:00:00,7,467925,158805
OK,45,73,910,45,2014-02-15T16:05:00,5,468374,158805
OK,52,63,910,52,2014-02-15T16:10:00,5,468823,158805
OK,53,62,910,53,2014-02-15T16:15:00,7,469272,158805
OK,50,66,910,50,2014-02-15T16:20:00,5,469721,158805
OK,48,69,910,48,2014-02-15T16:25:00,4,470170,158805
OK,51,64,910,51,2014-02-15T16:30:00,6,470619,158805
OK,50,66,910,50,2014-02-15T16:35:00,6,471068,158805
OK,41,80,910,41,2014-02-15T16:40:00,1,471517,158805
OK,44,75,910,44,2014-02-15T16:45:00,5,471966,158805
OK,44,75,910,44,2014-02-15T16:50:00,7,472415,158805
OK,64,51,910,64,2014-02-15T16:55:00,3,472864,158805
OK,51,64,910,51,2014-02-15T17:00:00,3,473313,158805
OK,51,64,910,51,2014-02-15T17:05:00,3,473762,158805
OK,69,48,910,69,2014-02-15T17:10:00,3,474211,158805
OK,69,48,910,69,2014-02-15T17:15:00,3,474660,158805
OK,54,61,910,54,2014-02-15T17:20:00,2,475109,158805
OK,46,72,910,46,2014-02-15T17:25:00,2,475558,158805
OK,41,80,910,41,2014-02-15T17:30:00,3,476007,158805
OK,45,73,910,45,2014-02-15T17:35:00,2,476456,158805
OK,54,61,910,54,2014-02-15T17:40:00,3,476905,158805
OK,52,63,910,52,2014-02-15T17:45:00,2,477354,158805
OK,53,62,910,53,2014-02-15T17:50:00,2,477803,158805
OK,51,64,910,51,2014-02-15T17:55:00,2,478252,158805
OK,47,70,910,47,2014-02-15T18:00:00,1,478701,158805
OK,44,75,910,44,2014-02-15T18:05:00,1,479150,158805
OK,49,67,910,49,2014-02-15T18:10:00,5,479599,158805
OK,47,70,910,47,2014-02-15T18:15:00,6,480048,158805
OK,41,80,910,41,2014-02-15T18:20:00,0,480497,158805
OK,49,67,910,49,2014-02-15T18:25:00,3,480946,158805
OK,45,73,910,45,2014-02-15T18:30:00,4,481395,158805
OK,44,75,910,44,2014-02-15T18:35:00,2,481844,158805
OK,48,69,910,48,2014-02-15T18:40:00,0,482293,158805
OK,48,69,910,48,2014-02-15T18:45:00,0,482742,158805
OK,52,63,910,52,2014-02-15T18:50:00,2,483191,158805
OK,49,67,910,49,2014-02-15T18:55:00,5,483640,158805
OK,48,69,910,48,2014-02-15T19:00:00,4,484089,158805
OK,47,70,910,47,2014-02-15T19:05:00,1,484538,158805
OK,59,56,910,59,2014-02-15T19:10:00,1,484987,158805
OK,59,56,910,59,2014-02-15T19:15:00,3,485436,158805
OK,78,42,910,78,2014-02-15T19:20:00,1,485885,158805
OK,78,42,910,78,2014-02-15T19:25:00,0,486334,158805
OK,78,42,910,78,2014-02-15T19:30:00,0,486783,158805
OK,39,84,910,39,2014-02-15T19:35:00,1,487232,158805
OK,57,58,910,57,2014-02-15T19:40:00,1,487681,158805
OK,57,58,910,57,2014-02-15T19:45:00,0,488130,158805
OK,48,69,910,48,2014-02-15T19:50:00,1,488579,158805
OK,48,69,910,48,2014-02-15T19:55:00,1,489028,158805
OK,48,69,910,48,2014-02-15T20:00:00,1,489477,158805
OK,49,67,910,49,2014-02-15T20:05:00,1,489926,158805
OK,60,55,910,60,2014-02-15T20:10:00,1,490375,158805
OK,55,60,910,55,2014-02-15T20:15:00,3,490824,158805
OK,53,62,910,53,2014-02-15T20:20:00,0,491273,158805
OK,53,62,910,53,2014-02-15T20:25:00,0,491722,158805
OK,52,63,910,52,2014-02-15T20:30:00,3,492171,158805
OK,51,64,910,51,2014-02-15T20:35:00,4,492620,158805
OK,44,75,910,44,2014-02-15T20:40:00,1,493069,158805
OK,44,75,910,44,2014-02-15T20:45:00,1,493518,158805
OK,44,75,910,44,2014-02-15T20:50:00,0,493967,158805
OK,46,72,910,46,2014-02-15T20:55:00,1,494416,158805
OK,46,72,910,46,2014-02-15T21:00:00,1,494865,158805
OK,46,72,910,46,2014-02-15T21:05:00,0,495314,158805
OK,33,100,910,33,2014-02-15T21:10:00,1,495763,158805
OK,37,89,910,37,2014-02-15T21:15:00,1,496212,158805
OK,37,89,910,37,2014-02-15T21:20:00,0,496661,158805
OK,37,89,910,37,2014-02-15T21:25:00,0,497110,158805
OK,37,89,910,37,2014-02-15T21:30:00,1,497559,158805
OK,37,89,910,37,2014-02-15T21:35:00,1,498008,158805
OK,37,89,910,37,2014-02-15T21:40:00,0,498457,158805
OK,51,64,910,51,2014-02-15T21:45:00,1,498906,158805
OK,51,64,910,51,2014-02-15T21:50:00,1,499355,158805
OK,51,64,910,51,2014-02-15T21:55:00,0,499804,158805
OK,47,70,910,47,2014-02-15T22:00:00,1,500253,158805
OK,47,70,910,47,2014-02-15T22:05:00,1,500702,158805
OK,47,70,910,47,2014-02-15T22:10:00,0,501151,158805
OK,55,60,910,55,2014-02-15T22:15:00,2,501600,158805
OK,55,60,910,55,2014-02-15T22:20:00,2,502049,158805
OK,55,60,910,55,2014-02-15T22:25:00,0,502498,158805
OK,48,69,910,48,2014-02-15T22:30:00,3,502947,158805
OK,49,67,910,49,2014-02-15T22:35:00,2,503396,158805
OK,47,70,910,47,2014-02-15T22:40:00,0,503845,158805
OK,47,70,910,47,2014-02-15T22:45:00,0,504294,158805
OK,42,78,910,42,2014-02-15T22:50:00,1,504743,158805
OK,39,84,910,39,2014-02-15T22:55:00,1,505192,158805
OK,39,84,910,39,2014-02-15T23:00:00,0,505641,158805
OK,39,84,910,39,2014-02-15T23:05:00,0,506090,158805
OK,39,84,910,39,2014-02-15T23:10:00,0,506539,158805
OK,56,59,910,56,2014-02-15T23:15:00,1,506988,158805
OK,47,70,910,47,2014-02-15T23:20:00,2,507437,158805
OK,52,63,910,52,2014-02-15T23:25:00,1,507886,158805
OK,52,63,910,52,2014-02-15T23:30:00,1,508335,158805
OK,52,63,910,52,2014-02-15T23:35:00,0,508784,158805
OK,40,82,910,40,2014-02-15T23:40:00,1,509233,158805
OK,40,82,910,40,2014-02-15T23:45:00,2,509682,158805
OK,53,62,910,53,2014-02-15T23:50:00,1,510131,158805
OK,39,84,910,39,2014-02-15T23:55:00,1,510580,158805
OK,47,70,910,47,2014-02-16T00:00:00,1,511029,158805
OK,47,70,910,47,2014-02-16T00:05:00,1,511478,158805
OK,47,70,910,47,2014-02-16T00:15:00,0,512376,158805
OK,41,80,910,41,2014-02-16T00:20:00,1,512825,158805
OK,41,80,910,41,2014-02-16T00:25:00,0,513274,158805
OK,41,80,910,41,2014-02-16T00:30:00,0,513723,158805
OK,41,80,910,41,2014-02-16T00:35:00,0,514172,158805
OK,41,80,910,41,2014-02-16T00:40:00,0,514621,158805
OK,41,80,910,41,2014-02-16T00:45:00,0,515070,158805
OK,41,80,910,41,2014-02-16T00:50:00,0,515519,158805
OK,41,80,910,41,2014-02-16T00:55:00,0,515968,158805
OK,41,80,910,41,2014-02-16T01:00:00,0,516417,158805
OK,41,80,910,41,2014-02-16T01:05:00,0,516866,158805
OK,41,80,910,41,2014-02-16T01:10:00,0,517315,158805
OK,41,80,910,41,2014-02-16T01:15:00,0,517764,158805
OK,41,80,910,41,2014-02-16T01:20:00,0,518213,158805
OK,41,80,910,41,2014-02-16T01:25:00,0,518662,158805
OK,41,80,910,41,2014-02-16T01:30:00,0,519111,158805
OK,41,80,910,41,2014-02-16T01:35:00,0,519560,158805
OK,41,80,910,41,2014-02-16T01:40:00,0,520009,158805
OK,41,80,910,41,2014-02-16T01:45:00,0,520458,158805
OK,41,80,910,41,2014-02-16T01:50:00,0,520907,158805
OK,56,59,910,56,2014-02-16T01:55:00,1,521356,158805
OK,44,75,910,44,2014-02-16T02:00:00,1,521805,158805
OK,44,75,910,44,2014-02-16T02:05:00,0,522254,158805
OK,44,75,910,44,2014-02-16T02:10:00,0,522703,158805
OK,44,75,910,44,2014-02-16T02:15:00,0,523152,158805
OK,44,75,910,44,2014-02-16T02:20:00,0,523601,158805
OK,44,75,910,44,2014-02-16T02:25:00,0,524050,158805
OK,44,75,910,44,2014-02-16T02:30:00,0,524499,158805
OK,44,75,910,44,2014-02-16T02:35:00,0,524948,158805
OK,44,75,910,44,2014-02-16T02:40:00,0,525397,158805
OK,44,75,910,44,2014-02-16T02:45:00,0,525846,158805
OK,44,75,910,44,2014-02-16T02:50:00,0,526295,158805
OK,44,75,910,44,2014-02-16T02:55:00,0,526744,158805
OK,44,75,910,44,2014-02-16T03:00:00,0,527193,158805
OK,44,75,910,44,2014-02-16T03:05:00,0,527642,158805
OK,44,75,910,44,2014-02-16T03:10:00,0,528091,158805
OK,44,75,910,44,2014-02-16T03:15:00,0,528540,158805
OK,44,75,910,44,2014-02-16T03:20:00,0,528989,158805
OK,44,75,910,44,2014-02-16T03:25:00,0,529438,158805
OK,44,75,910,44,2014-02-16T03:30:00,0,529887,158805
OK,44,75,910,44,2014-02-16T03:35:00,0,530336,158805
OK,44,75,910,44,2014-02-16T03:40:00,0,530785,158805
OK,44,75,910,44,2014-02-16T03:45:00,0,531234,158805
OK,44,75,910,44,2014-02-16T03:50:00,0,531683,158805
OK,44,75,910,44,2014-02-16T03:55:00,0,532132,158805
OK,44,75,910,44,2014-02-16T04:00:00,0,532581,158805
OK,44,75,910,44,2014-02-16T04:05:00,0,533030,158805
OK,44,75,910,44,2014-02-16T04:10:00,0,533479,158805
OK,44,75,910,44,2014-02-16T04:15:00,0,533928,158805
OK,44,75,910,44,2014-02-16T04:20:00,0,534377,158805
OK,44,75,910,44,2014-02-16T04:25:00,0,534826,158805
OK,44,75,910,44,2014-02-16T04:30:00,0,535275,158805
OK,44,75,910,44,2014-02-16T04:35:00,0,535724,158805
OK,44,75,910,44,2014-02-16T04:40:00,0,536173,158805
OK,44,75,910,44,2014-02-16T04:45:00,0,536622,158805
OK,44,75,910,44,2014-02-16T04:50:00,0,537071,158805
OK,44,75,910,44,2014-02-16T04:55:00,0,537520,158805
OK,44,75,910,44,2014-02-16T05:00:00,1,537969,158805
OK,43,77,910,43,2014-02-16T05:05:00,1,538418,158805
OK,41,80,910,41,2014-02-16T05:10:00,2,538867,158805
OK,40,82,910,40,2014-02-16T05:15:00,0,539316,158805
OK,40,82,910,40,2014-02-16T05:20:00,0,539765,158805
OK,40,82,910,40,2014-02-16T05:25:00,0,540157,158805
OK,40,82,910,40,2014-02-16T05:30:00,0,540606,158805
OK,40,82,910,40,2014-02-16T05:35:00,0,541055,158805
OK,40,82,910,40,2014-02-16T05:40:00,0,541504,158805
OK,47,70,910,47,2014-02-16T05:45:00,1,541938,158805
OK,47,70,910,47,2014-02-16T05:50:00,1,542363,158805
OK,47,70,910,47,2014-02-16T05:55:00,0,542741,158805
OK,47,70,910,47,2014-02-16T06:00:00,0,543190,158805
OK,47,70,910,47,2014-02-16T06:05:00,0,543639,158805
OK,47,70,910,47,2014-02-16T06:15:00,0,544404,158805
OK,47,70,910,47,2014-02-16T06:20:00,0,544786,158805
OK,47,70,910,47,2014-02-16T06:25:00,0,545235,158805
OK,35,94,910,35,2014-02-16T06:30:00,1,545624,158805
OK,41,80,910,41,2014-02-16T06:35:00,1,546073,158805
OK,41,80,910,41,2014-02-16T06:40:00,1,546522,158805
OK,41,80,910,41,2014-02-16T06:45:00,0,546971,158805
OK,41,80,910,41,2014-02-16T06:50:00,0,547420,158805
OK,41,80,910,41,2014-02-16T06:55:00,0,547869,158805
OK,54,61,910,54,2014-02-16T07:00:00,1,548318,158805
OK,54,61,910,54,2014-02-16T07:05:00,0,548767,158805
OK,55,60,910,55,2014-02-16T07:10:00,1,549216,158805
OK,43,77,910,43,2014-02-16T07:15:00,1,549665,158805
OK,43,77,910,43,2014-02-16T07:20:00,0,550114,158805
OK,45,73,910,45,2014-02-16T07:25:00,1,550563,158805
OK,45,73,910,45,2014-02-16T07:30:00,1,551012,158805
OK,45,73,910,45,2014-02-16T07:35:00,0,551461,158805
OK,45,73,910,45,2014-02-16T07:40:00,0,551909,158805
OK,45,73,910,45,2014-02-16T07:45:00,0,552358,158805
OK,45,73,910,45,2014-02-16T07:50:00,0,552807,158805
OK,49,67,910,49,2014-02-16T07:55:00,1,553256,158805
OK,49,67,910,49,2014-02-16T08:00:00,1,553705,158805
OK,56,59,910,56,2014-02-16T08:05:00,1,554154,158805
OK,56,59,910,56,2014-02-16T08:10:00,0,554603,158805
OK,50,66,910,50,2014-02-16T08:15:00,1,555052,158805
OK,50,66,910,50,2014-02-16T08:20:00,0,555501,158805
OK,50,66,910,50,2014-02-16T08:25:00,0,555950,158805
OK,50,66,910,50,2014-02-16T08:30:00,0,556399,158805
OK,50,66,910,50,2014-02-16T08:35:00,0,556848,158805
OK,50,66,910,50,2014-02-16T08:40:00,0,557297,158805
OK,50,66,910,50,2014-02-16T08:45:00,0,557746,158805
OK,52,63,910,52,2014-02-16T08:50:00,3,558195,158805
OK,52,63,910,52,2014-02-16T08:55:00,2,558644,158805
OK,52,63,910,52,2014-02-16T09:00:00,0,559093,158805
OK,75,44,910,75,2014-02-16T09:05:00,1,559542,158805
OK,75,44,910,75,2014-02-16T09:10:00,1,559991,158805
OK,75,44,910,75,2014-02-16T09:15:00,0,560440,158805
OK,56,59,910,56,2014-02-16T09:20:00,1,560889,158805
OK,52,63,910,52,2014-02-16T09:25:00,2,561338,158805
OK,49,67,910,49,2014-02-16T09:30:00,1,561787,158805
OK,49,67,910,49,2014-02-16T09:35:00,0,562236,158805
OK,64,51,910,64,2014-02-16T09:40:00,1,562685,158805
OK,64,51,910,64,2014-02-16T09:45:00,1,563134,158805
OK,54,61,910,54,2014-02-16T09:50:00,2,563583,158805
OK,50,66,910,50,2014-02-16T09:55:00,3,564032,158805
OK,46,72,910,46,2014-02-16T10:00:00,0,564481,158805
OK,51,64,910,51,2014-02-16T10:05:00,1,564930,158805
OK,51,64,910,51,2014-02-16T10:10:00,1,565379,158805
OK,35,94,910,35,2014-02-16T10:15:00,1,565828,158805
OK,40,82,910,40,2014-02-16T10:20:00,2,566277,158805
OK,45,73,910,45,2014-02-16T10:25:00,1,566726,158805
OK,45,73,910,45,2014-02-16T10:30:00,0,567175,158805
OK,52,63,910,52,2014-02-16T10:35:00,1,567624,158805
OK,47,70,910,47,2014-02-16T10:40:00,3,568073,158805
OK,50,66,910,50,2014-02-16T10:45:00,4,568522,158805
OK,55,60,910,55,2014-02-16T10:50:00,5,568971,158805
OK,52,63,910,52,2014-02-16T10:55:00,2,569420,158805
OK,55,60,910,55,2014-02-16T11:00:00,2,569869,158805
OK,55,60,910,55,2014-02-16T11:05:00,4,570318,158805
OK,49,67,910,49,2014-02-16T11:10:00,7,570767,158805
OK,45,73,910,45,2014-02-16T11:15:00,6,571216,158805
OK,49,67,910,49,2014-02-16T11:20:00,2,571665,158805
OK,60,55,910,60,2014-02-16T11:25:00,2,572114,158805
OK,72,46,910,72,2014-02-16T11:30:00,7,572563,158805
OK,63,52,910,63,2014-02-16T11:35:00,9,573012,158805
OK,60,55,910,60,2014-02-16T11:40:00,4,573461,158805
OK,46,72,910,46,2014-02-16T11:45:00,4,573910,158805
OK,41,80,910,41,2014-02-16T11:50:00,1,574359,158805
OK,41,80,910,41,2014-02-16T11:55:00,0,574808,158805
OK,48,69,910,48,2014-02-16T12:00:00,4,575257,158805
OK,52,63,910,52,2014-02-16T12:05:00,5,575706,158805
OK,56,59,910,56,2014-02-16T12:10:00,4,576155,158805
OK,51,64,910,51,2014-02-16T12:15:00,3,576604,158805
OK,56,59,910,56,2014-02-16T12:20:00,4,577053,158805
OK,56,59,910,56,2014-02-16T12:25:00,4,577502,158805
OK,59,56,910,59,2014-02-16T12:30:00,0,577951,158805
OK,59,56,910,59,2014-02-16T12:35:00,0,578400,158805
OK,41,80,910,41,2014-02-16T12:40:00,1,578849,158805
OK,44,75,910,44,2014-02-16T12:45:00,2,579298,158805
OK,44,75,910,44,2014-02-16T12:50:00,6,579747,158805
OK,40,82,910,40,2014-02-16T12:55:00,6,580196,158805
OK,38,87,910,38,2014-02-16T13:00:00,3,580645,158805
OK,43,77,910,43,2014-02-16T13:05:00,5,581094,158805
OK,48,69,910,48,2014-02-16T13:10:00,4,581543,158805
OK,56,59,910,56,2014-02-16T13:15:00,4,581992,158805
OK,58,57,910,58,2014-02-16T13:20:00,6,582441,158805
OK,57,58,910,57,2014-02-16T13:25:00,5,582890,158805
OK,61,54,910,61,2014-02-16T13:30:00,4,583339,158805
OK,53,62,910,53,2014-02-16T13:35:00,2,583788,158805
OK,52,63,910,52,2014-02-16T13:40:00,3,584237,158805
OK,54,61,910,54,2014-02-16T13:45:00,4,584686,158805
OK,54,61,910,54,2014-02-16T13:50:00,8,585135,158805
OK,57,58,910,57,2014-02-16T13:55:00,6,585584,158805
OK,67,49,910,67,2014-02-16T14:00:00,2,586033,158805
OK,56,59,910,56,2014-02-16T14:05:00,1,586482,158805
OK,54,61,910,54,2014-02-16T14:10:00,3,586931,158805
OK,50,66,910,50,2014-02-16T14:15:00,6,587380,158805
OK,50,66,910,50,2014-02-16T14:20:00,4,587829,158805
OK,56,59,910,56,2014-02-16T14:25:00,4,588278,158805
OK,60,55,910,60,2014-02-16T14:30:00,2,588727,158805
OK,65,50,910,65,2014-02-16T14:35:00,2,589176,158805
OK,70,47,910,70,2014-02-16T14:40:00,4,589625,158805
OK,70,47,910,70,2014-02-16T14:45:00,6,590074,158805
OK,66,50,910,66,2014-02-16T14:50:00,1,590523,158805
OK,51,64,910,51,2014-02-16T14:55:00,4,590972,158805
OK,54,61,910,54,2014-02-16T15:00:00,9,591421,158805
OK,57,58,910,57,2014-02-16T15:05:00,7,591870,158805
OK,58,57,910,58,2014-02-16T15:10:00,8,592319,158805
OK,56,59,910,56,2014-02-16T15:15:00,9,592768,158805
OK,51,64,910,51,2014-02-16T15:20:00,6,593217,158805
OK,55,60,910,55,2014-02-16T15:25:00,4,593666,158805
OK,54,61,910,54,2014-02-16T15:30:00,4,594115,158805
OK,48,69,910,48,2014-02-16T15:35:00,3,594564,158805
OK,50,66,910,50,2014-02-16T15:40:00,4,595013,158805
OK,53,62,910,53,2014-02-16T15:45:00,3,595462,158805
OK,63,52,910,63,2014-02-16T15:50:00,4,595911,158805
OK,51,64,910,51,2014-02-16T15:55:00,5,596360,158805
OK,55,60,910,55,2014-02-16T16:00:00,4,596809,158805
OK,68,48,910,68,2014-02-16T16:05:00,3,597258,158805
OK,55,60,910,55,2014-02-16T16:10:00,5,597707,158805
OK,50,66,910,50,2014-02-16T16:15:00,8,598156,158805
OK,49,67,910,49,2014-02-16T16:20:00,6,598605,158805
OK,43,77,910,43,2014-02-16T16:25:00,4,599054,158805
OK,50,66,910,50,2014-02-16T16:30:00,7,599503,158805
OK,56,59,910,56,2014-02-16T16:35:00,6,599952,158805
OK,54,61,910,54,2014-02-16T16:40:00,4,600401,158805
OK,45,73,910,45,2014-02-16T16:45:00,4,600850,158805
OK,44,75,910,44,2014-02-16T16:50:00,4,601299,158805
OK,49,67,910,49,2014-02-16T16:55:00,6,601748,158805
OK,54,61,910,54,2014-02-16T17:00:00,5,602197,158805
OK,50,66,910,50,2014-02-16T17:05:00,1,602646,158805
OK,49,67,910,49,2014-02-16T17:10:00,1,603095,158805
OK,49,67,910,49,2014-02-16T17:15:00,1,603544,158805
OK,51,64,910,51,2014-02-16T17:20:00,4,603993,158805
OK,51,64,910,51,2014-02-16T17:25:00,4,604442,158805
OK,84,39,910,84,2014-02-16T17:30:00,1,604891,158805
OK,54,61,910,54,2014-02-16T17:35:00,2,605340,158805
OK,45,73,910,45,2014-02-16T17:40:00,2,605789,158805
OK,45,73,910,45,2014-02-16T17:45:00,2,606238,158805
OK,57,58,910,57,2014-02-16T17:50:00,2,606687,158805
OK,62,53,910,62,2014-02-16T17:55:00,2,607136,158805
OK,48,69,910,48,2014-02-16T18:00:00,5,607585,158805
OK,47,70,910,47,2014-02-16T18:05:00,4,608034,158805
OK,43,77,910,43,2014-02-16T18:10:00,4,608483,158805
OK,46,72,910,46,2014-02-16T18:15:00,3,608932,158805
OK,62,53,910,62,2014-02-16T18:20:00,1,609381,158805
OK,62,53,910,62,2014-02-16T18:25:00,1,609830,158805
OK,62,53,910,62,2014-02-16T18:30:00,0,610279,158805
OK,73,45,910,73,2014-02-16T18:35:00,2,610728,158805
OK,73,45,910,73,2014-02-16T18:40:00,2,611177,158805
OK,59,56,910,59,2014-02-16T18:45:00,1,611626,158805
OK,46,72,910,46,2014-02-16T18:50:00,2,612075,158805
OK,46,72,910,46,2014-02-16T18:55:00,2,612524,158805
OK,51,64,910,51,2014-02-16T19:00:00,0,612973,158805
OK,51,64,910,51,2014-02-16T19:05:00,0,613422,158805
OK,51,64,910,51,2014-02-16T19:10:00,0,613871,158805
OK,51,64,910,51,2014-02-16T19:15:00,1,614320,158805
OK,55,60,910,55,2014-02-16T19:20:00,4,614769,158805
OK,57,58,910,57,2014-02-16T19:25:00,3,615218,158805
OK,53,62,910,53,2014-02-16T19:30:00,0,615667,158805
OK,51,64,910,51,2014-02-16T19:35:00,1,616116,158805
OK,63,52,910,63,2014-02-16T19:40:00,4,616565,158805
OK,77,43,910,77,2014-02-16T19:45:00,2,617014,158805
OK,38,87,910,38,2014-02-16T19:50:00,1,617463,158805
OK,38,87,910,38,2014-02-16T19:55:00,0,617912,158805
OK,61,54,910,61,2014-02-16T20:00:00,1,618361,158805
OK,61,54,910,61,2014-02-16T20:05:00,0,618810,158805
OK,51,64,910,51,2014-02-16T20:10:00,2,619259,158805
OK,55,60,910,55,2014-02-16T20:15:00,1,619708,158805
OK,60,55,910,60,2014-02-16T20:20:00,2,620157,158805
OK,55,60,910,55,2014-02-16T20:25:00,3,620606,158805
OK,49,67,910,49,2014-02-16T20:30:00,1,621055,158805
OK,49,67,910,49,2014-02-16T20:35:00,0,621504,158805
OK,48,69,910,48,2014-02-16T20:40:00,1,621953,158805
OK,48,69,910,48,2014-02-16T20:45:00,0,622402,158805
OK,56,59,910,56,2014-02-16T20:50:00,2,622851,158805
OK,49,67,910,49,2014-02-16T20:55:00,1,623300,158805
OK,49,67,910,49,2014-02-16T21:00:00,0,623749,158805
OK,54,61,910,54,2014-02-16T21:05:00,1,624198,158805
OK,53,62,910,53,2014-02-16T21:10:00,2,624647,158805
OK,54,61,910,54,2014-02-16T21:15:00,0,625096,158805
OK,54,61,910,54,2014-02-16T21:20:00,0,625545,158805
OK,55,60,910,55,2014-02-16T21:25:00,1,625994,158805
OK,55,60,910,55,2014-02-16T21:30:00,1,626443,158805
OK,55,60,910,55,2014-02-16T21:35:00,0,626892,158805
OK,50,66,910,50,2014-02-16T21:40:00,1,627341,158805
OK,50,66,910,50,2014-02-16T21:45:00,1,627790,158805
OK,50,66,910,50,2014-02-16T21:50:00,0,628239,158805
OK,50,66,910,50,2014-02-16T21:55:00,0,628688,158805
OK,50,66,910,50,2014-02-16T22:00:00,0,629137,158805
OK,50,66,910,50,2014-02-16T22:05:00,0,629586,158805
OK,50,66,910,50,2014-02-16T22:10:00,0,630035,158805
OK,50,66,910,50,2014-02-16T22:15:00,0,630484,158805
OK,50,66,910,50,2014-02-16T22:20:00,0,630933,158805
OK,50,66,910,50,2014-02-16T22:25:00,0,631382,158805
OK,50,66,910,50,2014-02-16T22:35:00,0,631993,158805
OK,50,66,910,50,2014-02-16T22:40:00,0,632442,158805
OK,50,66,910,50,2014-02-16T22:45:00,0,632891,158805
OK,53,62,910,53,2014-02-16T22:50:00,1,633340,158805
OK,52,63,910,52,2014-02-16T22:55:00,2,633789,158805
OK,50,66,910,50,2014-02-16T23:00:00,0,634238,158805
OK,50,66,910,50,2014-02-16T23:05:00,0,634687,158805
OK,50,66,910,50,2014-02-16T23:10:00,0,635136,158805
OK,50,66,910,50,2014-02-16T23:15:00,0,635585,158805
OK,50,66,910,50,2014-02-16T23:20:00,0,636034,158805
OK,50,66,910,50,2014-02-16T23:25:00,0,636483,158805
OK,50,66,910,50,2014-02-16T23:30:00,0,636932,158805
OK,50,66,910,50,2014-02-16T23:35:00,0,637381,158805
OK,50,66,910,50,2014-02-16T23:40:00,0,637830,158805
OK,50,66,910,50,2014-02-16T23:45:00,0,638279,158805
OK,50,66,910,50,2014-02-16T23:50:00,0,638728,158805
OK,50,66,910,50,2014-02-16T23:55:00,0,639177,158805
OK,50,66,910,50,2014-02-17T00:00:00,0,639626,158805
OK,50,66,910,50,2014-02-17T00:05:00,0,640075,158805
OK,50,66,910,50,2014-02-17T00:10:00,0,640524,158805
OK,50,66,910,50,2014-02-17T00:15:00,0,640973,158805
OK,50,66,910,50,2014-02-17T00:20:00,0,641422,158805
OK,50,66,910,50,2014-02-17T00:25:00,0,641871,158805
OK,50,66,910,50,2014-02-17T00:30:00,0,642320,158805
OK,50,66,910,50,2014-02-17T00:35:00,0,642769,158805
OK,50,66,910,50,2014-02-17T00:40:00,0,643218,158805
OK,50,66,910,50,2014-02-17T00:45:00,0,643667,158805
OK,50,66,910,50,2014-02-17T00:50:00,0,644116,158805
OK,50,66,910,50,2014-02-17T00:55:00,0,644565,158805
OK,50,66,910,50,2014-02-17T01:00:00,0,645014,158805
OK,50,66,910,50,2014-02-17T01:10:00,0,645912,158805
OK,50,66,910,50,2014-02-17T01:15:00,0,646361,158805
OK,50,66,910,50,2014-02-17T01:20:00,0,646810,158805
OK,50,66,910,50,2014-02-17T01:25:00,0,647259,158805
OK,50,66,910,50,2014-02-17T01:30:00,0,647708,158805
OK,50,66,910,50,2014-02-17T01:35:00,0,648157,158805
OK,50,66,910,50,2014-02-17T01:40:00,0,648606,158805
OK,50,66,910,50,2014-02-17T01:45:00,0,649055,158805
OK,35,94,910,35,2014-02-17T01:50:00,1,649504,158805
OK,35,94,910,35,2014-02-17T01:55:00,0,649953,158805
OK,35,94,910,35,2014-02-17T02:00:00,0,650402,158805
OK,35,94,910,35,2014-02-17T02:05:00,0,650851,158805
OK,35,94,910,35,2014-02-17T02:10:00,0,651300,158805
OK,35,94,910,35,2014-02-17T02:15:00,0,651749,158805
OK,35,94,910,35,2014-02-17T02:20:00,0,652198,158805
OK,35,94,910,35,2014-02-17T02:25:00,0,652647,158805
OK,35,94,910,35,2014-02-17T02:30:00,0,653096,158805
OK,35,94,910,35,2014-02-17T02:35:00,0,653545,158805
OK,35,94,910,35,2014-02-17T02:40:00,0,653994,158805
OK,35,94,910,35,2014-02-17T02:45:00,0,654443,158805
OK,35,94,910,35,2014-02-17T02:50:00,0,654892,158805
OK,35,94,910,35,2014-02-17T02:55:00,0,655341,158805
OK,35,94,910,35,2014-02-17T03:00:00,0,655790,158805
OK,35,94,910,35,2014-02-17T03:05:00,0,656239,158805
OK,49,67,910,49,2014-02-17T03:10:00,1,656688,158805
OK,49,67,910,49,2014-02-17T03:15:00,1,657137,158805
OK,49,67,910,49,2014-02-17T03:20:00,0,657586,158805
OK,49,67,910,49,2014-02-17T03:25:00,0,658035,158805
OK,49,67,910,49,2014-02-17T03:30:00,0,658484,158805
OK,49,67,910,49,2014-02-17T03:35:00,0,658933,158805
OK,49,67,910,49,2014-02-17T03:40:00,0,659382,158805
OK,49,67,910,49,2014-02-17T03:45:00,0,659831,158805
OK,49,67,910,49,2014-02-17T03:50:00,0,660280,158805
OK,49,67,910,49,2014-02-17T03:55:00,0,660729,158805
OK,49,67,910,49,2014-02-17T04:00:00,0,661178,158805
OK,49,67,910,49,2014-02-17T04:05:00,0,661627,158805
OK,49,67,910,49,2014-02-17T04:10:00,0,662076,158805
OK,49,67,910,49,2014-02-17T04:15:00,0,662525,158805
OK,49,67,910,49,2014-02-17T04:20:00,0,662974,158805
OK,49,67,910,49,2014-02-17T04:25:00,0,663423,158805
OK,49,67,910,49,2014-02-17T04:30:00,2,663872,158805
OK,59,56,910,59,2014-02-17T04:35:00,2,664321,158805
OK,66,50,910,66,2014-02-17T04:40:00,3,664770,158805
OK,56,59,910,56,2014-02-17T04:45:00,3,665219,158805
OK,57,58,910,57,2014-02-17T04:50:00,2,665668,158805
OK,57,58,910,57,2014-02-17T04:55:00,2,666117,158805
OK,46,72,910,46,2014-02-17T05:00:00,1,666566,158805
OK,46,72,910,46,2014-02-17T05:05:00,1,667015,158805
OK,46,72,910,46,2014-02-17T05:10:00,0,667464,158805
OK,46,72,910,46,2014-02-17T05:15:00,0,667913,158805
OK,46,72,910,46,2014-02-17T05:20:00,0,668362,158805
OK,46,72,910,46,2014-02-17T05:25:00,0,668811,158805
OK,65,50,910,65,2014-02-17T05:30:00,1,669260,158805
OK,78,42,910,78,2014-02-17T05:35:00,2,669709,158805
OK,51,64,910,51,2014-02-17T05:40:00,5,670158,158805
OK,49,67,910,49,2014-02-17T05:45:00,3,670607,158805
OK,43,77,910,43,2014-02-17T05:50:00,1,671056,158805
OK,49,67,910,49,2014-02-17T05:55:00,1,671505,158805
OK,49,67,910,49,2014-02-17T06:00:00,1,671954,158805
OK,49,67,910,49,2014-02-17T06:05:00,0,672403,158805
OK,55,60,910,55,2014-02-17T06:10:00,4,672852,158805
OK,51,64,910,51,2014-02-17T06:15:00,7,673301,158805
OK,50,66,910,50,2014-02-17T06:20:00,5,673750,158805
OK,64,51,910,64,2014-02-17T06:25:00,3,674199,158805
OK,63,52,910,63,2014-02-17T06:30:00,3,674648,158805
OK,62,53,910,62,2014-02-17T06:35:00,9,675097,158805
OK,64,51,910,64,2014-02-17T06:40:00,10,675546,158805
OK,61,54,910,61,2014-02-17T06:45:00,4,675995,158805
OK,48,69,910,48,2014-02-17T06:50:00,3,676444,158805
OK,54,61,910,54,2014-02-17T06:55:00,8,676893,158805
OK,56,59,910,56,2014-02-17T07:00:00,13,677342,158805
OK,65,50,910,65,2014-02-17T07:05:00,13,677791,158805
OK,62,53,910,62,2014-02-17T07:10:00,7,678240,158805
OK,49,67,910,49,2014-02-17T07:15:00,10,678689,158805
OK,52,63,910,52,2014-02-17T07:20:00,10,679138,158805
OK,73,45,910,73,2014-02-17T07:25:00,8,679587,158805
OK,71,46,910,71,2014-02-17T07:30:00,8,680036,158805
OK,60,55,910,60,2014-02-17T07:35:00,3,680485,158805
OK,55,60,910,55,2014-02-17T07:40:00,4,680934,158805
OK,63,52,910,63,2014-02-17T07:45:00,3,681383,158805
OK,52,63,910,52,2014-02-17T07:50:00,4,681832,158805
OK,53,62,910,53,2014-02-17T07:55:00,7,682281,158805
OK,72,46,910,72,2014-02-17T08:00:00,13,682730,158805
OK,73,45,910,73,2014-02-17T08:05:00,13,683179,158805
OK,65,50,910,65,2014-02-17T08:10:00,13,683628,158805
OK,61,54,910,61,2014-02-17T08:15:00,12,684077,158805
OK,53,62,910,53,2014-02-17T08:20:00,5,684526,158805
OK,74,44,910,74,2014-02-17T08:25:00,4,684975,158805
OK,75,44,910,75,2014-02-17T08:30:00,4,685424,158805
OK,61,54,910,61,2014-02-17T08:35:00,1,685873,158805
OK,61,54,910,61,2014-02-17T08:40:00,1,686322,158805
OK,61,54,910,61,2014-02-17T08:45:00,5,686771,158805
OK,53,62,910,53,2014-02-17T08:50:00,12,687220,158805
OK,54,61,910,54,2014-02-17T08:55:00,9,687669,158805
OK,55,60,910,55,2014-02-17T09:00:00,7,688118,158805
OK,61,54,910,61,2014-02-17T09:05:00,10,688567,158805
OK,53,62,910,53,2014-02-17T09:10:00,7,689016,158805
OK,49,67,910,49,2014-02-17T09:15:00,5,689465,158805
OK,54,61,910,54,2014-02-17T09:20:00,6,689914,158805
OK,54,61,910,54,2014-02-17T09:25:00,9,690363,158805
OK,56,59,910,56,2014-02-17T09:30:00,12,690812,158805
OK,55,60,910,55,2014-02-17T09:35:00,7,691261,158805
OK,56,59,910,56,2014-02-17T09:40:00,11,691710,158805
OK,57,58,910,57,2014-02-17T09:45:00,17,692159,158805
OK,59,56,910,59,2014-02-17T09:50:00,13,692608,158805
OK,60,55,910,60,2014-02-17T09:55:00,4,693057,158805
OK,60,55,910,60,2014-02-17T10:00:00,6,693506,158805
OK,55,60,910,55,2014-02-17T10:05:00,10,693955,158805
OK,61,54,910,61,2014-02-17T10:10:00,15,694404,158805
OK,61,54,910,61,2014-02-17T10:15:00,19,694853,158805
OK,54,61,910,54,2014-02-17T10:20:00,17,695302,158805
OK,57,58,910,57,2014-02-17T10:25:00,11,695751,158805
OK,49,67,910,49,2014-02-17T10:30:00,6,696200,158805
OK,59,56,910,59,2014-02-17T10:35:00,9,696649,158805
OK,59,56,910,59,2014-02-17T10:40:00,7,697098,158805
OK,53,62,910,53,2014-02-17T10:45:00,8,697547,158805
OK,59,56,910,59,2014-02-17T10:50:00,11,697996,158805
OK,66,50,910,66,2014-02-17T10:55:00,9,698445,158805
OK,62,53,910,62,2014-02-17T11:00:00,8,698894,158805
OK,56,59,910,56,2014-02-17T11:05:00,6,699343,158805
OK,62,53,910,62,2014-02-17T11:10:00,4,699792,158805
OK,55,60,910,55,2014-02-17T11:15:00,2,700241,158805
OK,54,61,910,54,2014-02-17T11:20:00,5,700690,158805
OK,53,62,910,53,2014-02-17T11:25:00,7,701139,158805
OK,82,40,910,82,2014-02-17T11:30:00,3,701588,158805
OK,74,44,910,74,2014-02-17T11:35:00,8,702037,158805
OK,57,58,910,57,2014-02-17T11:40:00,12,702486,158805
OK,54,61,910,54,2014-02-17T11:45:00,12,702935,158805
OK,56,59,910,56,2014-02-17T11:50:00,12,703384,158805
OK,59,56,910,59,2014-02-17T11:55:00,10,703833,158805
OK,57,58,910,57,2014-02-17T12:00:00,11,704282,158805
OK,56,59,910,56,2014-02-17T12:05:00,10,704731,158805
OK,57,58,910,57,2014-02-17T12:10:00,12,705180,158805
OK,54,61,910,54,2014-02-17T12:15:00,14,705629,158805
OK,53,62,910,53,2014-02-17T12:20:00,14,706078,158805
OK,61,54,910,61,2014-02-17T12:25:00,14,706527,158805
OK,61,54,910,61,2014-02-17T12:30:00,12,706976,158805
OK,57,58,910,57,2014-02-17T12:35:00,13,707425,158805
OK,52,63,910,52,2014-02-17T12:40:00,12,707874,158805
OK,55,60,910,55,2014-02-17T12:45:00,12,708323,158805
OK,55,60,910,55,2014-02-17T12:50:00,15,708772,158805
OK,53,62,910,53,2014-02-17T12:55:00,11,709221,158805
OK,53,62,910,53,2014-02-17T13:00:00,7,709670,158805
OK,54,61,910,54,2014-02-17T13:05:00,6,710119,158805
OK,47,70,910,47,2014-02-17T13:10:00,1,710568,158805
OK,59,56,910,59,2014-02-17T13:15:00,6,711017,158805
OK,54,61,910,54,2014-02-17T13:20:00,8,711466,158805
OK,55,60,910,55,2014-02-17T13:25:00,9,711915,158805
OK,55,60,910,55,2014-02-17T13:30:00,10,712364,158805
OK,53,62,910,53,2014-02-17T13:35:00,13,712813,158805
OK,66,50,910,66,2014-02-17T13:40:00,19,713262,158805
OK,64,51,910,64,2014-02-17T13:45:00,19,713711,158805
OK,57,58,910,57,2014-02-17T13:50:00,7,714160,158805
OK,81,40,910,81,2014-02-17T13:55:00,1,714609,158805
OK,81,40,910,81,2014-02-17T14:00:00,0,715058,158805
OK,46,72,910,46,2014-02-17T14:05:00,2,715507,158805
OK,59,56,910,59,2014-02-17T14:10:00,13,715956,158805
OK,55,60,910,55,2014-02-17T14:15:00,25,716405,158805
OK,50,66,910,50,2014-02-17T14:20:00,22,716854,158805
OK,50,66,910,50,2014-02-17T14:25:00,16,717303,158805
OK,49,67,910,49,2014-02-17T14:30:00,18,717752,158805
OK,49,67,910,49,2014-02-17T14:35:00,15,718201,158805
OK,49,67,910,49,2014-02-17T14:40:00,13,718650,158805
OK,53,62,910,53,2014-02-17T14:45:00,20,719099,158805
OK,54,61,910,54,2014-02-17T14:50:00,21,719548,158805
OK,54,61,910,54,2014-02-17T14:55:00,20,719997,158805
OK,57,58,910,57,2014-02-17T15:00:00,18,720446,158805
OK,60,55,910,60,2014-02-17T15:05:00,18,720895,158805
OK,58,57,910,58,2014-02-17T15:10:00,22,721344,158805
OK,49,67,910,49,2014-02-17T15:15:00,19,721793,158805
OK,56,59,910,56,2014-02-17T15:20:00,11,722242,158805
OK,52,63,910,52,2014-02-17T15:25:00,19,722691,158805
OK,56,59,910,56,2014-02-17T15:30:00,24,723140,158805
OK,61,54,910,61,2014-02-17T15:35:00,11,723589,158805
OK,58,57,910,58,2014-02-17T15:40:00,9,724038,158805
OK,53,62,910,53,2014-02-17T15:45:00,14,724487,158805
OK,51,64,910,51,2014-02-17T15:50:00,12,724936,158805
OK,48,69,910,48,2014-02-17T15:55:00,11,725385,158805
OK,49,67,910,49,2014-02-17T16:00:00,8,725834,158805
OK,62,53,910,62,2014-02-17T16:05:00,7,726283,158805
OK,53,62,910,53,2014-02-17T16:10:00,7,726732,158805
OK,50,66,910,50,2014-02-17T16:15:00,7,727181,158805
OK,46,72,910,46,2014-02-17T16:20:00,8,727630,158805
OK,49,67,910,49,2014-02-17T16:25:00,9,728079,158805
OK,50,66,910,50,2014-02-17T16:30:00,8,728528,158805
OK,52,63,910,52,2014-02-17T16:35:00,9,728977,158805
OK,51,64,910,51,2014-02-17T16:40:00,8,729426,158805
OK,56,59,910,56,2014-02-17T16:45:00,3,729875,158805
OK,51,64,910,51,2014-02-17T16:50:00,6,730324,158805
OK,47,70,910,47,2014-02-17T16:55:00,7,730773,158805
OK,52,63,910,52,2014-02-17T17:00:00,7,731222,158805
OK,52,63,910,52,2014-02-17T17:05:00,6,731671,158805
OK,65,50,910,65,2014-02-17T17:10:00,3,732120,158805
OK,47,70,910,47,2014-02-17T17:15:00,5,732569,158805
OK,53,62,910,53,2014-02-17T17:20:00,4,733018,158805
OK,52,63,910,52,2014-02-17T17:25:00,1,733467,158805
OK,64,51,910,64,2014-02-17T17:30:00,2,733916,158805
OK,58,57,910,58,2014-02-17T17:35:00,2,734365,158805
OK,56,59,910,56,2014-02-17T17:40:00,1,734814,158805
OK,56,59,910,56,2014-02-17T17:45:00,1,735263,158805
OK,46,72,910,46,2014-02-17T17:50:00,3,735712,158805
OK,45,73,910,45,2014-02-17T17:55:00,6,736161,158805
OK,51,64,910,51,2014-02-17T18:00:00,3,736610,158805
OK,53,62,910,53,2014-02-17T18:05:00,4,737059,158805
OK,51,64,910,51,2014-02-17T18:10:00,3,737508,158805
OK,48,69,910,48,2014-02-17T18:15:00,5,737957,158805
OK,52,63,910,52,2014-02-17T18:20:00,4,738406,158805
OK,48,69,910,48,2014-02-17T18:25:00,1,738855,158805
OK,48,69,910,48,2014-02-17T18:30:00,3,739304,158805
OK,41,80,910,41,2014-02-17T18:35:00,2,739753,158805
OK,45,73,910,45,2014-02-17T18:40:00,5,740202,158805
OK,51,64,910,51,2014-02-17T18:45:00,4,740651,158805
OK,53,62,910,53,2014-02-17T18:50:00,1,741100,158805
OK,53,62,910,53,2014-02-17T18:55:00,1,741549,158805
OK,52,63,910,52,2014-02-17T19:00:00,1,741998,158805
OK,50,66,910,50,2014-02-17T19:05:00,3,742447,158805
OK,48,69,910,48,2014-02-17T19:10:00,2,742896,158805
OK,49,67,910,49,2014-02-17T19:15:00,4,743345,158805
OK,60,55,910,60,2014-02-17T19:20:00,3,743794,158805
OK,39,84,910,39,2014-02-17T19:25:00,0,744243,158805
OK,47,70,910,47,2014-02-17T19:30:00,3,744692,158805
OK,50,66,910,50,2014-02-17T19:35:00,4,745141,158805
OK,50,66,910,50,2014-02-17T19:40:00,1,745590,158805
OK,49,67,910,49,2014-02-17T19:45:00,2,746039,158805
OK,51,64,910,51,2014-02-17T19:50:00,2,746488,158805
OK,49,67,910,49,2014-02-17T19:55:00,2,746937,158805
OK,44,75,910,44,2014-02-17T20:00:00,1,747386,158805
OK,38,87,910,38,2014-02-17T20:05:00,1,747835,158805
OK,46,72,910,46,2014-02-17T20:10:00,1,748284,158805
OK,47,70,910,47,2014-02-17T20:15:00,4,748733,158805
OK,62,53,910,62,2014-02-17T20:20:00,4,749182,158805
OK,63,52,910,63,2014-02-17T20:25:00,2,749631,158805
OK,51,64,910,51,2014-02-17T20:30:00,1,750080,158805
OK,51,64,910,51,2014-02-17T20:35:00,0,750529,158805
OK,54,61,910,54,2014-02-17T20:40:00,1,750978,158805
OK,49,67,910,49,2014-02-17T20:45:00,3,751427,158805
OK,46,72,910,46,2014-02-17T20:50:00,1,751876,158805
OK,46,72,910,46,2014-02-17T20:55:00,0,752325,158805
OK,72,46,910,72,2014-02-17T21:20:00,1,754507,158805
OK,72,46,910,72,2014-02-17T21:25:00,1,754906,158805
OK,72,46,910,72,2014-02-17T21:30:00,0,755355,158805
OK,44,75,910,44,2014-02-17T21:40:00,0,756141,158805
OK,47,70,910,47,2014-02-17T22:00:00,2,757797,158805
OK,43,77,910,43,2014-02-17T22:05:00,1,758225,158805
OK,43,77,910,43,2014-02-17T22:10:00,0,758674,158805
OK,43,77,910,43,2014-02-17T22:15:00,0,759123,158805
OK,43,77,910,43,2014-02-17T22:20:00,0,759572,158805
OK,58,57,910,58,2014-02-17T22:40:00,1,761180,158805
OK,58,57,910,58,2014-02-17T22:45:00,0,761629,158805
OK,46,72,910,46,2014-02-17T22:50:00,2,762040,158805
OK,53,62,910,53,2014-02-17T22:55:00,2,762424,158805
OK,59,56,910,59,2014-02-17T23:00:00,0,762873,158805
OK,59,56,910,59,2014-02-17T23:05:00,0,763322,158805
OK,59,56,910,59,2014-02-17T23:10:00,0,763771,158805
OK,59,56,910,59,2014-02-17T23:15:00,0,764220,158805
OK,59,56,910,59,2014-02-17T23:20:00,0,764669,158805
OK,37,89,910,37,2014-02-17T23:25:00,1,765118,158805
OK,50,66,910,50,2014-02-17T23:30:00,1,765567,158805
OK,50,66,910,50,2014-02-17T23:35:00,0,766016,158805
OK,50,66,910,50,2014-02-17T23:40:00,0,766465,158805
OK,50,66,910,50,2014-02-17T23:45:00,0,766914,158805
OK,50,66,910,50,2014-02-17T23:50:00,0,767363,158805
OK,50,66,910,50,2014-02-17T23:55:00,0,767812,158805
OK,50,66,910,50,2014-02-18T00:00:00,0,768261,158805
OK,50,66,910,50,2014-02-18T00:05:00,0,768710,158805
OK,50,66,910,50,2014-02-18T00:10:00,0,769159,158805
OK,50,66,910,50,2014-02-18T00:15:00,0,769608,158805
OK,50,66,910,50,2014-02-18T00:20:00,0,770057,158805
OK,50,66,910,50,2014-02-18T00:25:00,0,770506,158805
OK,50,66,910,50,2014-02-18T00:30:00,0,770955,158805
OK,50,66,910,50,2014-02-18T00:35:00,0,771404,158805
OK,47,70,910,47,2014-02-18T00:40:00,1,771853,158805
OK,47,70,910,47,2014-02-18T00:45:00,1,772302,158805
OK,47,70,910,47,2014-02-18T00:50:00,0,772751,158805
OK,47,70,910,47,2014-02-18T00:55:00,0,773200,158805
OK,47,70,910,47,2014-02-18T01:00:00,0,773649,158805
OK,47,70,910,47,2014-02-18T01:10:00,0,774547,158805
OK,47,70,910,47,2014-02-18T01:15:00,0,774996,158805
OK,47,70,910,47,2014-02-18T01:20:00,0,775445,158805
OK,47,70,910,47,2014-02-18T01:25:00,0,775894,158805
OK,47,70,910,47,2014-02-18T01:30:00,0,776343,158805
OK,47,70,910,47,2014-02-18T01:35:00,0,776792,158805
OK,47,70,910,47,2014-02-18T01:40:00,0,777241,158805
OK,47,70,910,47,2014-02-18T01:45:00,0,777690,158805
OK,47,70,910,47,2014-02-18T01:50:00,0,778139,158805
OK,47,70,910,47,2014-02-18T01:55:00,0,778588,158805
OK,47,70,910,47,2014-02-18T02:00:00,0,779037,158805
OK,47,70,910,47,2014-02-18T02:05:00,0,779486,158805
OK,47,70,910,47,2014-02-18T02:10:00,0,779935,158805
OK,47,70,910,47,2014-02-18T02:15:00,0,780384,158805
OK,47,70,910,47,2014-02-18T02:20:00,0,780833,158805
OK,47,70,910,47,2014-02-18T02:25:00,0,781282,158805
OK,47,70,910,47,2014-02-18T02:30:00,0,781731,158805
OK,45,73,910,45,2014-02-18T02:35:00,2,782180,158805
OK,45,73,910,45,2014-02-18T02:40:00,0,782629,158805
OK,45,73,910,45,2014-02-18T02:45:00,0,783078,158805
OK,45,73,910,45,2014-02-18T02:50:00,0,783527,158805
OK,45,73,910,45,2014-02-18T02:55:00,0,783976,158805
OK,45,73,910,45,2014-02-18T03:00:00,0,784425,158805
OK,45,73,910,45,2014-02-18T03:05:00,0,784874,158805
OK,50,66,910,50,2014-02-18T03:10:00,1,785323,158805
OK,50,66,910,50,2014-02-18T03:15:00,0,785772,158805
OK,50,66,910,50,2014-02-18T03:20:00,0,786221,158805
OK,50,66,910,50,2014-02-18T03:25:00,0,786670,158805
OK,50,66,910,50,2014-02-18T03:30:00,0,787119,158805
OK,50,66,910,50,2014-02-18T03:35:00,0,787568,158805
OK,50,66,910,50,2014-02-18T03:40:00,0,788017,158805
OK,50,66,910,50,2014-02-18T03:45:00,0,788466,158805
OK,56,59,910,56,2014-02-18T03:50:00,1,788915,158805
OK,56,59,910,56,2014-02-18T03:55:00,0,789364,158805
OK,56,59,910,56,2014-02-18T04:00:00,0,789813,158805
OK,56,59,910,56,2014-02-18T04:05:00,0,790262,158805
OK,56,59,910,56,2014-02-18T04:10:00,0,790711,158805
OK,56,59,910,56,2014-02-18T04:15:00,0,791160,158805
OK,45,73,910,45,2014-02-18T04:20:00,1,791609,158805
OK,45,73,910,45,2014-02-18T04:25:00,0,792058,158805
OK,45,73,910,45,2014-02-18T04:30:00,0,792507,158805
OK,45,73,910,45,2014-02-18T04:35:00,0,792956,158805
OK,47,70,910,47,2014-02-18T04:40:00,1,793405,158805
OK,52,63,910,52,2014-02-18T04:45:00,3,793854,158805
OK,53,62,910,53,2014-02-18T04:50:00,0,794303,158805
OK,110,30,910,110,2014-02-18T04:55:00,2,794752,158805
OK,56,59,910,56,2014-02-18T05:00:00,4,795201,158805
OK,46,72,910,46,2014-02-18T05:05:00,3,795650,158805
OK,33,100,910,33,2014-02-18T05:10:00,0,796099,158805
OK,37,89,910,37,2014-02-18T05:15:00,1,796548,158805
OK,47,70,910,47,2014-02-18T05:20:00,3,796997,158805
OK,51,64,910,51,2014-02-18T05:25:00,3,797446,158805
OK,55,60,910,55,2014-02-18T05:30:00,1,797895,158805
OK,55,60,910,55,2014-02-18T05:35:00,2,798344,158805
OK,55,60,910,55,2014-02-18T05:40:00,3,798793,158805
OK,54,61,910,54,2014-02-18T05:45:00,6,799242,158805
OK,54,61,910,54,2014-02-18T05:50:00,5,799691,158805
OK,44,75,910,44,2014-02-18T05:55:00,2,800140,158805
OK,40,82,910,40,2014-02-18T06:00:00,2,800589,158805
OK,45,73,910,45,2014-02-18T06:05:00,4,801038,158805
OK,51,64,910,51,2014-02-18T06:10:00,3,801487,158805
OK,53,62,910,53,2014-02-18T06:15:00,3,801936,158805
OK,53,62,910,53,2014-02-18T06:20:00,3,802385,158805
OK,70,47,910,70,2014-02-18T06:25:00,4,802834,158805
OK,60,55,910,60,2014-02-18T06:30:00,10,803283,158805
OK,51,64,910,51,2014-02-18T06:35:00,10,803732,158805
OK,63,52,910,63,2014-02-18T06:40:00,7,804181,158805
OK,51,64,910,51,2014-02-18T06:45:00,5,804630,158805
OK,45,73,910,45,2014-02-18T06:50:00,4,805079,158805
OK,46,72,910,46,2014-02-18T06:55:00,6,805528,158805
OK,77,43,910,77,2014-02-18T07:00:00,9,805977,158805
OK,55,60,910,55,2014-02-18T07:05:00,11,806426,158805
OK,52,63,910,52,2014-02-18T07:10:00,6,806875,158805
OK,51,64,910,51,2014-02-18T07:15:00,6,807324,158805
OK,53,62,910,53,2014-02-18T07:20:00,9,807773,158805
OK,61,54,910,61,2014-02-18T07:25:00,6,808222,158805
OK,47,70,910,47,2014-02-18T07:30:00,3,808671,158805
OK,47,70,910,47,2014-02-18T07:35:00,5,809120,158805
OK,53,62,910,53,2014-02-18T07:40:00,7,809569,158805
OK,53,62,910,53,2014-02-18T07:45:00,3,810018,158805
OK,52,63,910,52,2014-02-18T07:50:00,8,810467,158805
OK,52,63,910,52,2014-02-18T07:55:00,7,810916,158805
OK,52,63,910,52,2014-02-18T08:00:00,4,811365,158805
OK,52,63,910,52,2014-02-18T08:05:00,11,811814,158805
OK,50,66,910,50,2014-02-18T08:10:00,11,812263,158805
OK,45,73,910,45,2014-02-18T08:15:00,5,812712,158805
OK,55,60,910,55,2014-02-18T08:20:00,3,813161,158805
OK,57,58,910,57,2014-02-18T08:25:00,5,813610,158805
OK,63,52,910,63,2014-02-18T08:30:00,3,814059,158805
OK,53,62,910,53,2014-02-18T08:35:00,7,814508,158805
OK,53,62,910,53,2014-02-18T08:40:00,11,814957,158805
OK,61,54,910,61,2014-02-18T08:45:00,10,815406,158805
OK,56,59,910,56,2014-02-18T08:50:00,7,815855,158805
OK,50,66,910,50,2014-02-18T08:55:00,9,816304,158805
OK,50,66,910,50,2014-02-18T09:00:00,8,816753,158805
OK,52,63,910,52,2014-02-18T09:05:00,7,817202,158805
OK,56,59,910,56,2014-02-18T09:10:00,2,817651,158805
OK,63,52,910,63,2014-02-18T09:15:00,2,818100,158805
OK,72,46,910,72,2014-02-18T09:20:00,3,818549,158805
OK,55,60,910,55,2014-02-18T09:25:00,7,818998,158805
OK,50,66,910,50,2014-02-18T09:30:00,6,819447,158805
OK,61,54,910,61,2014-02-18T09:35:00,9,819896,158805
OK,51,64,910,51,2014-02-18T09:40:00,15,820345,158805
OK,49,67,910,49,2014-02-18T09:45:00,9,820794,158805
OK,52,63,910,52,2014-02-18T09:50:00,4,821243,158805
OK,54,61,910,54,2014-02-18T09:55:00,6,821692,158805
OK,52,63,910,52,2014-02-18T10:00:00,6,822141,158805
OK,50,66,910,50,2014-02-18T10:05:00,4,822590,158805
OK,54,61,910,54,2014-02-18T10:10:00,4,823039,158805
OK,51,64,910,51,2014-02-18T10:15:00,4,823488,158805
OK,51,64,910,51,2014-02-18T10:20:00,9,823937,158805
OK,53,62,910,53,2014-02-18T10:25:00,13,824386,158805
OK,53,62,910,53,2014-02-18T10:30:00,11,824835,158805
OK,52,63,910,52,2014-02-18T10:35:00,6,825284,158805
OK,49,67,910,49,2014-02-18T10:40:00,9,825733,158805
OK,49,67,910,49,2014-02-18T10:45:00,13,826182,158805
OK,53,62,910,53,2014-02-18T10:50:00,4,826631,158805
OK,61,54,910,61,2014-02-18T10:55:00,8,827080,158805
OK,59,56,910,59,2014-02-18T11:00:00,13,827529,158805
OK,51,64,910,51,2014-02-18T11:05:00,6,827978,158805
OK,48,69,910,48,2014-02-18T11:10:00,6,828427,158805
OK,51,64,910,51,2014-02-18T11:15:00,11,828876,158805
OK,53,62,910,53,2014-02-18T11:20:00,9,829325,158805
OK,52,63,910,52,2014-02-18T11:25:00,9,829774,158805
OK,52,63,910,52,2014-02-18T11:30:00,12,830223,158805
OK,51,64,910,51,2014-02-18T11:35:00,7,830672,158805
OK,50,66,910,50,2014-02-18T11:40:00,8,831121,158805
OK,48,69,910,48,2014-02-18T11:45:00,8,831570,158805
OK,46,72,910,46,2014-02-18T11:50:00,10,832019,158805
OK,58,57,910,58,2014-02-18T11:55:00,14,832468,158805
OK,59,56,910,59,2014-02-18T12:00:00,12,832917,158805
OK,65,50,910,65,2014-02-18T12:05:00,6,833366,158805
OK,51,64,910,51,2014-02-18T12:10:00,9,833815,158805
OK,49,67,910,49,2014-02-18T12:15:00,12,834264,158805
OK,59,56,910,59,2014-02-18T12:20:00,9,834713,158805
OK,53,62,910,53,2014-02-18T12:25:00,12,835162,158805
OK,52,63,910,52,2014-02-18T12:30:00,14,835611,158805
OK,54,61,910,54,2014-02-18T12:35:00,13,836060,158805
OK,53,62,910,53,2014-02-18T12:40:00,18,836509,158805
OK,51,64,910,51,2014-02-18T12:45:00,10,836958,158805
OK,50,66,910,50,2014-02-18T12:50:00,10,837407,158805
OK,47,70,910,47,2014-02-18T12:55:00,15,837856,158805
OK,50,66,910,50,2014-02-18T13:00:00,14,838305,158805
OK,54,61,910,54,2014-02-18T13:05:00,10,838754,158805
OK,49,67,910,49,2014-02-18T13:10:00,12,839203,158805
OK,49,67,910,49,2014-02-18T13:15:00,16,839652,158805
OK,53,62,910,53,2014-02-18T13:20:00,15,840101,158805
OK,52,63,910,52,2014-02-18T13:25:00,12,840550,158805
OK,52,63,910,52,2014-02-18T13:30:00,11,840999,158805
OK,52,63,910,52,2014-02-18T13:35:00,17,841448,158805
OK,52,63,910,52,2014-02-18T13:40:00,17,841897,158805
OK,57,58,910,57,2014-02-18T13:45:00,9,842346,158805
OK,51,64,910,51,2014-02-18T13:50:00,2,842795,158805
OK,66,50,910,66,2014-02-18T13:55:00,8,843244,158805
OK,59,56,910,59,2014-02-18T14:00:00,8,843693,158805
OK,57,58,910,57,2014-02-18T14:05:00,11,844142,158805
OK,57,58,910,57,2014-02-18T14:10:00,11,844591,158805
OK,55,60,910,55,2014-02-18T14:15:00,14,845040,158805
OK,57,58,910,57,2014-02-18T14:20:00,17,845489,158805
OK,64,51,910,64,2014-02-18T14:25:00,13,845938,158805
OK,65,50,910,65,2014-02-18T14:30:00,20,846387,158805
OK,70,47,910,70,2014-02-18T14:35:00,24,846836,158805
OK,79,41,910,79,2014-02-18T14:40:00,14,847285,158805
OK,51,64,910,51,2014-02-18T14:45:00,12,847734,158805
OK,74,44,910,74,2014-02-18T14:50:00,23,848183,158805
OK,79,41,910,79,2014-02-18T14:55:00,20,848632,158805
OK,59,56,910,59,2014-02-18T15:00:00,17,849081,158805
OK,59,56,910,59,2014-02-18T15:05:00,18,849530,158805
OK,74,44,910,74,2014-02-18T15:10:00,18,849979,158805
OK,87,38,910,87,2014-02-18T15:15:00,26,850428,158805
OK,77,43,910,77,2014-02-18T15:20:00,26,850877,158805
OK,67,49,910,67,2014-02-18T15:25:00,22,851326,158805
OK,59,56,910,59,2014-02-18T15:30:00,18,851775,158805
OK,55,60,910,55,2014-02-18T15:35:00,11,852224,158805
OK,57,58,910,57,2014-02-18T15:40:00,12,852673,158805
OK,58,57,910,58,2014-02-18T15:45:00,16,853122,158805
OK,56,59,910,56,2014-02-18T15:50:00,14,853571,158805
OK,49,67,910,49,2014-02-18T15:55:00,8,854020,158805
OK,64,51,910,64,2014-02-18T16:00:00,5,854469,158805
OK,57,58,910,57,2014-02-18T16:10:00,6,854937,158805
OK,51,64,910,51,2014-02-18T16:15:00,7,855386,158805
OK,46,72,910,46,2014-02-18T16:20:00,2,855835,158805
OK,43,77,910,43,2014-02-18T16:25:00,1,856284,158805
OK,47,70,910,47,2014-02-18T16:30:00,4,856733,158805
OK,69,48,910,69,2014-02-18T16:35:00,6,857182,158805
OK,80,41,910,80,2014-02-18T16:40:00,5,857631,158805
OK,60,55,910,60,2014-02-18T16:45:00,7,858080,158805
OK,57,58,910,57,2014-02-18T16:50:00,8,858529,158805
OK,54,61,910,54,2014-02-18T16:55:00,5,858978,158805
OK,57,58,910,57,2014-02-18T17:00:00,2,859427,158805
OK,56,59,910,56,2014-02-18T17:05:00,3,859876,158805
OK,43,77,910,43,2014-02-18T17:10:00,3,860325,158805
OK,65,50,910,65,2014-02-18T17:15:00,6,860774,158805
OK,64,51,910,64,2014-02-18T17:20:00,7,861223,158805
OK,56,59,910,56,2014-02-18T17:25:00,5,861672,158805
OK,56,59,910,56,2014-02-18T17:30:00,3,862121,158805
OK,45,73,910,45,2014-02-18T17:35:00,3,862570,158805
OK,65,50,910,65,2014-02-18T17:40:00,8,863019,158805
OK,70,47,910,70,2014-02-18T17:45:00,4,863468,158805
OK,53,62,910,53,2014-02-18T17:50:00,0,863917,158805
OK,62,53,910,62,2014-02-18T17:55:00,1,864366,158805
OK,41,80,910,41,2014-02-18T18:00:00,3,864815,158805
OK,40,82,910,40,2014-02-18T18:05:00,2,865264,158805
OK,44,75,910,44,2014-02-18T18:10:00,3,865713,158805
OK,49,67,910,49,2014-02-18T18:15:00,5,866162,158805
OK,49,67,910,49,2014-02-18T18:20:00,2,866611,158805
OK,54,61,910,54,2014-02-18T18:25:00,2,867060,158805
OK,64,51,910,64,2014-02-18T18:30:00,5,867509,158805
OK,65,50,910,65,2014-02-18T18:35:00,5,867958,158805
OK,46,72,910,46,2014-02-18T18:40:00,5,868407,158805
OK,68,48,910,68,2014-02-18T18:45:00,8,868856,158805
OK,71,46,910,71,2014-02-18T18:50:00,6,869305,158805
OK,50,66,910,50,2014-02-18T18:55:00,4,869754,158805
OK,50,66,910,50,2014-02-18T19:00:00,4,870203,158805
OK,60,55,910,60,2014-02-18T19:05:00,1,870652,158805
OK,60,55,910,60,2014-02-18T19:10:00,0,871101,158805
OK,42,78,910,42,2014-02-18T19:15:00,2,871550,158805
OK,53,62,910,53,2014-02-18T19:20:00,2,871999,158805
OK,65,50,910,65,2014-02-18T19:25:00,0,872448,158805
OK,65,50,910,65,2014-02-18T19:30:00,0,872897,158805
OK,61,54,910,61,2014-02-18T19:35:00,2,873346,158805
OK,73,45,910,73,2014-02-18T19:40:00,1,873795,158805
OK,44,75,910,44,2014-02-18T19:45:00,1,874244,158805
OK,48,69,910,48,2014-02-18T19:50:00,2,874693,158805
OK,57,58,910,57,2014-02-18T19:55:00,1,875142,158805
OK,55,60,910,55,2014-02-18T20:00:00,3,875591,158805
OK,55,60,910,55,2014-02-18T20:05:00,1,876040,158805
OK,60,55,910,60,2014-02-18T20:10:00,2,876489,158805
OK,52,63,910,52,2014-02-18T20:15:00,3,876938,158805
OK,40,82,910,40,2014-02-18T20:20:00,2,877387,158805
OK,37,89,910,37,2014-02-18T20:25:00,1,877836,158805
OK,37,89,910,37,2014-02-18T20:30:00,0,878285,158805
OK,43,77,910,43,2014-02-18T20:35:00,1,878734,158805
OK,47,70,910,47,2014-02-18T20:40:00,2,879183,158805
OK,60,55,910,60,2014-02-18T20:45:00,3,879632,158805
OK,63,52,910,63,2014-02-18T20:50:00,2,880081,158805
OK,49,67,910,49,2014-02-18T20:55:00,3,880530,158805
OK,56,59,910,56,2014-02-18T21:10:00,2,881814,158805
OK,58,57,910,58,2014-02-18T21:45:00,3,884764,158805
OK,58,57,910,58,2014-02-18T21:50:00,3,885213,158805
OK,53,62,910,53,2014-02-18T22:15:00,1,887293,158805
OK,47,70,910,47,2014-02-18T22:30:00,0,888640,158805
OK,47,70,910,47,2014-02-18T22:35:00,0,889024,158805
OK,47,70,910,47,2014-02-18T22:40:00,0,889473,158805
OK,47,70,910,47,2014-02-18T22:45:00,0,889922,158805
OK,47,70,910,47,2014-02-18T22:50:00,0,890323,158805
OK,47,70,910,47,2014-02-18T22:55:00,0,890712,158805
OK,47,70,910,47,2014-02-18T23:00:00,0,891161,158805
OK,47,70,910,47,2014-02-18T23:05:00,0,891610,158805
OK,47,70,910,47,2014-02-18T23:10:00,0,892059,158805
OK,49,67,910,49,2014-02-18T23:15:00,1,892508,158805
OK,49,67,910,49,2014-02-18T23:20:00,0,892931,158805
OK,53,62,910,53,2014-02-18T23:25:00,1,893380,158805
OK,32,103,910,32,2014-02-19T00:35:00,0,898330,158805
OK,32,103,910,32,2014-02-19T00:50:00,0,899370,158805
OK,32,103,910,32,2014-02-19T01:00:00,0,900089,158805
OK,32,103,910,32,2014-02-19T01:05:00,0,900538,158805
OK,32,103,910,32,2014-02-19T01:10:00,0,900987,158805
OK,32,103,910,32,2014-02-19T01:15:00,0,901436,158805
OK,32,103,910,32,2014-02-19T01:20:00,0,901885,158805
OK,32,103,910,32,2014-02-19T01:25:00,0,902334,158805
OK,32,103,910,32,2014-02-19T01:30:00,0,902783,158805
OK,32,103,910,32,2014-02-19T01:35:00,0,903232,158805
OK,32,103,910,32,2014-02-19T01:40:00,0,903681,158805
OK,32,103,910,32,2014-02-19T01:45:00,0,904130,158805
OK,32,103,910,32,2014-02-19T01:50:00,0,904579,158805
OK,32,103,910,32,2014-02-19T01:55:00,0,905028,158805
OK,32,103,910,32,2014-02-19T02:00:00,0,905477,158805
OK,32,103,910,32,2014-02-19T02:05:00,0,905926,158805
OK,32,103,910,32,2014-02-19T02:10:00,0,906375,158805
OK,32,103,910,32,2014-02-19T02:15:00,0,906824,158805
OK,32,103,910,32,2014-02-19T02:20:00,0,907273,158805
OK,32,103,910,32,2014-02-19T02:25:00,0,907722,158805
OK,32,103,910,32,2014-02-19T02:30:00,0,908171,158805
OK,32,103,910,32,2014-02-19T02:35:00,0,908620,158805
OK,32,103,910,32,2014-02-19T02:40:00,0,909069,158805
OK,32,103,910,32,2014-02-19T02:45:00,0,909518,158805
OK,32,103,910,32,2014-02-19T02:50:00,0,909967,158805
OK,32,103,910,32,2014-02-19T02:55:00,0,910416,158805
OK,32,103,910,32,2014-02-19T03:00:00,0,910865,158805
OK,32,103,910,32,2014-02-19T03:05:00,0,911314,158805
OK,32,103,910,32,2014-02-19T03:10:00,0,911763,158805
OK,32,103,910,32,2014-02-19T03:15:00,0,912212,158805
OK,32,103,910,32,2014-02-19T03:20:00,0,912661,158805
OK,32,103,910,32,2014-02-19T03:25:00,0,913110,158805
OK,32,103,910,32,2014-02-19T03:30:00,0,913559,158805
OK,32,103,910,32,2014-02-19T03:35:00,0,914008,158805
OK,32,103,910,32,2014-02-19T03:40:00,0,914457,158805
OK,32,103,910,32,2014-02-19T03:45:00,0,914906,158805
OK,32,103,910,32,2014-02-19T03:50:00,0,915355,158805
OK,32,103,910,32,2014-02-19T03:55:00,0,915804,158805
OK,32,103,910,32,2014-02-19T04:00:00,0,916253,158805
OK,32,103,910,32,2014-02-19T04:05:00,0,916702,158805
OK,32,103,910,32,2014-02-19T04:10:00,0,917151,158805
OK,32,103,910,32,2014-02-19T04:15:00,0,917600,158805
OK,32,103,910,32,2014-02-19T04:20:00,0,918049,158805
OK,32,103,910,32,2014-02-19T04:25:00,0,918498,158805
OK,32,103,910,32,2014-02-19T04:30:00,0,918947,158805
OK,55,60,910,55,2014-02-19T04:35:00,1,919396,158805
OK,39,84,910,39,2014-02-19T04:40:00,1,919845,158805
OK,52,63,910,52,2014-02-19T04:45:00,2,920294,158805
OK,57,58,910,57,2014-02-19T04:50:00,2,920743,158805
OK,56,59,910,56,2014-02-19T04:55:00,1,921192,158805
OK,42,78,910,42,2014-02-19T05:00:00,2,921641,158805
OK,44,75,910,44,2014-02-19T05:05:00,1,922090,158805
OK,44,75,910,44,2014-02-19T05:10:00,1,922539,158805
OK,60,55,910,60,2014-02-19T05:15:00,1,922988,158805
OK,55,60,910,55,2014-02-19T05:20:00,3,923437,158805
OK,47,70,910,47,2014-02-19T05:25:00,4,923886,158805
OK,43,77,910,43,2014-02-19T05:30:00,2,924335,158805
OK,64,51,910,64,2014-02-19T05:35:00,2,924784,158805
OK,64,51,910,64,2014-02-19T05:40:00,3,925233,158805
OK,61,54,910,61,2014-02-19T05:45:00,1,925682,158805
OK,55,60,910,55,2014-02-19T05:50:00,3,926131,158805
OK,57,58,910,57,2014-02-19T05:55:00,4,926580,158805
OK,49,67,910,49,2014-02-19T06:00:00,2,927029,158805
OK,37,89,910,37,2014-02-19T06:05:00,2,927478,158805
OK,36,92,910,36,2014-02-19T06:10:00,1,927927,158805
OK,50,66,910,50,2014-02-19T06:15:00,2,928376,158805
OK,49,67,910,49,2014-02-19T06:20:00,5,928825,158805
OK,49,67,910,49,2014-02-19T06:25:00,4,929274,158805
OK,60,55,910,60,2014-02-19T06:30:00,10,929723,158805
OK,57,58,910,57,2014-02-19T06:35:00,14,930172,158805
OK,56,59,910,56,2014-02-19T06:40:00,8,930621,158805
OK,53,62,910,53,2014-02-19T06:45:00,7,931070,158805
OK,51,64,910,51,2014-02-19T06:50:00,8,931519,158805
OK,55,60,910,55,2014-02-19T06:55:00,8,931968,158805
OK,60,55,910,60,2014-02-19T07:00:00,10,932417,158805
OK,60,55,910,60,2014-02-19T07:05:00,7,932866,158805
OK,55,60,910,55,2014-02-19T07:10:00,7,933315,158805
OK,68,48,910,68,2014-02-19T07:15:00,6,933764,158805
OK,74,44,910,74,2014-02-19T07:20:00,6,934213,158805
OK,57,58,910,57,2014-02-19T07:25:00,13,934662,158805
OK,57,58,910,57,2014-02-19T07:30:00,15,935111,158805
OK,58,57,910,58,2014-02-19T07:35:00,14,935560,158805
OK,62,53,910,62,2014-02-19T07:40:00,5,936009,158805
OK,70,47,910,70,2014-02-19T07:45:00,4,936458,158805
OK,61,54,910,61,2014-02-19T07:50:00,7,936907,158805
OK,48,69,910,48,2014-02-19T07:55:00,6,937356,158805
OK,53,62,910,53,2014-02-19T08:00:00,3,937805,158805
OK,82,40,910,82,2014-02-19T08:05:00,5,938254,158805
OK,64,51,910,64,2014-02-19T08:10:00,10,938703,158805
OK,54,61,910,54,2014-02-19T08:15:00,14,939152,158805
OK,56,59,910,56,2014-02-19T08:20:00,12,939601,158805
OK,56,59,910,56,2014-02-19T08:25:00,7,940050,158805
OK,54,61,910,54,2014-02-19T08:30:00,5,940499,158805
OK,55,60,910,55,2014-02-19T08:35:00,4,940948,158805
OK,48,69,910,48,2014-02-19T08:40:00,2,941397,158805
OK,51,64,910,51,2014-02-19T08:45:00,6,941846,158805
OK,57,58,910,57,2014-02-19T08:50:00,7,942295,158805
OK,58,57,910,58,2014-02-19T08:55:00,7,942744,158805
OK,50,66,910,50,2014-02-19T09:00:00,5,943193,158805
OK,53,62,910,53,2014-02-19T09:05:00,11,943642,158805
OK,53,62,910,53,2014-02-19T09:10:00,17,944091,158805
OK,52,63,910,52,2014-02-19T09:15:00,13,944540,158805
OK,57,58,910,57,2014-02-19T09:20:00,11,944989,158805
OK,53,62,910,53,2014-02-19T09:25:00,10,945438,158805
OK,66,50,910,66,2014-02-19T09:30:00,8,945887,158805
OK,90,36,910,90,2014-02-19T09:35:00,3,946336,158805
OK,71,46,910,71,2014-02-19T09:40:00,4,946785,158805
OK,71,46,910,71,2014-02-19T09:45:00,4,947234,158805
OK,58,57,910,58,2014-02-19T09:50:00,8,947683,158805
OK,64,51,910,64,2014-02-19T09:55:00,7,948132,158805
OK,82,40,910,82,2014-02-19T10:00:00,4,948581,158805
OK,76,43,910,76,2014-02-19T10:05:00,7,949030,158805
OK,50,66,910,50,2014-02-19T10:10:00,11,949479,158805
OK,56,59,910,56,2014-02-19T10:15:00,8,949928,158805
OK,62,53,910,62,2014-02-19T10:20:00,9,950377,158805
OK,54,61,910,54,2014-02-19T10:25:00,8,950826,158805
OK,51,64,910,51,2014-02-19T10:30:00,11,951275,158805
OK,51,64,910,51,2014-02-19T10:35:00,14,951724,158805
OK,59,56,910,59,2014-02-19T10:40:00,11,952173,158805
OK,55,60,910,55,2014-02-19T10:45:00,14,952622,158805
OK,54,61,910,54,2014-02-19T10:50:00,9,953071,158805
OK,55,60,910,55,2014-02-19T10:55:00,1,953520,158805
OK,55,60,910,55,2014-02-19T11:00:00,0,953969,158805
OK,56,59,910,56,2014-02-19T11:05:00,7,954418,158805
OK,56,59,910,56,2014-02-19T11:10:00,16,954867,158805
OK,54,61,910,54,2014-02-19T11:15:00,15,955316,158805
OK,55,60,910,55,2014-02-19T11:20:00,8,955765,158805
OK,70,47,910,70,2014-02-19T11:25:00,6,956214,158805
OK,74,44,910,74,2014-02-19T11:30:00,9,956663,158805
OK,67,49,910,67,2014-02-19T11:35:00,8,957112,158805
OK,57,58,910,57,2014-02-19T11:40:00,5,957561,158805
OK,70,47,910,70,2014-02-19T11:45:00,12,958010,158805
OK,66,50,910,66,2014-02-19T11:50:00,11,958459,158805
OK,58,57,910,58,2014-02-19T11:55:00,6,958908,158805
OK,59,56,910,59,2014-02-19T12:00:00,9,959357,158805
OK,62,53,910,62,2014-02-19T12:05:00,8,959806,158805
OK,55,60,910,55,2014-02-19T12:10:00,9,960255,158805
OK,57,58,910,57,2014-02-19T12:15:00,12,960704,158805
OK,57,58,910,57,2014-02-19T12:20:00,12,961153,158805
OK,54,61,910,54,2014-02-19T12:25:00,13,961602,158805
OK,52,63,910,52,2014-02-19T12:30:00,16,962051,158805
OK,52,63,910,52,2014-02-19T12:35:00,16,962500,158805
OK,53,62,910,53,2014-02-19T12:40:00,11,962949,158805
OK,56,59,910,56,2014-02-19T12:45:00,16,963398,158805
OK,51,64,910,51,2014-02-19T12:50:00,10,963847,158805
OK,50,66,910,50,2014-02-19T12:55:00,12,964296,158805
OK,54,61,910,54,2014-02-19T13:00:00,21,964745,158805
OK,49,67,910,49,2014-02-19T13:05:00,14,965194,158805
OK,49,67,910,49,2014-02-19T13:10:00,10,965643,158805
OK,51,64,910,51,2014-02-19T13:15:00,10,966092,158805
OK,56,59,910,56,2014-02-19T13:20:00,10,966541,158805
OK,55,60,910,55,2014-02-19T13:25:00,16,966990,158805
OK,52,63,910,52,2014-02-19T13:30:00,12,967439,158805
OK,67,49,910,67,2014-02-19T13:35:00,12,967888,158805
OK,67,49,910,67,2014-02-19T13:40:00,6,968337,158805
OK,68,48,910,68,2014-02-19T13:45:00,0,968786,158805
OK,56,59,910,56,2014-02-19T13:50:00,10,969235,158805
OK,60,55,910,60,2014-02-19T13:55:00,16,969684,158805
OK,63,52,910,63,2014-02-19T14:00:00,16,970133,158805
OK,69,48,910,69,2014-02-19T14:05:00,16,970582,158805
OK,76,43,910,76,2014-02-19T14:10:00,14,971031,158805
OK,59,56,910,59,2014-02-19T14:15:00,13,971480,158805
OK,58,57,910,58,2014-02-19T14:20:00,22,971929,158805
OK,68,48,910,68,2014-02-19T14:25:00,28,972378,158805
OK,71,46,910,71,2014-02-19T14:30:00,22,972827,158805
OK,66,50,910,66,2014-02-19T14:35:00,17,973276,158805
OK,61,54,910,61,2014-02-19T14:40:00,14,973725,158805
OK,62,53,910,62,2014-02-19T14:45:00,15,974174,158805
OK,57,58,910,57,2014-02-19T14:50:00,17,974623,158805
OK,58,57,910,58,2014-02-19T14:55:00,17,975072,158805
OK,64,51,910,64,2014-02-19T15:00:00,16,975521,158805
OK,68,48,910,68,2014-02-19T15:05:00,14,975970,158805
OK,54,61,910,54,2014-02-19T15:10:00,18,976419,158805
OK,63,52,910,63,2014-02-19T15:15:00,20,976868,158805
OK,81,40,910,81,2014-02-19T15:20:00,21,977317,158805
OK,67,49,910,67,2014-02-19T15:25:00,21,977766,158805
OK,70,47,910,70,2014-02-19T15:30:00,16,978215,158805
OK,56,59,910,56,2014-02-19T15:35:00,15,978664,158805
OK,53,62,910,53,2014-02-19T15:40:00,12,979113,158805
OK,54,61,910,54,2014-02-19T15:45:00,5,979562,158805
OK,54,61,910,54,2014-02-19T15:50:00,5,980011,158805
OK,52,63,910,52,2014-02-19T15:55:00,2,980460,158805
OK,49,67,910,49,2014-02-19T16:00:00,4,980909,158805
OK,51,64,910,51,2014-02-19T16:05:00,11,981358,158805
OK,52,63,910,52,2014-02-19T16:10:00,12,981807,158805
OK,52,63,910,52,2014-02-19T16:15:00,9,982256,158805
OK,50,66,910,50,2014-02-19T16:20:00,5,982705,158805
OK,41,80,910,41,2014-02-19T16:25:00,4,983154,158805
OK,42,78,910,42,2014-02-19T16:30:00,5,983603,158805
OK,46,72,910,46,2014-02-19T16:35:00,4,984052,158805
OK,51,64,910,51,2014-02-19T16:40:00,6,984501,158805
OK,54,61,910,54,2014-02-19T16:45:00,7,984950,158805
OK,55,60,910,55,2014-02-19T16:50:00,8,985399,158805
OK,50,66,910,50,2014-02-19T16:55:00,4,985848,158805
OK,52,63,910,52,2014-02-19T17:00:00,3,986297,158805
OK,58,57,910,58,2014-02-19T17:05:00,2,986746,158805
OK,65,50,910,65,2014-02-19T17:10:00,0,987195,158805
OK,62,53,910,62,2014-02-19T17:15:00,2,987644,158805
OK,68,48,910,68,2014-02-19T17:20:00,7,988093,158805
OK,59,56,910,59,2014-02-19T17:25:00,14,988542,158805
OK,57,58,910,57,2014-02-19T17:30:00,10,988991,158805
OK,47,70,910,47,2014-02-19T17:35:00,6,989440,158805
OK,50,66,910,50,2014-02-19T17:40:00,4,989889,158805
OK,69,48,910,69,2014-02-19T17:45:00,5,990338,158805
OK,61,54,910,61,2014-02-19T17:50:00,4,990787,158805
OK,52,63,910,52,2014-02-19T17:55:00,2,991236,158805
OK,64,51,910,64,2014-02-19T18:00:00,1,991685,158805
OK,64,51,910,64,2014-02-19T18:05:00,1,992134,158805
OK,48,69,910,48,2014-02-19T18:10:00,3,992583,158805
OK,54,61,910,54,2014-02-19T18:15:00,4,993032,158805
OK,62,53,910,62,2014-02-19T18:20:00,1,993481,158805
OK,41,80,910,41,2014-02-19T18:25:00,3,993930,158805
OK,53,62,910,53,2014-02-19T18:30:00,4,994379,158805
OK,66,50,910,66,2014-02-19T18:35:00,1,994828,158805
OK,48,69,910,48,2014-02-19T18:40:00,1,995277,158805
OK,63,52,910,63,2014-02-19T18:45:00,4,995726,158805
OK,68,48,910,68,2014-02-19T18:50:00,4,996175,158805
OK,56,59,910,56,2014-02-19T18:55:00,2,996624,158805
OK,53,62,910,53,2014-02-19T19:00:00,5,997073,158805
OK,54,61,910,54,2014-02-19T19:05:00,6,997522,158805
OK,49,67,910,49,2014-02-19T19:10:00,3,997971,158805
OK,53,62,910,53,2014-02-19T19:15:00,2,998420,158805
OK,58,57,910,58,2014-02-19T19:20:00,0,998869,158805
OK,66,50,910,66,2014-02-19T19:25:00,2,999318,158805
OK,43,77,910,43,2014-02-19T19:30:00,2,999767,158805
OK,36,92,910,36,2014-02-19T19:35:00,2,1000216,158805
OK,53,62,910,53,2014-02-19T19:40:00,1,1000665,158805
OK,52,63,910,52,2014-02-19T19:45:00,2,1001114,158805
OK,49,67,910,49,2014-02-19T19:50:00,6,1001563,158805
OK,47,70,910,47,2014-02-19T19:55:00,9,1002012,158805
OK,47,70,910,47,2014-02-19T20:00:00,7,1002461,158805
OK,49,67,910,49,2014-02-19T20:05:00,4,1002910,158805
OK,72,46,910,72,2014-02-19T20:10:00,0,1003359,158805
OK,49,67,910,49,2014-02-19T20:15:00,2,1003808,158805
OK,52,63,910,52,2014-02-19T20:20:00,1,1004257,158805
OK,52,63,910,52,2014-02-19T20:25:00,0,1004706,158805
OK,86,38,910,86,2014-02-19T20:30:00,1,1005155,158805
OK,86,38,910,86,2014-02-19T20:35:00,1,1005604,158805
OK,55,60,910,55,2014-02-19T20:40:00,1,1006053,158805
OK,49,67,910,49,2014-02-19T20:45:00,2,1006502,158805
OK,48,69,910,48,2014-02-19T20:50:00,2,1006951,158805
OK,51,64,910,51,2014-02-19T20:55:00,2,1007400,158805
OK,43,77,910,43,2014-02-19T21:15:00,0,1009058,158805
OK,115,28,910,115,2014-02-19T21:35:00,2,1010693,158805
OK,49,67,910,49,2014-02-19T22:20:00,0,1014567,158805
OK,49,67,910,49,2014-02-19T22:30:00,0,1015465,158805
OK,45,73,910,45,2014-02-19T22:40:00,1,1016363,158805
OK,45,73,910,45,2014-02-19T22:45:00,1,1016812,158805
OK,45,73,910,45,2014-02-19T22:50:00,0,1017261,158805
OK,45,73,910,45,2014-02-19T22:55:00,0,1017710,158805
OK,45,73,910,45,2014-02-19T23:00:00,0,1018144,158805
OK,45,73,910,45,2014-02-19T23:05:00,0,1018593,158805
OK,49,67,910,49,2014-02-19T23:10:00,1,1019042,158805
OK,52,63,910,52,2014-02-19T23:15:00,1,1019491,158805
OK,52,63,910,52,2014-02-19T23:20:00,0,1019940,158805
OK,52,63,910,52,2014-02-19T23:25:00,0,1020389,158805
OK,52,63,910,52,2014-02-19T23:35:00,0,1021097,158805
OK,52,63,910,52,2014-02-19T23:45:00,0,1021887,158805
OK,52,63,910,52,2014-02-19T23:50:00,0,1022276,158805
OK,52,63,910,52,2014-02-20T00:20:00,0,1024226,158805
OK,47,70,910,47,2014-02-20T01:00:00,0,1027014,158805
OK,47,70,910,47,2014-02-20T01:05:00,0,1027463,158805
OK,47,70,910,47,2014-02-20T01:15:00,0,1028361,158805
OK,47,70,910,47,2014-02-20T01:20:00,0,1028810,158805
OK,47,70,910,47,2014-02-20T01:25:00,0,1029259,158805
OK,47,70,910,47,2014-02-20T01:30:00,0,1029708,158805
OK,47,70,910,47,2014-02-20T01:35:00,0,1030157,158805
OK,47,70,910,47,2014-02-20T01:40:00,0,1030606,158805
OK,47,70,910,47,2014-02-20T01:45:00,0,1031055,158805
OK,47,70,910,47,2014-02-20T01:50:00,0,1031504,158805
OK,47,70,910,47,2014-02-20T01:55:00,0,1031953,158805
OK,47,70,910,47,2014-02-20T02:00:00,0,1032402,158805
OK,47,70,910,47,2014-02-20T02:05:00,0,1032851,158805
OK,47,70,910,47,2014-02-20T02:10:00,0,1033300,158805
OK,47,70,910,47,2014-02-20T02:15:00,0,1033749,158805
OK,47,70,910,47,2014-02-20T02:20:00,0,1034198,158805
OK,47,70,910,47,2014-02-20T02:25:00,0,1034647,158805
OK,47,70,910,47,2014-02-20T02:30:00,0,1035096,158805
OK,47,70,910,47,2014-02-20T02:35:00,0,1035545,158805
OK,47,70,910,47,2014-02-20T02:40:00,0,1035994,158805
OK,47,70,910,47,2014-02-20T02:45:00,0,1036443,158805
OK,47,70,910,47,2014-02-20T02:50:00,0,1036892,158805
OK,47,70,910,47,2014-02-20T02:55:00,0,1037341,158805
OK,47,70,910,47,2014-02-20T03:00:00,0,1037790,158805
OK,47,70,910,47,2014-02-20T03:05:00,0,1038239,158805
OK,47,70,910,47,2014-02-20T03:10:00,0,1038688,158805
OK,47,70,910,47,2014-02-20T03:15:00,0,1039137,158805
OK,47,70,910,47,2014-02-20T03:20:00,0,1039586,158805
OK,47,70,910,47,2014-02-20T03:25:00,0,1040035,158805
OK,47,70,910,47,2014-02-20T03:30:00,0,1040484,158805
OK,47,70,910,47,2014-02-20T03:35:00,0,1040933,158805
OK,47,70,910,47,2014-02-20T03:40:00,1,1041382,158805
OK,47,70,910,47,2014-02-20T03:45:00,1,1041831,158805
OK,47,70,910,47,2014-02-20T03:50:00,0,1042280,158805
OK,47,70,910,47,2014-02-20T03:55:00,0,1042729,158805
OK,47,70,910,47,2014-02-20T04:00:00,0,1043178,158805
OK,47,70,910,47,2014-02-20T04:05:00,0,1043627,158805
OK,47,70,910,47,2014-02-20T04:10:00,0,1044076,158805
OK,47,70,910,47,2014-02-20T04:15:00,0,1044525,158805
OK,47,70,910,47,2014-02-20T04:20:00,0,1044974,158805
OK,47,70,910,47,2014-02-20T04:25:00,0,1045423,158805
OK,47,70,910,47,2014-02-20T04:30:00,3,1045872,158805
OK,47,70,910,47,2014-02-20T04:35:00,3,1046321,158805
OK,62,53,910,62,2014-02-20T04:40:00,0,1046770,158805
OK,62,53,910,62,2014-02-20T04:45:00,0,1047219,158805
OK,55,60,910,55,2014-02-20T04:50:00,1,1047668,158805
OK,55,60,910,55,2014-02-20T04:55:00,1,1048117,158805
OK,55,60,910,55,2014-02-20T05:00:00,0,1048566,158805
OK,48,69,910,48,2014-02-20T05:05:00,1,1049015,158805
OK,48,69,910,48,2014-02-20T05:10:00,1,1049464,158805
OK,57,58,910,57,2014-02-20T05:15:00,1,1049913,158805
OK,48,69,910,48,2014-02-20T05:20:00,3,1050362,158805
OK,48,69,910,48,2014-02-20T05:25:00,3,1050811,158805
OK,49,67,910,49,2014-02-20T05:30:00,2,1051260,158805
OK,43,77,910,43,2014-02-20T05:35:00,1,1051709,158805
OK,42,78,910,42,2014-02-20T05:40:00,1,1052158,158805
OK,55,60,910,55,2014-02-20T05:45:00,4,1052607,158805
OK,49,67,910,49,2014-02-20T05:50:00,6,1053056,158805
OK,51,64,910,51,2014-02-20T05:55:00,7,1053505,158805
OK,51,64,910,51,2014-02-20T06:00:00,7,1053954,158805
OK,50,66,910,50,2014-02-20T06:05:00,6,1054403,158805
OK,57,58,910,57,2014-02-20T06:10:00,3,1054852,158805
OK,51,64,910,51,2014-02-20T06:15:00,7,1055301,158805
OK,57,58,910,57,2014-02-20T06:20:00,11,1055750,158805
OK,52,63,910,52,2014-02-20T06:25:00,51,1056199,158805
OK,52,63,910,52,2014-02-20T06:30:00,45,1056648,158805
OK,64,51,910,64,2014-02-20T06:35:00,3,1057097,158805
OK,53,62,910,53,2014-02-20T06:40:00,6,1057546,158805
OK,55,60,910,55,2014-02-20T06:45:00,9,1057995,158805
OK,52,63,910,52,2014-02-20T06:50:00,9,1058444,158805
OK,52,63,910,52,2014-02-20T06:55:00,7,1058893,158805
OK,51,64,910,51,2014-02-20T07:00:00,6,1059342,158805
OK,54,61,910,54,2014-02-20T07:05:00,6,1059791,158805
OK,63,52,910,63,2014-02-20T07:10:00,4,1060240,158805
OK,56,59,910,56,2014-02-20T07:15:00,9,1060689,158805
OK,53,62,910,53,2014-02-20T07:20:00,8,1061138,158805
OK,55,60,910,55,2014-02-20T07:25:00,6,1061587,158805
OK,55,60,910,55,2014-02-20T07:30:00,9,1062036,158805
OK,53,62,910,53,2014-02-20T07:35:00,11,1062485,158805
OK,47,70,910,47,2014-02-20T07:40:00,8,1062934,158805
OK,44,75,910,44,2014-02-20T07:45:00,3,1063383,158805
OK,67,49,910,67,2014-02-20T07:50:00,5,1063832,158805
OK,66,50,910,66,2014-02-20T07:55:00,5,1064281,158805
OK,52,63,910,52,2014-02-20T08:00:00,3,1064730,158805
OK,55,60,910,55,2014-02-20T08:05:00,6,1065179,158805
OK,57,58,910,57,2014-02-20T08:10:00,8,1065628,158805
OK,54,61,910,54,2014-02-20T08:15:00,6,1066077,158805
OK,48,69,910,48,2014-02-20T08:20:00,3,1066526,158805
OK,49,67,910,49,2014-02-20T08:25:00,6,1066975,158805
OK,48,69,910,48,2014-02-20T08:30:00,9,1067424,158805
OK,52,63,910,52,2014-02-20T08:35:00,10,1067873,158805
OK,55,60,910,55,2014-02-20T08:40:00,9,1068322,158805
OK,57,58,910,57,2014-02-20T08:45:00,6,1068771,158805
OK,53,62,910,53,2014-02-20T08:50:00,8,1069220,158805
OK,50,66,910,50,2014-02-20T08:55:00,6,1069669,158805
OK,58,57,910,58,2014-02-20T09:00:00,7,1070118,158805
OK,49,67,910,49,2014-02-20T09:05:00,7,1070567,158805
OK,55,60,910,55,2014-02-20T09:10:00,8,1071016,158805
OK,59,56,910,59,2014-02-20T09:15:00,6,1071465,158805
OK,50,66,910,50,2014-02-20T09:20:00,4,1071914,158805
OK,55,60,910,55,2014-02-20T09:25:00,12,1072363,158805
OK,57,58,910,57,2014-02-20T09:30:00,16,1072812,158805
OK,51,64,910,51,2014-02-20T09:35:00,8,1073261,158805
OK,51,64,910,51,2014-02-20T09:40:00,3,1073710,158805
OK,56,59,910,56,2014-02-20T09:45:00,4,1074159,158805
OK,53,62,910,53,2014-02-20T09:50:00,10,1074608,158805
OK,59,56,910,59,2014-02-20T09:55:00,11,1075057,158805
OK,58,57,910,58,2014-02-20T10:00:00,10,1075506,158805
OK,59,56,910,59,2014-02-20T10:05:00,9,1075955,158805
OK,60,55,910,60,2014-02-20T10:10:00,10,1076404,158805
OK,57,58,910,57,2014-02-20T10:15:00,10,1076853,158805
OK,57,58,910,57,2014-02-20T10:20:00,6,1077302,158805
OK,54,61,910,54,2014-02-20T10:25:00,9,1077751,158805
OK,49,67,910,49,2014-02-20T10:30:00,11,1078200,158805
OK,44,75,910,44,2014-02-20T10:35:00,7,1078649,158805
OK,45,73,910,45,2014-02-20T10:40:00,6,1079098,158805
OK,49,67,910,49,2014-02-20T10:45:00,5,1079547,158805
OK,51,64,910,51,2014-02-20T10:50:00,9,1079996,158805
OK,51,64,910,51,2014-02-20T10:55:00,9,1080445,158805
OK,56,59,910,56,2014-02-20T11:00:00,6,1080894,158805
OK,51,64,910,51,2014-02-20T11:05:00,13,1081343,158805
OK,50,66,910,50,2014-02-20T11:10:00,16,1081792,158805
OK,51,64,910,51,2014-02-20T11:15:00,10,1082241,158805
OK,63,52,910,63,2014-02-20T11:20:00,6,1082690,158805
OK,68,48,910,68,2014-02-20T11:25:00,6,1083139,158805
OK,48,69,910,48,2014-02-20T11:30:00,9,1083588,158805
OK,48,69,910,48,2014-02-20T11:35:00,10,1084037,158805
OK,52,63,910,52,2014-02-20T11:40:00,8,1084486,158805
OK,51,64,910,51,2014-02-20T11:45:00,10,1084935,158805
OK,51,64,910,51,2014-02-20T11:50:00,15,1085384,158805
OK,50,66,910,50,2014-02-20T11:55:00,16,1085833,158805
OK,55,60,910,55,2014-02-20T12:00:00,14,1086282,158805
OK,60,55,910,60,2014-02-20T12:05:00,11,1086731,158805
OK,60,55,910,60,2014-02-20T12:10:00,6,1087180,158805
OK,46,72,910,46,2014-02-20T12:15:00,10,1087629,158805
OK,46,72,910,46,2014-02-20T12:20:00,10,1088078,158805
OK,52,63,910,52,2014-02-20T12:25:00,9,1088527,158805
OK,54,61,910,54,2014-02-20T12:30:00,12,1088976,158805
OK,56,59,910,56,2014-02-20T12:35:00,8,1089425,158805
OK,61,54,910,61,2014-02-20T12:40:00,11,1089874,158805
OK,54,61,910,54,2014-02-20T12:45:00,14,1090323,158805
OK,54,61,910,54,2014-02-20T12:50:00,12,1090772,158805
OK,49,67,910,49,2014-02-20T12:55:00,11,1091221,158805
OK,49,67,910,49,2014-02-20T13:00:00,9,1091670,158805
OK,50,66,910,50,2014-02-20T13:05:00,10,1092119,158805
OK,51,64,910,51,2014-02-20T13:10:00,13,1092568,158805
OK,53,62,910,53,2014-02-20T13:15:00,11,1093017,158805
OK,53,62,910,53,2014-02-20T13:20:00,7,1093466,158805
OK,63,52,910,63,2014-02-20T13:25:00,9,1093915,158805
OK,51,64,910,51,2014-02-20T13:30:00,12,1094364,158805
OK,48,69,910,48,2014-02-20T13:35:00,8,1094813,158805
OK,44,75,910,44,2014-02-20T13:40:00,0,1095262,158805
OK,53,62,910,53,2014-02-20T13:45:00,9,1095711,158805
OK,53,62,910,53,2014-02-20T13:50:00,14,1096160,158805
OK,71,46,910,71,2014-02-20T13:55:00,50,1096609,158805
OK,71,46,910,71,2014-02-20T14:00:00,53,1097058,158805
OK,47,70,910,47,2014-02-20T14:05:00,19,1097507,158805
OK,50,66,910,50,2014-02-20T14:10:00,17,1097956,158805
OK,61,54,910,61,2014-02-20T14:15:00,24,1098405,158805
OK,60,55,910,60,2014-02-20T14:20:00,28,1098854,158805
OK,54,61,910,54,2014-02-20T14:25:00,19,1099303,158805
OK,54,61,910,54,2014-02-20T14:30:00,13,1099752,158805
OK,56,59,910,56,2014-02-20T14:35:00,6,1100201,158805
OK,49,67,910,49,2014-02-20T14:40:00,15,1100650,158805
OK,53,62,910,53,2014-02-20T14:45:00,22,1101099,158805
OK,54,61,910,54,2014-02-20T14:50:00,20,1101548,158805
OK,54,61,910,54,2014-02-20T14:55:00,15,1101997,158805
OK,54,61,910,54,2014-02-20T15:00:00,16,1102446,158805
OK,54,61,910,54,2014-02-20T15:05:00,23,1102895,158805
OK,58,57,910,58,2014-02-20T15:10:00,18,1103344,158805
OK,64,51,910,64,2014-02-20T15:15:00,13,1103793,158805
OK,55,60,910,55,2014-02-20T15:20:00,12,1104242,158805
OK,54,61,910,54,2014-02-20T15:25:00,18,1104691,158805
OK,53,62,910,53,2014-02-20T15:30:00,16,1105140,158805
OK,48,69,910,48,2014-02-20T15:35:00,17,1105589,158805
OK,51,64,910,51,2014-02-20T15:40:00,19,1106038,158805
OK,70,47,910,70,2014-02-20T15:45:00,14,1106487,158805
OK,61,54,910,61,2014-02-20T15:50:00,12,1106936,158805
OK,54,61,910,54,2014-02-20T15:55:00,6,1107385,158805
OK,53,62,910,53,2014-02-20T16:00:00,6,1107834,158805
OK,48,69,910,48,2014-02-20T16:05:00,9,1108283,158805
OK,49,67,910,49,2014-02-20T16:10:00,11,1108732,158805
OK,49,67,910,49,2014-02-20T16:15:00,11,1109181,158805
OK,50,66,910,50,2014-02-20T16:20:00,8,1109630,158805
OK,53,62,910,53,2014-02-20T16:25:00,8,1110079,158805
OK,51,64,910,51,2014-02-20T16:30:00,9,1110528,158805
OK,56,59,910,56,2014-02-20T16:35:00,7,1110977,158805
OK,51,64,910,51,2014-02-20T16:40:00,6,1111426,158805
OK,51,64,910,51,2014-02-20T16:45:00,7,1111875,158805
OK,52,63,910,52,2014-02-20T16:50:00,5,1112324,158805
OK,52,63,910,52,2014-02-20T16:55:00,5,1112773,158805
OK,52,63,910,52,2014-02-20T17:00:00,6,1113222,158805
OK,52,63,910,52,2014-02-20T17:05:00,3,1113671,158805
OK,48,69,910,48,2014-02-20T17:10:00,4,1114120,158805
OK,51,64,910,51,2014-02-20T17:15:00,7,1114569,158805
OK,49,67,910,49,2014-02-20T17:20:00,4,1115018,158805
OK,62,53,910,62,2014-02-20T17:25:00,2,1115467,158805
OK,55,60,910,55,2014-02-20T17:30:00,7,1115916,158805
OK,53,62,910,53,2014-02-20T17:35:00,6,1116365,158805
OK,32,103,910,32,2014-02-20T17:40:00,2,1116814,158805
OK,54,61,910,54,2014-02-20T17:45:00,4,1117263,158805
OK,60,55,910,60,2014-02-20T17:50:00,4,1117712,158805
OK,85,38,910,85,2014-02-20T17:55:00,1,1118161,158805
OK,46,72,910,46,2014-02-20T18:00:00,3,1118610,158805
OK,54,61,910,54,2014-02-20T18:05:00,4,1119059,158805
OK,50,66,910,50,2014-02-20T18:10:00,2,1119508,158805
OK,54,61,910,54,2014-02-20T18:15:00,1,1119957,158805
OK,58,57,910,58,2014-02-20T18:20:00,2,1120406,158805
OK,56,59,910,56,2014-02-20T18:25:00,4,1120855,158805
OK,49,67,910,49,2014-02-20T18:30:00,6,1121304,158805
OK,52,63,910,52,2014-02-20T18:35:00,4,1121753,158805
OK,46,72,910,46,2014-02-20T18:40:00,5,1122202,158805
OK,48,69,910,48,2014-02-20T18:45:00,5,1122651,158805
OK,49,67,910,49,2014-02-20T18:50:00,1,1123100,158805
OK,49,67,910,49,2014-02-20T18:55:00,1,1123549,158805
OK,45,73,910,45,2014-02-20T19:00:00,2,1123998,158805
OK,43,77,910,43,2014-02-20T19:05:00,4,1124447,158805
OK,47,70,910,47,2014-02-20T19:10:00,3,1124896,158805
OK,56,59,910,56,2014-02-20T19:15:00,6,1125345,158805
OK,51,64,910,51,2014-02-20T19:20:00,4,1125794,158805
OK,37,89,910,37,2014-02-20T19:25:00,1,1126243,158805
OK,37,89,910,37,2014-02-20T19:30:00,3,1126692,158805
OK,46,72,910,46,2014-02-20T19:35:00,3,1127141,158805
OK,44,75,910,44,2014-02-20T19:40:00,1,1127590,158805
OK,60,55,910,60,2014-02-20T19:45:00,1,1128039,158805
OK,51,64,910,51,2014-02-20T19:50:00,2,1128488,158805
OK,51,64,910,51,2014-02-20T19:55:00,2,1128937,158805
OK,47,70,910,47,2014-02-20T20:00:00,1,1129386,158805
OK,43,77,910,43,2014-02-20T20:05:00,1,1129835,158805
OK,43,77,910,43,2014-02-20T20:10:00,1,1130284,158805
OK,51,64,910,51,2014-02-20T20:15:00,3,1130733,158805
OK,51,64,910,51,2014-02-20T20:20:00,3,1131182,158805
OK,47,70,910,47,2014-02-20T20:25:00,2,1131631,158805
OK,45,73,910,45,2014-02-20T20:30:00,2,1132080,158805
OK,43,77,910,43,2014-02-20T20:35:00,2,1132529,158805
OK,38,87,910,38,2014-02-20T20:40:00,1,1132978,158805
OK,56,59,910,56,2014-02-20T20:45:00,3,1133427,158805
OK,55,60,910,55,2014-02-20T20:50:00,2,1133876,158805
OK,48,69,910,48,2014-02-20T20:55:00,1,1134325,158805
OK,48,69,910,48,2014-02-20T21:10:00,3,1135382,158805
OK,52,63,910,52,2014-02-20T21:25:00,1,1136628,158805
OK,34,97,910,34,2014-02-20T22:25:00,1,1141562,158805
OK,58,57,910,58,2014-02-20T22:35:00,1,1142460,158805
OK,58,57,910,58,2014-02-20T23:00:00,0,1144491,158805
OK,58,57,910,58,2014-02-20T23:05:00,0,1144896,158805
OK,58,57,910,58,2014-02-20T23:10:00,0,1145345,158805
OK,44,75,910,44,2014-02-20T23:15:00,1,1145794,158805
OK,44,75,910,44,2014-02-20T23:20:00,1,1146243,158805
OK,44,75,910,44,2014-02-20T23:25:00,0,1146692,158805
OK,40,82,910,40,2014-02-20T23:40:00,2,1147887,158805
OK,40,82,910,40,2014-02-20T23:45:00,2,1148279,158805
OK,37,89,910,37,2014-02-21T00:00:00,0,1149430,158805
OK,37,89,910,37,2014-02-21T00:30:00,0,1151651,158805
OK,37,89,910,37,2014-02-21T00:35:00,0,1152049,158805
OK,31,106,910,31,2014-02-21T01:00:00,0,1153950,158805
OK,31,106,910,31,2014-02-21T01:05:00,0,1154399,158805
OK,31,106,910,31,2014-02-21T01:15:00,0,1155297,158805
OK,31,106,910,31,2014-02-21T01:20:00,0,1155746,158805
OK,31,106,910,31,2014-02-21T01:25:00,0,1156195,158805
OK,31,106,910,31,2014-02-21T01:30:00,0,1156644,158805
OK,31,106,910,31,2014-02-21T01:35:00,0,1157093,158805
OK,31,106,910,31,2014-02-21T01:40:00,0,1157542,158805
OK,31,106,910,31,2014-02-21T01:45:00,0,1157991,158805
OK,31,106,910,31,2014-02-21T01:50:00,0,1158440,158805
OK,31,106,910,31,2014-02-21T01:55:00,0,1158889,158805
OK,31,106,910,31,2014-02-21T02:00:00,0,1159338,158805
OK,31,106,910,31,2014-02-21T02:05:00,0,1159787,158805
OK,31,106,910,31,2014-02-21T02:10:00,0,1160236,158805
OK,31,106,910,31,2014-02-21T02:15:00,0,1160685,158805
OK,31,106,910,31,2014-02-21T02:20:00,0,1161134,158805
OK,31,106,910,31,2014-02-21T02:25:00,0,1161583,158805
OK,31,106,910,31,2014-02-21T02:30:00,0,1162032,158805
OK,31,106,910,31,2014-02-21T02:35:00,0,1162481,158805
OK,31,106,910,31,2014-02-21T02:40:00,0,1162930,158805
OK,31,106,910,31,2014-02-21T02:45:00,0,1163379,158805
OK,31,106,910,31,2014-02-21T02:50:00,0,1163828,158805
OK,31,106,910,31,2014-02-21T02:55:00,0,1164277,158805
OK,31,106,910,31,2014-02-21T03:00:00,0,1164726,158805
OK,31,106,910,31,2014-02-21T03:05:00,0,1165175,158805
OK,44,75,910,44,2014-02-21T03:10:00,1,1165624,158805
OK,44,75,910,44,2014-02-21T03:15:00,0,1166073,158805
OK,44,75,910,44,2014-02-21T03:20:00,0,1166522,158805
OK,44,75,910,44,2014-02-21T03:25:00,0,1166971,158805
OK,44,75,910,44,2014-02-21T03:30:00,0,1167420,158805
OK,44,75,910,44,2014-02-21T03:35:00,0,1167869,158805
OK,58,57,910,58,2014-02-21T03:40:00,1,1168318,158805
OK,58,57,910,58,2014-02-21T03:45:00,1,1168767,158805
OK,58,57,910,58,2014-02-21T03:50:00,0,1169216,158805
OK,56,59,910,56,2014-02-21T03:55:00,1,1169665,158805
OK,56,59,910,56,2014-02-21T04:00:00,0,1170114,158805
OK,56,59,910,56,2014-02-21T04:05:00,0,1170563,158805
OK,56,59,910,56,2014-02-21T04:10:00,0,1171012,158805
OK,56,59,910,56,2014-02-21T04:15:00,0,1171461,158805
OK,56,59,910,56,2014-02-21T04:20:00,0,1171910,158805
OK,56,59,910,56,2014-02-21T04:25:00,0,1172359,158805
OK,52,63,910,52,2014-02-21T04:30:00,1,1172808,158805
OK,49,67,910,49,2014-02-21T04:35:00,2,1173257,158805
OK,50,66,910,50,2014-02-21T04:40:00,1,1173706,158805
OK,51,64,910,51,2014-02-21T04:45:00,4,1174155,158805
OK,52,63,910,52,2014-02-21T04:50:00,3,1174604,158805
OK,50,66,910,50,2014-02-21T04:55:00,0,1175053,158805
OK,51,64,910,51,2014-02-21T05:00:00,3,1175502,158805
OK,51,64,910,51,2014-02-21T05:05:00,3,1175951,158805
OK,51,64,910,51,2014-02-21T05:10:00,0,1176400,158805
OK,51,64,910,51,2014-02-21T05:15:00,0,1176849,158805
OK,51,64,910,51,2014-02-21T05:20:00,0,1177298,158805
OK,51,64,910,51,2014-02-21T05:25:00,0,1177747,158805
OK,44,75,910,44,2014-02-21T05:30:00,2,1178196,158805
OK,56,59,910,56,2014-02-21T05:35:00,4,1178645,158805
OK,67,49,910,67,2014-02-21T05:40:00,3,1179094,158805
OK,51,64,910,51,2014-02-21T05:45:00,6,1179543,158805
OK,55,60,910,55,2014-02-21T05:50:00,5,1179992,158805
OK,50,66,910,50,2014-02-21T05:55:00,6,1180441,158805
OK,45,73,910,45,2014-02-21T06:00:00,5,1180890,158805
OK,55,60,910,55,2014-02-21T06:05:00,2,1181339,158805
OK,59,56,910,59,2014-02-21T06:10:00,1,1181788,158805
OK,56,59,910,56,2014-02-21T06:15:00,4,1182237,158805
OK,56,59,910,56,2014-02-21T06:20:00,7,1182686,158805
OK,56,59,910,56,2014-02-21T06:25:00,4,1183135,158805
OK,53,62,910,53,2014-02-21T06:30:00,3,1183584,158805
OK,56,59,910,56,2014-02-21T06:35:00,10,1184033,158805
OK,55,60,910,55,2014-02-21T06:40:00,9,1184482,158805
OK,46,72,910,46,2014-02-21T06:45:00,4,1184931,158805
OK,59,56,910,59,2014-02-21T06:50:00,6,1185380,158805
OK,64,51,910,64,2014-02-21T06:55:00,5,1185829,158805
OK,64,51,910,64,2014-02-21T07:00:00,5,1186278,158805
OK,52,63,910,52,2014-02-21T07:05:00,7,1186727,158805
OK,53,62,910,53,2014-02-21T07:15:00,7,1187230,158805
OK,46,72,910,46,2014-02-21T07:20:00,2,1187679,158805
OK,49,67,910,49,2014-02-21T07:25:00,2,1188128,158805
OK,50,66,910,50,2014-02-21T07:30:00,4,1188577,158805
OK,52,63,910,52,2014-02-21T07:35:00,4,1189026,158805
OK,50,66,910,50,2014-02-21T07:40:00,5,1189475,158805
OK,50,66,910,50,2014-02-21T07:45:00,6,1189924,158805
OK,54,61,910,54,2014-02-21T07:50:00,5,1190373,158805
OK,49,67,910,49,2014-02-21T07:55:00,6,1190822,158805
OK,49,67,910,49,2014-02-21T08:00:00,4,1191271,158805
OK,120,27,910,120,2014-02-21T08:05:00,0,1191720,158805
OK,52,63,910,52,2014-02-21T08:10:00,6,1192169,158805
OK,52,63,910,52,2014-02-21T08:15:00,4,1192618,158805
OK,48,69,910,48,2014-02-21T08:20:00,3,1193067,158805
OK,41,80,910,41,2014-02-21T08:25:00,3,1193516,158805
OK,53,62,910,53,2014-02-21T08:30:00,10,1193965,158805
OK,49,67,910,49,2014-02-21T08:35:00,14,1194414,158805
OK,59,56,910,59,2014-02-21T08:40:00,6,1194863,158805
OK,54,61,910,54,2014-02-21T08:45:00,4,1195312,158805
OK,53,62,910,53,2014-02-21T08:50:00,1,1195761,158805
OK,59,56,910,59,2014-02-21T08:55:00,7,1196210,158805
OK,59,56,910,59,2014-02-21T09:00:00,12,1196659,158805
OK,65,50,910,65,2014-02-21T09:05:00,9,1197108,158805
OK,74,44,910,74,2014-02-21T09:10:00,3,1197557,158805
OK,44,75,910,44,2014-02-21T09:15:00,2,1198006,158805
OK,54,61,910,54,2014-02-21T09:20:00,4,1198455,158805
OK,54,61,910,54,2014-02-21T09:25:00,7,1198904,158805
OK,77,43,910,77,2014-02-21T09:30:00,5,1199353,158805
OK,83,39,910,83,2014-02-21T09:35:00,3,1199802,158805
OK,63,52,910,63,2014-02-21T09:40:00,4,1200251,158805
OK,60,55,910,60,2014-02-21T09:45:00,7,1200700,158805
OK,49,67,910,49,2014-02-21T09:50:00,7,1201149,158805
OK,69,48,910,69,2014-02-21T09:55:00,6,1201598,158805
OK,70,47,910,70,2014-02-21T10:00:00,8,1202047,158805
OK,60,55,910,60,2014-02-21T10:05:00,8,1202496,158805
OK,55,60,910,55,2014-02-21T10:10:00,8,1202945,158805
OK,63,52,910,63,2014-02-21T10:15:00,7,1203394,158805
OK,55,60,910,55,2014-02-21T10:20:00,12,1203843,158805
OK,55,60,910,55,2014-02-21T10:25:00,16,1204292,158805
OK,54,61,910,54,2014-02-21T10:30:00,9,1204741,158805
OK,54,61,910,54,2014-02-21T10:35:00,5,1205190,158805
OK,77,43,910,77,2014-02-21T10:40:00,7,1205639,158805
OK,67,49,910,67,2014-02-21T10:45:00,8,1206088,158805
OK,53,62,910,53,2014-02-21T10:50:00,12,1206537,158805
OK,50,66,910,50,2014-02-21T10:55:00,8,1206986,158805
OK,56,59,910,56,2014-02-21T11:00:00,6,1207435,158805
OK,63,52,910,63,2014-02-21T11:05:00,13,1207884,158805
OK,60,55,910,60,2014-02-21T11:10:00,16,1208333,158805
OK,54,61,910,54,2014-02-21T11:15:00,11,1208782,158805
OK,69,48,910,69,2014-02-21T11:20:00,13,1209231,158805
OK,62,53,910,62,2014-02-21T11:25:00,15,1209680,158805
OK,56,59,910,56,2014-02-21T11:30:00,13,1210129,158805
OK,63,52,910,63,2014-02-21T11:35:00,8,1210578,158805
OK,64,51,910,64,2014-02-21T11:40:00,10,1211027,158805
OK,68,48,910,68,2014-02-21T11:45:00,10,1211476,158805
OK,63,52,910,63,2014-02-21T11:50:00,9,1211925,158805
OK,60,55,910,60,2014-02-21T11:55:00,15,1212374,158805
OK,54,61,910,54,2014-02-21T12:00:00,11,1212823,158805
OK,54,61,910,54,2014-02-21T12:05:00,7,1213272,158805
OK,57,58,910,57,2014-02-21T12:10:00,12,1213721,158805
OK,56,59,910,56,2014-02-21T12:15:00,12,1214170,158805
OK,56,59,910,56,2014-02-21T12:20:00,12,1214619,158805
OK,55,60,910,55,2014-02-21T12:25:00,12,1215068,158805
OK,54,61,910,54,2014-02-21T12:30:00,14,1215517,158805
OK,66,50,910,66,2014-02-21T12:35:00,14,1215966,158805
OK,55,60,910,55,2014-02-21T12:40:00,11,1216415,158805
OK,52,63,910,52,2014-02-21T12:45:00,14,1216864,158805
OK,57,58,910,57,2014-02-21T12:50:00,12,1217313,158805
OK,57,58,910,57,2014-02-21T12:55:00,8,1217762,158805
OK,58,57,910,58,2014-02-21T13:00:00,14,1218211,158805
OK,58,57,910,58,2014-02-21T13:05:00,23,1218660,158805
OK,66,50,910,66,2014-02-21T13:10:00,13,1219109,158805
OK,55,60,910,55,2014-02-21T13:15:00,9,1219558,158805
OK,54,61,910,54,2014-02-21T13:20:00,12,1220007,158805
OK,70,47,910,70,2014-02-21T13:25:00,6,1220456,158805
OK,74,44,910,74,2014-02-21T13:30:00,0,1220905,158805
OK,54,61,910,54,2014-02-21T13:35:00,13,1221354,158805
OK,63,52,910,63,2014-02-21T13:40:00,16,1221803,158805
OK,71,46,910,71,2014-02-21T13:45:00,13,1222252,158805
OK,71,46,910,71,2014-02-21T13:50:00,12,1222701,158805
OK,68,48,910,68,2014-02-21T13:55:00,12,1223150,158805
OK,52,63,910,52,2014-02-21T14:00:00,13,1223599,158805
OK,56,59,910,56,2014-02-21T14:05:00,16,1224048,158805
OK,50,66,910,50,2014-02-21T14:10:00,13,1224497,158805
OK,56,59,910,56,2014-02-21T14:15:00,13,1224946,158805
OK,66,50,910,66,2014-02-21T14:20:00,18,1225395,158805
OK,62,53,910,62,2014-02-21T14:25:00,16,1225844,158805
OK,56,59,910,56,2014-02-21T14:30:00,13,1226293,158805
OK,65,50,910,65,2014-02-21T14:35:00,13,1226742,158805
OK,56,59,910,56,2014-02-21T14:40:00,11,1227191,158805
OK,58,57,910,58,2014-02-21T14:45:00,15,1227640,158805
OK,66,50,910,66,2014-02-21T14:50:00,17,1228089,158805
OK,67,49,910,67,2014-02-21T14:55:00,13,1228538,158805
OK,73,45,910,73,2014-02-21T15:00:00,13,1228987,158805
OK,70,47,910,70,2014-02-21T15:05:00,10,1229436,158805
OK,56,59,910,56,2014-02-21T15:10:00,10,1229885,158805
OK,51,64,910,51,2014-02-21T15:15:00,8,1230334,158805
OK,69,48,910,69,2014-02-21T15:20:00,10,1230783,158805
OK,67,49,910,67,2014-02-21T15:25:00,7,1231232,158805
OK,68,48,910,68,2014-02-21T15:30:00,11,1231681,158805
OK,54,61,910,54,2014-02-21T15:35:00,7,1232130,158805
OK,49,67,910,49,2014-02-21T15:40:00,6,1232579,158805
OK,51,64,910,51,2014-02-21T15:45:00,9,1233028,158805
OK,56,59,910,56,2014-02-21T15:50:00,8,1233477,158805
OK,55,60,910,55,2014-02-21T15:55:00,6,1233926,158805
OK,59,56,910,59,2014-02-21T16:00:00,5,1234375,158805
OK,56,59,910,56,2014-02-21T16:05:00,9,1234824,158805
OK,55,60,910,55,2014-02-21T16:10:00,7,1235273,158805
OK,54,61,910,54,2014-02-21T16:15:00,10,1235722,158805
OK,51,64,910,51,2014-02-21T16:20:00,9,1236171,158805
OK,63,52,910,63,2014-02-21T16:25:00,6,1236620,158805
OK,60,55,910,60,2014-02-21T16:30:00,8,1237069,158805
OK,52,63,910,52,2014-02-21T16:35:00,5,1237518,158805
OK,52,63,910,52,2014-02-21T16:40:00,2,1237967,158805
OK,45,73,910,45,2014-02-21T16:45:00,4,1238416,158805
OK,49,67,910,49,2014-02-21T16:50:00,5,1238865,158805
OK,67,49,910,67,2014-02-21T16:55:00,5,1239314,158805
OK,68,48,910,68,2014-02-21T17:00:00,4,1239763,158805
OK,55,60,910,55,2014-02-21T17:05:00,5,1240212,158805
OK,51,64,910,51,2014-02-21T17:10:00,7,1240661,158805
OK,42,78,910,42,2014-02-21T17:15:00,3,1241110,158805
OK,50,66,910,50,2014-02-21T17:20:00,2,1241559,158805
OK,50,66,910,50,2014-02-21T17:25:00,3,1242008,158805
OK,53,62,910,53,2014-02-21T17:30:00,3,1242457,158805
OK,43,77,910,43,2014-02-21T17:35:00,3,1242906,158805
OK,42,78,910,42,2014-02-21T17:40:00,0,1243355,158805
OK,46,72,910,46,2014-02-21T17:45:00,1,1243804,158805
OK,57,58,910,57,2014-02-21T17:50:00,5,1244253,158805
OK,57,58,910,57,2014-02-21T17:55:00,5,1244702,158805
OK,61,54,910,61,2014-02-21T18:00:00,6,1245151,158805
OK,57,58,910,57,2014-02-21T18:05:00,6,1245600,158805
OK,51,64,910,51,2014-02-21T18:10:00,7,1246049,158805
OK,39,84,910,39,2014-02-21T18:15:00,7,1246498,158805
OK,57,58,910,57,2014-02-21T18:20:00,5,1246947,158805
OK,59,56,910,59,2014-02-21T18:25:00,6,1247396,158805
OK,58,57,910,58,2014-02-21T18:30:00,3,1247845,158805
OK,30,110,910,30,2014-02-21T18:35:00,1,1248294,158805
OK,36,92,910,36,2014-02-21T18:40:00,2,1248743,158805
OK,52,63,910,52,2014-02-21T18:45:00,3,1249192,158805
OK,56,59,910,56,2014-02-21T18:50:00,6,1249641,158805
OK,61,54,910,61,2014-02-21T18:55:00,5,1250090,158805
OK,88,37,910,88,2014-02-21T19:00:00,0,1250539,158805
OK,38,87,910,38,2014-02-21T19:05:00,2,1250988,158805
OK,46,72,910,46,2014-02-21T19:10:00,4,1251437,158805
OK,47,70,910,47,2014-02-21T19:15:00,2,1251886,158805
OK,60,55,910,60,2014-02-21T19:20:00,3,1252335,158805
OK,67,49,910,67,2014-02-21T19:25:00,2,1252784,158805
OK,60,55,910,60,2014-02-21T19:30:00,0,1253233,158805
OK,60,55,910,60,2014-02-21T19:35:00,0,1253682,158805
OK,60,55,910,60,2014-02-21T19:40:00,0,1254131,158805
OK,60,55,910,60,2014-02-21T19:45:00,0,1254580,158805
OK,46,72,910,46,2014-02-21T19:50:00,2,1255029,158805
OK,46,72,910,46,2014-02-21T19:55:00,2,1255478,158805
OK,46,72,910,46,2014-02-21T20:00:00,0,1255927,158805
OK,46,72,910,46,2014-02-21T20:05:00,0,1256376,158805
OK,56,59,910,56,2014-02-21T20:10:00,1,1256825,158805
OK,47,70,910,47,2014-02-21T20:15:00,5,1257273,158805
OK,47,70,910,47,2014-02-21T20:20:00,5,1257722,158805
OK,49,67,910,49,2014-02-21T20:25:00,3,1258171,158805
OK,47,70,910,47,2014-02-21T20:30:00,2,1258620,158805
OK,56,59,910,56,2014-02-21T20:35:00,0,1259069,158805
OK,49,67,910,49,2014-02-21T20:40:00,1,1259518,158805
OK,49,67,910,49,2014-02-21T20:45:00,0,1259967,158805
OK,42,78,910,42,2014-02-21T20:50:00,1,1260416,158805
OK,49,67,910,49,2014-02-21T20:55:00,3,1260865,158805
OK,63,52,910,63,2014-02-21T21:05:00,2,1261696,158805
OK,74,44,910,74,2014-02-21T21:50:00,3,1265397,158805
OK,75,44,910,75,2014-02-21T22:00:00,0,1266295,158805
OK,47,70,910,47,2014-02-21T22:35:00,1,1269037,158805
OK,47,70,910,47,2014-02-21T22:40:00,1,1269486,158805
OK,47,70,910,47,2014-02-21T23:00:00,0,1271069,158805
OK,47,70,910,47,2014-02-21T23:05:00,1,1271518,158805
OK,47,70,910,47,2014-02-21T23:10:00,1,1271967,158805
OK,36,92,910,36,2014-02-21T23:15:00,2,1272387,158805
OK,36,92,910,36,2014-02-21T23:20:00,2,1272836,158805
OK,40,82,910,40,2014-02-21T23:25:00,0,1273285,158805
OK,40,82,910,40,2014-02-21T23:30:00,0,1273734,158805
OK,41,80,910,41,2014-02-22T01:00:00,0,1280398,158805
OK,41,80,910,41,2014-02-22T01:05:00,0,1280847,158805
OK,41,80,910,41,2014-02-22T01:15:00,0,1281745,158805
OK,47,70,910,47,2014-02-22T01:20:00,1,1282194,158805
OK,47,70,910,47,2014-02-22T01:25:00,1,1282643,158805
OK,47,70,910,47,2014-02-22T01:30:00,0,1283092,158805
OK,47,70,910,47,2014-02-22T01:35:00,0,1283541,158805
OK,47,70,910,47,2014-02-22T01:40:00,0,1283990,158805
OK,45,73,910,45,2014-02-22T01:45:00,1,1284439,158805
OK,45,73,910,45,2014-02-22T01:50:00,1,1284888,158805
OK,45,73,910,45,2014-02-22T01:55:00,0,1285337,158805
OK,45,73,910,45,2014-02-22T02:00:00,0,1285786,158805
OK,45,73,910,45,2014-02-22T02:05:00,0,1286235,158805
OK,45,73,910,45,2014-02-22T02:10:00,0,1286684,158805
OK,45,73,910,45,2014-02-22T02:15:00,0,1287133,158805
OK,45,73,910,45,2014-02-22T02:20:00,0,1287582,158805
OK,45,73,910,45,2014-02-22T02:25:00,0,1288031,158805
OK,45,73,910,45,2014-02-22T02:30:00,0,1288480,158805
OK,45,73,910,45,2014-02-22T02:35:00,0,1288928,158805
OK,45,73,910,45,2014-02-22T02:40:00,0,1289377,158805
OK,45,73,910,45,2014-02-22T02:45:00,0,1289826,158805
OK,45,73,910,45,2014-02-22T02:50:00,0,1290275,158805
OK,45,73,910,45,2014-02-22T02:55:00,0,1290724,158805
OK,45,73,910,45,2014-02-22T03:00:00,0,1291173,158805
OK,45,73,910,45,2014-02-22T03:05:00,0,1291622,158805
OK,45,73,910,45,2014-02-22T03:10:00,0,1292071,158805
OK,45,73,910,45,2014-02-22T03:15:00,0,1292520,158805
OK,63,52,910,63,2014-02-22T03:20:00,1,1292969,158805
OK,63,52,910,63,2014-02-22T03:25:00,1,1293418,158805
OK,45,73,910,45,2014-02-22T03:30:00,0,1293867,158805
OK,45,73,910,45,2014-02-22T03:35:00,0,1294316,158805
OK,45,73,910,45,2014-02-22T03:40:00,0,1294765,158805
OK,45,73,910,45,2014-02-22T03:45:00,0,1295214,158805
OK,45,73,910,45,2014-02-22T03:50:00,0,1295663,158805
OK,45,73,910,45,2014-02-22T03:55:00,0,1296112,158805
OK,45,73,910,45,2014-02-22T04:00:00,0,1296561,158805
OK,45,73,910,45,2014-02-22T04:05:00,0,1297010,158805
OK,45,73,910,45,2014-02-22T04:10:00,0,1297459,158805
OK,45,73,910,45,2014-02-22T04:15:00,0,1297908,158805
OK,45,73,910,45,2014-02-22T04:20:00,0,1298357,158805
OK,45,73,910,45,2014-02-22T04:25:00,0,1298806,158805
OK,45,73,910,45,2014-02-22T04:30:00,0,1299255,158805
OK,45,73,910,45,2014-02-22T04:35:00,0,1299704,158805
OK,45,73,910,45,2014-02-22T04:40:00,0,1300153,158805
OK,45,73,910,45,2014-02-22T04:45:00,0,1300602,158805
OK,45,73,910,45,2014-02-22T04:50:00,0,1301051,158805
OK,45,73,910,45,2014-02-22T04:55:00,0,1301500,158805
OK,45,73,910,45,2014-02-22T05:00:00,0,1301949,158805
OK,45,73,910,45,2014-02-22T05:05:00,0,1302338,158805
OK,45,73,910,45,2014-02-22T05:15:00,0,1303196,158805
OK,45,73,910,45,2014-02-22T05:20:00,0,1303645,158805
OK,45,73,910,45,2014-02-22T05:25:00,0,1304094,158805
OK,45,73,910,45,2014-02-22T05:30:00,0,1304481,158805
OK,45,73,910,45,2014-02-22T05:35:00,0,1304880,158805
OK,45,73,910,45,2014-02-22T05:40:00,0,1305329,158805
OK,66,50,910,66,2014-02-22T05:50:00,1,1306225,158805
OK,66,50,910,66,2014-02-22T05:55:00,1,1306674,158805
OK,55,60,910,55,2014-02-22T06:10:00,1,1308021,158805
OK,63,52,910,63,2014-02-22T06:15:00,1,1308470,158805
OK,63,52,910,63,2014-02-22T06:20:00,0,1308919,158805
OK,58,57,910,58,2014-02-22T06:30:00,1,1309750,158805
OK,58,57,910,58,2014-02-22T06:45:00,0,1311008,158805
OK,48,69,910,48,2014-02-22T06:50:00,1,1311457,158805
OK,48,69,910,48,2014-02-22T07:00:00,0,1312355,158805
OK,48,69,910,48,2014-02-22T07:05:00,0,1312804,158805
OK,48,69,910,48,2014-02-22T07:10:00,0,1313253,158805
OK,59,56,910,59,2014-02-22T07:15:00,1,1313702,158805
OK,59,56,910,59,2014-02-22T07:20:00,0,1314151,158805
OK,59,56,910,59,2014-02-22T07:25:00,0,1314600,158805
OK,59,56,910,59,2014-02-22T07:30:00,0,1315049,158805
OK,59,56,910,59,2014-02-22T07:35:00,0,1315498,158805
OK,59,56,910,59,2014-02-22T07:40:00,0,1315947,158805
OK,59,56,910,59,2014-02-22T07:45:00,0,1316396,158805
OK,56,59,910,56,2014-02-22T07:50:00,3,1316845,158805
OK,57,58,910,57,2014-02-22T07:55:00,4,1317294,158805
OK,58,57,910,58,2014-02-22T08:00:00,5,1317743,158805
OK,45,73,910,45,2014-02-22T08:05:00,3,1318192,158805
OK,45,73,910,45,2014-02-22T08:10:00,1,1318641,158805
OK,45,73,910,45,2014-02-22T08:15:00,0,1319090,158805
OK,45,73,910,45,2014-02-22T08:20:00,0,1319539,158805
OK,45,73,910,45,2014-02-22T08:25:00,0,1319988,158805
OK,34,97,910,34,2014-02-22T08:30:00,1,1320437,158805
OK,34,97,910,34,2014-02-22T08:35:00,1,1320886,158805
OK,34,97,910,34,2014-02-22T08:40:00,0,1321335,158805
OK,70,47,910,70,2014-02-22T08:45:00,2,1321784,158805
OK,59,56,910,59,2014-02-22T08:50:00,4,1322233,158805
OK,53,62,910,53,2014-02-22T08:55:00,7,1322682,158805
OK,51,64,910,51,2014-02-22T09:00:00,7,1323131,158805
OK,46,72,910,46,2014-02-22T09:05:00,7,1323580,158805
OK,51,64,910,51,2014-02-22T09:10:00,6,1324029,158805
OK,49,67,910,49,2014-02-22T09:15:00,4,1324478,158805
OK,48,69,910,48,2014-02-22T09:20:00,6,1324927,158805
OK,48,69,910,48,2014-02-22T09:25:00,5,1325376,158805
OK,53,62,910,53,2014-02-22T09:30:00,7,1325825,158805
OK,56,59,910,56,2014-02-22T09:35:00,6,1326274,158805
OK,61,54,910,61,2014-02-22T09:40:00,4,1326723,158805
OK,55,60,910,55,2014-02-22T09:45:00,2,1327172,158805
OK,54,61,910,54,2014-02-22T09:50:00,4,1327621,158805
OK,46,72,910,46,2014-02-22T09:55:00,4,1328070,158805
OK,44,75,910,44,2014-02-22T10:00:00,3,1328519,158805
OK,44,75,910,44,2014-02-22T10:05:00,3,1328968,158805
OK,43,77,910,43,2014-02-22T10:10:00,6,1329417,158805
OK,47,70,910,47,2014-02-22T10:15:00,7,1329866,158805
OK,53,62,910,53,2014-02-22T10:20:00,4,1330315,158805
OK,54,61,910,54,2014-02-22T10:25:00,3,1330764,158805
OK,59,56,910,59,2014-02-22T10:30:00,1,1331213,158805
OK,59,56,910,59,2014-02-22T10:35:00,3,1331662,158805
OK,52,63,910,52,2014-02-22T10:40:00,4,1332111,158805
OK,50,66,910,50,2014-02-22T10:45:00,3,1332560,158805
OK,57,58,910,57,2014-02-22T10:50:00,2,1333009,158805
OK,50,66,910,50,2014-02-22T10:55:00,3,1333458,158805
OK,41,80,910,41,2014-02-22T11:00:00,2,1333907,158805
OK,51,64,910,51,2014-02-22T11:05:00,5,1334356,158805
OK,51,64,910,51,2014-02-22T11:10:00,5,1334805,158805
OK,61,54,910,61,2014-02-22T11:15:00,3,1335254,158805
OK,52,63,910,52,2014-02-22T11:20:00,5,1335703,158805
OK,73,45,910,73,2014-02-22T11:25:00,3,1336152,158805
OK,56,59,910,56,2014-02-22T11:30:00,8,1336601,158805
OK,54,61,910,54,2014-02-22T11:35:00,7,1337050,158805
OK,49,67,910,49,2014-02-22T11:40:00,1,1337499,158805
OK,61,54,910,61,2014-02-22T11:45:00,3,1337948,158805
OK,53,62,910,53,2014-02-22T11:50:00,5,1338397,158805
OK,53,62,910,53,2014-02-22T11:55:00,3,1338846,158805
OK,55,60,910,55,2014-02-22T12:00:00,6,1339295,158805
OK,52,63,910,52,2014-02-22T12:05:00,5,1339744,158805
OK,50,66,910,50,2014-02-22T12:10:00,3,1340193,158805
OK,45,73,910,45,2014-02-22T12:15:00,3,1340642,158805
OK,49,67,910,49,2014-02-22T12:20:00,6,1341091,158805
OK,50,66,910,50,2014-02-22T12:25:00,6,1341540,158805
OK,50,66,910,50,2014-02-22T12:30:00,4,1341989,158805
OK,51,64,910,51,2014-02-22T12:35:00,1,1342438,158805
OK,53,62,910,53,2014-02-22T12:40:00,1,1342887,158805
OK,53,62,910,53,2014-02-22T12:45:00,1,1343336,158805
OK,52,63,910,52,2014-02-22T12:50:00,1,1343785,158805
OK,50,66,910,50,2014-02-22T12:55:00,3,1344234,158805
OK,50,66,910,50,2014-02-22T13:00:00,5,1344683,158805
OK,69,48,910,69,2014-02-22T13:05:00,5,1345132,158805
OK,72,46,910,72,2014-02-22T13:10:00,3,1345581,158805
OK,48,69,910,48,2014-02-22T13:15:00,2,1346030,158805
OK,42,78,910,42,2014-02-22T13:20:00,2,1346479,158805
OK,46,72,910,46,2014-02-22T13:25:00,1,1346928,158805
OK,46,72,910,46,2014-02-22T13:30:00,9,1347377,158805
OK,50,66,910,50,2014-02-22T13:35:00,7,1347826,158805
OK,56,59,910,56,2014-02-22T13:40:00,4,1348275,158805
OK,53,62,910,53,2014-02-22T13:45:00,4,1348724,158805
OK,50,66,910,50,2014-02-22T13:50:00,3,1349173,158805
OK,69,48,910,69,2014-02-22T13:55:00,6,1349622,158805
OK,72,46,910,72,2014-02-22T14:00:00,4,1350071,158805
OK,46,72,910,46,2014-02-22T14:05:00,3,1350520,158805
OK,46,72,910,46,2014-02-22T14:10:00,4,1350969,158805
OK,62,53,910,62,2014-02-22T14:15:00,3,1351418,158805
OK,51,64,910,51,2014-02-22T14:20:00,6,1351867,158805
OK,52,63,910,52,2014-02-22T14:25:00,6,1352316,158805
OK,61,54,910,61,2014-02-22T14:30:00,2,1352765,158805
OK,67,49,910,67,2014-02-22T14:35:00,0,1353214,158805
OK,65,50,910,65,2014-02-22T14:40:00,2,1353663,158805
OK,55,60,910,55,2014-02-22T14:45:00,7,1354112,158805
OK,60,55,910,60,2014-02-22T14:50:00,9,1354561,158805
OK,61,54,910,61,2014-02-22T14:55:00,4,1355010,158805
OK,51,64,910,51,2014-02-22T15:00:00,2,1355459,158805
OK,47,70,910,47,2014-02-22T15:05:00,3,1355908,158805
OK,50,66,910,50,2014-02-22T15:10:00,4,1356357,158805
OK,53,62,910,53,2014-02-22T15:15:00,4,1356806,158805
OK,54,61,910,54,2014-02-22T15:20:00,6,1357255,158805
OK,53,62,910,53,2014-02-22T15:25:00,3,1357704,158805
OK,55,60,910,55,2014-02-22T15:30:00,2,1358153,158805
OK,50,66,910,50,2014-02-22T15:35:00,4,1358602,158805
OK,58,57,910,58,2014-02-22T15:40:00,5,1359051,158805
OK,57,58,910,57,2014-02-22T15:45:00,6,1359500,158805
OK,56,59,910,56,2014-02-22T15:50:00,5,1359949,158805
OK,54,61,910,54,2014-02-22T15:55:00,5,1360398,158805
OK,50,66,910,50,2014-02-22T16:00:00,5,1360847,158805
OK,54,61,910,54,2014-02-22T16:05:00,5,1361296,158805
OK,54,61,910,54,2014-02-22T16:10:00,6,1361745,158805
OK,46,72,910,46,2014-02-22T16:15:00,4,1362194,158805
OK,47,70,910,47,2014-02-22T16:20:00,3,1362643,158805
OK,52,63,910,52,2014-02-22T16:25:00,7,1363092,158805
OK,59,56,910,59,2014-02-22T16:30:00,8,1363541,158805
OK,71,46,910,71,2014-02-22T16:35:00,6,1363990,158805
OK,71,46,910,71,2014-02-22T16:40:00,4,1364439,158805
OK,41,80,910,41,2014-02-22T16:45:00,1,1364888,158805
OK,50,66,910,50,2014-02-22T16:50:00,7,1365337,158805
OK,50,66,910,50,2014-02-22T16:55:00,7,1365786,158805
OK,52,63,910,52,2014-02-22T17:00:00,1,1366235,158805
OK,52,63,910,52,2014-02-22T17:05:00,7,1366684,158805
OK,52,63,910,52,2014-02-22T17:10:00,8,1367133,158805
OK,49,67,910,49,2014-02-22T17:15:00,4,1367582,158805
OK,56,59,910,56,2014-02-22T17:20:00,2,1368031,158805
OK,47,70,910,47,2014-02-22T17:25:00,3,1368480,158805
OK,47,70,910,47,2014-02-22T17:30:00,1,1368929,158805
OK,44,75,910,44,2014-02-22T17:35:00,2,1369378,158805
OK,50,66,910,50,2014-02-22T17:40:00,1,1369827,158805
OK,50,66,910,50,2014-02-22T17:45:00,0,1370276,158805
OK,38,87,910,38,2014-02-22T17:50:00,1,1370725,158805
OK,42,78,910,42,2014-02-22T17:55:00,2,1371174,158805
OK,42,78,910,42,2014-02-22T18:00:00,1,1371623,158805
OK,55,60,910,55,2014-02-22T18:05:00,2,1372072,158805
OK,41,80,910,41,2014-02-22T18:10:00,1,1372521,158805
OK,34,97,910,34,2014-02-22T18:15:00,1,1372970,158805
OK,34,97,910,34,2014-02-22T18:20:00,0,1373419,158805
OK,68,48,910,68,2014-02-22T18:25:00,1,1373868,158805
OK,52,63,910,52,2014-02-22T18:30:00,2,1374317,158805
OK,62,53,910,62,2014-02-22T18:35:00,4,1374766,158805
OK,65,50,910,65,2014-02-22T18:40:00,3,1375215,158805
OK,59,56,910,59,2014-02-22T18:45:00,0,1375664,158805
OK,77,43,910,77,2014-02-22T18:50:00,1,1376113,158805
OK,61,54,910,61,2014-02-22T18:55:00,2,1376562,158805
OK,46,72,910,46,2014-02-22T19:00:00,0,1377011,158805
OK,46,72,910,46,2014-02-22T19:05:00,0,1377460,158805
OK,46,72,910,46,2014-02-22T19:10:00,0,1377909,158805
OK,46,72,910,46,2014-02-22T19:15:00,0,1378358,158805
OK,77,43,910,77,2014-02-22T19:20:00,1,1378807,158805
OK,77,43,910,77,2014-02-22T19:25:00,1,1379256,158805
OK,77,43,910,77,2014-02-22T19:30:00,0,1379705,158805
OK,37,89,910,37,2014-02-22T19:35:00,1,1380154,158805
OK,37,89,910,37,2014-02-22T19:40:00,0,1380603,158805
OK,37,89,910,37,2014-02-22T19:45:00,0,1381052,158805
OK,68,48,910,68,2014-02-22T19:50:00,2,1381501,158805
OK,65,50,910,65,2014-02-22T19:55:00,3,1381950,158805
OK,64,51,910,64,2014-02-22T20:00:00,1,1382399,158805
OK,105,31,910,105,2014-02-22T20:05:00,1,1382848,158805
OK,105,31,910,105,2014-02-22T20:10:00,1,1383297,158805
OK,105,31,910,105,2014-02-22T20:15:00,0,1383746,158805
OK,105,31,910,105,2014-02-22T20:20:00,0,1384195,158805
OK,46,72,910,46,2014-02-22T20:25:00,1,1384644,158805
OK,40,82,910,40,2014-02-22T20:30:00,2,1385093,158805
OK,35,94,910,35,2014-02-22T20:35:00,1,1385542,158805
OK,41,80,910,41,2014-02-22T20:40:00,3,1385991,158805
OK,66,50,910,66,2014-02-22T20:45:00,1,1386440,158805
OK,66,50,910,66,2014-02-22T20:50:00,0,1386889,158805
OK,47,70,910,47,2014-02-22T20:55:00,1,1387338,158805
OK,47,70,910,47,2014-02-22T21:00:00,1,1387787,158805
OK,47,70,910,47,2014-02-22T21:05:00,0,1388236,158805
OK,47,70,910,47,2014-02-22T21:10:00,0,1388685,158805
OK,47,70,910,47,2014-02-22T21:15:00,0,1389134,158805
OK,55,60,910,55,2014-02-22T21:20:00,2,1389583,158805
OK,55,60,910,55,2014-02-22T21:25:00,0,1390032,158805
OK,55,60,910,55,2014-02-22T21:30:00,0,1390481,158805
OK,55,60,910,55,2014-02-22T21:35:00,0,1390930,158805
OK,55,60,910,55,2014-02-22T21:40:00,0,1391379,158805
OK,55,60,910,55,2014-02-22T21:45:00,0,1391828,158805
OK,42,78,910,42,2014-02-22T21:50:00,1,1392277,158805
OK,42,78,910,42,2014-02-22T21:55:00,0,1392726,158805
OK,50,66,910,50,2014-02-22T22:00:00,1,1393175,158805
OK,50,66,910,50,2014-02-22T22:05:00,2,1393624,158805
OK,50,66,910,50,2014-02-22T22:10:00,1,1394073,158805
OK,50,66,910,50,2014-02-22T22:15:00,0,1394522,158805
OK,55,60,910,55,2014-02-22T22:20:00,1,1394971,158805
OK,55,60,910,55,2014-02-22T22:25:00,1,1395420,158805
OK,55,60,910,55,2014-02-22T22:30:00,0,1395869,158805
OK,55,60,910,55,2014-02-22T22:35:00,0,1396318,158805
OK,47,70,910,47,2014-02-22T22:40:00,1,1396767,158805
OK,61,54,910,61,2014-02-22T22:45:00,1,1397216,158805
OK,48,69,910,48,2014-02-22T22:50:00,1,1397665,158805
OK,50,66,910,50,2014-02-22T22:55:00,2,1398114,158805
OK,59,56,910,59,2014-02-22T23:00:00,0,1398563,158805
OK,59,56,910,59,2014-02-22T23:05:00,0,1399012,158805
OK,54,61,910,54,2014-02-22T23:10:00,2,1399461,158805
OK,54,61,910,54,2014-02-22T23:15:00,2,1399910,158805
OK,46,72,910,46,2014-02-22T23:20:00,1,1400359,158805
OK,46,72,910,46,2014-02-22T23:25:00,0,1400808,158805
OK,49,67,910,49,2014-02-22T23:30:00,1,1401257,158805
OK,49,67,910,49,2014-02-22T23:35:00,1,1401706,158805
OK,49,67,910,49,2014-02-22T23:40:00,0,1402155,158805
OK,49,67,910,49,2014-02-22T23:45:00,0,1402604,158805
OK,49,67,910,49,2014-02-22T23:50:00,0,1403053,158805
OK,51,64,910,51,2014-02-22T23:55:00,1,1403502,158805
OK,51,64,910,51,2014-02-23T00:00:00,0,1403951,158805
OK,51,64,910,51,2014-02-23T00:05:00,0,1404400,158805
OK,51,64,910,51,2014-02-23T00:15:00,0,1405180,158805
OK,51,64,910,51,2014-02-23T00:20:00,0,1405629,158805
OK,43,77,910,43,2014-02-23T00:25:00,3,1406078,158805
OK,42,78,910,42,2014-02-23T00:30:00,2,1406527,158805
OK,42,78,910,42,2014-02-23T00:35:00,0,1406976,158805
OK,42,78,910,42,2014-02-23T00:40:00,0,1407425,158805
OK,42,78,910,42,2014-02-23T00:45:00,0,1407874,158805
OK,42,78,910,42,2014-02-23T00:50:00,0,1408323,158805
OK,42,78,910,42,2014-02-23T00:55:00,0,1408772,158805
OK,42,78,910,42,2014-02-23T01:00:00,0,1409221,158805
OK,42,78,910,42,2014-02-23T01:05:00,0,1409670,158805
OK,42,78,910,42,2014-02-23T01:10:00,0,1410119,158805
OK,42,78,910,42,2014-02-23T01:15:00,0,1410568,158805
OK,42,78,910,42,2014-02-23T01:20:00,0,1411017,158805
OK,42,78,910,42,2014-02-23T01:25:00,0,1411466,158805
OK,48,69,910,48,2014-02-23T01:30:00,1,1411915,158805
OK,48,69,910,48,2014-02-23T01:35:00,0,1412364,158805
OK,48,69,910,48,2014-02-23T01:40:00,0,1412813,158805
OK,48,69,910,48,2014-02-23T01:45:00,0,1413262,158805
OK,48,69,910,48,2014-02-23T01:50:00,0,1413711,158805
OK,48,69,910,48,2014-02-23T01:55:00,0,1414160,158805
OK,48,69,910,48,2014-02-23T02:00:00,0,1414609,158805
OK,48,69,910,48,2014-02-23T02:05:00,0,1415058,158805
OK,48,69,910,48,2014-02-23T02:10:00,0,1415507,158805
OK,48,69,910,48,2014-02-23T02:15:00,0,1415956,158805
OK,52,63,910,52,2014-02-23T02:20:00,1,1416405,158805
OK,52,63,910,52,2014-02-23T02:25:00,0,1416854,158805
OK,52,63,910,52,2014-02-23T02:30:00,0,1417303,158805
OK,52,63,910,52,2014-02-23T02:35:00,0,1417752,158805
OK,52,63,910,52,2014-02-23T02:40:00,0,1418201,158805
OK,52,63,910,52,2014-02-23T02:45:00,0,1418650,158805
OK,52,63,910,52,2014-02-23T02:50:00,0,1419099,158805
OK,79,41,910,79,2014-02-23T02:55:00,1,1419548,158805
OK,79,41,910,79,2014-02-23T03:00:00,1,1419997,158805
OK,79,41,910,79,2014-02-23T03:05:00,0,1420446,158805
OK,79,41,910,79,2014-02-23T03:10:00,0,1420895,158805
OK,79,41,910,79,2014-02-23T03:15:00,0,1421344,158805
OK,79,41,910,79,2014-02-23T03:20:00,0,1421793,158805
OK,79,41,910,79,2014-02-23T03:25:00,0,1422242,158805
OK,79,41,910,79,2014-02-23T03:30:00,0,1422691,158805
OK,79,41,910,79,2014-02-23T03:35:00,0,1423140,158805
OK,79,41,910,79,2014-02-23T03:40:00,0,1423589,158805
OK,79,41,910,79,2014-02-23T03:45:00,0,1424038,158805
OK,79,41,910,79,2014-02-23T03:50:00,0,1424487,158805
OK,79,41,910,79,2014-02-23T03:55:00,0,1424936,158805
OK,79,41,910,79,2014-02-23T04:00:00,0,1425385,158805
OK,79,41,910,79,2014-02-23T04:05:00,0,1425834,158805
OK,79,41,910,79,2014-02-23T04:10:00,0,1426283,158805
OK,79,41,910,79,2014-02-23T04:15:00,0,1426732,158805
OK,55,60,910,55,2014-02-23T04:20:00,1,1427181,158805
OK,55,60,910,55,2014-02-23T04:25:00,1,1427630,158805
OK,55,60,910,55,2014-02-23T04:30:00,0,1428079,158805
OK,55,60,910,55,2014-02-23T04:35:00,0,1428528,158805
OK,55,60,910,55,2014-02-23T04:40:00,0,1428977,158805
OK,55,60,910,55,2014-02-23T04:45:00,0,1429426,158805
OK,55,60,910,55,2014-02-23T04:50:00,0,1429875,158805
OK,55,60,910,55,2014-02-23T04:55:00,0,1430324,158805
OK,59,56,910,59,2014-02-23T05:05:00,1,1431122,158805
OK,59,56,910,59,2014-02-23T05:10:00,0,1431571,158805
OK,59,56,910,59,2014-02-23T05:15:00,0,1432020,158805
OK,59,56,910,59,2014-02-23T05:20:00,0,1432469,158805
OK,59,56,910,59,2014-02-23T05:25:00,0,1432872,158805
OK,59,56,910,59,2014-02-23T05:30:00,0,1433321,158805
OK,59,56,910,59,2014-02-23T05:40:00,0,1434143,158805
OK,59,56,910,59,2014-02-23T05:45:00,0,1434592,158805
OK,56,59,910,56,2014-02-23T05:50:00,1,1435041,158805
OK,56,59,910,56,2014-02-23T05:55:00,1,1435490,158805
OK,56,59,910,56,2014-02-23T06:00:00,0,1435901,158805
OK,56,59,910,56,2014-02-23T06:05:00,0,1436284,158805
OK,56,59,910,56,2014-02-23T06:10:00,0,1436682,158805
OK,45,73,910,45,2014-02-23T06:15:00,2,1437131,158805
OK,45,73,910,45,2014-02-23T06:20:00,2,1437580,158805
OK,45,73,910,45,2014-02-23T06:25:00,0,1437960,158805
OK,45,73,910,45,2014-02-23T06:30:00,0,1438409,158805
OK,45,73,910,45,2014-02-23T06:35:00,0,1438858,158805
OK,45,73,910,45,2014-02-23T06:40:00,0,1439307,158805
OK,45,73,910,45,2014-02-23T06:45:00,0,1439756,158805
OK,46,72,910,46,2014-02-23T06:50:00,1,1440205,158805
OK,46,72,910,46,2014-02-23T06:55:00,0,1440654,158805
OK,46,72,910,46,2014-02-23T07:00:00,0,1441103,158805
OK,46,72,910,46,2014-02-23T07:05:00,0,1441552,158805
OK,46,72,910,46,2014-02-23T07:10:00,0,1442001,158805
OK,46,72,910,46,2014-02-23T07:15:00,0,1442450,158805
OK,42,78,910,42,2014-02-23T07:20:00,1,1442899,158805
OK,42,78,910,42,2014-02-23T07:25:00,0,1443348,158805
OK,42,78,910,42,2014-02-23T07:30:00,0,1443797,158805
OK,51,64,910,51,2014-02-23T07:35:00,1,1444246,158805
OK,52,63,910,52,2014-02-23T07:40:00,2,1444695,158805
OK,61,54,910,61,2014-02-23T07:45:00,1,1445144,158805
OK,61,54,910,61,2014-02-23T07:50:00,0,1445593,158805
OK,61,54,910,61,2014-02-23T07:55:00,0,1446042,158805
OK,61,54,910,61,2014-02-23T08:00:00,0,1446491,158805
OK,61,54,910,61,2014-02-23T08:05:00,0,1446940,158805
OK,61,54,910,61,2014-02-23T08:10:00,0,1447389,158805
OK,61,54,910,61,2014-02-23T08:15:00,0,1447838,158805
OK,40,82,910,40,2014-02-23T08:20:00,1,1448287,158805
OK,40,82,910,40,2014-02-23T08:25:00,0,1448736,158805
OK,36,92,910,36,2014-02-23T08:30:00,2,1449185,158805
OK,39,84,910,39,2014-02-23T08:35:00,3,1449634,158805
OK,44,75,910,44,2014-02-23T08:40:00,2,1450083,158805
OK,44,75,910,44,2014-02-23T08:45:00,0,1450532,158805
OK,39,84,910,39,2014-02-23T08:50:00,3,1450981,158805
OK,39,84,910,39,2014-02-23T08:55:00,3,1451430,158805
OK,61,54,910,61,2014-02-23T09:00:00,1,1451879,158805
OK,61,54,910,61,2014-02-23T09:05:00,1,1452328,158805
OK,74,44,910,74,2014-02-23T09:10:00,1,1452777,158805
OK,43,77,910,43,2014-02-23T09:15:00,3,1453226,158805
OK,42,78,910,42,2014-02-23T09:20:00,2,1453675,158805
OK,70,47,910,70,2014-02-23T09:25:00,1,1454124,158805
OK,66,50,910,66,2014-02-23T09:30:00,3,1454573,158805
OK,60,55,910,60,2014-02-23T09:35:00,4,1455022,158805
OK,62,53,910,62,2014-02-23T09:40:00,2,1455471,158805
OK,61,54,910,61,2014-02-23T09:45:00,1,1455920,158805
OK,61,54,910,61,2014-02-23T09:50:00,3,1456369,158805
OK,66,50,910,66,2014-02-23T09:55:00,3,1456818,158805
OK,48,69,910,48,2014-02-23T10:00:00,3,1457267,158805
OK,48,69,910,48,2014-02-23T10:05:00,3,1457716,158805
OK,54,61,910,54,2014-02-23T10:10:00,1,1458165,158805
OK,52,63,910,52,2014-02-23T10:15:00,2,1458614,158805
OK,49,67,910,49,2014-02-23T10:20:00,4,1459063,158805
OK,54,61,910,54,2014-02-23T10:25:00,1,1459512,158805
OK,59,56,910,59,2014-02-23T10:30:00,2,1459961,158805
OK,59,56,910,59,2014-02-23T10:35:00,2,1460410,158805
OK,37,89,910,37,2014-02-23T10:40:00,1,1460859,158805
OK,58,57,910,58,2014-02-23T10:45:00,5,1461308,158805
OK,58,57,910,58,2014-02-23T10:50:00,3,1461757,158805
OK,45,73,910,45,2014-02-23T10:55:00,1,1462206,158805
OK,44,75,910,44,2014-02-23T11:00:00,3,1462655,158805
OK,44,75,910,44,2014-02-23T11:05:00,6,1463104,158805
OK,43,77,910,43,2014-02-23T11:10:00,4,1463553,158805
OK,50,66,910,50,2014-02-23T11:15:00,1,1464002,158805
OK,42,78,910,42,2014-02-23T11:20:00,3,1464451,158805
OK,42,78,910,42,2014-02-23T11:25:00,5,1464900,158805
OK,49,67,910,49,2014-02-23T11:30:00,4,1465349,158805
OK,44,75,910,44,2014-02-23T11:35:00,4,1465798,158805
OK,45,73,910,45,2014-02-23T11:40:00,5,1466247,158805
OK,50,66,910,50,2014-02-23T11:45:00,5,1466696,158805
OK,50,66,910,50,2014-02-23T11:50:00,5,1467145,158805
OK,64,51,910,64,2014-02-23T11:55:00,3,1467594,158805
OK,44,75,910,44,2014-02-23T12:00:00,5,1468043,158805
OK,46,72,910,46,2014-02-23T12:05:00,5,1468492,158805
OK,44,75,910,44,2014-02-23T12:10:00,2,1468941,158805
OK,52,63,910,52,2014-02-23T12:15:00,1,1469390,158805
OK,52,63,910,52,2014-02-23T12:20:00,0,1469839,158805
OK,54,61,910,54,2014-02-23T12:25:00,6,1470288,158805
OK,50,66,910,50,2014-02-23T12:30:00,10,1470737,158805
OK,51,64,910,51,2014-02-23T12:35:00,5,1471186,158805
OK,45,73,910,45,2014-02-23T12:40:00,2,1471635,158805
OK,45,73,910,45,2014-02-23T12:45:00,4,1472084,158805
OK,53,62,910,53,2014-02-23T12:50:00,4,1472533,158805
OK,51,64,910,51,2014-02-23T12:55:00,3,1472982,158805
OK,54,61,910,54,2014-02-23T13:00:00,5,1473431,158805
OK,56,59,910,56,2014-02-23T13:05:00,4,1473880,158805
OK,45,73,910,45,2014-02-23T13:10:00,2,1474329,158805
OK,45,73,910,45,2014-02-23T13:15:00,2,1474778,158805
OK,49,67,910,49,2014-02-23T13:20:00,2,1475227,158805
OK,59,56,910,59,2014-02-23T13:25:00,7,1475676,158805
OK,59,56,910,59,2014-02-23T13:30:00,6,1476125,158805
OK,52,63,910,52,2014-02-23T13:35:00,2,1476574,158805
OK,52,63,910,52,2014-02-23T13:40:00,4,1477023,158805
OK,54,61,910,54,2014-02-23T13:45:00,7,1477472,158805
OK,56,59,910,56,2014-02-23T13:50:00,6,1477921,158805
OK,58,57,910,58,2014-02-23T13:55:00,3,1478370,158805
OK,58,57,910,58,2014-02-23T14:00:00,3,1478819,158805
OK,59,56,910,59,2014-02-23T14:05:00,4,1479268,158805
OK,57,58,910,57,2014-02-23T14:10:00,4,1479717,158805
OK,51,64,910,51,2014-02-23T14:15:00,4,1480166,158805
OK,52,63,910,52,2014-02-23T14:20:00,5,1480615,158805
OK,52,63,910,52,2014-02-23T14:25:00,4,1481064,158805
OK,47,70,910,47,2014-02-23T14:30:00,7,1481513,158805
OK,45,73,910,45,2014-02-23T14:35:00,8,1481962,158805
OK,57,58,910,57,2014-02-23T14:40:00,4,1482411,158805
OK,50,66,910,50,2014-02-23T14:45:00,5,1482860,158805
OK,43,77,910,43,2014-02-23T14:50:00,4,1483309,158805
OK,40,82,910,40,2014-02-23T14:55:00,3,1483758,158805
OK,46,72,910,46,2014-02-23T15:00:00,1,1484207,158805
OK,46,72,910,46,2014-02-23T15:05:00,0,1484656,158805
OK,58,57,910,58,2014-02-23T15:10:00,3,1485105,158805
OK,56,59,910,56,2014-02-23T15:15:00,7,1485554,158805
OK,51,64,910,51,2014-02-23T15:20:00,4,1486003,158805
OK,47,70,910,47,2014-02-23T15:25:00,5,1486452,158805
OK,48,69,910,48,2014-02-23T15:30:00,5,1486901,158805
OK,48,69,910,48,2014-02-23T15:35:00,1,1487350,158805
OK,48,69,910,48,2014-02-23T15:40:00,0,1487799,158805
OK,38,87,910,38,2014-02-23T15:45:00,3,1488248,158805
OK,43,77,910,43,2014-02-23T15:50:00,5,1488697,158805
OK,43,77,910,43,2014-02-23T15:55:00,3,1489146,158805
OK,49,67,910,49,2014-02-23T16:00:00,3,1489595,158805
OK,47,70,910,47,2014-02-23T16:05:00,4,1490044,158805
OK,45,73,910,45,2014-02-23T16:10:00,4,1490493,158805
OK,45,73,910,45,2014-02-23T16:15:00,2,1490942,158805
OK,43,77,910,43,2014-02-23T16:20:00,0,1491391,158805
OK,53,62,910,53,2014-02-23T16:25:00,2,1491840,158805
OK,47,70,910,47,2014-02-23T16:30:00,3,1492289,158805
OK,47,70,910,47,2014-02-23T16:35:00,2,1492738,158805
OK,47,70,910,47,2014-02-23T16:40:00,1,1493187,158805
OK,43,77,910,43,2014-02-23T16:45:00,4,1493636,158805
OK,43,77,910,43,2014-02-23T16:50:00,4,1494085,158805
OK,64,51,910,64,2014-02-23T16:55:00,3,1494534,158805
OK,64,51,910,64,2014-02-23T17:00:00,1,1494983,158805
OK,59,56,910,59,2014-02-23T17:05:00,2,1495432,158805
OK,59,56,910,59,2014-02-23T17:10:00,4,1495881,158805
OK,55,60,910,55,2014-02-23T17:15:00,3,1496330,158805
OK,67,49,910,67,2014-02-23T17:20:00,3,1496779,158805
OK,44,75,910,44,2014-02-23T17:25:00,0,1497228,158805
OK,44,75,910,44,2014-02-23T17:30:00,0,1497677,158805
OK,44,75,910,44,2014-02-23T17:35:00,0,1498126,158805
OK,42,78,910,42,2014-02-23T17:40:00,4,1498575,158805
OK,42,78,910,42,2014-02-23T17:45:00,5,1499024,158805
OK,35,94,910,35,2014-02-23T17:50:00,1,1499473,158805
OK,35,94,910,35,2014-02-23T17:55:00,0,1499922,158805
OK,37,89,910,37,2014-02-23T18:00:00,1,1500371,158805
OK,44,75,910,44,2014-02-23T18:05:00,3,1500820,158805
OK,47,70,910,47,2014-02-23T18:10:00,5,1501269,158805
OK,46,72,910,46,2014-02-23T18:15:00,6,1501718,158805
OK,45,73,910,45,2014-02-23T18:20:00,4,1502167,158805
OK,46,72,910,46,2014-02-23T18:25:00,2,1502616,158805
OK,45,73,910,45,2014-02-23T18:30:00,3,1503065,158805
OK,36,92,910,36,2014-02-23T18:35:00,1,1503514,158805
OK,36,92,910,36,2014-02-23T18:40:00,0,1503963,158805
OK,43,77,910,43,2014-02-23T18:45:00,3,1504412,158805
OK,43,77,910,43,2014-02-23T18:50:00,4,1504861,158805
OK,54,61,910,54,2014-02-23T18:55:00,3,1505310,158805
OK,48,69,910,48,2014-02-23T19:00:00,3,1505759,158805
OK,48,69,910,48,2014-02-23T19:05:00,3,1506208,158805
OK,46,72,910,46,2014-02-23T19:10:00,3,1506657,158805
OK,50,66,910,50,2014-02-23T19:15:00,2,1507106,158805
OK,44,75,910,44,2014-02-23T19:20:00,3,1507555,158805
OK,44,75,910,44,2014-02-23T19:25:00,3,1508004,158805
OK,48,69,910,48,2014-02-23T19:30:00,4,1508453,158805
OK,47,70,910,47,2014-02-23T19:35:00,3,1508902,158805
OK,62,53,910,62,2014-02-23T19:40:00,0,1509351,158805
OK,62,53,910,62,2014-02-23T19:45:00,0,1509800,158805
OK,62,53,910,62,2014-02-23T19:50:00,0,1510249,158805
OK,62,53,910,62,2014-02-23T19:55:00,0,1510698,158805
OK,62,53,910,62,2014-02-23T20:00:00,0,1511147,158805
OK,62,53,910,62,2014-02-23T20:05:00,0,1511596,158805
OK,31,106,910,31,2014-02-23T20:10:00,1,1512045,158805
OK,31,106,910,31,2014-02-23T20:15:00,1,1512494,158805
OK,38,87,910,38,2014-02-23T20:20:00,1,1512943,158805
OK,38,87,910,38,2014-02-23T20:25:00,0,1513392,158805
OK,39,84,910,39,2014-02-23T20:30:00,1,1513841,158805
OK,39,84,910,39,2014-02-23T20:35:00,0,1514290,158805
OK,39,84,910,39,2014-02-23T20:40:00,0,1514739,158805
OK,39,84,910,39,2014-02-23T20:45:00,0,1515188,158805
OK,39,84,910,39,2014-02-23T20:50:00,0,1515637,158805
OK,35,94,910,35,2014-02-23T20:55:00,1,1516086,158805
OK,48,69,910,48,2014-02-23T21:00:00,2,1516535,158805
OK,48,69,910,48,2014-02-23T21:05:00,0,1516984,158805
OK,36,92,910,36,2014-02-23T21:10:00,2,1517433,158805
OK,41,80,910,41,2014-02-23T21:15:00,3,1517882,158805
OK,44,75,910,44,2014-02-23T21:20:00,1,1518331,158805
OK,44,75,910,44,2014-02-23T21:25:00,0,1518780,158805
OK,36,92,910,36,2014-02-23T21:30:00,1,1519229,158805
OK,41,80,910,41,2014-02-23T21:35:00,3,1519678,158805
OK,51,64,910,51,2014-02-23T21:40:00,1,1520127,158805
OK,51,64,910,51,2014-02-23T21:45:00,0,1520576,158805
OK,51,64,910,51,2014-02-23T21:50:00,0,1521025,158805
OK,50,66,910,50,2014-02-23T21:55:00,1,1521474,158805
OK,50,66,910,50,2014-02-23T22:00:00,1,1521923,158805
OK,50,66,910,50,2014-02-23T22:05:00,0,1522372,158805
OK,50,66,910,50,2014-02-23T22:10:00,0,1522821,158805
OK,48,69,910,48,2014-02-23T22:15:00,3,1523270,158805
OK,43,77,910,43,2014-02-23T22:20:00,2,1523719,158805
OK,54,61,910,54,2014-02-23T22:25:00,0,1524168,158805
OK,39,84,910,39,2014-02-23T22:30:00,1,1524617,158805
OK,43,77,910,43,2014-02-23T22:35:00,2,1525066,158805
OK,43,77,910,43,2014-02-23T22:40:00,2,1525515,158805
OK,40,82,910,40,2014-02-23T22:45:00,0,1525964,158805
OK,40,82,910,40,2014-02-23T22:50:00,0,1526413,158805
OK,40,82,910,40,2014-02-23T22:55:00,0,1526862,158805
OK,40,82,910,40,2014-02-23T23:00:00,0,1527311,158805
OK,40,82,910,40,2014-02-23T23:05:00,0,1527760,158805
OK,40,82,910,40,2014-02-23T23:10:00,0,1528209,158805
OK,40,82,910,40,2014-02-23T23:15:00,0,1528658,158805
OK,45,73,910,45,2014-02-23T23:20:00,1,1529107,158805
OK,53,62,910,53,2014-02-23T23:25:00,1,1529556,158805
OK,53,62,910,53,2014-02-23T23:30:00,0,1530005,158805
OK,53,62,910,53,2014-02-23T23:35:00,0,1530454,158805
OK,53,62,910,53,2014-02-23T23:40:00,0,1530903,158805
OK,51,64,910,51,2014-02-23T23:45:00,1,1531352,158805
OK,51,64,910,51,2014-02-23T23:50:00,0,1531801,158805
OK,51,64,910,51,2014-02-23T23:55:00,0,1532250,158805
OK,51,64,910,51,2014-02-24T00:00:00,0,1532699,158805
OK,51,64,910,51,2014-02-24T00:05:00,0,1533148,158805
OK,51,64,910,51,2014-02-24T00:10:00,0,1533597,158805
OK,43,77,910,43,2014-02-24T00:15:00,1,1534046,158805
OK,46,72,910,46,2014-02-24T00:20:00,1,1534495,158805
OK,46,72,910,46,2014-02-24T00:25:00,0,1534944,158805
OK,46,72,910,46,2014-02-24T00:30:00,0,1535393,158805
OK,46,72,910,46,2014-02-24T00:35:00,0,1535842,158805
OK,46,72,910,46,2014-02-24T00:40:00,0,1536291,158805
OK,46,72,910,46,2014-02-24T00:45:00,0,1536740,158805
OK,46,72,910,46,2014-02-24T00:50:00,0,1537189,158805
OK,36,92,910,36,2014-02-24T00:55:00,1,1537638,158805
OK,36,92,910,36,2014-02-24T01:00:00,0,1538087,158805
OK,36,92,910,36,2014-02-24T01:10:00,0,1538581,158805
OK,36,92,910,36,2014-02-24T01:15:00,0,1539030,158805
OK,36,92,910,36,2014-02-24T01:20:00,0,1539479,158805
OK,36,92,910,36,2014-02-24T01:25:00,0,1539928,158805
OK,36,92,910,36,2014-02-24T01:30:00,0,1540377,158805
OK,36,92,910,36,2014-02-24T01:35:00,0,1540826,158805
OK,36,92,910,36,2014-02-24T01:40:00,0,1541275,158805
OK,36,92,910,36,2014-02-24T01:45:00,0,1541724,158805
OK,36,92,910,36,2014-02-24T01:50:00,0,1542173,158805
OK,36,92,910,36,2014-02-24T01:55:00,0,1542622,158805
OK,36,92,910,36,2014-02-24T02:00:00,0,1543071,158805
OK,36,92,910,36,2014-02-24T02:05:00,0,1543520,158805
OK,36,92,910,36,2014-02-24T02:10:00,0,1543969,158805
OK,36,92,910,36,2014-02-24T02:15:00,0,1544418,158805
OK,36,92,910,36,2014-02-24T02:20:00,0,1544867,158805
OK,36,92,910,36,2014-02-24T02:25:00,0,1545316,158805
OK,36,92,910,36,2014-02-24T02:30:00,0,1545765,158805
OK,36,92,910,36,2014-02-24T02:35:00,0,1546214,158805
OK,36,92,910,36,2014-02-24T02:40:00,0,1546663,158805
OK,36,92,910,36,2014-02-24T02:45:00,0,1547112,158805
OK,36,92,910,36,2014-02-24T02:50:00,0,1547561,158805
OK,36,92,910,36,2014-02-24T02:55:00,0,1548010,158805
OK,54,61,910,54,2014-02-24T03:00:00,1,1548459,158805
OK,69,48,910,69,2014-02-24T03:05:00,1,1548908,158805
OK,69,48,910,69,2014-02-24T03:10:00,0,1549357,158805
OK,69,48,910,69,2014-02-24T03:15:00,0,1549806,158805
OK,69,48,910,69,2014-02-24T03:20:00,0,1550255,158805
OK,69,48,910,69,2014-02-24T03:25:00,0,1550704,158805
OK,69,48,910,69,2014-02-24T03:30:00,0,1551153,158805
OK,69,48,910,69,2014-02-24T03:35:00,0,1551602,158805
OK,69,48,910,69,2014-02-24T03:40:00,0,1552051,158805
OK,69,48,910,69,2014-02-24T03:45:00,0,1552500,158805
OK,69,48,910,69,2014-02-24T03:50:00,0,1552949,158805
OK,69,48,910,69,2014-02-24T03:55:00,0,1553398,158805
OK,69,48,910,69,2014-02-24T04:00:00,0,1553847,158805
OK,69,48,910,69,2014-02-24T04:05:00,0,1554296,158805
OK,69,48,910,69,2014-02-24T04:10:00,0,1554745,158805
OK,69,48,910,69,2014-02-24T04:15:00,0,1555194,158805
OK,69,48,910,69,2014-02-24T04:20:00,0,1555643,158805
OK,69,48,910,69,2014-02-24T04:25:00,0,1556092,158805
OK,65,50,910,65,2014-02-24T04:30:00,1,1556541,158805
OK,44,75,910,44,2014-02-24T04:35:00,2,1556990,158805
OK,39,84,910,39,2014-02-24T04:40:00,3,1557439,158805
OK,39,84,910,39,2014-02-24T04:45:00,1,1557888,158805
OK,62,53,910,62,2014-02-24T04:50:00,2,1558337,158805
OK,62,53,910,62,2014-02-24T04:55:00,4,1558786,158805
OK,54,61,910,54,2014-02-24T05:00:00,3,1559235,158805
OK,54,61,910,54,2014-02-24T05:05:00,2,1559684,158805
OK,62,53,910,62,2014-02-24T05:10:00,1,1560133,158805
OK,133,24,910,133,2014-02-24T05:15:00,1,1560582,158805
OK,133,24,910,133,2014-02-24T05:20:00,1,1561031,158805
OK,44,75,910,44,2014-02-24T05:25:00,1,1561480,158805
OK,44,75,910,44,2014-02-24T05:30:00,1,1561929,158805
OK,55,60,910,55,2014-02-24T05:35:00,1,1562378,158805
OK,55,60,910,55,2014-02-24T05:40:00,1,1562827,158805
OK,46,72,910,46,2014-02-24T05:45:00,3,1563276,158805
OK,46,72,910,46,2014-02-24T05:50:00,6,1563725,158805
OK,47,70,910,47,2014-02-24T05:55:00,3,1564174,158805
OK,59,56,910,59,2014-02-24T06:00:00,3,1564623,158805
OK,51,64,910,51,2014-02-24T06:05:00,4,1565072,158805
OK,48,69,910,48,2014-02-24T06:10:00,2,1565521,158805
OK,55,60,910,55,2014-02-24T06:15:00,1,1565970,158805
OK,45,73,910,45,2014-02-24T06:20:00,6,1566419,158805
OK,59,56,910,59,2014-02-24T06:25:00,7,1566868,158805
OK,69,48,910,69,2014-02-24T06:30:00,6,1567317,158805
OK,54,61,910,54,2014-02-24T06:35:00,8,1567766,158805
OK,54,61,910,54,2014-02-24T06:40:00,8,1568215,158805
OK,52,63,910,52,2014-02-24T06:45:00,3,1568664,158805
OK,58,57,910,58,2014-02-24T06:50:00,2,1569113,158805
OK,72,46,910,72,2014-02-24T06:55:00,1,1569562,158805
OK,51,64,910,51,2014-02-24T07:00:00,7,1570011,158805
OK,50,66,910,50,2014-02-24T07:05:00,10,1570460,158805
OK,50,66,910,50,2014-02-24T07:10:00,10,1570909,158805
OK,51,64,910,51,2014-02-24T07:15:00,8,1571358,158805
OK,50,66,910,50,2014-02-24T07:20:00,8,1571807,158805
OK,50,66,910,50,2014-02-24T07:25:00,7,1572256,158805
OK,55,60,910,55,2014-02-24T07:30:00,4,1572705,158805
OK,53,62,910,53,2014-02-24T07:35:00,9,1573154,158805
OK,52,63,910,52,2014-02-24T07:40:00,11,1573603,158805
OK,53,62,910,53,2014-02-24T07:45:00,5,1574052,158805
OK,51,64,910,51,2014-02-24T07:50:00,5,1574501,158805
OK,49,67,910,49,2014-02-24T07:55:00,6,1574950,158805
OK,48,69,910,48,2014-02-24T08:00:00,11,1575399,158805
OK,49,67,910,49,2014-02-24T08:05:00,12,1575848,158805
OK,51,64,910,51,2014-02-24T08:10:00,5,1576297,158805
OK,56,59,910,56,2014-02-24T08:15:00,5,1576746,158805
OK,58,57,910,58,2014-02-24T08:20:00,8,1577195,158805
OK,58,57,910,58,2014-02-24T08:25:00,8,1577644,158805
OK,50,66,910,50,2014-02-24T08:30:00,7,1578093,158805
OK,48,69,910,48,2014-02-24T08:35:00,10,1578542,158805
OK,49,67,910,49,2014-02-24T08:40:00,10,1578991,158805
OK,49,67,910,49,2014-02-24T08:45:00,12,1579440,158805
OK,52,63,910,52,2014-02-24T08:50:00,7,1579889,158805
OK,50,66,910,50,2014-02-24T08:55:00,3,1580338,158805
OK,47,70,910,47,2014-02-24T09:00:00,5,1580787,158805
OK,46,72,910,46,2014-02-24T09:05:00,6,1581236,158805
OK,48,69,910,48,2014-02-24T09:10:00,9,1581685,158805
OK,52,63,910,52,2014-02-24T09:15:00,8,1582134,158805
OK,53,62,910,53,2014-02-24T09:20:00,5,1582583,158805
OK,56,59,910,56,2014-02-24T09:25:00,7,1583032,158805
OK,52,63,910,52,2014-02-24T09:30:00,10,1583481,158805
OK,49,67,910,49,2014-02-24T09:35:00,9,1583930,158805
OK,46,72,910,46,2014-02-24T09:40:00,5,1584379,158805
OK,44,75,910,44,2014-02-24T09:45:00,5,1584828,158805
OK,51,64,910,51,2014-02-24T09:50:00,10,1585277,158805
OK,51,64,910,51,2014-02-24T09:55:00,12,1585726,158805
OK,55,60,910,55,2014-02-24T10:00:00,9,1586175,158805
OK,52,63,910,52,2014-02-24T10:05:00,8,1586624,158805
OK,48,69,910,48,2014-02-24T10:10:00,5,1587073,158805
OK,47,70,910,47,2014-02-24T10:15:00,6,1587522,158805
OK,51,64,910,51,2014-02-24T10:20:00,10,1587971,158805
OK,49,67,910,49,2014-02-24T10:25:00,10,1588420,158805
OK,52,63,910,52,2014-02-24T10:30:00,11,1588869,158805
OK,47,70,910,47,2014-02-24T10:35:00,11,1589318,158805
OK,30,110,910,30,2014-02-24T10:40:00,1,1589767,158805
OK,47,70,910,47,2014-02-24T10:45:00,2,1590216,158805
OK,49,67,910,49,2014-02-24T10:50:00,6,1590665,158805
OK,46,72,910,46,2014-02-24T10:55:00,8,1591114,158805
OK,44,75,910,44,2014-02-24T11:00:00,6,1591563,158805
OK,51,64,910,51,2014-02-24T11:05:00,9,1592012,158805
OK,53,62,910,53,2014-02-24T11:10:00,17,1592461,158805
OK,53,62,910,53,2014-02-24T11:15:00,8,1592910,158805
OK,54,61,910,54,2014-02-24T11:20:00,7,1593359,158805
OK,49,67,910,49,2014-02-24T11:25:00,12,1593808,158805
OK,49,67,910,49,2014-02-24T11:30:00,9,1594257,158805
OK,51,64,910,51,2014-02-24T11:35:00,6,1594706,158805
OK,60,55,910,60,2014-02-24T11:40:00,8,1595155,158805
OK,62,53,910,62,2014-02-24T11:45:00,7,1595604,158805
OK,59,56,910,59,2014-02-24T11:50:00,5,1596053,158805
OK,57,58,910,57,2014-02-24T11:55:00,6,1596502,158805
OK,63,52,910,63,2014-02-24T12:00:00,6,1596951,158805
OK,61,54,910,61,2014-02-24T12:05:00,12,1597400,158805
OK,59,56,910,59,2014-02-24T12:10:00,13,1597849,158805
OK,56,59,910,56,2014-02-24T12:15:00,10,1598298,158805
OK,58,57,910,58,2014-02-24T12:20:00,8,1598747,158805
OK,58,57,910,58,2014-02-24T12:25:00,12,1599196,158805
OK,64,51,910,64,2014-02-24T12:30:00,9,1599645,158805
OK,63,52,910,63,2014-02-24T12:35:00,7,1600094,158805
OK,61,54,910,61,2014-02-24T12:40:00,8,1600543,158805
OK,49,67,910,49,2014-02-24T12:45:00,12,1600992,158805
OK,49,67,910,49,2014-02-24T12:50:00,22,1601441,158805
OK,54,61,910,54,2014-02-24T12:55:00,17,1601890,158805
OK,51,64,910,51,2014-02-24T13:00:00,3,1602339,158805
OK,46,72,910,46,2014-02-24T13:05:00,2,1602788,158805
OK,46,72,910,46,2014-02-24T13:10:00,2,1603237,158805
OK,69,48,910,69,2014-02-24T13:15:00,13,1603686,158805
OK,74,44,910,74,2014-02-24T13:20:00,12,1604135,158805
OK,66,50,910,66,2014-02-24T13:25:00,6,1604584,158805
OK,66,50,910,66,2014-02-24T13:30:00,8,1605033,158805
OK,63,52,910,63,2014-02-24T13:35:00,11,1605482,158805
OK,58,57,910,58,2014-02-24T13:40:00,10,1605931,158805
OK,51,64,910,51,2014-02-24T13:45:00,9,1606380,158805
OK,51,64,910,51,2014-02-24T13:50:00,8,1606829,158805
OK,52,63,910,52,2014-02-24T13:55:00,11,1607278,158805
OK,52,63,910,52,2014-02-24T14:00:00,13,1607727,158805
OK,51,64,910,51,2014-02-24T14:05:00,17,1608176,158805
OK,51,64,910,51,2014-02-24T14:10:00,20,1608625,158805
OK,49,67,910,49,2014-02-24T14:15:00,13,1609074,158805
OK,63,52,910,63,2014-02-24T14:20:00,7,1609523,158805
OK,64,51,910,64,2014-02-24T14:25:00,10,1609972,158805
OK,67,49,910,67,2014-02-24T14:30:00,20,1610421,158805
OK,64,51,910,64,2014-02-24T14:35:00,22,1610870,158805
OK,58,57,910,58,2014-02-24T14:40:00,12,1611319,158805
OK,70,47,910,70,2014-02-24T14:45:00,11,1611768,158805
OK,73,45,910,73,2014-02-24T14:50:00,14,1612217,158805
OK,53,62,910,53,2014-02-24T14:55:00,10,1612666,158805
OK,53,62,910,53,2014-02-24T15:00:00,13,1613115,158805
OK,62,53,910,62,2014-02-24T15:05:00,18,1613564,158805
OK,65,50,910,65,2014-02-24T15:10:00,19,1614013,158805
OK,70,47,910,70,2014-02-24T15:15:00,19,1614462,158805
OK,70,47,910,70,2014-02-24T15:20:00,14,1614911,158805
OK,65,50,910,65,2014-02-24T15:25:00,14,1615360,158805
OK,74,44,910,74,2014-02-24T15:30:00,17,1615809,158805
OK,64,51,910,64,2014-02-24T15:35:00,9,1616258,158805
OK,53,62,910,53,2014-02-24T15:40:00,10,1616707,158805
OK,54,61,910,54,2014-02-24T15:45:00,17,1617156,158805
OK,57,58,910,57,2014-02-24T15:50:00,15,1617605,158805
OK,52,63,910,52,2014-02-24T15:55:00,10,1618054,158805
OK,49,67,910,49,2014-02-24T16:00:00,8,1618503,158805
OK,52,63,910,52,2014-02-24T16:05:00,4,1618952,158805
OK,57,58,910,57,2014-02-24T16:10:00,9,1619401,158805
OK,55,60,910,55,2014-02-24T16:15:00,7,1619850,158805
OK,52,63,910,52,2014-02-24T16:20:00,5,1620299,158805
OK,51,64,910,51,2014-02-24T16:25:00,6,1620748,158805
OK,54,61,910,54,2014-02-24T16:30:00,3,1621197,158805
OK,55,60,910,55,2014-02-24T16:35:00,5,1621646,158805
OK,52,63,910,52,2014-02-24T16:40:00,4,1622095,158805
OK,109,30,910,109,2014-02-24T16:45:00,1,1622544,158805
OK,60,55,910,60,2014-02-24T16:50:00,5,1622993,158805
OK,50,66,910,50,2014-02-24T16:55:00,10,1623442,158805
OK,51,64,910,51,2014-02-24T17:00:00,5,1623891,158805
OK,54,61,910,54,2014-02-24T17:15:00,1,1624340,158805
OK,48,69,910,48,2014-02-24T17:20:00,2,1624789,158805
OK,50,66,910,50,2014-02-24T17:25:00,4,1625238,158805
OK,64,51,910,64,2014-02-24T17:30:00,5,1625687,158805
OK,64,51,910,64,2014-02-24T17:35:00,3,1626136,158805
OK,46,72,910,46,2014-02-24T17:40:00,2,1626585,158805
OK,53,62,910,53,2014-02-24T17:45:00,4,1627034,158805
OK,48,69,910,48,2014-02-24T17:50:00,5,1627483,158805
OK,42,78,910,42,2014-02-24T17:55:00,5,1627932,158805
OK,54,61,910,54,2014-02-24T18:00:00,7,1628381,158805
OK,63,52,910,63,2014-02-24T18:05:00,5,1628830,158805
OK,50,66,910,50,2014-02-24T18:10:00,5,1629279,158805
OK,47,70,910,47,2014-02-24T18:15:00,4,1629728,158805
OK,57,58,910,57,2014-02-24T18:20:00,0,1630177,158805
OK,53,62,910,53,2014-02-24T18:25:00,1,1630626,158805
OK,51,64,910,51,2014-02-24T18:30:00,3,1631075,158805
OK,51,64,910,51,2014-02-24T18:35:00,3,1631524,158805
OK,49,67,910,49,2014-02-24T18:40:00,1,1631973,158805
OK,63,52,910,63,2014-02-24T18:45:00,3,1632422,158805
OK,65,50,910,65,2014-02-24T18:50:00,2,1632871,158805
OK,65,50,910,65,2014-02-24T18:55:00,0,1633320,158805
OK,65,50,910,65,2014-02-24T19:00:00,0,1633769,158805
OK,65,50,910,65,2014-02-24T19:05:00,0,1634218,158805
OK,80,41,910,80,2014-02-24T19:10:00,1,1634667,158805
OK,80,41,910,80,2014-02-24T19:15:00,3,1635116,158805
OK,53,62,910,53,2014-02-24T19:20:00,2,1635565,158805
OK,56,59,910,56,2014-02-24T19:25:00,0,1636014,158805
OK,56,59,910,56,2014-02-24T19:30:00,0,1636463,158805
OK,43,77,910,43,2014-02-24T19:35:00,2,1636912,158805
OK,38,87,910,38,2014-02-24T19:40:00,3,1637361,158805
OK,55,60,910,55,2014-02-24T19:45:00,2,1637810,158805
OK,66,50,910,66,2014-02-24T19:50:00,3,1638259,158805
OK,45,73,910,45,2014-02-24T19:55:00,2,1638708,158805
OK,50,66,910,50,2014-02-24T20:00:00,2,1639157,158805
OK,41,80,910,41,2014-02-24T20:05:00,3,1639606,158805
OK,40,82,910,40,2014-02-24T20:10:00,4,1640055,158805
OK,41,80,910,41,2014-02-24T20:15:00,2,1640504,158805
OK,42,78,910,42,2014-02-24T20:20:00,0,1640953,158805
OK,51,64,910,51,2014-02-24T20:25:00,1,1641402,158805
OK,51,64,910,51,2014-02-24T20:30:00,1,1641851,158805
OK,51,64,910,51,2014-02-24T20:35:00,0,1642300,158805
OK,63,52,910,63,2014-02-24T20:40:00,1,1642749,158805
OK,71,46,910,71,2014-02-24T20:45:00,3,1643198,158805
OK,60,55,910,60,2014-02-24T20:50:00,2,1643647,158805
OK,45,73,910,45,2014-02-24T20:55:00,1,1644096,158805
OK,45,73,910,45,2014-02-24T21:40:00,0,1647927,158805
OK,36,92,910,36,2014-02-24T22:10:00,1,1650393,158805
OK,36,92,910,36,2014-02-24T22:35:00,0,1652461,158805
OK,36,92,910,36,2014-02-24T22:45:00,0,1653254,158805
OK,36,92,910,36,2014-02-24T23:00:00,0,1654453,158805
OK,36,92,910,36,2014-02-24T23:05:00,0,1654902,158805
OK,36,92,910,36,2014-02-24T23:10:00,0,1655351,158805
OK,36,92,910,36,2014-02-24T23:15:00,0,1655800,158805
OK,36,92,910,36,2014-02-24T23:20:00,0,1656249,158805
OK,54,61,910,54,2014-02-24T23:25:00,1,1656698,158805
OK,42,78,910,42,2014-02-24T23:30:00,1,1657147,158805
OK,42,78,910,42,2014-02-24T23:35:00,0,1657596,158805
OK,42,78,910,42,2014-02-24T23:40:00,0,1658045,158805
OK,42,78,910,42,2014-02-24T23:45:00,0,1658494,158805
OK,42,78,910,42,2014-02-24T23:50:00,0,1658943,158805
OK,33,100,910,33,2014-02-24T23:55:00,1,1659392,158805
OK,33,100,910,33,2014-02-25T00:00:00,0,1659841,158805
OK,33,100,910,33,2014-02-25T00:05:00,0,1660289,158805
OK,33,100,910,33,2014-02-25T00:10:00,0,1660738,158805
OK,33,100,910,33,2014-02-25T00:15:00,0,1661187,158805
OK,33,100,910,33,2014-02-25T00:20:00,0,1661636,158805
OK,33,100,910,33,2014-02-25T00:25:00,0,1662085,158805
OK,33,100,910,33,2014-02-25T00:30:00,0,1662534,158805
OK,33,100,910,33,2014-02-25T00:35:00,0,1662983,158805
OK,33,100,910,33,2014-02-25T00:40:00,0,1663432,158805
OK,33,100,910,33,2014-02-25T00:45:00,0,1663881,158805
OK,33,100,910,33,2014-02-25T00:50:00,0,1664330,158805
OK,33,100,910,33,2014-02-25T00:55:00,0,1664779,158805
OK,33,100,910,33,2014-02-25T01:00:00,0,1665228,158805
OK,33,100,910,33,2014-02-25T01:05:00,0,1665677,158805
OK,33,100,910,33,2014-02-25T01:10:00,0,1666126,158805
OK,33,100,910,33,2014-02-25T01:15:00,0,1666575,158805
OK,33,100,910,33,2014-02-25T01:20:00,0,1667024,158805
OK,33,100,910,33,2014-02-25T01:25:00,0,1667473,158805
OK,33,100,910,33,2014-02-25T01:30:00,0,1667922,158805
OK,33,100,910,33,2014-02-25T01:35:00,0,1668371,158805
OK,33,100,910,33,2014-02-25T01:40:00,0,1668820,158805
OK,33,100,910,33,2014-02-25T01:45:00,0,1669269,158805
OK,33,100,910,33,2014-02-25T01:50:00,0,1669718,158805
OK,33,100,910,33,2014-02-25T01:55:00,0,1670167,158805
OK,33,100,910,33,2014-02-25T02:00:00,0,1670616,158805
OK,33,100,910,33,2014-02-25T02:05:00,0,1671065,158805
OK,33,100,910,33,2014-02-25T02:10:00,0,1671514,158805
OK,33,100,910,33,2014-02-25T02:15:00,0,1671963,158805
OK,33,100,910,33,2014-02-25T02:20:00,0,1672412,158805
OK,33,100,910,33,2014-02-25T02:25:00,0,1672861,158805
OK,33,100,910,33,2014-02-25T02:30:00,0,1673310,158805
OK,33,100,910,33,2014-02-25T02:35:00,0,1673759,158805
OK,33,100,910,33,2014-02-25T02:40:00,0,1674208,158805
OK,33,100,910,33,2014-02-25T02:45:00,0,1674657,158805
OK,33,100,910,33,2014-02-25T02:50:00,0,1675106,158805
OK,33,100,910,33,2014-02-25T02:55:00,0,1675555,158805
OK,33,100,910,33,2014-02-25T03:00:00,0,1676004,158805
OK,33,100,910,33,2014-02-25T03:05:00,0,1676453,158805
OK,41,80,910,41,2014-02-25T03:10:00,1,1676902,158805
OK,41,80,910,41,2014-02-25T03:15:00,0,1677351,158805
OK,41,80,910,41,2014-02-25T03:20:00,0,1677800,158805
OK,41,80,910,41,2014-02-25T03:25:00,0,1678249,158805
OK,41,80,910,41,2014-02-25T03:30:00,0,1678698,158805
OK,41,80,910,41,2014-02-25T03:35:00,0,1679147,158805
OK,41,80,910,41,2014-02-25T03:40:00,0,1679596,158805
OK,41,80,910,41,2014-02-25T03:45:00,0,1680045,158805
OK,41,80,910,41,2014-02-25T03:50:00,0,1680494,158805
OK,41,80,910,41,2014-02-25T03:55:00,0,1680943,158805
OK,41,80,910,41,2014-02-25T04:00:00,0,1681392,158805
OK,50,66,910,50,2014-02-25T04:05:00,1,1681841,158805
OK,50,66,910,50,2014-02-25T04:10:00,1,1682290,158805
OK,50,66,910,50,2014-02-25T04:15:00,0,1682739,158805
OK,50,66,910,50,2014-02-25T04:20:00,0,1683188,158805
OK,50,66,910,50,2014-02-25T04:25:00,0,1683637,158805
OK,50,66,910,50,2014-02-25T04:30:00,0,1684086,158805
OK,69,48,910,69,2014-02-25T04:35:00,1,1684535,158805
OK,76,43,910,76,2014-02-25T04:40:00,2,1684984,158805
OK,83,39,910,83,2014-02-25T04:45:00,1,1685433,158805
OK,48,69,910,48,2014-02-25T04:50:00,3,1685882,158805
OK,48,69,910,48,2014-02-25T04:55:00,3,1686331,158805
OK,64,51,910,64,2014-02-25T05:00:00,4,1686780,158805
OK,59,56,910,59,2014-02-25T05:05:00,5,1687229,158805
OK,44,75,910,44,2014-02-25T05:10:00,2,1687678,158805
OK,123,26,910,123,2014-02-25T05:15:00,1,1688127,158805
OK,84,39,910,84,2014-02-25T05:20:00,3,1688576,158805
OK,60,55,910,60,2014-02-25T05:25:00,3,1689025,158805
OK,60,55,910,60,2014-02-25T05:30:00,1,1689474,158805
OK,61,54,910,61,2014-02-25T05:35:00,2,1689923,158805
OK,52,63,910,52,2014-02-25T05:40:00,8,1690372,158805
OK,51,64,910,51,2014-02-25T05:45:00,8,1690821,158805
OK,69,48,910,69,2014-02-25T05:50:00,7,1691270,158805
OK,69,48,910,69,2014-02-25T05:55:00,7,1691719,158805
OK,44,75,910,44,2014-02-25T06:00:00,4,1692168,158805
OK,64,51,910,64,2014-02-25T06:05:00,4,1692617,158805
OK,90,36,910,90,2014-02-25T06:10:00,2,1693066,158805
OK,54,61,910,54,2014-02-25T06:15:00,4,1693515,158805
OK,48,69,910,48,2014-02-25T06:20:00,6,1693964,158805
OK,55,60,910,55,2014-02-25T06:25:00,2,1694413,158805
OK,68,48,910,68,2014-02-25T06:30:00,5,1694862,158805
OK,55,60,910,55,2014-02-25T06:35:00,8,1695311,158805
OK,53,62,910,53,2014-02-25T06:40:00,6,1695760,158805
OK,60,55,910,60,2014-02-25T06:45:00,2,1696209,158805
OK,64,51,910,64,2014-02-25T06:50:00,6,1696658,158805
OK,51,64,910,51,2014-02-25T06:55:00,4,1697107,158805
OK,68,48,910,68,2014-02-25T07:00:00,5,1697556,158805
OK,60,55,910,60,2014-02-25T07:05:00,11,1698005,158805
OK,57,58,910,57,2014-02-25T07:10:00,10,1698454,158805
OK,79,41,910,79,2014-02-25T07:15:00,5,1698903,158805
OK,61,54,910,61,2014-02-25T07:20:00,4,1699352,158805
OK,50,66,910,50,2014-02-25T07:25:00,3,1699801,158805
OK,102,32,910,102,2014-02-25T07:30:00,5,1700250,158805
OK,56,59,910,56,2014-02-25T07:35:00,7,1700699,158805
OK,53,62,910,53,2014-02-25T07:40:00,7,1701148,158805
OK,59,56,910,59,2014-02-25T07:45:00,4,1701597,158805
OK,80,41,910,80,2014-02-25T07:50:00,3,1702046,158805
OK,74,44,910,74,2014-02-25T07:55:00,3,1702495,158805
OK,54,61,910,54,2014-02-25T08:00:00,6,1702944,158805
OK,50,66,910,50,2014-02-25T08:05:00,9,1703393,158805
OK,48,69,910,48,2014-02-25T08:10:00,7,1703842,158805
OK,54,61,910,54,2014-02-25T08:15:00,7,1704291,158805
OK,57,58,910,57,2014-02-25T08:20:00,9,1704740,158805
OK,56,59,910,56,2014-02-25T08:25:00,7,1705189,158805
OK,63,52,910,63,2014-02-25T08:30:00,9,1705638,158805
OK,63,52,910,63,2014-02-25T08:35:00,7,1706087,158805
OK,49,67,910,49,2014-02-25T08:40:00,3,1706536,158805
OK,74,44,910,74,2014-02-25T08:45:00,5,1706985,158805
OK,56,59,910,56,2014-02-25T08:50:00,9,1707434,158805
OK,53,62,910,53,2014-02-25T08:55:00,9,1707883,158805
OK,50,66,910,50,2014-02-25T09:00:00,15,1708332,158805
OK,52,63,910,52,2014-02-25T09:05:00,14,1708781,158805
OK,58,57,910,58,2014-02-25T09:10:00,6,1709230,158805
OK,56,59,910,56,2014-02-25T09:15:00,7,1709679,158805
OK,59,56,910,59,2014-02-25T09:20:00,6,1710128,158805
OK,57,58,910,57,2014-02-25T09:25:00,2,1710577,158805
OK,57,58,910,57,2014-02-25T09:30:00,4,1711026,158805
OK,61,54,910,61,2014-02-25T09:35:00,7,1711475,158805
OK,61,54,910,61,2014-02-25T09:40:00,9,1711924,158805
OK,54,61,910,54,2014-02-25T09:45:00,8,1712373,158805
OK,52,63,910,52,2014-02-25T09:50:00,6,1712822,158805
OK,51,64,910,51,2014-02-25T09:55:00,5,1713271,158805
OK,49,67,910,49,2014-02-25T10:00:00,7,1713720,158805
OK,59,56,910,59,2014-02-25T10:05:00,7,1714169,158805
OK,61,54,910,61,2014-02-25T10:10:00,6,1714618,158805
OK,56,59,910,56,2014-02-25T10:15:00,9,1715067,158805
OK,52,63,910,52,2014-02-25T10:20:00,9,1715516,158805
OK,45,73,910,45,2014-02-25T10:25:00,4,1715965,158805
OK,47,70,910,47,2014-02-25T10:30:00,2,1716414,158805
OK,51,64,910,51,2014-02-25T10:35:00,2,1716863,158805
OK,57,58,910,57,2014-02-25T10:40:00,9,1717312,158805
OK,57,58,910,57,2014-02-25T10:45:00,11,1717761,158805
OK,49,67,910,49,2014-02-25T10:50:00,6,1718210,158805
OK,50,66,910,50,2014-02-25T10:55:00,5,1718659,158805
OK,59,56,910,59,2014-02-25T11:00:00,5,1719108,158805
OK,50,66,910,50,2014-02-25T11:05:00,6,1719557,158805
OK,78,42,910,78,2014-02-25T11:10:00,10,1720006,158805
OK,59,56,910,59,2014-02-25T11:15:00,16,1720455,158805
OK,51,64,910,51,2014-02-25T11:20:00,11,1720904,158805
OK,60,55,910,60,2014-02-25T11:25:00,11,1721353,158805
OK,53,62,910,53,2014-02-25T11:30:00,13,1721802,158805
OK,60,55,910,60,2014-02-25T11:35:00,5,1722251,158805
OK,64,51,910,64,2014-02-25T11:40:00,5,1722700,158805
OK,64,51,910,64,2014-02-25T11:45:00,9,1723149,158805
OK,65,50,910,65,2014-02-25T11:50:00,6,1723598,158805
OK,75,44,910,75,2014-02-25T11:55:00,3,1724047,158805
OK,50,66,910,50,2014-02-25T12:00:00,6,1724496,158805
OK,50,66,910,50,2014-02-25T12:05:00,6,1724945,158805
OK,54,61,910,54,2014-02-25T12:10:00,9,1725394,158805
OK,53,62,910,53,2014-02-25T12:15:00,14,1725843,158805
OK,55,60,910,55,2014-02-25T12:20:00,8,1726292,158805
OK,58,57,910,58,2014-02-25T12:25:00,6,1726741,158805
OK,57,58,910,57,2014-02-25T12:30:00,10,1727190,158805
OK,57,58,910,57,2014-02-25T12:35:00,11,1727639,158805
OK,57,58,910,57,2014-02-25T12:40:00,9,1728088,158805
OK,55,60,910,55,2014-02-25T12:45:00,11,1728537,158805
OK,57,58,910,57,2014-02-25T12:50:00,12,1728986,158805
OK,58,57,910,58,2014-02-25T12:55:00,7,1729435,158805
OK,70,47,910,70,2014-02-25T13:00:00,9,1729884,158805
OK,64,51,910,64,2014-02-25T13:05:00,11,1730333,158805
OK,64,51,910,64,2014-02-25T13:10:00,16,1730782,158805
OK,58,57,910,58,2014-02-25T13:15:00,17,1731231,158805
OK,55,60,910,55,2014-02-25T13:20:00,13,1731680,158805
OK,53,62,910,53,2014-02-25T13:25:00,9,1732129,158805
OK,54,61,910,54,2014-02-25T13:30:00,12,1732578,158805
OK,53,62,910,53,2014-02-25T13:35:00,14,1733027,158805
OK,57,58,910,57,2014-02-25T13:40:00,19,1733476,158805
OK,65,50,910,65,2014-02-25T13:45:00,23,1733925,158805
OK,63,52,910,63,2014-02-25T13:50:00,22,1734374,158805
OK,62,53,910,62,2014-02-25T13:55:00,15,1734823,158805
OK,53,62,910,53,2014-02-25T14:00:00,12,1735272,158805
OK,53,62,910,53,2014-02-25T14:05:00,12,1735721,158805
OK,59,56,910,59,2014-02-25T14:10:00,16,1736170,158805
OK,62,53,910,62,2014-02-25T14:15:00,18,1736619,158805
OK,67,49,910,67,2014-02-25T14:20:00,19,1737068,158805
OK,66,50,910,66,2014-02-25T14:25:00,18,1737517,158805
OK,59,56,910,59,2014-02-25T14:30:00,17,1737966,158805
OK,59,56,910,59,2014-02-25T14:35:00,19,1738415,158805
OK,62,53,910,62,2014-02-25T14:40:00,12,1738864,158805
OK,66,50,910,66,2014-02-25T14:45:00,16,1739313,158805
OK,63,52,910,63,2014-02-25T14:50:00,17,1739762,158805
OK,62,53,910,62,2014-02-25T14:55:00,20,1740211,158805
OK,65,50,910,65,2014-02-25T15:00:00,24,1740660,158805
OK,63,52,910,63,2014-02-25T15:05:00,26,1741109,158805
OK,64,51,910,64,2014-02-25T15:10:00,18,1741558,158805
OK,70,47,910,70,2014-02-25T15:15:00,16,1742007,158805
OK,64,51,910,64,2014-02-25T15:20:00,14,1742456,158805
OK,56,59,910,56,2014-02-25T15:25:00,17,1742905,158805
OK,60,55,910,60,2014-02-25T15:30:00,20,1743354,158805
OK,62,53,910,62,2014-02-25T15:35:00,18,1743803,158805
OK,58,57,910,58,2014-02-25T15:40:00,15,1744252,158805
OK,51,64,910,51,2014-02-25T15:45:00,12,1744701,158805
OK,77,43,910,77,2014-02-25T15:50:00,12,1745150,158805
OK,76,43,910,76,2014-02-25T15:55:00,7,1745599,158805
OK,64,51,910,64,2014-02-25T16:00:00,2,1746048,158805
OK,64,51,910,64,2014-02-25T16:05:00,7,1746497,158805
OK,64,51,910,64,2014-02-25T16:10:00,7,1746946,158805
OK,59,56,910,59,2014-02-25T16:15:00,6,1747395,158805
OK,57,58,910,57,2014-02-25T16:20:00,11,1747844,158805
OK,59,56,910,59,2014-02-25T16:25:00,7,1748293,158805
OK,66,50,910,66,2014-02-25T16:30:00,2,1748742,158805
OK,49,67,910,49,2014-02-25T16:35:00,4,1749191,158805
OK,50,66,910,50,2014-02-25T16:40:00,10,1749640,158805
OK,55,60,910,55,2014-02-25T16:45:00,6,1750089,158805
OK,55,60,910,55,2014-02-25T16:50:00,0,1750538,158805
OK,63,52,910,63,2014-02-25T16:55:00,2,1750987,158805
OK,62,53,910,62,2014-02-25T17:00:00,5,1751436,158805
OK,70,47,910,70,2014-02-25T17:05:00,2,1751885,158805
OK,52,63,910,52,2014-02-25T17:10:00,1,1752334,158805
OK,73,45,910,73,2014-02-25T17:15:00,4,1752783,158805
OK,61,54,910,61,2014-02-25T17:20:00,9,1753232,158805
OK,51,64,910,51,2014-02-25T17:25:00,5,1753681,158805
OK,65,50,910,65,2014-02-25T17:30:00,1,1754130,158805
OK,59,56,910,59,2014-02-25T17:35:00,2,1754579,158805
OK,58,57,910,58,2014-02-25T17:40:00,2,1755028,158805
OK,44,75,910,44,2014-02-25T17:45:00,3,1755477,158805
OK,49,67,910,49,2014-02-25T17:50:00,8,1755926,158805
OK,52,63,910,52,2014-02-25T17:55:00,8,1756375,158805
OK,50,66,910,50,2014-02-25T18:00:00,4,1756824,158805
OK,44,75,910,44,2014-02-25T18:05:00,1,1757273,158805
OK,69,48,910,69,2014-02-25T18:10:00,3,1757722,158805
OK,61,54,910,61,2014-02-25T18:15:00,4,1758171,158805
OK,54,61,910,54,2014-02-25T18:20:00,3,1758620,158805
OK,61,54,910,61,2014-02-25T18:25:00,2,1759069,158805
OK,51,64,910,51,2014-02-25T18:30:00,1,1759518,158805
OK,48,69,910,48,2014-02-25T18:35:00,2,1759967,158805
OK,67,49,910,67,2014-02-25T18:40:00,4,1760416,158805
OK,60,55,910,60,2014-02-25T18:45:00,3,1760865,158805
OK,57,58,910,57,2014-02-25T18:50:00,0,1761314,158805
OK,58,57,910,58,2014-02-25T18:55:00,1,1761763,158805
OK,58,57,910,58,2014-02-25T19:00:00,3,1762212,158805
OK,48,69,910,48,2014-02-25T19:05:00,4,1762661,158805
OK,55,60,910,55,2014-02-25T19:10:00,2,1763110,158805
OK,46,72,910,46,2014-02-25T19:15:00,2,1763559,158805
OK,71,46,910,71,2014-02-25T19:20:00,3,1764008,158805
OK,58,57,910,58,2014-02-25T19:25:00,2,1764457,158805
OK,46,72,910,46,2014-02-25T19:30:00,1,1764906,158805
OK,46,72,910,46,2014-02-25T19:35:00,0,1765355,158805
OK,38,87,910,38,2014-02-25T19:40:00,1,1765804,158805
OK,50,66,910,50,2014-02-25T19:45:00,4,1766253,158805
OK,58,57,910,58,2014-02-25T19:50:00,4,1766702,158805
OK,60,55,910,60,2014-02-25T19:55:00,3,1767151,158805
OK,51,64,910,51,2014-02-25T20:00:00,1,1767600,158805
OK,57,58,910,57,2014-02-25T20:05:00,2,1768049,158805
OK,48,69,910,48,2014-02-25T20:10:00,3,1768498,158805
OK,44,75,910,44,2014-02-25T20:15:00,2,1768947,158805
OK,49,67,910,49,2014-02-25T20:20:00,2,1769396,158805
OK,58,57,910,58,2014-02-25T20:25:00,4,1769845,158805
OK,71,46,910,71,2014-02-25T20:30:00,5,1770294,158805
OK,73,45,910,73,2014-02-25T20:35:00,3,1770743,158805
OK,54,61,910,54,2014-02-25T20:40:00,1,1771192,158805
OK,47,70,910,47,2014-02-25T20:45:00,3,1771641,158805
OK,47,70,910,47,2014-02-25T20:50:00,3,1772090,158805
OK,58,57,910,58,2014-02-25T20:55:00,2,1772539,158805
OK,54,61,910,54,2014-02-25T22:00:00,1,1777959,158805
OK,54,61,910,54,2014-02-25T22:05:00,0,1778352,158805
OK,54,61,910,54,2014-02-25T22:30:00,2,1780437,158805
OK,56,59,910,56,2014-02-25T22:40:00,0,1781272,158805
OK,42,78,910,42,2014-02-25T22:45:00,1,1781654,158805
OK,42,78,910,42,2014-02-25T22:50:00,0,1782103,158805
OK,42,78,910,42,2014-02-25T23:00:00,0,1783001,158805
OK,42,78,910,42,2014-02-25T23:05:00,0,1783450,158805
OK,42,78,910,42,2014-02-25T23:10:00,0,1783899,158805
OK,42,78,910,42,2014-02-25T23:15:00,0,1784283,158805
OK,36,92,910,36,2014-02-25T23:20:00,1,1784732,158805
OK,36,92,910,36,2014-02-25T23:25:00,0,1785181,158805
OK,36,92,910,36,2014-02-25T23:45:00,0,1786594,158805
OK,79,41,910,79,2014-02-26T01:00:00,0,1791819,158805
OK,79,41,910,79,2014-02-26T01:05:00,0,1792268,158805
OK,79,41,910,79,2014-02-26T01:15:00,0,1793166,158805
OK,79,41,910,79,2014-02-26T01:20:00,0,1793615,158805
OK,79,41,910,79,2014-02-26T01:25:00,0,1794064,158805
OK,79,41,910,79,2014-02-26T01:30:00,0,1794513,158805
OK,79,41,910,79,2014-02-26T01:35:00,0,1794962,158805
OK,79,41,910,79,2014-02-26T01:40:00,0,1795411,158805
OK,79,41,910,79,2014-02-26T01:45:00,0,1795860,158805
OK,79,41,910,79,2014-02-26T01:50:00,0,1796309,158805
OK,79,41,910,79,2014-02-26T01:55:00,0,1796758,158805
OK,79,41,910,79,2014-02-26T02:00:00,0,1797207,158805
OK,79,41,910,79,2014-02-26T02:05:00,0,1797656,158805
OK,79,41,910,79,2014-02-26T02:10:00,0,1798105,158805
OK,79,41,910,79,2014-02-26T02:15:00,0,1798554,158805
OK,79,41,910,79,2014-02-26T02:20:00,0,1799003,158805
OK,79,41,910,79,2014-02-26T02:25:00,0,1799452,158805
OK,79,41,910,79,2014-02-26T02:30:00,0,1799901,158805
OK,79,41,910,79,2014-02-26T02:35:00,0,1800350,158805
OK,79,41,910,79,2014-02-26T02:40:00,0,1800799,158805
OK,79,41,910,79,2014-02-26T02:45:00,0,1801248,158805
OK,79,41,910,79,2014-02-26T02:50:00,0,1801697,158805
OK,79,41,910,79,2014-02-26T02:55:00,0,1802146,158805
OK,79,41,910,79,2014-02-26T03:00:00,0,1802595,158805
OK,79,41,910,79,2014-02-26T03:05:00,0,1803044,158805
OK,79,41,910,79,2014-02-26T03:10:00,0,1803493,158805
OK,79,41,910,79,2014-02-26T03:15:00,0,1803942,158805
OK,79,41,910,79,2014-02-26T03:20:00,0,1804391,158805
OK,79,41,910,79,2014-02-26T03:25:00,0,1804840,158805
OK,79,41,910,79,2014-02-26T03:30:00,0,1805289,158805
OK,79,41,910,79,2014-02-26T03:35:00,0,1805738,158805
OK,79,41,910,79,2014-02-26T03:40:00,0,1806187,158805
OK,79,41,910,79,2014-02-26T03:45:00,0,1806636,158805
OK,79,41,910,79,2014-02-26T03:50:00,0,1807085,158805
OK,79,41,910,79,2014-02-26T03:55:00,0,1807534,158805
OK,79,41,910,79,2014-02-26T04:00:00,0,1807983,158805
OK,79,41,910,79,2014-02-26T04:05:00,0,1808432,158805
OK,44,75,910,44,2014-02-26T04:10:00,1,1808881,158805
OK,42,78,910,42,2014-02-26T04:15:00,1,1809330,158805
OK,45,73,910,45,2014-02-26T04:20:00,2,1809779,158805
OK,49,67,910,49,2014-02-26T04:25:00,1,1810228,158805
OK,49,67,910,49,2014-02-26T04:30:00,0,1810677,158805
OK,56,59,910,56,2014-02-26T04:35:00,1,1811126,158805
OK,56,59,910,56,2014-02-26T04:40:00,1,1811575,158805
OK,49,67,910,49,2014-02-26T04:45:00,1,1812024,158805
OK,50,66,910,50,2014-02-26T04:50:00,2,1812473,158805
OK,57,58,910,57,2014-02-26T04:55:00,2,1812922,158805
OK,63,52,910,63,2014-02-26T05:00:00,2,1813371,158805
OK,66,50,910,66,2014-02-26T05:05:00,2,1813820,158805
OK,71,46,910,71,2014-02-26T05:10:00,2,1814269,158805
OK,61,54,910,61,2014-02-26T05:15:00,2,1814718,158805
OK,54,61,910,54,2014-02-26T05:20:00,1,1815167,158805
OK,52,63,910,52,2014-02-26T05:25:00,2,1815616,158805
OK,55,60,910,55,2014-02-26T05:30:00,3,1816065,158805
OK,60,55,910,60,2014-02-26T05:35:00,1,1816514,158805
OK,56,59,910,56,2014-02-26T05:40:00,1,1816963,158805
OK,44,75,910,44,2014-02-26T05:45:00,6,1817412,158805
OK,46,72,910,46,2014-02-26T05:50:00,7,1817861,158805
OK,46,72,910,46,2014-02-26T05:55:00,5,1818310,158805
OK,47,70,910,47,2014-02-26T06:00:00,7,1818759,158805
OK,72,46,910,72,2014-02-26T06:05:00,4,1819208,158805
OK,72,46,910,72,2014-02-26T06:10:00,0,1819657,158805
OK,51,64,910,51,2014-02-26T06:15:00,4,1820106,158805
OK,49,67,910,49,2014-02-26T06:20:00,5,1820555,158805
OK,47,70,910,47,2014-02-26T06:25:00,2,1821004,158805
OK,85,38,910,85,2014-02-26T06:30:00,5,1821453,158805
OK,73,45,910,73,2014-02-26T06:35:00,6,1821902,158805
OK,49,67,910,49,2014-02-26T06:40:00,3,1822351,158805
OK,53,62,910,53,2014-02-26T06:45:00,6,1822800,158805
OK,74,44,910,74,2014-02-26T06:50:00,2,1823249,158805
OK,56,59,910,56,2014-02-26T06:55:00,3,1823698,158805
OK,53,62,910,53,2014-02-26T07:00:00,4,1824147,158805
OK,51,64,910,51,2014-02-26T07:05:00,5,1824596,158805
OK,66,50,910,66,2014-02-26T07:10:00,4,1825045,158805
OK,62,53,910,62,2014-02-26T07:15:00,6,1825494,158805
OK,60,55,910,60,2014-02-26T07:20:00,8,1825943,158805
OK,69,48,910,69,2014-02-26T07:25:00,8,1826392,158805
OK,57,58,910,57,2014-02-26T07:30:00,7,1826841,158805
OK,49,67,910,49,2014-02-26T07:35:00,6,1827290,158805
OK,44,75,910,44,2014-02-26T07:40:00,4,1827739,158805
OK,47,70,910,47,2014-02-26T07:45:00,5,1828188,158805
OK,48,69,910,48,2014-02-26T07:50:00,10,1828637,158805
OK,48,69,910,48,2014-02-26T07:55:00,10,1829086,158805
OK,48,69,910,48,2014-02-26T08:00:00,10,1829535,158805
OK,53,62,910,53,2014-02-26T08:05:00,9,1829984,158805
OK,56,59,910,56,2014-02-26T08:10:00,9,1830433,158805
OK,51,64,910,51,2014-02-26T08:15:00,10,1830882,158805
OK,51,64,910,51,2014-02-26T08:20:00,8,1831331,158805
OK,46,72,910,46,2014-02-26T08:25:00,9,1831780,158805
OK,46,72,910,46,2014-02-26T08:30:00,9,1832229,158805
OK,56,59,910,56,2014-02-26T08:35:00,5,1832678,158805
OK,49,67,910,49,2014-02-26T08:40:00,9,1833127,158805
OK,49,67,910,49,2014-02-26T08:45:00,9,1833576,158805
OK,54,61,910,54,2014-02-26T08:50:00,6,1834025,158805
OK,51,64,910,51,2014-02-26T08:55:00,11,1834474,158805
OK,51,64,910,51,2014-02-26T09:00:00,17,1834923,158805
OK,47,70,910,47,2014-02-26T09:05:00,11,1835372,158805
OK,47,70,910,47,2014-02-26T09:10:00,6,1835821,158805
OK,59,56,910,59,2014-02-26T09:15:00,7,1836270,158805
OK,55,60,910,55,2014-02-26T09:20:00,6,1836719,158805
OK,52,63,910,52,2014-02-26T09:25:00,5,1837168,158805
OK,51,64,910,51,2014-02-26T09:30:00,5,1837617,158805
OK,68,48,910,68,2014-02-26T09:35:00,3,1838066,158805
OK,52,63,910,52,2014-02-26T09:40:00,7,1838515,158805
OK,54,61,910,54,2014-02-26T09:45:00,10,1838964,158805
OK,58,57,910,58,2014-02-26T09:50:00,15,1839413,158805
OK,52,63,910,52,2014-02-26T09:55:00,14,1839862,158805
OK,47,70,910,47,2014-02-26T10:00:00,9,1840311,158805
OK,51,64,910,51,2014-02-26T10:05:00,8,1840760,158805
OK,54,61,910,54,2014-02-26T10:10:00,11,1841209,158805
OK,54,61,910,54,2014-02-26T10:15:00,11,1841658,158805
OK,53,62,910,53,2014-02-26T10:20:00,5,1842107,158805
OK,46,72,910,46,2014-02-26T10:25:00,7,1842556,158805
OK,46,72,910,46,2014-02-26T10:30:00,9,1843005,158805
OK,43,77,910,43,2014-02-26T10:35:00,7,1843454,158805
OK,44,75,910,44,2014-02-26T10:40:00,8,1843903,158805
OK,53,62,910,53,2014-02-26T10:45:00,10,1844352,158805
OK,54,61,910,54,2014-02-26T10:50:00,7,1844801,158805
OK,56,59,910,56,2014-02-26T10:55:00,6,1845250,158805
OK,57,58,910,57,2014-02-26T11:00:00,7,1845699,158805
OK,52,63,910,52,2014-02-26T11:05:00,9,1846148,158805
OK,50,66,910,50,2014-02-26T11:10:00,7,1846597,158805
OK,54,61,910,54,2014-02-26T11:15:00,6,1847046,158805
OK,51,64,910,51,2014-02-26T11:20:00,9,1847495,158805
OK,53,62,910,53,2014-02-26T11:25:00,11,1847944,158805
OK,54,61,910,54,2014-02-26T11:30:00,6,1848393,158805
OK,55,60,910,55,2014-02-26T11:35:00,7,1848842,158805
OK,52,63,910,52,2014-02-26T11:40:00,10,1849291,158805
OK,51,64,910,51,2014-02-26T11:45:00,5,1849740,158805
OK,54,61,910,54,2014-02-26T11:50:00,11,1850189,158805
OK,53,62,910,53,2014-02-26T11:55:00,12,1850638,158805
OK,52,63,910,52,2014-02-26T12:00:00,5,1851087,158805
OK,51,64,910,51,2014-02-26T12:05:00,3,1851536,158805
OK,53,62,910,53,2014-02-26T12:10:00,7,1851985,158805
OK,64,51,910,64,2014-02-26T12:15:00,16,1852434,158805
OK,55,60,910,55,2014-02-26T12:20:00,17,1852883,158805
OK,53,62,910,53,2014-02-26T12:25:00,14,1853332,158805
OK,53,62,910,53,2014-02-26T12:30:00,11,1853781,158805
OK,51,64,910,51,2014-02-26T12:35:00,5,1854230,158805
OK,52,63,910,52,2014-02-26T12:40:00,11,1854679,158805
OK,53,62,910,53,2014-02-26T12:45:00,13,1855128,158805
OK,54,61,910,54,2014-02-26T12:50:00,12,1855577,158805
OK,54,61,910,54,2014-02-26T12:55:00,12,1856026,158805
OK,56,59,910,56,2014-02-26T13:00:00,17,1856475,158805
OK,58,57,910,58,2014-02-26T13:05:00,15,1856924,158805
OK,58,57,910,58,2014-02-26T13:10:00,10,1857373,158805
OK,52,63,910,52,2014-02-26T13:15:00,12,1857822,158805
OK,50,66,910,50,2014-02-26T13:20:00,12,1858271,158805
OK,52,63,910,52,2014-02-26T13:25:00,9,1858720,158805
OK,55,60,910,55,2014-02-26T13:30:00,13,1859169,158805
OK,54,61,910,54,2014-02-26T13:35:00,12,1859618,158805
OK,51,64,910,51,2014-02-26T13:40:00,13,1860067,158805
OK,51,64,910,51,2014-02-26T13:45:00,18,1860516,158805
OK,52,63,910,52,2014-02-26T13:50:00,11,1860965,158805
OK,55,60,910,55,2014-02-26T13:55:00,13,1861414,158805
OK,55,60,910,55,2014-02-26T14:00:00,18,1861863,158805
OK,58,57,910,58,2014-02-26T14:05:00,17,1862312,158805
OK,58,57,910,58,2014-02-26T14:10:00,23,1862761,158805
OK,55,60,910,55,2014-02-26T14:15:00,31,1863210,158805
OK,56,59,910,56,2014-02-26T14:20:00,31,1863659,158805
OK,60,55,910,60,2014-02-26T14:25:00,22,1864108,158805
OK,55,60,910,55,2014-02-26T14:30:00,18,1864557,158805
OK,56,59,910,56,2014-02-26T14:35:00,14,1865006,158805
OK,55,60,910,55,2014-02-26T14:40:00,9,1865455,158805
OK,59,56,910,59,2014-02-26T14:45:00,20,1865904,158805
OK,65,50,910,65,2014-02-26T14:50:00,23,1866353,158805
OK,66,50,910,66,2014-02-26T14:55:00,18,1866802,158805
OK,54,61,910,54,2014-02-26T15:00:00,15,1867251,158805
OK,53,62,910,53,2014-02-26T15:05:00,13,1867700,158805
OK,53,62,910,53,2014-02-26T15:10:00,13,1868149,158805
OK,57,58,910,57,2014-02-26T15:15:00,21,1868598,158805
OK,54,61,910,54,2014-02-26T15:20:00,20,1869047,158805
OK,52,63,910,52,2014-02-26T15:25:00,18,1869496,158805
OK,67,49,910,67,2014-02-26T15:30:00,15,1869945,158805
OK,56,59,910,56,2014-02-26T15:35:00,16,1870394,158805
OK,49,67,910,49,2014-02-26T15:40:00,14,1870843,158805
OK,59,56,910,59,2014-02-26T15:45:00,10,1871292,158805
OK,59,56,910,59,2014-02-26T15:50:00,8,1871741,158805
OK,50,66,910,50,2014-02-26T15:55:00,12,1872190,158805
OK,53,62,910,53,2014-02-26T16:00:00,17,1872639,158805
OK,49,67,910,49,2014-02-26T16:05:00,9,1873088,158805
OK,48,69,910,48,2014-02-26T16:10:00,9,1873537,158805
OK,52,63,910,52,2014-02-26T16:15:00,9,1873986,158805
OK,54,61,910,54,2014-02-26T16:20:00,8,1874435,158805
OK,64,51,910,64,2014-02-26T16:25:00,6,1874884,158805
OK,73,45,910,73,2014-02-26T16:30:00,3,1875333,158805
OK,50,66,910,50,2014-02-26T16:35:00,6,1875782,158805
OK,48,69,910,48,2014-02-26T16:40:00,9,1876231,158805
OK,46,72,910,46,2014-02-26T16:45:00,3,1876680,158805
OK,48,69,910,48,2014-02-26T16:50:00,2,1877129,158805
OK,52,63,910,52,2014-02-26T16:55:00,3,1877578,158805
OK,57,58,910,57,2014-02-26T17:00:00,1,1878027,158805
OK,52,63,910,52,2014-02-26T17:05:00,2,1878476,158805
OK,52,63,910,52,2014-02-26T17:10:00,2,1878925,158805
OK,66,50,910,66,2014-02-26T17:15:00,1,1879374,158805
OK,55,60,910,55,2014-02-26T17:20:00,2,1879823,158805
OK,53,62,910,53,2014-02-26T17:25:00,4,1880272,158805
OK,49,67,910,49,2014-02-26T17:30:00,7,1880721,158805
OK,44,75,910,44,2014-02-26T17:35:00,5,1881170,158805
OK,43,77,910,43,2014-02-26T17:40:00,6,1881619,158805
OK,48,69,910,48,2014-02-26T17:45:00,6,1882068,158805
OK,47,70,910,47,2014-02-26T17:50:00,4,1882517,158805
OK,43,77,910,43,2014-02-26T17:55:00,2,1882966,158805
OK,44,75,910,44,2014-02-26T18:00:00,1,1883415,158805
OK,58,57,910,58,2014-02-26T18:05:00,1,1883864,158805
OK,54,61,910,54,2014-02-26T18:10:00,2,1884313,158805
OK,47,70,910,47,2014-02-26T18:15:00,1,1884762,158805
OK,47,70,910,47,2014-02-26T18:20:00,1,1885211,158805
OK,53,62,910,53,2014-02-26T18:25:00,2,1885660,158805
OK,51,64,910,51,2014-02-26T18:30:00,3,1886109,158805
OK,43,77,910,43,2014-02-26T18:35:00,2,1886558,158805
OK,38,87,910,38,2014-02-26T18:40:00,3,1887007,158805
OK,43,77,910,43,2014-02-26T18:45:00,4,1887456,158805
OK,52,63,910,52,2014-02-26T18:50:00,4,1887905,158805
OK,61,54,910,61,2014-02-26T18:55:00,3,1888354,158805
OK,58,57,910,58,2014-02-26T19:00:00,2,1888803,158805
OK,39,84,910,39,2014-02-26T19:05:00,2,1889252,158805
OK,44,75,910,44,2014-02-26T19:10:00,5,1889701,158805
OK,50,66,910,50,2014-02-26T19:15:00,3,1890150,158805
OK,43,77,910,43,2014-02-26T19:20:00,2,1890599,158805
OK,42,78,910,42,2014-02-26T19:25:00,2,1891048,158805
OK,43,77,910,43,2014-02-26T19:30:00,2,1891497,158805
OK,46,72,910,46,2014-02-26T19:35:00,3,1891946,158805
OK,57,58,910,57,2014-02-26T19:40:00,2,1892395,158805
OK,54,61,910,54,2014-02-26T19:45:00,3,1892844,158805
OK,45,73,910,45,2014-02-26T19:50:00,3,1893293,158805
OK,44,75,910,44,2014-02-26T19:55:00,2,1893742,158805
OK,46,72,910,46,2014-02-26T20:00:00,1,1894191,158805
OK,44,75,910,44,2014-02-26T20:05:00,1,1894640,158805
OK,43,77,910,43,2014-02-26T20:10:00,1,1895089,158805
OK,43,77,910,43,2014-02-26T20:15:00,0,1895538,158805
OK,43,77,910,43,2014-02-26T20:20:00,0,1895987,158805
OK,48,69,910,48,2014-02-26T20:25:00,1,1896436,158805
OK,50,66,910,50,2014-02-26T20:30:00,2,1896885,158805
OK,48,69,910,48,2014-02-26T20:35:00,6,1897334,158805
OK,49,67,910,49,2014-02-26T20:40:00,3,1897783,158805
OK,39,84,910,39,2014-02-26T20:45:00,2,1898232,158805
OK,41,80,910,41,2014-02-26T20:50:00,3,1898681,158805
OK,47,70,910,47,2014-02-26T20:55:00,2,1899130,158805
OK,45,73,910,45,2014-02-26T21:00:00,3,1899579,158805
OK,52,63,910,52,2014-02-26T21:05:00,2,1900028,158805
OK,45,73,910,45,2014-02-26T21:15:00,4,1900880,158805
OK,45,73,910,45,2014-02-26T21:20:00,4,1901315,158805
OK,41,80,910,41,2014-02-26T21:35:00,1,1902549,158805
OK,54,61,910,54,2014-02-26T21:45:00,2,1903381,158805
OK,49,67,910,49,2014-02-26T21:55:00,1,1904279,158805
OK,44,75,910,44,2014-02-26T22:30:00,0,1907043,158805
OK,62,53,910,62,2014-02-26T22:45:00,0,1908296,158805
OK,36,92,910,36,2014-02-26T22:50:00,1,1908679,158805
OK,36,92,910,36,2014-02-26T22:55:00,0,1909067,158805
OK,36,92,910,36,2014-02-26T23:00:00,0,1909516,158805
OK,36,92,910,36,2014-02-26T23:05:00,0,1909932,158805
OK,36,92,910,36,2014-02-26T23:10:00,0,1910381,158805
OK,36,92,910,36,2014-02-26T23:15:00,0,1910764,158805
OK,40,82,910,40,2014-02-26T23:25:00,1,1911596,158805
OK,45,73,910,45,2014-02-27T00:10:00,0,1914921,158805
OK,45,73,910,45,2014-02-27T01:00:00,0,1918702,158805
OK,45,73,910,45,2014-02-27T01:05:00,0,1919151,158805
OK,45,73,910,45,2014-02-27T01:10:00,0,1919498,158805
OK,45,73,910,45,2014-02-27T01:15:00,0,1919947,158805
OK,45,73,910,45,2014-02-27T01:20:00,0,1920396,158805
OK,45,73,910,45,2014-02-27T01:25:00,0,1920845,158805
OK,45,73,910,45,2014-02-27T01:30:00,0,1921294,158805
OK,45,73,910,45,2014-02-27T01:35:00,0,1921743,158805
OK,45,73,910,45,2014-02-27T01:40:00,0,1922192,158805
OK,45,73,910,45,2014-02-27T01:45:00,0,1922641,158805
OK,45,73,910,45,2014-02-27T01:50:00,0,1923090,158805
OK,45,73,910,45,2014-02-27T01:55:00,0,1923539,158805
OK,45,73,910,45,2014-02-27T02:00:00,0,1923988,158805
OK,45,73,910,45,2014-02-27T02:05:00,0,1924437,158805
OK,45,73,910,45,2014-02-27T02:10:00,0,1924886,158805
OK,45,73,910,45,2014-02-27T02:15:00,0,1925335,158805
OK,45,73,910,45,2014-02-27T02:20:00,0,1925784,158805
OK,45,73,910,45,2014-02-27T02:25:00,0,1926233,158805
OK,45,73,910,45,2014-02-27T02:30:00,0,1926682,158805
OK,45,73,910,45,2014-02-27T02:35:00,0,1927131,158805
OK,45,73,910,45,2014-02-27T02:40:00,0,1927580,158805
OK,45,73,910,45,2014-02-27T02:45:00,0,1928029,158805
OK,45,73,910,45,2014-02-27T02:50:00,0,1928478,158805
OK,45,73,910,45,2014-02-27T02:55:00,0,1928927,158805
OK,45,73,910,45,2014-02-27T03:00:00,0,1929376,158805
OK,45,73,910,45,2014-02-27T03:05:00,0,1929825,158805
OK,45,73,910,45,2014-02-27T03:10:00,0,1930274,158805
OK,45,73,910,45,2014-02-27T03:15:00,0,1930723,158805
OK,45,73,910,45,2014-02-27T03:20:00,0,1931172,158805
OK,45,73,910,45,2014-02-27T03:25:00,0,1931621,158805
OK,45,73,910,45,2014-02-27T03:30:00,0,1932069,158805
OK,45,73,910,45,2014-02-27T03:35:00,0,1932518,158805
OK,45,73,910,45,2014-02-27T03:40:00,0,1932967,158805
OK,45,73,910,45,2014-02-27T03:45:00,0,1933416,158805
OK,45,73,910,45,2014-02-27T03:50:00,0,1933865,158805
OK,45,73,910,45,2014-02-27T03:55:00,0,1934314,158805
OK,45,73,910,45,2014-02-27T04:00:00,0,1934763,158805
OK,45,73,910,45,2014-02-27T04:05:00,0,1935212,158805
OK,45,73,910,45,2014-02-27T04:10:00,0,1935661,158805
OK,45,73,910,45,2014-02-27T04:15:00,0,1936110,158805
OK,45,73,910,45,2014-02-27T04:20:00,0,1936559,158805
OK,31,106,910,31,2014-02-27T04:25:00,1,1937008,158805
OK,31,106,910,31,2014-02-27T04:30:00,0,1937457,158805
OK,54,61,910,54,2014-02-27T04:35:00,1,1937906,158805
OK,54,61,910,54,2014-02-27T04:40:00,2,1938355,158805
OK,55,60,910,55,2014-02-27T04:45:00,1,1938804,158805
OK,55,60,910,55,2014-02-27T04:50:00,0,1939253,158805
OK,42,78,910,42,2014-02-27T04:55:00,2,1939702,158805
OK,40,82,910,40,2014-02-27T05:00:00,1,1940151,158805
OK,57,58,910,57,2014-02-27T05:05:00,1,1940600,158805
OK,57,58,910,57,2014-02-27T05:10:00,1,1941049,158805
OK,57,58,910,57,2014-02-27T05:15:00,0,1941498,158805
OK,55,60,910,55,2014-02-27T05:20:00,1,1941947,158805
OK,55,60,910,55,2014-02-27T05:25:00,1,1942396,158805
OK,55,60,910,55,2014-02-27T05:30:00,0,1942845,158805
OK,61,54,910,61,2014-02-27T05:35:00,1,1943294,158805
OK,61,54,910,61,2014-02-27T05:40:00,0,1943743,158805
OK,69,48,910,69,2014-02-27T05:45:00,2,1944192,158805
OK,57,58,910,57,2014-02-27T05:50:00,3,1944641,158805
OK,61,54,910,61,2014-02-27T05:55:00,4,1945090,158805
OK,66,50,910,66,2014-02-27T06:00:00,3,1945539,158805
OK,42,78,910,42,2014-02-27T06:05:00,1,1945988,158805
OK,60,55,910,60,2014-02-27T06:10:00,3,1946437,158805
OK,56,59,910,56,2014-02-27T06:15:00,8,1946886,158805
OK,48,69,910,48,2014-02-27T06:20:00,6,1947335,158805
OK,48,69,910,48,2014-02-27T06:25:00,6,1947784,158805
OK,49,67,910,49,2014-02-27T06:30:00,7,1948233,158805
OK,54,61,910,54,2014-02-27T06:35:00,9,1948682,158805
OK,56,59,910,56,2014-02-27T06:40:00,12,1949131,158805
OK,55,60,910,55,2014-02-27T06:45:00,9,1949580,158805
OK,55,60,910,55,2014-02-27T06:50:00,8,1950029,158805
OK,56,59,910,56,2014-02-27T06:55:00,9,1950478,158805
OK,62,53,910,62,2014-02-27T07:00:00,8,1950927,158805
OK,69,48,910,69,2014-02-27T07:05:00,8,1951376,158805
OK,61,54,910,61,2014-02-27T07:10:00,7,1951825,158805
OK,51,64,910,51,2014-02-27T07:15:00,4,1952274,158805
OK,72,46,910,72,2014-02-27T07:20:00,2,1952723,158805
OK,79,41,910,79,2014-02-27T07:25:00,4,1953172,158805
OK,66,50,910,66,2014-02-27T07:30:00,6,1953621,158805
OK,57,58,910,57,2014-02-27T07:35:00,6,1954070,158805
OK,59,56,910,59,2014-02-27T07:40:00,6,1954519,158805
OK,58,57,910,58,2014-02-27T07:45:00,4,1954968,158805
OK,54,61,910,54,2014-02-27T07:50:00,2,1955417,158805
OK,71,46,910,71,2014-02-27T07:55:00,2,1955866,158805
OK,78,42,910,78,2014-02-27T08:00:00,3,1956315,158805
OK,78,42,910,78,2014-02-27T08:05:00,3,1956764,158805
OK,76,43,910,76,2014-02-27T08:10:00,2,1957213,158805
OK,76,43,910,76,2014-02-27T08:15:00,2,1957662,158805
OK,52,63,910,52,2014-02-27T08:20:00,6,1958111,158805
OK,53,62,910,53,2014-02-27T08:25:00,9,1958560,158805
OK,54,61,910,54,2014-02-27T08:30:00,5,1959009,158805
OK,54,61,910,54,2014-02-27T08:35:00,3,1959458,158805
OK,55,60,910,55,2014-02-27T08:40:00,4,1959907,158805
OK,57,58,910,57,2014-02-27T08:45:00,6,1960356,158805
OK,51,64,910,51,2014-02-27T08:50:00,7,1960805,158805
OK,53,62,910,53,2014-02-27T08:55:00,9,1961254,158805
OK,59,56,910,59,2014-02-27T09:00:00,6,1961703,158805
OK,61,54,910,61,2014-02-27T09:05:00,8,1962152,158805
OK,56,59,910,56,2014-02-27T09:10:00,4,1962601,158805
OK,57,58,910,57,2014-02-27T09:15:00,9,1963050,158805
OK,58,57,910,58,2014-02-27T09:20:00,10,1963499,158805
OK,56,59,910,56,2014-02-27T09:25:00,2,1963948,158805
OK,50,66,910,50,2014-02-27T09:30:00,5,1964397,158805
OK,46,72,910,46,2014-02-27T09:35:00,5,1964846,158805
OK,64,51,910,64,2014-02-27T09:40:00,7,1965295,158805
OK,63,52,910,63,2014-02-27T09:45:00,12,1965744,158805
OK,52,63,910,52,2014-02-27T09:50:00,9,1966193,158805
OK,53,62,910,53,2014-02-27T09:55:00,9,1966642,158805
OK,53,62,910,53,2014-02-27T10:00:00,9,1967091,158805
OK,50,66,910,50,2014-02-27T10:05:00,4,1967540,158805
OK,64,51,910,64,2014-02-27T10:10:00,6,1967989,158805
OK,64,51,910,64,2014-02-27T10:15:00,6,1968438,158805
OK,58,57,910,58,2014-02-27T10:20:00,8,1968887,158805
OK,58,57,910,58,2014-02-27T10:25:00,7,1969336,158805
OK,75,44,910,75,2014-02-27T10:30:00,6,1969785,158805
OK,55,60,910,55,2014-02-27T10:35:00,9,1970234,158805
OK,50,66,910,50,2014-02-27T10:40:00,11,1970683,158805
OK,50,66,910,50,2014-02-27T10:45:00,13,1971132,158805
OK,58,57,910,58,2014-02-27T10:50:00,7,1971581,158805
OK,70,47,910,70,2014-02-27T10:55:00,5,1972030,158805
OK,50,66,910,50,2014-02-27T11:00:00,6,1972479,158805
OK,49,67,910,49,2014-02-27T11:05:00,10,1972928,158805
OK,48,69,910,48,2014-02-27T11:10:00,8,1973377,158805
OK,49,67,910,49,2014-02-27T11:15:00,7,1973826,158805
OK,52,63,910,52,2014-02-27T11:20:00,10,1974275,158805
OK,69,48,910,69,2014-02-27T11:25:00,8,1974724,158805
OK,56,59,910,56,2014-02-27T11:30:00,6,1975173,158805
OK,59,56,910,59,2014-02-27T11:35:00,5,1975622,158805
OK,58,57,910,58,2014-02-27T11:40:00,6,1976071,158805
OK,55,60,910,55,2014-02-27T11:45:00,9,1976520,158805
OK,48,69,910,48,2014-02-27T11:50:00,11,1976969,158805
OK,61,54,910,61,2014-02-27T11:55:00,13,1977418,158805
OK,64,51,910,64,2014-02-27T12:00:00,10,1977867,158805
OK,61,54,910,61,2014-02-27T12:05:00,5,1978316,158805
OK,49,67,910,49,2014-02-27T12:10:00,10,1978765,158805
OK,51,64,910,51,2014-02-27T12:15:00,14,1979214,158805
OK,61,54,910,61,2014-02-27T12:20:00,11,1979663,158805
OK,62,53,910,62,2014-02-27T12:25:00,7,1980112,158805
OK,49,67,910,49,2014-02-27T12:30:00,9,1980561,158805
OK,52,63,910,52,2014-02-27T12:35:00,9,1981010,158805
OK,52,63,910,52,2014-02-27T12:40:00,5,1981459,158805
OK,51,64,910,51,2014-02-27T12:45:00,8,1981908,158805
OK,53,62,910,53,2014-02-27T12:50:00,11,1982357,158805
OK,49,67,910,49,2014-02-27T12:55:00,10,1982806,158805
OK,47,70,910,47,2014-02-27T13:00:00,16,1983255,158805
OK,45,73,910,45,2014-02-27T13:05:00,14,1983704,158805
OK,49,67,910,49,2014-02-27T13:10:00,8,1984153,158805
OK,47,70,910,47,2014-02-27T13:15:00,7,1984602,158805
OK,45,73,910,45,2014-02-27T13:20:00,5,1985051,158805
OK,47,70,910,47,2014-02-27T13:25:00,11,1985500,158805
OK,47,70,910,47,2014-02-27T13:30:00,13,1985949,158805
OK,57,58,910,57,2014-02-27T13:35:00,12,1986398,158805
OK,53,62,910,53,2014-02-27T13:40:00,10,1986847,158805
OK,51,64,910,51,2014-02-27T13:45:00,12,1987296,158805
OK,55,60,910,55,2014-02-27T13:50:00,16,1987745,158805
OK,52,63,910,52,2014-02-27T13:55:00,15,1988194,158805
OK,53,62,910,53,2014-02-27T14:00:00,12,1988643,158805
OK,51,64,910,51,2014-02-27T14:05:00,13,1989092,158805
OK,51,64,910,51,2014-02-27T14:10:00,17,1989541,158805
OK,56,59,910,56,2014-02-27T14:15:00,15,1989990,158805
OK,56,59,910,56,2014-02-27T14:20:00,17,1990439,158805
OK,54,61,910,54,2014-02-27T14:25:00,22,1990888,158805
OK,53,62,910,53,2014-02-27T14:30:00,19,1991337,158805
OK,53,62,910,53,2014-02-27T14:35:00,21,1991786,158805
OK,57,58,910,57,2014-02-27T14:40:00,15,1992235,158805
OK,55,60,910,55,2014-02-27T14:45:00,19,1992684,158805
OK,55,60,910,55,2014-02-27T14:50:00,21,1993133,158805
OK,51,64,910,51,2014-02-27T14:55:00,12,1993582,158805
OK,50,66,910,50,2014-02-27T15:00:00,12,1994031,158805
OK,50,66,910,50,2014-02-27T15:05:00,15,1994480,158805
OK,59,56,910,59,2014-02-27T15:10:00,17,1994929,158805
OK,52,63,910,52,2014-02-27T15:15:00,24,1995378,158805
OK,49,67,910,49,2014-02-27T15:20:00,14,1995827,158805
OK,62,53,910,62,2014-02-27T15:25:00,7,1996276,158805
OK,62,53,910,62,2014-02-27T15:30:00,11,1996725,158805
OK,55,60,910,55,2014-02-27T15:35:00,18,1997174,158805
OK,49,67,910,49,2014-02-27T15:40:00,18,1997623,158805
OK,49,67,910,49,2014-02-27T15:45:00,11,1998072,158805
OK,48,69,910,48,2014-02-27T15:50:00,10,1998521,158805
OK,44,75,910,44,2014-02-27T15:55:00,8,1998970,158805
OK,53,62,910,53,2014-02-27T16:00:00,8,1999419,158805
OK,53,62,910,53,2014-02-27T16:05:00,8,1999868,158805
OK,52,63,910,52,2014-02-27T16:10:00,12,2000317,158805
OK,50,66,910,50,2014-02-27T16:15:00,14,2000766,158805
OK,51,64,910,51,2014-02-27T16:20:00,9,2001215,158805
OK,51,64,910,51,2014-02-27T16:25:00,10,2001664,158805
OK,55,60,910,55,2014-02-27T16:30:00,13,2002113,158805
OK,53,62,910,53,2014-02-27T16:35:00,12,2002562,158805
OK,51,64,910,51,2014-02-27T16:40:00,8,2003011,158805
OK,51,64,910,51,2014-02-27T16:45:00,7,2003460,158805
OK,45,73,910,45,2014-02-27T16:50:00,2,2003909,158805
OK,43,77,910,43,2014-02-27T16:55:00,4,2004358,158805
OK,44,75,910,44,2014-02-27T17:00:00,7,2004807,158805
OK,42,78,910,42,2014-02-27T17:05:00,5,2005256,158805
OK,45,73,910,45,2014-02-27T17:10:00,6,2005705,158805
OK,49,67,910,49,2014-02-27T17:15:00,3,2006154,158805
OK,59,56,910,59,2014-02-27T17:20:00,3,2006603,158805
OK,59,56,910,59,2014-02-27T17:25:00,5,2007052,158805
OK,47,70,910,47,2014-02-27T17:30:00,3,2007501,158805
OK,42,78,910,42,2014-02-27T17:35:00,3,2007950,158805
OK,36,92,910,36,2014-02-27T17:40:00,0,2008399,158805
OK,40,82,910,40,2014-02-27T17:45:00,1,2008848,158805
OK,46,72,910,46,2014-02-27T17:50:00,3,2009297,158805
OK,48,69,910,48,2014-02-27T17:55:00,4,2009746,158805
OK,46,72,910,46,2014-02-27T18:00:00,5,2010195,158805
OK,38,87,910,38,2014-02-27T18:05:00,3,2010644,158805
OK,46,72,910,46,2014-02-27T18:10:00,2,2011093,158805
OK,55,60,910,55,2014-02-27T18:15:00,2,2011542,158805
OK,50,66,910,50,2014-02-27T18:20:00,4,2011991,158805
OK,52,63,910,52,2014-02-27T18:25:00,5,2012440,158805
OK,47,70,910,47,2014-02-27T18:30:00,3,2012889,158805
OK,52,63,910,52,2014-02-27T18:35:00,2,2013338,158805
OK,52,63,910,52,2014-02-27T18:40:00,2,2013787,158805
OK,48,69,910,48,2014-02-27T18:45:00,2,2014236,158805
OK,47,70,910,47,2014-02-27T18:50:00,2,2014685,158805
OK,39,84,910,39,2014-02-27T18:55:00,2,2015134,158805
OK,42,78,910,42,2014-02-27T19:00:00,4,2015583,158805
OK,54,61,910,54,2014-02-27T19:05:00,1,2016032,158805
OK,53,62,910,53,2014-02-27T19:10:00,4,2016481,158805
OK,47,70,910,47,2014-02-27T19:15:00,5,2016930,158805
OK,47,70,910,47,2014-02-27T19:20:00,5,2017379,158805
OK,41,80,910,41,2014-02-27T19:25:00,3,2017828,158805
OK,41,80,910,41,2014-02-27T19:30:00,3,2018277,158805
OK,59,56,910,59,2014-02-27T19:35:00,1,2018726,158805
OK,59,56,910,59,2014-02-27T19:40:00,0,2019175,158805
OK,45,73,910,45,2014-02-27T19:45:00,2,2019624,158805
OK,48,69,910,48,2014-02-27T19:50:00,4,2020073,158805
OK,49,67,910,49,2014-02-27T19:55:00,1,2020522,158805
OK,52,63,910,52,2014-02-27T20:00:00,1,2020971,158805
OK,50,66,910,50,2014-02-27T20:05:00,2,2021420,158805
OK,50,66,910,50,2014-02-27T20:10:00,4,2021869,158805
OK,53,62,910,53,2014-02-27T20:15:00,4,2022318,158805
OK,51,64,910,51,2014-02-27T20:20:00,6,2022767,158805
OK,50,66,910,50,2014-02-27T20:25:00,6,2023216,158805
OK,54,61,910,54,2014-02-27T20:30:00,1,2023665,158805
OK,54,61,910,54,2014-02-27T20:35:00,0,2024114,158805
OK,54,61,910,54,2014-02-27T20:40:00,0,2024563,158805
OK,42,78,910,42,2014-02-27T20:45:00,4,2025012,158805
OK,48,69,910,48,2014-02-27T20:50:00,3,2025461,158805
OK,50,66,910,50,2014-02-27T20:55:00,3,2025910,158805
OK,51,64,910,51,2014-02-27T22:05:00,1,2031629,158805
OK,42,78,910,42,2014-02-27T22:30:00,4,2033668,158805
OK,49,67,910,49,2014-02-27T22:55:00,0,2035758,158805
OK,49,67,910,49,2014-02-27T23:00:00,0,2036162,158805
OK,53,62,910,53,2014-02-27T23:05:00,1,2036611,158805
OK,35,94,910,35,2014-02-27T23:15:00,1,2037509,158805
OK,35,94,910,35,2014-02-27T23:20:00,0,2037958,158805
OK,43,77,910,43,2014-02-28T00:50:00,0,2044023,158805
OK,45,73,910,45,2014-02-28T01:00:00,2,2044736,158805
OK,48,69,910,48,2014-02-28T01:15:00,0,2045657,158805
OK,48,69,910,48,2014-02-28T01:20:00,0,2046106,158805
OK,48,69,910,48,2014-02-28T01:25:00,0,2046555,158805
OK,48,69,910,48,2014-02-28T01:30:00,0,2047004,158805
OK,48,69,910,48,2014-02-28T01:35:00,0,2047453,158805
OK,48,69,910,48,2014-02-28T01:40:00,0,2047902,158805
OK,48,69,910,48,2014-02-28T01:45:00,0,2048351,158805
OK,48,69,910,48,2014-02-28T01:50:00,0,2048800,158805
OK,48,69,910,48,2014-02-28T01:55:00,0,2049249,158805
OK,48,69,910,48,2014-02-28T02:00:00,0,2049698,158805
OK,48,69,910,48,2014-02-28T02:05:00,0,2050147,158805
OK,48,69,910,48,2014-02-28T02:10:00,0,2050596,158805
OK,48,69,910,48,2014-02-28T02:15:00,0,2051045,158805
OK,48,69,910,48,2014-02-28T02:20:00,0,2051494,158805
OK,48,69,910,48,2014-02-28T02:25:00,0,2051943,158805
OK,48,69,910,48,2014-02-28T02:30:00,0,2052392,158805
OK,48,69,910,48,2014-02-28T02:35:00,0,2052841,158805
OK,48,69,910,48,2014-02-28T02:40:00,0,2053290,158805
OK,39,84,910,39,2014-02-28T02:45:00,1,2053739,158805
OK,39,84,910,39,2014-02-28T02:50:00,0,2054188,158805
OK,39,84,910,39,2014-02-28T02:55:00,0,2054637,158805
OK,39,84,910,39,2014-02-28T03:00:00,0,2055086,158805
OK,39,84,910,39,2014-02-28T03:05:00,0,2055535,158805
OK,39,84,910,39,2014-02-28T03:10:00,0,2055984,158805
OK,39,84,910,39,2014-02-28T03:15:00,0,2056433,158805
OK,39,84,910,39,2014-02-28T03:20:00,0,2056882,158805
OK,39,84,910,39,2014-02-28T03:25:00,0,2057331,158805
OK,39,84,910,39,2014-02-28T03:30:00,0,2057780,158805
OK,39,84,910,39,2014-02-28T03:35:00,0,2058229,158805
OK,39,84,910,39,2014-02-28T03:40:00,0,2058678,158805
OK,39,84,910,39,2014-02-28T03:45:00,0,2059127,158805
OK,39,84,910,39,2014-02-28T03:50:00,0,2059576,158805
OK,39,84,910,39,2014-02-28T03:55:00,0,2060025,158805
OK,57,58,910,57,2014-02-28T04:00:00,1,2060474,158805
OK,57,58,910,57,2014-02-28T04:05:00,0,2060923,158805
OK,57,58,910,57,2014-02-28T04:10:00,0,2061372,158805
OK,50,66,910,50,2014-02-28T04:15:00,3,2061821,158805
OK,50,66,910,50,2014-02-28T04:20:00,3,2062270,158805
OK,44,75,910,44,2014-02-28T04:25:00,1,2062719,158805
OK,44,75,910,44,2014-02-28T04:30:00,1,2063168,158805
OK,44,75,910,44,2014-02-28T04:35:00,0,2063617,158805
OK,44,75,910,44,2014-02-28T04:40:00,0,2064066,158805
OK,48,69,910,48,2014-02-28T04:45:00,2,2064515,158805
OK,41,80,910,41,2014-02-28T04:50:00,1,2064964,158805
OK,41,80,910,41,2014-02-28T04:55:00,0,2065413,158805
OK,61,54,910,61,2014-02-28T05:00:00,1,2065862,158805
OK,61,54,910,61,2014-02-28T05:05:00,0,2066311,158805
OK,39,84,910,39,2014-02-28T05:10:00,3,2066760,158805
OK,61,54,910,61,2014-02-28T05:15:00,3,2067209,158805
OK,56,59,910,56,2014-02-28T05:20:00,3,2067658,158805
OK,64,51,910,64,2014-02-28T05:25:00,2,2068107,158805
OK,56,59,910,56,2014-02-28T05:30:00,4,2068556,158805
OK,54,61,910,54,2014-02-28T05:35:00,5,2069005,158805
OK,54,61,910,54,2014-02-28T05:40:00,6,2069454,158805
OK,53,62,910,53,2014-02-28T05:45:00,8,2069903,158805
OK,53,62,910,53,2014-02-28T05:50:00,3,2070352,158805
OK,54,61,910,54,2014-02-28T05:55:00,1,2070801,158805
OK,49,67,910,49,2014-02-28T06:00:00,2,2071250,158805
OK,58,57,910,58,2014-02-28T06:05:00,7,2071699,158805
OK,56,59,910,56,2014-02-28T06:10:00,7,2072148,158805
OK,46,72,910,46,2014-02-28T06:15:00,3,2072597,158805
OK,52,63,910,52,2014-02-28T06:20:00,4,2073046,158805
OK,52,63,910,52,2014-02-28T06:25:00,2,2073495,158805
OK,56,59,910,56,2014-02-28T06:30:00,6,2073944,158805
OK,56,59,910,56,2014-02-28T06:35:00,5,2074393,158805
OK,52,63,910,52,2014-02-28T06:40:00,5,2074842,158805
OK,50,66,910,50,2014-02-28T06:45:00,2,2075291,158805
OK,49,67,910,49,2014-02-28T06:50:00,4,2075740,158805
OK,48,69,910,48,2014-02-28T06:55:00,7,2076189,158805
OK,48,69,910,48,2014-02-28T07:00:00,5,2076638,158805
OK,44,75,910,44,2014-02-28T07:05:00,3,2077087,158805
OK,45,73,910,45,2014-02-28T07:10:00,5,2077536,158805
OK,54,61,910,54,2014-02-28T07:20:00,9,2077985,158805
OK,50,66,910,50,2014-02-28T07:25:00,9,2078358,158805
OK,50,66,910,50,2014-02-28T07:35:00,2,2078819,158805
OK,47,70,910,47,2014-02-28T07:40:00,1,2079268,158805
OK,50,66,910,50,2014-02-28T07:45:00,8,2079717,158805
OK,52,63,910,52,2014-02-28T07:50:00,8,2080166,158805
OK,53,62,910,53,2014-02-28T07:55:00,11,2080615,158805
OK,53,62,910,53,2014-02-28T08:00:00,16,2081064,158805
OK,53,62,910,53,2014-02-28T08:05:00,12,2081513,158805
OK,53,62,910,53,2014-02-28T08:10:00,5,2081962,158805
OK,47,70,910,47,2014-02-28T08:15:00,4,2082411,158805
OK,48,69,910,48,2014-02-28T08:20:00,5,2082860,158805
OK,59,56,910,59,2014-02-28T08:25:00,2,2083309,158805
OK,57,58,910,57,2014-02-28T08:30:00,4,2083758,158805
OK,54,61,910,54,2014-02-28T08:35:00,4,2084207,158805
OK,52,63,910,52,2014-02-28T08:40:00,4,2084656,158805
OK,61,54,910,61,2014-02-28T08:45:00,2,2085105,158805
OK,60,55,910,60,2014-02-28T08:50:00,5,2085554,158805
OK,62,53,910,62,2014-02-28T08:55:00,9,2086003,158805
OK,54,61,910,54,2014-02-28T09:00:00,10,2086452,158805
OK,51,64,910,51,2014-02-28T09:05:00,8,2086901,158805
OK,53,62,910,53,2014-02-28T09:10:00,6,2087350,158805
OK,55,60,910,55,2014-02-28T09:15:00,3,2087799,158805
OK,50,66,910,50,2014-02-28T09:20:00,5,2088248,158805
OK,49,67,910,49,2014-02-28T09:25:00,8,2088697,158805
OK,51,64,910,51,2014-02-28T09:45:00,7,2089146,158805
OK,52,63,910,52,2014-02-28T09:55:00,12,2089595,158805
OK,56,59,910,56,2014-02-28T10:10:00,10,2090082,158805
OK,53,62,910,53,2014-02-28T10:20:00,14,2090531,158805
OK,54,61,910,54,2014-02-28T10:25:00,13,2090980,158805
OK,58,57,910,58,2014-02-28T10:40:00,10,2091429,158805
OK,64,51,910,64,2014-02-28T10:55:00,8,2091878,158805
OK,63,52,910,63,2014-02-28T11:00:00,8,2092247,158805
OK,53,62,910,53,2014-02-28T11:05:00,9,2092696,158805
OK,54,61,910,54,2014-02-28T11:10:00,13,2093145,158805
OK,55,60,910,55,2014-02-28T11:15:00,9,2093594,158805
OK,49,67,910,49,2014-02-28T11:20:00,5,2094043,158805
OK,56,59,910,56,2014-02-28T11:25:00,10,2094492,158805
OK,57,58,910,57,2014-02-28T11:30:00,13,2094941,158805
OK,55,60,910,55,2014-02-28T11:35:00,12,2095390,158805
OK,49,67,910,49,2014-02-28T11:40:00,9,2095839,158805
OK,54,61,910,54,2014-02-28T11:45:00,12,2096288,158805
OK,55,60,910,55,2014-02-28T11:50:00,9,2096737,158805
OK,57,58,910,57,2014-02-28T11:55:00,9,2097186,158805
OK,54,61,910,54,2014-02-28T12:00:00,15,2097635,158805
OK,51,64,910,51,2014-02-28T12:05:00,11,2098084,158805
OK,48,69,910,48,2014-02-28T12:10:00,10,2098533,158805
OK,55,60,910,55,2014-02-28T12:15:00,14,2098982,158805
OK,60,55,910,60,2014-02-28T12:20:00,14,2099431,158805
OK,59,56,910,59,2014-02-28T12:25:00,14,2099880,158805
OK,51,64,910,51,2014-02-28T12:30:00,15,2100329,158805
OK,49,67,910,49,2014-02-28T12:35:00,14,2100778,158805
OK,63,52,910,63,2014-02-28T12:40:00,11,2101227,158805
OK,63,52,910,63,2014-02-28T12:45:00,9,2101676,158805
OK,49,67,910,49,2014-02-28T12:50:00,15,2102125,158805
OK,69,48,910,69,2014-02-28T12:55:00,10,2102574,158805
OK,71,46,910,71,2014-02-28T13:00:00,8,2103023,158805
OK,56,59,910,56,2014-02-28T13:05:00,12,2103472,158805
OK,53,62,910,53,2014-02-28T13:10:00,16,2103921,158805
OK,54,61,910,54,2014-02-28T13:15:00,11,2104370,158805
OK,74,44,910,74,2014-02-28T13:20:00,11,2104819,158805
OK,77,43,910,77,2014-02-28T13:25:00,12,2105268,158805
OK,59,56,910,59,2014-02-28T13:30:00,12,2105717,158805
OK,51,64,910,51,2014-02-28T13:35:00,11,2106166,158805
OK,58,57,910,58,2014-02-28T13:40:00,13,2106615,158805
OK,58,57,910,58,2014-02-28T13:45:00,19,2107064,158805
OK,58,57,910,58,2014-02-28T13:50:00,18,2107513,158805
OK,62,53,910,62,2014-02-28T13:55:00,11,2107962,158805
OK,50,66,910,50,2014-02-28T14:00:00,12,2108411,158805
OK,55,60,910,55,2014-02-28T14:05:00,14,2108860,158805
OK,53,62,910,53,2014-02-28T14:10:00,15,2109309,158805
OK,54,61,910,54,2014-02-28T14:15:00,12,2109758,158805
OK,62,53,910,62,2014-02-28T14:20:00,17,2110207,158805
OK,57,58,910,57,2014-02-28T14:25:00,15,2110656,158805
OK,54,61,910,54,2014-02-28T14:30:00,9,2111105,158805
OK,59,56,910,59,2014-02-28T14:35:00,15,2111554,158805
OK,60,55,910,60,2014-02-28T14:40:00,12,2112003,158805
OK,70,47,910,70,2014-02-28T14:45:00,12,2112452,158805
OK,67,49,910,67,2014-02-28T14:50:00,16,2112901,158805
OK,55,60,910,55,2014-02-28T14:55:00,9,2113350,158805
OK,57,58,910,57,2014-02-28T15:00:00,11,2113799,158805
OK,68,48,910,68,2014-02-28T15:05:00,11,2114248,158805
OK,65,50,910,65,2014-02-28T15:10:00,12,2114697,158805
OK,54,61,910,54,2014-02-28T15:15:00,12,2115146,158805
OK,56,59,910,56,2014-02-28T15:20:00,8,2115595,158805
OK,56,59,910,56,2014-02-28T15:25:00,7,2116044,158805
OK,47,70,910,47,2014-02-28T15:30:00,6,2116493,158805
OK,49,67,910,49,2014-02-28T15:35:00,9,2116942,158805
OK,49,67,910,49,2014-02-28T15:40:00,9,2117391,158805
OK,54,61,910,54,2014-02-28T15:45:00,10,2117840,158805
OK,57,58,910,57,2014-02-28T15:50:00,8,2118289,158805
OK,47,70,910,47,2014-02-28T15:55:00,3,2118738,158805
OK,47,70,910,47,2014-02-28T16:00:00,4,2119187,158805
OK,66,50,910,66,2014-02-28T16:05:00,4,2119636,158805
OK,54,61,910,54,2014-02-28T16:10:00,4,2120085,158805
OK,51,64,910,51,2014-02-28T16:15:00,6,2120534,158805
OK,58,57,910,58,2014-02-28T16:20:00,6,2120983,158805
OK,80,41,910,80,2014-02-28T16:25:00,5,2121432,158805
OK,80,41,910,80,2014-02-28T16:30:00,6,2121881,158805
OK,77,43,910,77,2014-02-28T16:35:00,2,2122330,158805
OK,68,48,910,68,2014-02-28T16:40:00,4,2122779,158805
OK,56,59,910,56,2014-02-28T16:45:00,5,2123228,158805
OK,54,61,910,54,2014-02-28T16:50:00,3,2123677,158805
OK,42,78,910,42,2014-02-28T16:55:00,1,2124126,158805
OK,42,78,910,42,2014-02-28T17:00:00,2,2124575,158805
OK,49,67,910,49,2014-02-28T17:05:00,4,2125024,158805
OK,59,56,910,59,2014-02-28T17:10:00,4,2125473,158805
OK,70,47,910,70,2014-02-28T17:15:00,1,2125922,158805
OK,64,51,910,64,2014-02-28T17:20:00,5,2126371,158805
OK,62,53,910,62,2014-02-28T17:25:00,6,2126820,158805
OK,57,58,910,57,2014-02-28T17:30:00,3,2127269,158805
OK,57,58,910,57,2014-02-28T17:35:00,4,2127718,158805
OK,57,58,910,57,2014-02-28T17:40:00,4,2128167,158805
OK,40,82,910,40,2014-02-28T17:45:00,0,2128616,158805
OK,40,82,910,40,2014-02-28T17:50:00,0,2129065,158805
OK,47,70,910,47,2014-02-28T17:55:00,3,2129514,158805
OK,54,61,910,54,2014-02-28T18:00:00,3,2129963,158805
OK,51,64,910,51,2014-02-28T18:05:00,5,2130412,158805
OK,37,89,910,37,2014-02-28T18:10:00,3,2130861,158805
OK,48,69,910,48,2014-02-28T18:15:00,4,2131310,158805
OK,52,63,910,52,2014-02-28T18:20:00,4,2131759,158805
OK,54,61,910,54,2014-02-28T18:25:00,4,2132208,158805
OK,48,69,910,48,2014-02-28T18:30:00,3,2132657,158805
OK,47,70,910,47,2014-02-28T18:35:00,5,2133106,158805
OK,47,70,910,47,2014-02-28T18:40:00,6,2133555,158805
OK,42,78,910,42,2014-02-28T18:45:00,3,2134004,158805
OK,41,80,910,41,2014-02-28T18:50:00,2,2134453,158805
OK,45,73,910,45,2014-02-28T18:55:00,3,2134902,158805
OK,44,75,910,44,2014-02-28T19:00:00,1,2135351,158805
OK,44,75,910,44,2014-02-28T19:05:00,0,2135800,158805
OK,44,75,910,44,2014-02-28T19:10:00,0,2136249,158805
OK,57,58,910,57,2014-02-28T19:15:00,1,2136698,158805
OK,49,67,910,49,2014-02-28T19:20:00,2,2137147,158805
OK,44,75,910,44,2014-02-28T19:25:00,1,2137596,158805
OK,39,84,910,39,2014-02-28T19:30:00,1,2138045,158805
OK,69,48,910,69,2014-02-28T19:35:00,2,2138494,158805
OK,79,41,910,79,2014-02-28T19:40:00,1,2138943,158805
OK,55,60,910,55,2014-02-28T19:45:00,2,2139392,158805
OK,57,58,910,57,2014-02-28T19:50:00,1,2139841,158805
OK,41,80,910,41,2014-02-28T19:55:00,1,2140290,158805
OK,41,80,910,41,2014-02-28T20:00:00,1,2140739,158805
OK,47,70,910,47,2014-02-28T20:05:00,2,2141188,158805
OK,47,70,910,47,2014-02-28T20:10:00,0,2141637,158805
OK,75,44,910,75,2014-02-28T20:15:00,1,2142086,158805
OK,75,44,910,75,2014-02-28T20:20:00,1,2142535,158805
OK,75,44,910,75,2014-02-28T20:25:00,0,2142984,158805
OK,41,80,910,41,2014-02-28T20:30:00,1,2143433,158805
OK,40,82,910,40,2014-02-28T20:35:00,2,2143882,158805
OK,39,84,910,39,2014-02-28T20:40:00,1,2144331,158805
OK,49,67,910,49,2014-02-28T20:45:00,2,2144780,158805
OK,43,77,910,43,2014-02-28T20:50:00,1,2145229,158805
OK,46,72,910,46,2014-02-28T20:55:00,3,2145678,158805
OK,46,72,910,46,2014-02-28T21:55:00,0,2150592,158805
OK,46,72,910,46,2014-02-28T22:15:00,1,2152182,158805
OK,36,92,910,36,2014-02-28T22:30:00,3,2153297,158805
OK,47,70,910,47,2014-02-28T22:55:00,2,2155488,158805
OK,33,100,910,33,2014-02-28T23:00:00,0,2155899,158805
OK,44,75,910,44,2014-02-28T23:05:00,3,2156348,158805
OK,47,70,910,47,2014-02-28T23:20:00,0,2157695,158805
OK,44,75,910,44,2014-03-01T01:00:00,1,2165208,158805
OK,44,75,910,44,2014-03-01T01:05:00,1,2165657,158805
OK,43,77,910,43,2014-03-01T01:15:00,1,2166555,158805
OK,43,77,910,43,2014-03-01T01:20:00,0,2167004,158805
OK,43,77,910,43,2014-03-01T01:25:00,0,2167453,158805
OK,43,77,910,43,2014-03-01T01:30:00,0,2167902,158805
OK,57,58,910,57,2014-03-01T01:35:00,1,2168351,158805
OK,43,77,910,43,2014-03-01T01:40:00,2,2168800,158805
OK,32,103,910,32,2014-03-01T01:45:00,2,2169249,158805
OK,35,94,910,35,2014-03-01T01:50:00,0,2169698,158805
OK,35,94,910,35,2014-03-01T01:55:00,0,2170147,158805
OK,35,94,910,35,2014-03-01T02:00:00,0,2170596,158805
OK,35,94,910,35,2014-03-01T02:05:00,0,2171045,158805
OK,35,94,910,35,2014-03-01T02:10:00,0,2171494,158805
OK,35,94,910,35,2014-03-01T02:15:00,0,2171943,158805
OK,43,77,910,43,2014-03-01T02:20:00,1,2172392,158805
OK,43,77,910,43,2014-03-01T02:25:00,0,2172841,158805
OK,43,77,910,43,2014-03-01T02:30:00,0,2173290,158805
OK,43,77,910,43,2014-03-01T02:35:00,0,2173739,158805
OK,43,77,910,43,2014-03-01T02:40:00,0,2174188,158805
OK,43,77,910,43,2014-03-01T02:45:00,0,2174637,158805
OK,43,77,910,43,2014-03-01T02:50:00,0,2175086,158805
OK,43,77,910,43,2014-03-01T02:55:00,0,2175535,158805
OK,43,77,910,43,2014-03-01T03:00:00,0,2175984,158805
OK,43,77,910,43,2014-03-01T03:05:00,0,2176433,158805
OK,43,77,910,43,2014-03-01T03:10:00,0,2176882,158805
OK,43,77,910,43,2014-03-01T03:15:00,0,2177331,158805
OK,43,77,910,43,2014-03-01T03:20:00,0,2177780,158805
OK,43,77,910,43,2014-03-01T03:25:00,0,2178229,158805
OK,43,77,910,43,2014-03-01T03:30:00,0,2178678,158805
OK,43,77,910,43,2014-03-01T03:35:00,0,2179127,158805
OK,43,77,910,43,2014-03-01T03:40:00,0,2179576,158805
OK,43,77,910,43,2014-03-01T03:45:00,0,2180025,158805
OK,52,63,910,52,2014-03-01T03:50:00,1,2180474,158805
OK,52,63,910,52,2014-03-01T03:55:00,0,2180923,158805
OK,52,63,910,52,2014-03-01T04:00:00,0,2181372,158805
OK,34,97,910,34,2014-03-01T04:05:00,1,2181821,158805
OK,34,97,910,34,2014-03-01T04:10:00,0,2182270,158805
OK,34,97,910,34,2014-03-01T04:15:00,0,2182719,158805
OK,34,97,910,34,2014-03-01T04:20:00,0,2183168,158805
OK,34,97,910,34,2014-03-01T04:25:00,0,2183617,158805
OK,34,97,910,34,2014-03-01T04:30:00,0,2184066,158805
OK,34,97,910,34,2014-03-01T04:35:00,0,2184515,158805
OK,34,97,910,34,2014-03-01T04:40:00,0,2184964,158805
OK,54,61,910,54,2014-03-01T04:45:00,3,2185413,158805
OK,54,61,910,54,2014-03-01T04:50:00,3,2185862,158805
OK,54,61,910,54,2014-03-01T04:55:00,0,2186311,158805
OK,54,61,910,54,2014-03-01T05:00:00,0,2186760,158805
OK,54,61,910,54,2014-03-01T05:10:00,0,2187583,158805
OK,54,61,910,54,2014-03-01T05:15:00,0,2187973,158805
OK,75,44,910,75,2014-03-01T05:25:00,2,2188812,158805
OK,54,61,910,54,2014-03-01T05:40:00,3,2190015,158805
OK,43,77,910,43,2014-03-01T05:50:00,0,2190913,158805
OK,43,77,910,43,2014-03-01T05:55:00,0,2191362,158805
OK,43,77,910,43,2014-03-01T06:05:00,1,2192260,158805
OK,52,63,910,52,2014-03-01T06:20:00,1,2193538,158805
OK,52,63,910,52,2014-03-01T06:25:00,0,2193987,158805
OK,35,94,910,35,2014-03-01T06:40:00,2,2195268,158805
OK,33,100,910,33,2014-03-01T06:50:00,0,2196075,158805
OK,33,100,910,33,2014-03-01T06:55:00,0,2196473,158805
OK,37,89,910,37,2014-03-01T07:00:00,1,2196922,158805
OK,37,89,910,37,2014-03-01T07:05:00,1,2197371,158805
OK,43,77,910,43,2014-03-01T07:10:00,1,2197820,158805
OK,43,77,910,43,2014-03-01T07:15:00,1,2198269,158805
OK,43,77,910,43,2014-03-01T07:20:00,0,2198718,158805
OK,43,77,910,43,2014-03-01T07:25:00,0,2199167,158805
OK,45,73,910,45,2014-03-01T07:30:00,1,2199616,158805
OK,48,69,910,48,2014-03-01T07:35:00,2,2200065,158805
OK,51,64,910,51,2014-03-01T07:40:00,0,2200514,158805
OK,51,64,910,51,2014-03-01T07:45:00,0,2200963,158805
OK,51,64,910,51,2014-03-01T07:50:00,0,2201412,158805
OK,49,67,910,49,2014-03-01T07:55:00,1,2201861,158805
OK,49,67,910,49,2014-03-01T08:00:00,1,2202310,158805
OK,49,67,910,49,2014-03-01T08:05:00,0,2202759,158805
OK,52,63,910,52,2014-03-01T08:10:00,3,2203208,158805
OK,52,63,910,52,2014-03-01T08:15:00,3,2203657,158805
OK,59,56,910,59,2014-03-01T08:20:00,1,2204106,158805
OK,50,66,910,50,2014-03-01T08:25:00,2,2204555,158805
OK,43,77,910,43,2014-03-01T08:30:00,2,2205004,158805
OK,46,72,910,46,2014-03-01T08:35:00,1,2205453,158805
OK,48,69,910,48,2014-03-01T08:40:00,2,2205902,158805
OK,55,60,910,55,2014-03-01T08:45:00,1,2206351,158805
OK,55,60,910,55,2014-03-01T08:50:00,0,2206800,158805
OK,54,61,910,54,2014-03-01T08:55:00,2,2207249,158805
OK,54,61,910,54,2014-03-01T09:00:00,2,2207698,158805
OK,54,61,910,54,2014-03-01T09:05:00,4,2208147,158805
OK,53,62,910,53,2014-03-01T09:10:00,4,2208596,158805
OK,48,69,910,48,2014-03-01T09:15:00,5,2209045,158805
OK,40,82,910,40,2014-03-01T09:20:00,5,2209494,158805
OK,40,82,910,40,2014-03-01T09:25:00,2,2209943,158805
OK,53,62,910,53,2014-03-01T09:30:00,6,2210392,158805
OK,53,62,910,53,2014-03-01T09:35:00,8,2210841,158805
OK,48,69,910,48,2014-03-01T09:40:00,4,2211290,158805
OK,47,70,910,47,2014-03-01T09:45:00,3,2211739,158805
OK,58,57,910,58,2014-03-01T09:50:00,3,2212188,158805
OK,61,54,910,61,2014-03-01T09:55:00,4,2212637,158805
OK,56,59,910,56,2014-03-01T10:00:00,2,2213086,158805
OK,45,73,910,45,2014-03-01T10:05:00,5,2213535,158805
OK,44,75,910,44,2014-03-01T10:10:00,8,2213984,158805
OK,53,62,910,53,2014-03-01T10:15:00,5,2214433,158805
OK,56,59,910,56,2014-03-01T10:20:00,1,2214882,158805
OK,60,55,910,60,2014-03-01T10:25:00,2,2215331,158805
OK,60,55,910,60,2014-03-01T10:30:00,2,2215780,158805
OK,43,77,910,43,2014-03-01T10:35:00,2,2216229,158805
OK,48,69,910,48,2014-03-01T10:40:00,7,2216678,158805
OK,44,75,910,44,2014-03-01T10:45:00,10,2217127,158805
OK,44,75,910,44,2014-03-01T10:50:00,7,2217576,158805
OK,65,50,910,65,2014-03-01T10:55:00,2,2218025,158805
OK,62,53,910,62,2014-03-01T11:00:00,7,2218474,158805
OK,53,62,910,53,2014-03-01T11:05:00,6,2218923,158805
OK,44,75,910,44,2014-03-01T11:10:00,1,2219372,158805
OK,47,70,910,47,2014-03-01T11:15:00,4,2219821,158805
OK,48,69,910,48,2014-03-01T11:20:00,4,2220270,158805
OK,49,67,910,49,2014-03-01T11:25:00,2,2220719,158805
OK,53,62,910,53,2014-03-01T11:30:00,3,2221168,158805
OK,60,55,910,60,2014-03-01T11:35:00,3,2221617,158805
OK,58,57,910,58,2014-03-01T11:40:00,3,2222066,158805
OK,56,59,910,56,2014-03-01T11:45:00,4,2222515,158805
OK,49,67,910,49,2014-03-01T11:50:00,9,2222964,158805
OK,49,67,910,49,2014-03-01T11:55:00,10,2223413,158805
OK,49,67,910,49,2014-03-01T12:00:00,7,2223862,158805
OK,54,61,910,54,2014-03-01T12:05:00,3,2224311,158805
OK,48,69,910,48,2014-03-01T12:10:00,2,2224760,158805
OK,43,77,910,43,2014-03-01T12:15:00,4,2225209,158805
OK,51,64,910,51,2014-03-01T12:20:00,9,2225658,158805
OK,50,66,910,50,2014-03-01T12:25:00,8,2226107,158805
OK,45,73,910,45,2014-03-01T12:30:00,6,2226556,158805
OK,43,77,910,43,2014-03-01T12:35:00,7,2227005,158805
OK,50,66,910,50,2014-03-01T12:40:00,6,2227454,158805
OK,46,72,910,46,2014-03-01T12:45:00,4,2227903,158805
OK,36,92,910,36,2014-03-01T12:50:00,2,2228352,158805
OK,56,59,910,56,2014-03-01T12:55:00,5,2228801,158805
OK,55,60,910,55,2014-03-01T13:00:00,6,2229250,158805
OK,48,69,910,48,2014-03-01T13:05:00,7,2229699,158805
OK,51,64,910,51,2014-03-01T13:10:00,8,2230148,158805
OK,49,67,910,49,2014-03-01T13:15:00,5,2230597,158805
OK,49,67,910,49,2014-03-01T13:20:00,5,2231046,158805
OK,63,52,910,63,2014-03-01T13:25:00,3,2231495,158805
OK,57,58,910,57,2014-03-01T13:30:00,3,2231944,158805
OK,57,58,910,57,2014-03-01T13:35:00,7,2232393,158805
OK,63,52,910,63,2014-03-01T13:40:00,7,2232842,158805
OK,54,61,910,54,2014-03-01T13:45:00,6,2233291,158805
OK,51,64,910,51,2014-03-01T13:50:00,8,2233740,158805
OK,50,66,910,50,2014-03-01T13:55:00,7,2234189,158805
OK,62,53,910,62,2014-03-01T14:00:00,6,2234638,158805
OK,61,54,910,61,2014-03-01T14:05:00,6,2235087,158805
OK,64,51,910,64,2014-03-01T14:10:00,3,2235536,158805
OK,71,46,910,71,2014-03-01T14:15:00,4,2235985,158805
OK,70,47,910,70,2014-03-01T14:20:00,7,2236434,158805
OK,47,70,910,47,2014-03-01T14:25:00,4,2236883,158805
OK,68,48,910,68,2014-03-01T14:30:00,3,2237332,158805
OK,62,53,910,62,2014-03-01T14:35:00,2,2237781,158805
OK,41,80,910,41,2014-03-01T14:40:00,3,2238230,158805
OK,43,77,910,43,2014-03-01T14:45:00,4,2238679,158805
OK,42,78,910,42,2014-03-01T14:50:00,1,2239128,158805
OK,79,41,910,79,2014-03-01T14:55:00,4,2239577,158805
OK,48,69,910,48,2014-03-01T15:00:00,9,2240026,158805
OK,46,72,910,46,2014-03-01T15:05:00,8,2240475,158805
OK,50,66,910,50,2014-03-01T15:10:00,7,2240924,158805
OK,47,70,910,47,2014-03-01T15:15:00,6,2241373,158805
OK,44,75,910,44,2014-03-01T15:20:00,3,2241822,158805
OK,56,59,910,56,2014-03-01T15:25:00,1,2242271,158805
OK,51,64,910,51,2014-03-01T15:30:00,1,2242720,158805
OK,47,70,910,47,2014-03-01T15:35:00,2,2243169,158805
OK,48,69,910,48,2014-03-01T15:40:00,5,2243618,158805
OK,46,72,910,46,2014-03-01T15:45:00,2,2244067,158805
OK,70,47,910,70,2014-03-01T15:50:00,1,2244516,158805
OK,58,57,910,58,2014-03-01T15:55:00,2,2244965,158805
OK,46,72,910,46,2014-03-01T16:00:00,0,2245414,158805
OK,33,100,910,33,2014-03-01T16:05:00,1,2245863,158805
OK,51,64,910,51,2014-03-01T16:10:00,4,2246312,158805
OK,52,63,910,52,2014-03-01T16:15:00,7,2246761,158805
OK,50,66,910,50,2014-03-01T16:20:00,8,2247210,158805
OK,48,69,910,48,2014-03-01T16:25:00,5,2247659,158805
OK,55,60,910,55,2014-03-01T16:30:00,3,2248108,158805
OK,55,60,910,55,2014-03-01T16:35:00,2,2248557,158805
OK,45,73,910,45,2014-03-01T16:40:00,3,2249006,158805
OK,50,66,910,50,2014-03-01T16:45:00,2,2249455,158805
OK,51,64,910,51,2014-03-01T16:50:00,8,2249904,158805
OK,54,61,910,54,2014-03-01T16:55:00,7,2250353,158805
OK,43,77,910,43,2014-03-01T17:00:00,2,2250802,158805
OK,41,80,910,41,2014-03-01T17:05:00,1,2251251,158805
OK,45,73,910,45,2014-03-01T17:10:00,2,2251700,158805
OK,45,73,910,45,2014-03-01T17:15:00,3,2252149,158805
OK,45,73,910,45,2014-03-01T17:20:00,4,2252598,158805
OK,42,78,910,42,2014-03-01T17:25:00,2,2253047,158805
OK,40,82,910,40,2014-03-01T17:30:00,0,2253496,158805
OK,41,80,910,41,2014-03-01T17:35:00,1,2253945,158805
OK,39,84,910,39,2014-03-01T17:40:00,2,2254394,158805
OK,37,89,910,37,2014-03-01T17:45:00,2,2254843,158805
OK,46,72,910,46,2014-03-01T17:50:00,3,2255292,158805
OK,46,72,910,46,2014-03-01T17:55:00,3,2255741,158805
OK,58,57,910,58,2014-03-01T18:00:00,2,2256190,158805
OK,60,55,910,60,2014-03-01T18:05:00,4,2256639,158805
OK,60,55,910,60,2014-03-01T18:10:00,2,2257088,158805
OK,42,78,910,42,2014-03-01T18:15:00,3,2257537,158805
OK,44,75,910,44,2014-03-01T18:20:00,4,2257986,158805
OK,43,77,910,43,2014-03-01T18:25:00,3,2258435,158805
OK,40,82,910,40,2014-03-01T18:30:00,0,2258884,158805
OK,50,66,910,50,2014-03-01T18:35:00,2,2259333,158805
OK,48,69,910,48,2014-03-01T18:40:00,1,2259782,158805
OK,39,84,910,39,2014-03-01T18:45:00,2,2260231,158805
OK,41,80,910,41,2014-03-01T18:50:00,3,2260680,158805
OK,46,72,910,46,2014-03-01T18:55:00,3,2261129,158805
OK,45,73,910,45,2014-03-01T19:00:00,0,2261578,158805
OK,45,73,910,45,2014-03-01T19:05:00,1,2262027,158805
OK,51,64,910,51,2014-03-01T19:10:00,3,2262476,158805
OK,51,64,910,51,2014-03-01T19:15:00,2,2262925,158805
OK,56,59,910,56,2014-03-01T19:20:00,1,2263374,158805
OK,47,70,910,47,2014-03-01T19:25:00,2,2263823,158805
OK,38,87,910,38,2014-03-01T19:30:00,1,2264272,158805
OK,38,87,910,38,2014-03-01T19:35:00,0,2264721,158805
OK,38,87,910,38,2014-03-01T19:40:00,0,2265170,158805
OK,47,70,910,47,2014-03-01T19:45:00,1,2265619,158805
OK,47,70,910,47,2014-03-01T19:50:00,3,2266068,158805
OK,56,59,910,56,2014-03-01T19:55:00,4,2266517,158805
OK,58,57,910,58,2014-03-01T20:00:00,5,2266966,158805
OK,55,60,910,55,2014-03-01T20:05:00,3,2267415,158805
OK,49,67,910,49,2014-03-01T20:10:00,1,2267864,158805
OK,60,55,910,60,2014-03-01T20:15:00,1,2268313,158805
OK,60,55,910,60,2014-03-01T20:20:00,1,2268762,158805
OK,60,55,910,60,2014-03-01T20:25:00,0,2269211,158805
OK,60,55,910,60,2014-03-01T20:30:00,0,2269660,158805
OK,49,67,910,49,2014-03-01T20:35:00,2,2270109,158805
OK,55,60,910,55,2014-03-01T20:40:00,1,2270558,158805
OK,44,75,910,44,2014-03-01T20:45:00,2,2271007,158805
OK,48,69,910,48,2014-03-01T20:50:00,2,2271456,158805
OK,46,72,910,46,2014-03-01T20:55:00,0,2271905,158805
OK,69,48,910,69,2014-03-01T21:00:00,1,2272354,158805
OK,61,54,910,61,2014-03-01T21:05:00,2,2272803,158805
OK,52,63,910,52,2014-03-01T21:10:00,2,2273252,158805
OK,50,66,910,50,2014-03-01T21:15:00,1,2273701,158805
OK,53,62,910,53,2014-03-01T21:20:00,2,2274150,158805
OK,55,60,910,55,2014-03-01T21:25:00,2,2274599,158805
OK,54,61,910,54,2014-03-01T21:30:00,2,2275048,158805
OK,51,64,910,51,2014-03-01T21:35:00,2,2275497,158805
OK,49,67,910,49,2014-03-01T21:40:00,2,2275946,158805
OK,57,58,910,57,2014-03-01T21:45:00,1,2276395,158805
OK,57,58,910,57,2014-03-01T21:50:00,0,2276844,158805
OK,57,58,910,57,2014-03-01T21:55:00,0,2277293,158805
OK,53,62,910,53,2014-03-01T22:00:00,1,2277742,158805
OK,53,62,910,53,2014-03-01T22:05:00,1,2278191,158805
OK,52,63,910,52,2014-03-01T22:10:00,1,2278640,158805
OK,50,66,910,50,2014-03-01T22:15:00,2,2279089,158805
OK,46,72,910,46,2014-03-01T22:20:00,3,2279538,158805
OK,69,48,910,69,2014-03-01T22:25:00,3,2279987,158805
OK,68,48,910,68,2014-03-01T22:30:00,2,2280436,158805
OK,79,41,910,79,2014-03-01T22:35:00,0,2280885,158805
OK,45,73,910,45,2014-03-01T22:40:00,1,2281334,158805
OK,44,75,910,44,2014-03-01T22:45:00,2,2281783,158805
OK,43,77,910,43,2014-03-01T22:50:00,0,2282232,158805
OK,50,66,910,50,2014-03-01T22:55:00,2,2282681,158805
OK,41,80,910,41,2014-03-01T23:00:00,0,2283130,158805
OK,41,80,910,41,2014-03-01T23:05:00,0,2283579,158805
OK,43,77,910,43,2014-03-01T23:10:00,1,2284028,158805
OK,50,66,910,50,2014-03-01T23:15:00,3,2284477,158805
OK,51,64,910,51,2014-03-01T23:20:00,0,2284926,158805
OK,51,64,910,51,2014-03-01T23:25:00,0,2285375,158805
OK,51,64,910,51,2014-03-01T23:30:00,0,2285824,158805
OK,51,64,910,51,2014-03-01T23:35:00,0,2286273,158805
OK,51,64,910,51,2014-03-01T23:40:00,0,2286722,158805
OK,58,57,910,58,2014-03-01T23:45:00,2,2287171,158805
OK,58,57,910,58,2014-03-01T23:50:00,1,2287620,158805
OK,50,66,910,50,2014-03-01T23:55:00,1,2288069,158805
OK,50,66,910,50,2014-03-02T00:00:00,0,2288518,158805
OK,46,72,910,46,2014-03-02T00:15:00,0,2289864,158805
OK,46,72,910,46,2014-03-02T00:20:00,0,2290313,158805
OK,46,72,910,46,2014-03-02T00:25:00,0,2290762,158805
OK,46,72,910,46,2014-03-02T00:30:00,0,2291211,158805
OK,46,72,910,46,2014-03-02T00:35:00,0,2291660,158805
OK,46,72,910,46,2014-03-02T00:40:00,0,2292109,158805
OK,46,72,910,46,2014-03-02T00:45:00,0,2292558,158805
OK,46,72,910,46,2014-03-02T00:50:00,0,2293007,158805
OK,46,72,910,46,2014-03-02T00:55:00,0,2293456,158805
OK,46,72,910,46,2014-03-02T01:00:00,0,2293905,158805
OK,46,72,910,46,2014-03-02T01:10:00,0,2294554,158805
OK,46,72,910,46,2014-03-02T01:15:00,0,2295003,158805
OK,44,75,910,44,2014-03-02T01:20:00,2,2295452,158805
OK,51,64,910,51,2014-03-02T01:25:00,2,2295901,158805
OK,60,55,910,60,2014-03-02T01:30:00,2,2296350,158805
OK,67,49,910,67,2014-03-02T01:35:00,0,2296799,158805
OK,67,49,910,67,2014-03-02T01:40:00,0,2297248,158805
OK,67,49,910,67,2014-03-02T01:45:00,0,2297697,158805
OK,67,49,910,67,2014-03-02T01:50:00,0,2298146,158805
OK,44,75,910,44,2014-03-02T01:55:00,1,2298595,158805
OK,44,75,910,44,2014-03-02T02:00:00,0,2299044,158805
OK,44,75,910,44,2014-03-02T02:05:00,0,2299493,158805
OK,44,75,910,44,2014-03-02T02:10:00,0,2299942,158805
OK,44,75,910,44,2014-03-02T02:15:00,0,2300391,158805
OK,44,75,910,44,2014-03-02T02:20:00,0,2300840,158805
OK,44,75,910,44,2014-03-02T02:25:00,0,2301289,158805
OK,39,84,910,39,2014-03-02T02:30:00,1,2301738,158805
OK,42,78,910,42,2014-03-02T02:35:00,2,2302187,158805
OK,46,72,910,46,2014-03-02T02:40:00,0,2302636,158805
OK,46,72,910,46,2014-03-02T02:45:00,0,2303085,158805
OK,46,72,910,46,2014-03-02T02:50:00,0,2303534,158805
OK,50,66,910,50,2014-03-02T02:55:00,1,2303983,158805
OK,50,66,910,50,2014-03-02T03:00:00,0,2304432,158805
OK,50,66,910,50,2014-03-02T03:05:00,0,2304881,158805
OK,50,66,910,50,2014-03-02T03:10:00,0,2305330,158805
OK,50,66,910,50,2014-03-02T03:15:00,0,2305779,158805
OK,50,66,910,50,2014-03-02T03:20:00,0,2306228,158805
OK,50,66,910,50,2014-03-02T03:25:00,0,2306677,158805
OK,50,66,910,50,2014-03-02T03:30:00,0,2307126,158805
OK,44,75,910,44,2014-03-02T03:35:00,1,2307575,158805
OK,44,75,910,44,2014-03-02T03:40:00,1,2308024,158805
OK,44,75,910,44,2014-03-02T03:45:00,0,2308473,158805
OK,44,75,910,44,2014-03-02T03:50:00,0,2308922,158805
OK,44,75,910,44,2014-03-02T03:55:00,0,2309371,158805
OK,44,75,910,44,2014-03-02T04:00:00,0,2309820,158805
OK,44,75,910,44,2014-03-02T04:05:00,0,2310269,158805
OK,44,75,910,44,2014-03-02T04:10:00,0,2310718,158805
OK,44,75,910,44,2014-03-02T04:15:00,0,2311167,158805
OK,44,75,910,44,2014-03-02T04:20:00,0,2311616,158805
OK,44,75,910,44,2014-03-02T04:25:00,0,2312065,158805
OK,44,75,910,44,2014-03-02T04:30:00,0,2312514,158805
OK,44,75,910,44,2014-03-02T04:35:00,0,2312963,158805
OK,44,75,910,44,2014-03-02T04:40:00,0,2313412,158805
OK,44,75,910,44,2014-03-02T04:45:00,0,2313861,158805
OK,44,75,910,44,2014-03-02T04:50:00,0,2314310,158805
OK,44,75,910,44,2014-03-02T04:55:00,0,2314759,158805
OK,44,75,910,44,2014-03-02T05:05:00,0,2315657,158805
OK,44,75,910,44,2014-03-02T05:10:00,0,2316106,158805
OK,44,75,910,44,2014-03-02T05:15:00,0,2316555,158805
OK,56,59,910,56,2014-03-02T05:25:00,1,2317453,158805
OK,56,59,910,56,2014-03-02T05:30:00,0,2317902,158805
OK,56,59,910,56,2014-03-02T05:35:00,0,2318351,158805
OK,56,59,910,56,2014-03-02T05:40:00,0,2318800,158805
OK,56,59,910,56,2014-03-02T05:45:00,0,2319249,158805
OK,46,72,910,46,2014-03-02T05:50:00,2,2319670,158805
OK,46,72,910,46,2014-03-02T05:55:00,0,2320119,158805
OK,46,72,910,46,2014-03-02T06:00:00,0,2320568,158805
OK,46,72,910,46,2014-03-02T06:05:00,0,2321017,158805
OK,46,72,910,46,2014-03-02T06:10:00,0,2321466,158805
OK,46,72,910,46,2014-03-02T06:25:00,0,2322658,158805
OK,46,72,910,46,2014-03-02T06:30:00,0,2323107,158805
OK,53,62,910,53,2014-03-02T06:45:00,0,2324379,158805
OK,41,80,910,41,2014-03-02T07:00:00,0,2325726,158805
OK,75,44,910,75,2014-03-02T07:05:00,1,2326175,158805
OK,75,44,910,75,2014-03-02T07:10:00,1,2326624,158805
OK,75,44,910,75,2014-03-02T07:15:00,0,2327073,158805
OK,73,45,910,73,2014-03-02T07:20:00,1,2327522,158805
OK,73,45,910,73,2014-03-02T07:25:00,3,2327971,158805
OK,41,80,910,41,2014-03-02T07:30:00,1,2328420,158805
OK,41,80,910,41,2014-03-02T07:35:00,0,2328869,158805
OK,41,80,910,41,2014-03-02T07:40:00,0,2329318,158805
OK,41,80,910,41,2014-03-02T07:45:00,0,2329767,158805
OK,41,80,910,41,2014-03-02T07:50:00,0,2330216,158805
OK,41,80,910,41,2014-03-02T07:55:00,0,2330665,158805
OK,69,48,910,69,2014-03-02T08:00:00,1,2331114,158805
OK,69,48,910,69,2014-03-02T08:05:00,0,2331563,158805
OK,69,48,910,69,2014-03-02T08:10:00,0,2332012,158805
OK,69,48,910,69,2014-03-02T08:15:00,0,2332461,158805
OK,36,92,910,36,2014-03-02T08:20:00,2,2332910,158805
OK,36,92,910,36,2014-03-02T08:25:00,2,2333359,158805
OK,48,69,910,48,2014-03-02T08:30:00,1,2333808,158805
OK,50,66,910,50,2014-03-02T08:35:00,2,2334257,158805
OK,69,48,910,69,2014-03-02T08:40:00,2,2334706,158805
OK,86,38,910,86,2014-03-02T08:45:00,1,2335155,158805
OK,86,38,910,86,2014-03-02T08:50:00,0,2335604,158805
OK,86,38,910,86,2014-03-02T08:55:00,0,2336053,158805
OK,86,38,910,86,2014-03-02T09:00:00,0,2336502,158805
OK,46,72,910,46,2014-03-02T09:05:00,1,2336951,158805
OK,56,59,910,56,2014-03-02T09:10:00,2,2337400,158805
OK,47,70,910,47,2014-03-02T09:15:00,1,2337849,158805
OK,47,70,910,47,2014-03-02T09:20:00,0,2338298,158805
OK,41,80,910,41,2014-03-02T09:25:00,1,2338747,158805
OK,54,61,910,54,2014-03-02T09:30:00,1,2339196,158805
OK,43,77,910,43,2014-03-02T09:35:00,3,2339645,158805
OK,43,77,910,43,2014-03-02T09:40:00,4,2340094,158805
OK,44,75,910,44,2014-03-02T09:45:00,2,2340543,158805
OK,45,73,910,45,2014-03-02T09:50:00,0,2340992,158805
OK,73,45,910,73,2014-03-02T09:55:00,1,2341441,158805
OK,73,45,910,73,2014-03-02T10:00:00,1,2341890,158805
OK,47,70,910,47,2014-03-02T10:05:00,1,2342339,158805
OK,47,70,910,47,2014-03-02T10:10:00,3,2342788,158805
OK,47,70,910,47,2014-03-02T10:15:00,0,2343237,158805
OK,58,57,910,58,2014-03-02T10:20:00,2,2343686,158805
OK,57,58,910,57,2014-03-02T10:25:00,2,2344135,158805
OK,56,59,910,56,2014-03-02T10:30:00,2,2344584,158805
OK,47,70,910,47,2014-03-02T10:35:00,1,2345033,158805
OK,53,62,910,53,2014-03-02T10:40:00,1,2345482,158805
OK,50,66,910,50,2014-03-02T10:45:00,3,2345931,158805
OK,50,66,910,50,2014-03-02T10:50:00,6,2346380,158805
OK,52,63,910,52,2014-03-02T10:55:00,7,2346829,158805
OK,56,59,910,56,2014-03-02T11:00:00,5,2347278,158805
OK,48,69,910,48,2014-03-02T11:05:00,4,2347727,158805
OK,48,69,910,48,2014-03-02T11:10:00,5,2348176,158805
OK,47,70,910,47,2014-03-02T11:15:00,5,2348625,158805
OK,55,60,910,55,2014-03-02T11:20:00,4,2349074,158805
OK,55,60,910,55,2014-03-02T11:25:00,3,2349523,158805
OK,50,66,910,50,2014-03-02T11:30:00,3,2349972,158805
OK,50,66,910,50,2014-03-02T11:35:00,5,2350421,158805
OK,53,62,910,53,2014-03-02T11:40:00,4,2350870,158805
OK,60,55,910,60,2014-03-02T11:45:00,5,2351319,158805
OK,44,75,910,44,2014-03-02T11:50:00,4,2351768,158805
OK,36,92,910,36,2014-03-02T11:55:00,3,2352217,158805
OK,39,84,910,39,2014-03-02T12:00:00,3,2352666,158805
OK,57,58,910,57,2014-03-02T12:05:00,4,2353115,158805
OK,51,64,910,51,2014-03-02T12:10:00,6,2353564,158805
OK,51,64,910,51,2014-03-02T12:15:00,4,2354013,158805
OK,40,82,910,40,2014-03-02T12:20:00,3,2354462,158805
OK,48,69,910,48,2014-03-02T12:25:00,8,2354911,158805
OK,49,67,910,49,2014-03-02T12:30:00,8,2355360,158805
OK,51,64,910,51,2014-03-02T12:35:00,3,2355809,158805
OK,50,66,910,50,2014-03-02T12:40:00,3,2356258,158805
OK,46,72,910,46,2014-03-02T12:45:00,4,2356707,158805
OK,42,78,910,42,2014-03-02T12:50:00,2,2357156,158805
OK,67,49,910,67,2014-03-02T12:55:00,3,2357605,158805
OK,48,69,910,48,2014-03-02T13:00:00,3,2358054,158805
OK,39,84,910,39,2014-03-02T13:05:00,3,2358503,158805
OK,41,80,910,41,2014-03-02T13:10:00,5,2358952,158805
OK,56,59,910,56,2014-03-02T13:15:00,4,2359401,158805
OK,54,61,910,54,2014-03-02T13:20:00,5,2359850,158805
OK,51,64,910,51,2014-03-02T13:25:00,6,2360299,158805
OK,38,87,910,38,2014-03-02T13:30:00,3,2360748,158805
OK,40,82,910,40,2014-03-02T13:35:00,4,2361197,158805
OK,46,72,910,46,2014-03-02T13:40:00,4,2361646,158805
OK,46,72,910,46,2014-03-02T13:45:00,2,2362095,158805
OK,49,67,910,49,2014-03-02T13:50:00,4,2362544,158805
OK,50,66,910,50,2014-03-02T13:55:00,5,2362993,158805
OK,49,67,910,49,2014-03-02T14:00:00,3,2363442,158805
OK,56,59,910,56,2014-03-02T14:05:00,5,2363891,158805
OK,47,70,910,47,2014-03-02T14:10:00,9,2364340,158805
OK,47,70,910,47,2014-03-02T14:15:00,5,2364789,158805
OK,47,70,910,47,2014-03-02T14:20:00,3,2365238,158805
OK,66,50,910,66,2014-03-02T14:25:00,4,2365687,158805
OK,69,48,910,69,2014-03-02T14:30:00,4,2366136,158805
OK,46,72,910,46,2014-03-02T14:35:00,7,2366585,158805
OK,42,78,910,42,2014-03-02T14:40:00,3,2367034,158805
OK,39,84,910,39,2014-03-02T14:45:00,3,2367483,158805
OK,42,78,910,42,2014-03-02T14:50:00,6,2367932,158805
OK,44,75,910,44,2014-03-02T14:55:00,5,2368381,158805
OK,47,70,910,47,2014-03-02T15:00:00,6,2368830,158805
OK,51,64,910,51,2014-03-02T15:05:00,3,2369279,158805
OK,56,59,910,56,2014-03-02T15:10:00,3,2369728,158805
OK,56,59,910,56,2014-03-02T15:15:00,3,2370177,158805
OK,43,77,910,43,2014-03-02T15:20:00,6,2370626,158805
OK,44,75,910,44,2014-03-02T15:25:00,9,2371075,158805
OK,43,77,910,43,2014-03-02T15:30:00,8,2371524,158805
OK,43,77,910,43,2014-03-02T15:35:00,6,2371973,158805
OK,44,75,910,44,2014-03-02T15:40:00,4,2372422,158805
OK,50,66,910,50,2014-03-02T15:45:00,5,2372871,158805
OK,49,67,910,49,2014-03-02T15:50:00,4,2373320,158805
OK,48,69,910,48,2014-03-02T15:55:00,2,2373769,158805
OK,51,64,910,51,2014-03-02T16:00:00,6,2374218,158805
OK,52,63,910,52,2014-03-02T16:05:00,5,2374667,158805
OK,51,64,910,51,2014-03-02T16:10:00,4,2375116,158805
OK,44,75,910,44,2014-03-02T16:15:00,8,2375565,158805
OK,40,82,910,40,2014-03-02T16:20:00,7,2376014,158805
OK,46,72,910,46,2014-03-02T16:25:00,2,2376463,158805
OK,65,50,910,65,2014-03-02T16:30:00,3,2376912,158805
OK,65,50,910,65,2014-03-02T16:35:00,7,2377361,158805
OK,50,66,910,50,2014-03-02T16:40:00,8,2377810,158805
OK,50,66,910,50,2014-03-02T16:45:00,5,2378259,158805
OK,45,73,910,45,2014-03-02T16:50:00,1,2378708,158805
OK,49,67,910,49,2014-03-02T16:55:00,3,2379157,158805
OK,49,67,910,49,2014-03-02T17:00:00,2,2379606,158805
OK,52,63,910,52,2014-03-02T17:05:00,1,2380055,158805
OK,46,72,910,46,2014-03-02T17:10:00,3,2380504,158805
OK,44,75,910,44,2014-03-02T17:15:00,2,2380953,158805
OK,53,62,910,53,2014-03-02T17:20:00,2,2381402,158805
OK,55,60,910,55,2014-03-02T17:25:00,1,2381851,158805
OK,36,92,910,36,2014-03-02T17:30:00,1,2382300,158805
OK,36,92,910,36,2014-03-02T17:35:00,0,2382749,158805
OK,54,61,910,54,2014-03-02T17:40:00,3,2383198,158805
OK,54,61,910,54,2014-03-02T17:45:00,3,2383647,158805
OK,34,97,910,34,2014-03-02T17:50:00,1,2384096,158805
OK,41,80,910,41,2014-03-02T17:55:00,2,2384545,158805
OK,53,62,910,53,2014-03-02T18:00:00,4,2384994,158805
OK,56,59,910,56,2014-03-02T18:05:00,2,2385443,158805
OK,45,73,910,45,2014-03-02T18:10:00,2,2385892,158805
OK,50,66,910,50,2014-03-02T18:15:00,2,2386341,158805
OK,57,58,910,57,2014-03-02T18:20:00,1,2386790,158805
OK,57,58,910,57,2014-03-02T18:25:00,0,2387239,158805
OK,67,49,910,67,2014-03-02T18:30:00,2,2387688,158805
OK,64,51,910,64,2014-03-02T18:35:00,2,2388137,158805
OK,64,51,910,64,2014-03-02T18:40:00,0,2388586,158805
OK,64,51,910,64,2014-03-02T18:45:00,0,2389035,158805
OK,52,63,910,52,2014-03-02T18:50:00,5,2389484,158805
OK,43,77,910,43,2014-03-02T18:55:00,4,2389933,158805
OK,45,73,910,45,2014-03-02T19:00:00,1,2390382,158805
OK,45,73,910,45,2014-03-02T19:05:00,0,2390831,158805
OK,42,78,910,42,2014-03-02T19:10:00,1,2391280,158805
OK,31,106,910,31,2014-03-02T19:15:00,1,2391729,158805
OK,56,59,910,56,2014-03-02T19:20:00,1,2392178,158805
OK,56,59,910,56,2014-03-02T19:25:00,1,2392627,158805
OK,55,60,910,55,2014-03-02T19:30:00,1,2393076,158805
OK,49,67,910,49,2014-03-02T19:35:00,2,2393525,158805
OK,49,67,910,49,2014-03-02T19:40:00,0,2393974,158805
OK,51,64,910,51,2014-03-02T19:45:00,1,2394423,158805
OK,43,77,910,43,2014-03-02T19:50:00,4,2394872,158805
OK,43,77,910,43,2014-03-02T19:55:00,4,2395321,158805
OK,39,84,910,39,2014-03-02T20:00:00,1,2395770,158805
OK,38,87,910,38,2014-03-02T20:05:00,1,2396219,158805
OK,38,87,910,38,2014-03-02T20:10:00,1,2396668,158805
OK,48,69,910,48,2014-03-02T20:15:00,1,2397117,158805
OK,45,73,910,45,2014-03-02T20:20:00,1,2397566,158805
OK,45,73,910,45,2014-03-02T20:25:00,1,2398015,158805
OK,45,73,910,45,2014-03-02T20:30:00,0,2398464,158805
OK,41,80,910,41,2014-03-02T20:35:00,1,2398913,158805
OK,41,80,910,41,2014-03-02T20:40:00,1,2399362,158805
OK,48,69,910,48,2014-03-02T20:45:00,2,2399811,158805
OK,38,87,910,38,2014-03-02T20:50:00,2,2400260,158805
OK,32,103,910,32,2014-03-02T20:55:00,0,2400709,158805
OK,32,103,910,32,2014-03-02T21:00:00,0,2401158,158805
OK,50,66,910,50,2014-03-02T21:05:00,1,2401607,158805
OK,50,66,910,50,2014-03-02T21:10:00,0,2402056,158805
OK,50,66,910,50,2014-03-02T21:15:00,0,2402505,158805
OK,50,66,910,50,2014-03-02T21:20:00,1,2402954,158805
OK,43,77,910,43,2014-03-02T21:25:00,2,2403403,158805
OK,36,92,910,36,2014-03-02T21:30:00,0,2403852,158805
OK,36,92,910,36,2014-03-02T21:35:00,0,2404301,158805
OK,36,92,910,36,2014-03-02T21:40:00,0,2404750,158805
OK,36,92,910,36,2014-03-02T21:45:00,0,2405199,158805
OK,54,61,910,54,2014-03-02T21:50:00,1,2405648,158805
OK,54,61,910,54,2014-03-02T21:55:00,0,2406097,158805
OK,54,61,910,54,2014-03-02T22:00:00,0,2406546,158805
OK,54,61,910,54,2014-03-02T22:05:00,0,2406995,158805
OK,54,61,910,54,2014-03-02T22:10:00,0,2407444,158805
OK,45,73,910,45,2014-03-02T22:15:00,2,2407893,158805
OK,32,103,910,32,2014-03-02T22:20:00,0,2408342,158805
OK,32,103,910,32,2014-03-02T22:25:00,0,2408791,158805
OK,32,103,910,32,2014-03-02T22:30:00,0,2409240,158805
OK,32,103,910,32,2014-03-02T22:35:00,0,2409689,158805
OK,32,103,910,32,2014-03-02T22:40:00,0,2410138,158805
OK,32,103,910,32,2014-03-02T22:45:00,0,2410587,158805
OK,32,103,910,32,2014-03-02T22:50:00,0,2411036,158805
OK,32,103,910,32,2014-03-02T22:55:00,0,2411485,158805
OK,32,103,910,32,2014-03-02T23:00:00,0,2411934,158805
OK,32,103,910,32,2014-03-02T23:05:00,0,2412383,158805
OK,32,103,910,32,2014-03-02T23:10:00,0,2412832,158805
OK,32,103,910,32,2014-03-02T23:15:00,0,2413281,158805
OK,32,103,910,32,2014-03-02T23:20:00,0,2413730,158805
OK,32,103,910,32,2014-03-02T23:25:00,0,2414179,158805
OK,32,103,910,32,2014-03-02T23:30:00,0,2414628,158805
OK,32,103,910,32,2014-03-02T23:35:00,0,2415077,158805
OK,32,103,910,32,2014-03-02T23:40:00,0,2415526,158805
OK,32,103,910,32,2014-03-02T23:45:00,0,2415975,158805
OK,32,103,910,32,2014-03-02T23:50:00,0,2416424,158805
OK,32,103,910,32,2014-03-02T23:55:00,0,2416873,158805
OK,32,103,910,32,2014-03-03T00:00:00,0,2417322,158805
OK,32,103,910,32,2014-03-03T00:05:00,0,2417771,158805
OK,32,103,910,32,2014-03-03T00:10:00,0,2418220,158805
OK,32,103,910,32,2014-03-03T00:15:00,0,2418669,158805
OK,32,103,910,32,2014-03-03T00:20:00,0,2419118,158805
OK,32,103,910,32,2014-03-03T00:25:00,0,2419567,158805
OK,32,103,910,32,2014-03-03T00:30:00,0,2420016,158805
OK,32,103,910,32,2014-03-03T00:35:00,0,2420465,158805
OK,32,103,910,32,2014-03-03T00:40:00,0,2420914,158805
OK,32,103,910,32,2014-03-03T00:45:00,0,2421363,158805
OK,32,103,910,32,2014-03-03T00:50:00,0,2421812,158805
OK,32,103,910,32,2014-03-03T00:55:00,0,2422261,158805
OK,32,103,910,32,2014-03-03T01:00:00,0,2422710,158805
OK,32,103,910,32,2014-03-03T01:15:00,0,2423996,158805
OK,32,103,910,32,2014-03-03T01:20:00,0,2424445,158805
OK,32,103,910,32,2014-03-03T01:25:00,0,2424894,158805
OK,32,103,910,32,2014-03-03T01:30:00,0,2425343,158805
OK,32,103,910,32,2014-03-03T01:35:00,0,2425792,158805
OK,32,103,910,32,2014-03-03T01:40:00,0,2426241,158805
OK,32,103,910,32,2014-03-03T01:45:00,0,2426690,158805
OK,32,103,910,32,2014-03-03T01:50:00,0,2427139,158805
OK,32,103,910,32,2014-03-03T01:55:00,0,2427588,158805
OK,32,103,910,32,2014-03-03T02:00:00,0,2428037,158805
OK,32,103,910,32,2014-03-03T02:05:00,0,2428486,158805
OK,32,103,910,32,2014-03-03T02:10:00,0,2428935,158805
OK,32,103,910,32,2014-03-03T02:15:00,0,2429384,158805
OK,32,103,910,32,2014-03-03T02:20:00,0,2429833,158805
OK,32,103,910,32,2014-03-03T02:25:00,0,2430282,158805
OK,32,103,910,32,2014-03-03T02:30:00,0,2430731,158805
OK,32,103,910,32,2014-03-03T02:35:00,0,2431180,158805
OK,32,103,910,32,2014-03-03T02:40:00,0,2431629,158805
OK,32,103,910,32,2014-03-03T02:45:00,0,2432078,158805
OK,32,103,910,32,2014-03-03T02:50:00,0,2432527,158805
OK,32,103,910,32,2014-03-03T02:55:00,0,2432976,158805
OK,42,78,910,42,2014-03-03T03:00:00,1,2433425,158805
OK,42,78,910,42,2014-03-03T03:05:00,1,2433874,158805
OK,42,78,910,42,2014-03-03T03:10:00,0,2434323,158805
OK,42,78,910,42,2014-03-03T03:15:00,0,2434772,158805
OK,42,78,910,42,2014-03-03T03:20:00,0,2435221,158805
OK,42,78,910,42,2014-03-03T03:25:00,0,2435670,158805
OK,42,78,910,42,2014-03-03T03:30:00,0,2436119,158805
OK,42,78,910,42,2014-03-03T03:35:00,0,2436568,158805
OK,42,78,910,42,2014-03-03T03:40:00,0,2437017,158805
OK,42,78,910,42,2014-03-03T03:45:00,0,2437466,158805
OK,42,78,910,42,2014-03-03T03:50:00,0,2437915,158805
OK,42,78,910,42,2014-03-03T03:55:00,0,2438364,158805
OK,42,78,910,42,2014-03-03T04:00:00,0,2438813,158805
OK,42,78,910,42,2014-03-03T04:05:00,0,2439262,158805
OK,42,78,910,42,2014-03-03T04:10:00,0,2439711,158805
OK,42,78,910,42,2014-03-03T04:15:00,0,2440160,158805
OK,42,78,910,42,2014-03-03T04:20:00,0,2440609,158805
OK,42,78,910,42,2014-03-03T04:25:00,0,2441058,158805
OK,42,78,910,42,2014-03-03T04:30:00,0,2441507,158805
OK,44,75,910,44,2014-03-03T04:35:00,1,2441956,158805
OK,44,75,910,44,2014-03-03T04:40:00,1,2442405,158805
OK,39,84,910,39,2014-03-03T04:45:00,1,2442854,158805
OK,44,75,910,44,2014-03-03T04:50:00,1,2443303,158805
OK,44,75,910,44,2014-03-03T04:55:00,0,2443752,158805
OK,92,36,910,92,2014-03-03T05:00:00,1,2444201,158805
OK,71,46,910,71,2014-03-03T05:05:00,2,2444650,158805
OK,51,64,910,51,2014-03-03T05:10:00,1,2445099,158805
OK,51,64,910,51,2014-03-03T05:15:00,0,2445548,158805
OK,51,64,910,51,2014-03-03T05:20:00,0,2445997,158805
OK,51,64,910,51,2014-03-03T05:25:00,0,2446446,158805
OK,73,45,910,73,2014-03-03T05:30:00,2,2446895,158805
OK,50,66,910,50,2014-03-03T05:35:00,6,2447344,158805
OK,46,72,910,46,2014-03-03T05:40:00,5,2447793,158805
OK,43,77,910,43,2014-03-03T05:45:00,1,2448242,158805
OK,65,50,910,65,2014-03-03T05:50:00,4,2448691,158805
OK,60,55,910,60,2014-03-03T05:55:00,6,2449140,158805
OK,59,56,910,59,2014-03-03T06:00:00,3,2449589,158805
OK,80,41,910,80,2014-03-03T06:05:00,1,2450038,158805
OK,53,62,910,53,2014-03-03T06:10:00,3,2450487,158805
OK,53,62,910,53,2014-03-03T06:15:00,10,2450936,158805
OK,54,61,910,54,2014-03-03T06:20:00,11,2451385,158805
OK,52,63,910,52,2014-03-03T06:25:00,11,2451834,158805
OK,49,67,910,49,2014-03-03T06:30:00,7,2452283,158805
OK,50,66,910,50,2014-03-03T06:35:00,6,2452732,158805
OK,54,61,910,54,2014-03-03T06:40:00,10,2453181,158805
OK,57,58,910,57,2014-03-03T06:45:00,11,2453630,158805
OK,54,61,910,54,2014-03-03T06:50:00,9,2454079,158805
OK,53,62,910,53,2014-03-03T06:55:00,6,2454528,158805
OK,60,55,910,60,2014-03-03T07:00:00,3,2454977,158805
OK,48,69,910,48,2014-03-03T07:05:00,7,2455426,158805
OK,49,67,910,49,2014-03-03T07:10:00,9,2455875,158805
OK,55,60,910,55,2014-03-03T07:15:00,6,2456324,158805
OK,52,63,910,52,2014-03-03T07:20:00,7,2456773,158805
OK,53,62,910,53,2014-03-03T07:25:00,7,2457222,158805
OK,53,62,910,53,2014-03-03T07:30:00,5,2457671,158805
OK,53,62,910,53,2014-03-03T07:35:00,9,2458120,158805
OK,55,60,910,55,2014-03-03T07:40:00,18,2458569,158805
OK,51,64,910,51,2014-03-03T07:45:00,13,2459018,158805
OK,57,58,910,57,2014-03-03T07:50:00,7,2459467,158805
OK,57,58,910,57,2014-03-03T07:55:00,7,2459916,158805
OK,66,50,910,66,2014-03-03T08:00:00,8,2460365,158805
OK,62,53,910,62,2014-03-03T08:05:00,11,2460814,158805
OK,50,66,910,50,2014-03-03T08:10:00,8,2461263,158805
OK,52,63,910,52,2014-03-03T08:15:00,8,2461712,158805
OK,47,70,910,47,2014-03-03T08:20:00,5,2462161,158805
OK,48,69,910,48,2014-03-03T08:25:00,5,2462610,158805
OK,51,64,910,51,2014-03-03T08:30:00,8,2463059,158805
OK,49,67,910,49,2014-03-03T08:35:00,7,2463508,158805
OK,52,63,910,52,2014-03-03T08:40:00,7,2463957,158805
OK,51,64,910,51,2014-03-03T08:45:00,10,2464406,158805
OK,48,69,910,48,2014-03-03T08:50:00,8,2464855,158805
OK,60,55,910,60,2014-03-03T08:55:00,7,2465304,158805
OK,54,61,910,54,2014-03-03T09:00:00,9,2465753,158805
OK,52,63,910,52,2014-03-03T09:05:00,6,2466202,158805
OK,55,60,910,55,2014-03-03T09:10:00,6,2466651,158805
OK,57,58,910,57,2014-03-03T09:15:00,9,2467100,158805
OK,50,66,910,50,2014-03-03T09:20:00,8,2467549,158805
OK,50,66,910,50,2014-03-03T09:25:00,7,2467998,158805
OK,57,58,910,57,2014-03-03T09:30:00,10,2468447,158805
OK,55,60,910,55,2014-03-03T09:35:00,11,2468896,158805
OK,49,67,910,49,2014-03-03T09:40:00,11,2469345,158805
OK,51,64,910,51,2014-03-03T09:45:00,8,2469794,158805
OK,59,56,910,59,2014-03-03T09:50:00,9,2470243,158805
OK,48,69,910,48,2014-03-03T09:55:00,11,2470692,158805
OK,50,66,910,50,2014-03-03T10:00:00,6,2471136,158805
OK,51,64,910,51,2014-03-03T10:05:00,9,2471580,158805
OK,46,72,910,46,2014-03-03T10:10:00,6,2472029,158805
OK,47,70,910,47,2014-03-03T10:15:00,14,2472478,158805
OK,46,72,910,46,2014-03-03T10:20:00,15,2472927,158805
OK,48,69,910,48,2014-03-03T10:25:00,11,2473376,158805
OK,52,63,910,52,2014-03-03T10:30:00,3,2473825,158805
OK,54,61,910,54,2014-03-03T10:35:00,5,2474274,158805
OK,51,64,910,51,2014-03-03T10:40:00,10,2474723,158805
OK,53,62,910,53,2014-03-03T10:45:00,6,2475172,158805
OK,55,60,910,55,2014-03-03T10:50:00,8,2475621,158805
OK,55,60,910,55,2014-03-03T10:55:00,9,2476070,158805
OK,42,78,910,42,2014-03-03T11:00:00,2,2476519,158805
OK,51,64,910,51,2014-03-03T11:05:00,6,2476968,158805
OK,54,61,910,54,2014-03-03T11:10:00,12,2477417,158805
OK,57,58,910,57,2014-03-03T11:15:00,9,2477866,158805
OK,57,58,910,57,2014-03-03T11:20:00,8,2478315,158805
OK,57,58,910,57,2014-03-03T11:25:00,12,2478764,158805
OK,56,59,910,56,2014-03-03T11:30:00,15,2479213,158805
OK,56,59,910,56,2014-03-03T11:35:00,10,2479662,158805
OK,52,63,910,52,2014-03-03T11:40:00,7,2480111,158805
OK,53,62,910,53,2014-03-03T11:45:00,4,2480560,158805
OK,49,67,910,49,2014-03-03T11:50:00,10,2481009,158805
OK,49,67,910,49,2014-03-03T11:55:00,8,2481458,158805
OK,53,62,910,53,2014-03-03T12:00:00,7,2481907,158805
OK,50,66,910,50,2014-03-03T12:05:00,11,2482356,158805
OK,47,70,910,47,2014-03-03T12:10:00,7,2482805,158805
OK,61,54,910,61,2014-03-03T12:15:00,7,2483254,158805
OK,59,56,910,59,2014-03-03T12:20:00,11,2483703,158805
OK,45,73,910,45,2014-03-03T12:25:00,6,2484152,158805
OK,47,70,910,47,2014-03-03T12:30:00,5,2484601,158805
OK,49,67,910,49,2014-03-03T12:35:00,9,2485050,158805
OK,52,63,910,52,2014-03-03T12:40:00,12,2485499,158805
OK,49,67,910,49,2014-03-03T12:45:00,10,2485948,158805
OK,57,58,910,57,2014-03-03T12:50:00,9,2486397,158805
OK,55,60,910,55,2014-03-03T12:55:00,8,2486846,158805
OK,54,61,910,54,2014-03-03T13:00:00,7,2487295,158805
OK,63,52,910,63,2014-03-03T13:05:00,8,2487744,158805
OK,64,51,910,64,2014-03-03T13:10:00,7,2488193,158805
OK,56,59,910,56,2014-03-03T13:15:00,6,2488642,158805
OK,46,72,910,46,2014-03-03T13:20:00,7,2489091,158805
OK,66,50,910,66,2014-03-03T14:25:00,20,2489726,158805
OK,55,60,910,55,2014-03-03T14:30:00,14,2490175,158805
OK,54,61,910,54,2014-03-03T14:35:00,11,2490624,158805
OK,53,62,910,53,2014-03-03T14:40:00,13,2491046,158805
OK,53,62,910,53,2014-03-03T14:50:00,24,2491820,158805
OK,54,61,910,54,2014-03-03T14:55:00,11,2492269,158805
OK,48,69,910,48,2014-03-03T15:00:00,14,2492718,158805
OK,51,64,910,51,2014-03-03T15:05:00,21,2493167,158805
OK,57,58,910,57,2014-03-03T15:10:00,22,2493616,158805
OK,56,59,910,56,2014-03-03T15:15:00,19,2494065,158805
OK,55,60,910,55,2014-03-03T15:20:00,20,2494514,158805
OK,52,63,910,52,2014-03-03T15:25:00,12,2494963,158805
OK,52,63,910,52,2014-03-03T15:30:00,7,2495412,158805
OK,54,61,910,54,2014-03-03T15:35:00,13,2495861,158805
OK,54,61,910,54,2014-03-03T15:40:00,15,2496310,158805
OK,56,59,910,56,2014-03-03T15:45:00,12,2496759,158805
OK,56,59,910,56,2014-03-03T15:50:00,13,2497208,158805
OK,56,59,910,56,2014-03-03T15:55:00,11,2497657,158805
OK,53,62,910,53,2014-03-03T16:00:00,10,2498106,158805
OK,49,67,910,49,2014-03-03T16:05:00,4,2498555,158805
OK,53,62,910,53,2014-03-03T16:10:00,7,2499004,158805
OK,53,62,910,53,2014-03-03T16:15:00,12,2499453,158805
OK,49,67,910,49,2014-03-03T16:20:00,11,2499902,158805
OK,53,62,910,53,2014-03-03T16:25:00,11,2500351,158805
OK,55,60,910,55,2014-03-03T16:30:00,7,2500800,158805
OK,49,67,910,49,2014-03-03T16:35:00,6,2501249,158805
OK,51,64,910,51,2014-03-03T16:40:00,8,2501698,158805
OK,47,70,910,47,2014-03-03T16:45:00,6,2502147,158805
OK,40,82,910,40,2014-03-03T16:50:00,3,2502596,158805
OK,48,69,910,48,2014-03-03T16:55:00,4,2503045,158805
OK,52,63,910,52,2014-03-03T17:00:00,5,2503494,158805
OK,47,70,910,47,2014-03-03T17:05:00,5,2503943,158805
OK,47,70,910,47,2014-03-03T17:10:00,4,2504392,158805
OK,57,58,910,57,2014-03-03T17:15:00,1,2504841,158805
OK,49,67,910,49,2014-03-03T17:20:00,5,2505290,158805
OK,44,75,910,44,2014-03-03T17:25:00,8,2505739,158805
OK,40,82,910,40,2014-03-03T17:30:00,6,2506188,158805
OK,46,72,910,46,2014-03-03T17:35:00,3,2506637,158805
OK,51,64,910,51,2014-03-03T17:40:00,5,2507086,158805
OK,51,64,910,51,2014-03-03T17:45:00,7,2507535,158805
OK,49,67,910,49,2014-03-03T17:50:00,8,2507984,158805
OK,44,75,910,44,2014-03-03T17:55:00,3,2508433,158805
OK,53,62,910,53,2014-03-03T18:00:00,3,2508882,158805
OK,50,66,910,50,2014-03-03T18:05:00,4,2509331,158805
OK,44,75,910,44,2014-03-03T18:10:00,2,2509780,158805
OK,51,64,910,51,2014-03-03T18:15:00,2,2510229,158805
OK,51,64,910,51,2014-03-03T18:20:00,2,2510678,158805
OK,55,60,910,55,2014-03-03T18:25:00,3,2511127,158805
OK,50,66,910,50,2014-03-03T18:30:00,6,2511576,158805
OK,50,66,910,50,2014-03-03T18:35:00,5,2512025,158805
OK,66,50,910,66,2014-03-03T18:40:00,1,2512474,158805
OK,66,50,910,66,2014-03-03T18:45:00,0,2512923,158805
OK,66,50,910,66,2014-03-03T18:50:00,0,2513372,158805
OK,44,75,910,44,2014-03-03T18:55:00,1,2513821,158805
OK,44,75,910,44,2014-03-03T19:00:00,3,2514270,158805
OK,51,64,910,51,2014-03-03T19:05:00,1,2514719,158805
OK,50,66,910,50,2014-03-03T19:10:00,1,2515168,158805
OK,46,72,910,46,2014-03-03T19:15:00,2,2515617,158805
OK,52,63,910,52,2014-03-03T19:20:00,2,2516066,158805
OK,49,67,910,49,2014-03-03T19:25:00,3,2516515,158805
OK,42,78,910,42,2014-03-03T19:30:00,2,2516964,158805
OK,44,75,910,44,2014-03-03T19:35:00,0,2517413,158805
OK,69,48,910,69,2014-03-03T19:40:00,3,2517862,158805
OK,47,70,910,47,2014-03-03T19:45:00,4,2518311,158805
OK,47,70,910,47,2014-03-03T19:50:00,2,2518760,158805
OK,55,60,910,55,2014-03-03T19:55:00,2,2519209,158805
OK,55,60,910,55,2014-03-03T20:00:00,2,2519658,158805
OK,52,63,910,52,2014-03-03T20:05:00,0,2520107,158805
OK,64,51,910,64,2014-03-03T20:10:00,1,2520556,158805
OK,64,51,910,64,2014-03-03T20:15:00,1,2521005,158805
OK,64,51,910,64,2014-03-03T20:20:00,0,2521454,158805
OK,44,75,910,44,2014-03-03T20:25:00,1,2521903,158805
OK,44,75,910,44,2014-03-03T20:30:00,1,2522352,158805
OK,55,60,910,55,2014-03-03T20:35:00,3,2522801,158805
OK,55,60,910,55,2014-03-03T20:40:00,3,2523250,158805
OK,42,78,910,42,2014-03-03T20:45:00,1,2523699,158805
OK,42,78,910,42,2014-03-03T20:50:00,3,2524148,158805
OK,43,77,910,43,2014-03-03T20:55:00,2,2524597,158805
OK,33,100,910,33,2014-03-03T22:15:00,1,2530650,158805
OK,33,100,910,33,2014-03-03T22:25:00,0,2531381,158805
OK,43,77,910,43,2014-03-03T22:45:00,0,2533051,158805
OK,59,56,910,59,2014-03-03T22:55:00,1,2533764,158805
OK,59,56,910,59,2014-03-03T23:00:00,0,2534213,158805
OK,59,56,910,59,2014-03-03T23:05:00,0,2534662,158805
OK,59,56,910,59,2014-03-03T23:10:00,0,2535111,158805
OK,59,56,910,59,2014-03-03T23:15:00,0,2535560,158805
OK,59,56,910,59,2014-03-03T23:20:00,0,2536009,158805
OK,59,56,910,59,2014-03-03T23:25:00,0,2536458,158805
OK,59,56,910,59,2014-03-03T23:30:00,0,2536907,158805
OK,59,56,910,59,2014-03-03T23:35:00,0,2537356,158805
OK,59,56,910,59,2014-03-03T23:40:00,0,2537805,158805
OK,59,56,910,59,2014-03-03T23:45:00,0,2538254,158805
OK,59,56,910,59,2014-03-03T23:50:00,0,2538703,158805
OK,59,56,910,59,2014-03-03T23:55:00,0,2539152,158805
OK,59,56,910,59,2014-03-04T00:00:00,0,2539601,158805
OK,59,56,910,59,2014-03-04T00:05:00,0,2540050,158805
OK,59,56,910,59,2014-03-04T00:10:00,0,2540499,158805
OK,59,56,910,59,2014-03-04T00:15:00,0,2540948,158805
OK,59,56,910,59,2014-03-04T00:20:00,0,2541397,158805
OK,59,56,910,59,2014-03-04T00:25:00,0,2541846,158805
OK,59,56,910,59,2014-03-04T00:30:00,0,2542295,158805
OK,59,56,910,59,2014-03-04T00:35:00,0,2542744,158805
OK,59,56,910,59,2014-03-04T00:40:00,0,2543193,158805
OK,59,56,910,59,2014-03-04T00:45:00,0,2543642,158805
OK,59,56,910,59,2014-03-04T00:50:00,0,2544091,158805
OK,59,56,910,59,2014-03-04T00:55:00,0,2544540,158805
OK,61,54,910,61,2014-03-04T01:00:00,1,2544989,158805
OK,61,54,910,61,2014-03-04T01:05:00,1,2545438,158805
OK,61,54,910,61,2014-03-04T01:10:00,0,2545887,158805
OK,61,54,910,61,2014-03-04T01:15:00,0,2546336,158805
OK,61,54,910,61,2014-03-04T01:20:00,0,2546785,158805
OK,61,54,910,61,2014-03-04T01:25:00,0,2547234,158805
OK,61,54,910,61,2014-03-04T01:30:00,0,2547683,158805
OK,61,54,910,61,2014-03-04T01:35:00,0,2548132,158805
OK,61,54,910,61,2014-03-04T01:40:00,0,2548581,158805
OK,61,54,910,61,2014-03-04T01:45:00,0,2549030,158805
OK,61,54,910,61,2014-03-04T01:50:00,0,2549479,158805
OK,61,54,910,61,2014-03-04T01:55:00,0,2549928,158805
OK,61,54,910,61,2014-03-04T02:00:00,0,2550377,158805
OK,61,54,910,61,2014-03-04T02:05:00,0,2550826,158805
OK,61,54,910,61,2014-03-04T02:10:00,0,2551275,158805
OK,61,54,910,61,2014-03-04T02:15:00,0,2551724,158805
OK,61,54,910,61,2014-03-04T02:20:00,0,2552173,158805
OK,61,54,910,61,2014-03-04T02:25:00,0,2552622,158805
OK,61,54,910,61,2014-03-04T02:30:00,0,2553071,158805
OK,61,54,910,61,2014-03-04T02:35:00,0,2553520,158805
OK,61,54,910,61,2014-03-04T02:40:00,0,2553969,158805
OK,61,54,910,61,2014-03-04T02:45:00,0,2554418,158805
OK,61,54,910,61,2014-03-04T02:50:00,0,2554867,158805
OK,61,54,910,61,2014-03-04T02:55:00,0,2555316,158805
OK,61,54,910,61,2014-03-04T03:00:00,0,2555765,158805
OK,61,54,910,61,2014-03-04T03:05:00,0,2556214,158805
OK,61,54,910,61,2014-03-04T03:10:00,0,2556663,158805
OK,61,54,910,61,2014-03-04T03:15:00,0,2557112,158805
OK,61,54,910,61,2014-03-04T03:20:00,0,2557561,158805
OK,61,54,910,61,2014-03-04T03:25:00,0,2558010,158805
OK,61,54,910,61,2014-03-04T03:30:00,0,2558459,158805
OK,61,54,910,61,2014-03-04T03:35:00,0,2558908,158805
OK,61,54,910,61,2014-03-04T03:40:00,0,2559357,158805
OK,61,54,910,61,2014-03-04T03:45:00,0,2559806,158805
OK,61,54,910,61,2014-03-04T03:50:00,0,2560255,158805
OK,63,52,910,63,2014-03-04T03:55:00,1,2560704,158805
OK,63,52,910,63,2014-03-04T04:00:00,1,2561153,158805
OK,63,52,910,63,2014-03-04T04:05:00,0,2561602,158805
OK,63,52,910,63,2014-03-04T04:10:00,0,2562051,158805
OK,56,59,910,56,2014-03-04T04:15:00,2,2562500,158805
OK,41,80,910,41,2014-03-04T04:20:00,2,2562949,158805
OK,41,80,910,41,2014-03-04T04:25:00,2,2563398,158805
OK,40,82,910,40,2014-03-04T04:30:00,0,2563847,158805
OK,57,58,910,57,2014-03-04T04:35:00,2,2564296,158805
OK,58,57,910,58,2014-03-04T04:40:00,6,2564745,158805
OK,58,57,910,58,2014-03-04T04:45:00,4,2565194,158805
OK,58,57,910,58,2014-03-04T04:50:00,0,2565643,158805
OK,77,43,910,77,2014-03-04T04:55:00,2,2566092,158805
OK,115,28,910,115,2014-03-04T05:00:00,1,2566541,158805
OK,115,28,910,115,2014-03-04T05:05:00,0,2566990,158805
OK,53,62,910,53,2014-03-04T05:10:00,3,2567439,158805
OK,51,64,910,51,2014-03-04T05:15:00,2,2567888,158805
OK,53,62,910,53,2014-03-04T05:20:00,1,2568337,158805
OK,47,70,910,47,2014-03-04T05:25:00,3,2568786,158805
OK,47,70,910,47,2014-03-04T05:30:00,1,2569235,158805
OK,45,73,910,45,2014-03-04T05:35:00,4,2569684,158805
OK,49,67,910,49,2014-03-04T05:40:00,6,2570133,158805
OK,48,69,910,48,2014-03-04T05:45:00,4,2570582,158805
OK,45,73,910,45,2014-03-04T05:50:00,6,2571031,158805
OK,60,55,910,60,2014-03-04T05:55:00,4,2571480,158805
OK,49,67,910,49,2014-03-04T06:00:00,4,2571929,158805
OK,50,66,910,50,2014-03-04T06:05:00,5,2572378,158805
OK,58,57,910,58,2014-03-04T06:10:00,7,2572827,158805
OK,56,59,910,56,2014-03-04T06:15:00,6,2573276,158805
OK,55,60,910,55,2014-03-04T06:20:00,5,2573725,158805
OK,66,50,910,66,2014-03-04T06:25:00,3,2574174,158805
OK,66,50,910,66,2014-03-04T06:30:00,2,2574623,158805
OK,51,64,910,51,2014-03-04T06:35:00,6,2575072,158805
OK,51,64,910,51,2014-03-04T06:40:00,10,2575521,158805
OK,56,59,910,56,2014-03-04T06:45:00,7,2575970,158805
OK,56,59,910,56,2014-03-04T06:50:00,5,2576419,158805
OK,68,48,910,68,2014-03-04T06:55:00,6,2576868,158805
OK,68,48,910,68,2014-03-04T07:00:00,6,2577317,158805
OK,65,50,910,65,2014-03-04T07:05:00,9,2577766,158805
OK,68,48,910,68,2014-03-04T07:10:00,8,2578215,158805
OK,80,41,910,80,2014-03-04T07:15:00,6,2578664,158805
OK,70,47,910,70,2014-03-04T07:20:00,8,2579113,158805
OK,56,59,910,56,2014-03-04T07:25:00,6,2579562,158805
OK,53,62,910,53,2014-03-04T07:30:00,7,2580011,158805
OK,62,53,910,62,2014-03-04T07:35:00,11,2580460,158805
OK,70,47,910,70,2014-03-04T07:40:00,7,2580909,158805
OK,69,48,910,69,2014-03-04T07:45:00,4,2581358,158805
OK,63,52,910,63,2014-03-04T07:50:00,3,2581807,158805
OK,63,52,910,63,2014-03-04T07:55:00,6,2582256,158805
OK,56,59,910,56,2014-03-04T08:00:00,6,2582705,158805
OK,54,61,910,54,2014-03-04T08:05:00,9,2583154,158805
OK,53,62,910,53,2014-03-04T08:10:00,12,2583603,158805
OK,54,61,910,54,2014-03-04T08:15:00,7,2584052,158805
OK,62,53,910,62,2014-03-04T08:20:00,6,2584501,158805
OK,62,53,910,62,2014-03-04T08:25:00,3,2584950,158805
OK,52,63,910,52,2014-03-04T08:30:00,6,2585399,158805
OK,51,64,910,51,2014-03-04T08:35:00,6,2585848,158805
OK,53,62,910,53,2014-03-04T08:40:00,4,2586297,158805
OK,53,62,910,53,2014-03-04T08:45:00,7,2586746,158805
OK,54,61,910,54,2014-03-04T08:50:00,7,2587195,158805
OK,64,51,910,64,2014-03-04T08:55:00,5,2587644,158805
OK,67,49,910,67,2014-03-04T09:00:00,7,2588093,158805
OK,63,52,910,63,2014-03-04T09:05:00,4,2588542,158805
OK,66,50,910,66,2014-03-04T09:10:00,3,2588991,158805
OK,86,38,910,86,2014-03-04T09:15:00,7,2589440,158805
OK,69,48,910,69,2014-03-04T09:20:00,5,2589889,158805
OK,61,54,910,61,2014-03-04T09:25:00,8,2590338,158805
OK,50,66,910,50,2014-03-04T09:30:00,10,2590787,158805
OK,51,64,910,51,2014-03-04T09:35:00,9,2591236,158805
OK,55,60,910,55,2014-03-04T09:40:00,7,2591685,158805
OK,51,64,910,51,2014-03-04T09:45:00,6,2592134,158805
OK,44,75,910,44,2014-03-04T09:50:00,4,2592583,158805
OK,49,67,910,49,2014-03-04T09:55:00,4,2593032,158805
OK,50,66,910,50,2014-03-04T10:00:00,8,2593481,158805
OK,57,58,910,57,2014-03-04T10:05:00,6,2593930,158805
OK,65,50,910,65,2014-03-04T10:10:00,10,2594379,158805
OK,68,48,910,68,2014-03-04T10:15:00,11,2594828,158805
OK,67,49,910,67,2014-03-04T10:20:00,8,2595277,158805
OK,64,51,910,64,2014-03-04T10:25:00,11,2595726,158805
OK,48,69,910,48,2014-03-04T10:30:00,4,2596175,158805
OK,61,54,910,61,2014-03-04T10:35:00,4,2596624,158805
OK,66,50,910,66,2014-03-04T10:40:00,8,2597073,158805
OK,81,40,910,81,2014-03-04T10:45:00,9,2597522,158805
OK,72,46,910,72,2014-03-04T10:50:00,6,2597971,158805
OK,62,53,910,62,2014-03-04T10:55:00,4,2598420,158805
OK,67,49,910,67,2014-03-04T11:00:00,4,2598869,158805
OK,66,50,910,66,2014-03-04T11:05:00,1,2599318,158805
OK,59,56,910,59,2014-03-04T11:10:00,7,2599767,158805
OK,55,60,910,55,2014-03-04T11:15:00,10,2600216,158805
OK,55,60,910,55,2014-03-04T11:20:00,7,2600665,158805
OK,55,60,910,55,2014-03-04T11:25:00,9,2601114,158805
OK,54,61,910,54,2014-03-04T11:30:00,15,2601563,158805
OK,54,61,910,54,2014-03-04T11:35:00,14,2602012,158805
OK,52,63,910,52,2014-03-04T11:40:00,6,2602461,158805
OK,52,63,910,52,2014-03-04T11:45:00,6,2602910,158805
OK,55,60,910,55,2014-03-04T11:50:00,5,2603359,158805
OK,69,48,910,69,2014-03-04T11:55:00,10,2603808,158805
OK,82,40,910,82,2014-03-04T12:00:00,11,2604257,158805
OK,69,48,910,69,2014-03-04T12:05:00,6,2604706,158805
OK,58,57,910,58,2014-03-04T12:10:00,6,2605155,158805
OK,50,66,910,50,2014-03-04T12:15:00,4,2605604,158805
OK,45,73,910,45,2014-03-04T12:20:00,6,2606053,158805
OK,54,61,910,54,2014-03-04T12:25:00,9,2606502,158805
OK,61,54,910,61,2014-03-04T12:30:00,10,2606951,158805
OK,58,57,910,58,2014-03-04T12:35:00,5,2607400,158805
OK,52,63,910,52,2014-03-04T12:40:00,5,2607849,158805
OK,63,52,910,63,2014-03-04T12:45:00,12,2608298,158805
OK,62,53,910,62,2014-03-04T12:50:00,13,2608747,158805
OK,55,60,910,55,2014-03-04T12:55:00,9,2609196,158805
OK,50,66,910,50,2014-03-04T13:00:00,6,2609645,158805
OK,49,67,910,49,2014-03-04T13:05:00,6,2610094,158805
OK,59,56,910,59,2014-03-04T13:10:00,11,2610543,158805
OK,61,54,910,61,2014-03-04T13:15:00,15,2610992,158805
OK,56,59,910,56,2014-03-04T13:20:00,9,2611441,158805
OK,59,56,910,59,2014-03-04T13:25:00,13,2611890,158805
OK,60,55,910,60,2014-03-04T13:30:00,19,2612339,158805
OK,58,57,910,58,2014-03-04T13:35:00,13,2612788,158805
OK,48,69,910,48,2014-03-04T13:40:00,12,2613237,158805
OK,53,62,910,53,2014-03-04T13:45:00,17,2613686,158805
OK,66,50,910,66,2014-03-04T13:50:00,12,2614135,158805
OK,68,48,910,68,2014-03-04T13:55:00,10,2614584,158805
OK,54,61,910,54,2014-03-04T14:00:00,13,2615033,158805
OK,54,61,910,54,2014-03-04T14:05:00,15,2615482,158805
OK,50,66,910,50,2014-03-04T14:10:00,12,2615931,158805
OK,56,59,910,56,2014-03-04T14:15:00,8,2616380,158805
OK,71,46,910,71,2014-03-04T14:20:00,11,2616829,158805
OK,75,44,910,75,2014-03-04T14:25:00,19,2617278,158805
OK,64,51,910,64,2014-03-04T14:30:00,25,2617727,158805
OK,63,52,910,63,2014-03-04T14:35:00,17,2618176,158805
OK,65,50,910,65,2014-03-04T14:40:00,20,2618625,158805
OK,63,52,910,63,2014-03-04T14:45:00,20,2619074,158805
OK,55,60,910,55,2014-03-04T14:50:00,19,2619523,158805
OK,57,58,910,57,2014-03-04T14:55:00,11,2619972,158805
OK,62,53,910,62,2014-03-04T15:00:00,16,2620421,158805
OK,62,53,910,62,2014-03-04T15:05:00,22,2620870,158805
OK,61,54,910,61,2014-03-04T15:10:00,20,2621319,158805
OK,66,50,910,66,2014-03-04T15:15:00,32,2621768,158805
OK,64,51,910,64,2014-03-04T15:20:00,32,2622217,158805
OK,64,51,910,64,2014-03-04T15:25:00,20,2622666,158805
OK,71,46,910,71,2014-03-04T15:30:00,13,2623115,158805
OK,65,50,910,65,2014-03-04T15:35:00,18,2623564,158805
OK,60,55,910,60,2014-03-04T15:40:00,13,2624013,158805
OK,61,54,910,61,2014-03-04T15:45:00,14,2624462,158805
OK,64,51,910,64,2014-03-04T15:50:00,16,2624911,158805
OK,63,52,910,63,2014-03-04T15:55:00,9,2625360,158805
OK,68,48,910,68,2014-03-04T16:00:00,6,2625809,158805
OK,71,46,910,71,2014-03-04T16:05:00,8,2626258,158805
OK,64,51,910,64,2014-03-04T16:10:00,12,2626707,158805
OK,61,54,910,61,2014-03-04T16:15:00,13,2627156,158805
OK,65,50,910,65,2014-03-04T16:20:00,10,2627605,158805
OK,60,55,910,60,2014-03-04T16:25:00,10,2628054,158805
OK,53,62,910,53,2014-03-04T16:30:00,6,2628503,158805
OK,54,61,910,54,2014-03-04T16:35:00,9,2628952,158805
OK,54,61,910,54,2014-03-04T16:40:00,9,2629401,158805
OK,53,62,910,53,2014-03-04T16:45:00,5,2629850,158805
OK,51,64,910,51,2014-03-04T16:50:00,10,2630299,158805
OK,49,67,910,49,2014-03-04T16:55:00,8,2630748,158805
OK,65,50,910,65,2014-03-04T17:00:00,4,2631197,158805
OK,55,60,910,55,2014-03-04T17:05:00,5,2631646,158805
OK,50,66,910,50,2014-03-04T17:10:00,5,2632095,158805
OK,56,59,910,56,2014-03-04T17:15:00,4,2632544,158805
OK,62,53,910,62,2014-03-04T17:20:00,4,2632993,158805
OK,53,62,910,53,2014-03-04T17:25:00,7,2633442,158805
OK,52,63,910,52,2014-03-04T17:30:00,4,2633891,158805
OK,56,59,910,56,2014-03-04T17:35:00,1,2634340,158805
OK,52,63,910,52,2014-03-04T17:40:00,2,2634789,158805
OK,49,67,910,49,2014-03-04T17:45:00,3,2635238,158805
OK,33,100,910,33,2014-03-04T17:50:00,1,2635687,158805
OK,55,60,910,55,2014-03-04T17:55:00,3,2636136,158805
OK,52,63,910,52,2014-03-04T18:00:00,6,2636585,158805
OK,50,66,910,50,2014-03-04T18:05:00,4,2637034,158805
OK,50,66,910,50,2014-03-04T18:10:00,3,2637483,158805
OK,52,63,910,52,2014-03-04T18:15:00,3,2637932,158805
OK,53,62,910,53,2014-03-04T18:20:00,3,2638381,158805
OK,44,75,910,44,2014-03-04T18:25:00,3,2638830,158805
OK,60,55,910,60,2014-03-04T18:30:00,3,2639279,158805
OK,55,60,910,55,2014-03-04T18:35:00,4,2639728,158805
OK,51,64,910,51,2014-03-04T18:40:00,6,2640177,158805
OK,48,69,910,48,2014-03-04T18:45:00,7,2640626,158805
OK,53,62,910,53,2014-03-04T18:50:00,4,2641075,158805
OK,47,70,910,47,2014-03-04T18:55:00,2,2641524,158805
OK,42,78,910,42,2014-03-04T19:00:00,1,2641973,158805
OK,42,78,910,42,2014-03-04T19:05:00,1,2642422,158805
OK,56,59,910,56,2014-03-04T19:10:00,2,2642871,158805
OK,56,59,910,56,2014-03-04T19:15:00,1,2643320,158805
OK,38,87,910,38,2014-03-04T19:20:00,1,2643769,158805
OK,38,87,910,38,2014-03-04T19:25:00,0,2644218,158805
OK,49,67,910,49,2014-03-04T19:30:00,2,2644667,158805
OK,48,69,910,48,2014-03-04T19:35:00,4,2645116,158805
OK,36,92,910,36,2014-03-04T19:40:00,1,2645565,158805
OK,58,57,910,58,2014-03-04T19:45:00,3,2646014,158805
OK,59,56,910,59,2014-03-04T19:50:00,4,2646463,158805
OK,88,37,910,88,2014-03-04T19:55:00,1,2646912,158805
OK,88,37,910,88,2014-03-04T20:00:00,1,2647361,158805
OK,77,43,910,77,2014-03-04T20:05:00,1,2647810,158805
OK,77,43,910,77,2014-03-04T20:10:00,0,2648259,158805
OK,44,75,910,44,2014-03-04T20:15:00,1,2648708,158805
OK,54,61,910,54,2014-03-04T20:20:00,5,2649157,158805
OK,54,61,910,54,2014-03-04T20:25:00,5,2649606,158805
OK,51,64,910,51,2014-03-04T20:30:00,0,2650055,158805
OK,70,47,910,70,2014-03-04T20:35:00,2,2650504,158805
OK,70,47,910,70,2014-03-04T20:40:00,2,2650953,158805
OK,78,42,910,78,2014-03-04T20:45:00,1,2651402,158805
OK,64,51,910,64,2014-03-04T20:50:00,2,2651851,158805
OK,59,56,910,59,2014-03-04T20:55:00,2,2652300,158805
OK,52,63,910,52,2014-03-04T21:30:00,1,2655120,158805
OK,58,57,910,58,2014-03-04T21:40:00,1,2655921,158805
OK,58,57,910,58,2014-03-04T21:50:00,0,2656819,158805
OK,35,94,910,35,2014-03-04T22:25:00,1,2659594,158805
OK,54,61,910,54,2014-03-04T23:00:00,0,2662538,158805
OK,54,61,910,54,2014-03-04T23:05:00,0,2662987,158805
OK,54,61,910,54,2014-03-04T23:15:00,0,2663885,158805
OK,36,92,910,36,2014-03-05T01:00:00,0,2671967,158805
OK,36,92,910,36,2014-03-05T01:05:00,0,2672416,158805
OK,36,92,910,36,2014-03-05T01:10:00,0,2672865,158805
OK,36,92,910,36,2014-03-05T01:15:00,0,2673314,158805
OK,36,92,910,36,2014-03-05T01:20:00,0,2673763,158805
OK,36,92,910,36,2014-03-05T01:25:00,0,2674212,158805
OK,36,92,910,36,2014-03-05T01:30:00,0,2674661,158805
OK,36,92,910,36,2014-03-05T01:35:00,0,2675110,158805
OK,36,92,910,36,2014-03-05T01:40:00,0,2675559,158805
OK,36,92,910,36,2014-03-05T01:45:00,0,2676008,158805
OK,36,92,910,36,2014-03-05T01:50:00,0,2676457,158805
OK,36,92,910,36,2014-03-05T01:55:00,0,2676906,158805
OK,36,92,910,36,2014-03-05T02:00:00,0,2677355,158805
OK,36,92,910,36,2014-03-05T02:05:00,0,2677804,158805
OK,36,92,910,36,2014-03-05T02:10:00,0,2678253,158805
OK,36,92,910,36,2014-03-05T02:15:00,0,2678702,158805
OK,36,92,910,36,2014-03-05T02:20:00,0,2679151,158805
OK,36,92,910,36,2014-03-05T02:25:00,0,2679600,158805
OK,36,92,910,36,2014-03-05T02:30:00,0,2680049,158805
OK,36,92,910,36,2014-03-05T02:35:00,0,2680498,158805
OK,40,82,910,40,2014-03-05T02:40:00,1,2680947,158805
OK,40,82,910,40,2014-03-05T02:45:00,0,2681396,158805
OK,40,82,910,40,2014-03-05T02:50:00,0,2681845,158805
OK,40,82,910,40,2014-03-05T02:55:00,0,2682294,158805
OK,40,82,910,40,2014-03-05T03:00:00,0,2682743,158805
OK,40,82,910,40,2014-03-05T03:05:00,0,2683192,158805
OK,40,82,910,40,2014-03-05T03:10:00,0,2683641,158805
OK,40,82,910,40,2014-03-05T03:15:00,0,2684090,158805
OK,40,82,910,40,2014-03-05T03:20:00,0,2684539,158805
OK,40,82,910,40,2014-03-05T03:25:00,0,2684988,158805
OK,40,82,910,40,2014-03-05T03:30:00,0,2685437,158805
OK,37,89,910,37,2014-03-05T03:35:00,2,2685886,158805
OK,37,89,910,37,2014-03-05T03:40:00,2,2686335,158805
OK,37,89,910,37,2014-03-05T03:45:00,0,2686784,158805
OK,37,89,910,37,2014-03-05T03:50:00,0,2687233,158805
OK,37,89,910,37,2014-03-05T03:55:00,0,2687682,158805
OK,42,78,910,42,2014-03-05T04:00:00,1,2688131,158805
OK,42,78,910,42,2014-03-05T04:05:00,0,2688580,158805
OK,42,78,910,42,2014-03-05T04:10:00,0,2689029,158805
OK,54,61,910,54,2014-03-05T04:15:00,1,2689478,158805
OK,54,61,910,54,2014-03-05T04:20:00,0,2689927,158805
OK,35,94,910,35,2014-03-05T04:25:00,1,2690376,158805
OK,35,94,910,35,2014-03-05T04:30:00,0,2690825,158805
OK,62,53,910,62,2014-03-05T04:35:00,1,2691274,158805
OK,55,60,910,55,2014-03-05T04:40:00,3,2691723,158805
OK,51,64,910,51,2014-03-05T04:45:00,2,2692172,158805
OK,52,63,910,52,2014-03-05T04:50:00,2,2692621,158805
OK,52,63,910,52,2014-03-05T04:55:00,2,2693070,158805
OK,51,64,910,51,2014-03-05T05:00:00,0,2693519,158805
OK,51,64,910,51,2014-03-05T05:05:00,0,2693968,158805
OK,51,64,910,51,2014-03-05T05:10:00,0,2694417,158805
OK,51,64,910,51,2014-03-05T05:15:00,0,2694866,158805
OK,49,67,910,49,2014-03-05T05:20:00,1,2695315,158805
OK,51,64,910,51,2014-03-05T05:25:00,4,2695764,158805
OK,46,72,910,46,2014-03-05T05:30:00,3,2696213,158805
OK,46,72,910,46,2014-03-05T05:35:00,3,2696662,158805
OK,52,63,910,52,2014-03-05T05:40:00,3,2697111,158805
OK,52,63,910,52,2014-03-05T05:45:00,3,2697560,158805
OK,57,58,910,57,2014-03-05T05:50:00,1,2698009,158805
OK,59,56,910,59,2014-03-05T05:55:00,3,2698458,158805
OK,56,59,910,56,2014-03-05T06:00:00,4,2698907,158805
OK,65,50,910,65,2014-03-05T06:05:00,3,2699356,158805
OK,65,50,910,65,2014-03-05T06:10:00,3,2699805,158805
OK,48,69,910,48,2014-03-05T06:15:00,3,2700254,158805
OK,56,59,910,56,2014-03-05T06:20:00,6,2700703,158805
OK,59,56,910,59,2014-03-05T06:25:00,4,2701152,158805
OK,57,58,910,57,2014-03-05T06:30:00,3,2701601,158805
OK,69,48,910,69,2014-03-05T06:35:00,8,2702050,158805
OK,64,51,910,64,2014-03-05T06:40:00,9,2702499,158805
OK,47,70,910,47,2014-03-05T06:45:00,8,2702948,158805
OK,47,70,910,47,2014-03-05T06:50:00,6,2703397,158805
OK,53,62,910,53,2014-03-05T06:55:00,5,2703846,158805
OK,49,67,910,49,2014-03-05T07:00:00,7,2704295,158805
OK,52,63,910,52,2014-03-05T07:05:00,8,2704744,158805
OK,51,64,910,51,2014-03-05T07:10:00,3,2705193,158805
OK,51,64,910,51,2014-03-05T07:15:00,3,2705642,158805
OK,53,62,910,53,2014-03-05T07:20:00,5,2706091,158805
OK,51,64,910,51,2014-03-05T07:25:00,5,2706540,158805
OK,49,67,910,49,2014-03-05T07:30:00,7,2706989,158805
OK,53,62,910,53,2014-03-05T07:35:00,5,2707438,158805
OK,51,64,910,51,2014-03-05T07:40:00,1,2707887,158805
OK,45,73,910,45,2014-03-05T07:45:00,6,2708336,158805
OK,46,72,910,46,2014-03-05T07:50:00,8,2708785,158805
OK,48,69,910,48,2014-03-05T07:55:00,8,2709234,158805
OK,53,62,910,53,2014-03-05T08:00:00,11,2709683,158805
OK,55,60,910,55,2014-03-05T08:05:00,7,2710132,158805
OK,39,84,910,39,2014-03-05T08:10:00,2,2710581,158805
OK,50,66,910,50,2014-03-05T08:15:00,5,2711030,158805
OK,55,60,910,55,2014-03-05T08:20:00,6,2711479,158805
OK,59,56,910,59,2014-03-05T08:25:00,7,2711928,158805
OK,56,59,910,56,2014-03-05T08:30:00,11,2712377,158805
OK,56,59,910,56,2014-03-05T08:35:00,10,2712826,158805
OK,54,61,910,54,2014-03-05T08:40:00,3,2713275,158805
OK,60,55,910,60,2014-03-05T08:45:00,4,2713724,158805
OK,56,59,910,56,2014-03-05T08:50:00,6,2714173,158805
OK,51,64,910,51,2014-03-05T08:55:00,4,2714622,158805
OK,53,62,910,53,2014-03-05T09:00:00,1,2715071,158805
OK,56,59,910,56,2014-03-05T09:05:00,2,2715520,158805
OK,52,63,910,52,2014-03-05T09:10:00,3,2715969,158805
OK,51,64,910,51,2014-03-05T09:15:00,6,2716418,158805
OK,50,66,910,50,2014-03-05T09:20:00,10,2716867,158805
OK,58,57,910,58,2014-03-05T09:25:00,7,2717316,158805
OK,63,52,910,63,2014-03-05T09:30:00,2,2717765,158805
OK,49,67,910,49,2014-03-05T09:35:00,4,2718214,158805
OK,50,66,910,50,2014-03-05T09:40:00,6,2718663,158805
OK,66,50,910,66,2014-03-05T09:45:00,5,2719112,158805
OK,49,67,910,49,2014-03-05T09:50:00,8,2719561,158805
OK,48,69,910,48,2014-03-05T09:55:00,5,2720010,158805
OK,54,61,910,54,2014-03-05T10:00:00,7,2720459,158805
OK,56,59,910,56,2014-03-05T10:05:00,7,2720908,158805
OK,55,60,910,55,2014-03-05T10:10:00,10,2721357,158805
OK,54,61,910,54,2014-03-05T10:15:00,10,2721806,158805
OK,51,64,910,51,2014-03-05T10:20:00,2,2722255,158805
OK,61,54,910,61,2014-03-05T10:25:00,4,2722704,158805
OK,55,60,910,55,2014-03-05T10:30:00,5,2723153,158805
OK,53,62,910,53,2014-03-05T10:35:00,6,2723602,158805
OK,53,62,910,53,2014-03-05T10:40:00,9,2724051,158805
OK,54,61,910,54,2014-03-05T10:45:00,6,2724500,158805
OK,52,63,910,52,2014-03-05T10:50:00,7,2724949,158805
OK,52,63,910,52,2014-03-05T10:55:00,5,2725398,158805
OK,48,69,910,48,2014-03-05T11:00:00,6,2725847,158805
OK,53,62,910,53,2014-03-05T11:05:00,7,2726296,158805
OK,54,61,910,54,2014-03-05T11:10:00,4,2726745,158805
OK,57,58,910,57,2014-03-05T11:15:00,8,2727194,158805
OK,57,58,910,57,2014-03-05T11:20:00,8,2727643,158805
OK,53,62,910,53,2014-03-05T11:25:00,3,2728092,158805
OK,54,61,910,54,2014-03-05T11:30:00,5,2728541,158805
OK,54,61,910,54,2014-03-05T11:35:00,7,2728990,158805
OK,48,69,910,48,2014-03-05T11:40:00,10,2729439,158805
OK,49,67,910,49,2014-03-05T11:45:00,10,2729888,158805
OK,52,63,910,52,2014-03-05T11:50:00,10,2730337,158805
OK,56,59,910,56,2014-03-05T11:55:00,14,2730786,158805
OK,60,55,910,60,2014-03-05T12:00:00,8,2731235,158805
OK,50,66,910,50,2014-03-05T12:05:00,8,2731684,158805
OK,52,63,910,52,2014-03-05T12:10:00,12,2732133,158805
OK,55,60,910,55,2014-03-05T12:15:00,16,2732582,158805
OK,53,62,910,53,2014-03-05T12:20:00,18,2733031,158805
OK,55,60,910,55,2014-03-05T12:25:00,13,2733480,158805
OK,47,70,910,47,2014-03-05T12:30:00,9,2733929,158805
OK,44,75,910,44,2014-03-05T12:35:00,9,2734378,158805
OK,48,69,910,48,2014-03-05T12:40:00,5,2734827,158805
OK,47,70,910,47,2014-03-05T12:45:00,7,2735276,158805
OK,59,56,910,59,2014-03-05T12:50:00,10,2735725,158805
OK,59,56,910,59,2014-03-05T12:55:00,8,2736174,158805
OK,53,62,910,53,2014-03-05T13:00:00,8,2736623,158805
OK,54,61,910,54,2014-03-05T13:05:00,7,2737072,158805
OK,56,59,910,56,2014-03-05T13:10:00,5,2737521,158805
OK,48,69,910,48,2014-03-05T13:30:00,7,2738756,158805
OK,48,69,910,48,2014-03-05T13:35:00,9,2739205,158805
OK,49,67,910,49,2014-03-05T13:40:00,13,2739654,158805
OK,56,59,910,56,2014-03-05T13:45:00,8,2740103,158805
OK,62,53,910,62,2014-03-05T13:50:00,8,2740552,158805
OK,55,60,910,55,2014-03-05T13:55:00,12,2741001,158805
OK,52,63,910,52,2014-03-05T14:00:00,19,2741450,158805
OK,52,63,910,52,2014-03-05T14:05:00,17,2741899,158805
OK,51,64,910,51,2014-03-05T14:10:00,17,2742348,158805
OK,53,62,910,53,2014-03-05T14:15:00,17,2742797,158805
OK,61,54,910,61,2014-03-05T14:20:00,12,2743246,158805
OK,56,59,910,56,2014-03-05T14:25:00,11,2743695,158805
OK,65,50,910,65,2014-03-05T14:30:00,15,2744144,158805
OK,61,54,910,61,2014-03-05T14:35:00,17,2744593,158805
OK,52,63,910,52,2014-03-05T14:40:00,20,2745042,158805
OK,56,59,910,56,2014-03-05T14:45:00,19,2745491,158805
OK,57,58,910,57,2014-03-05T14:50:00,18,2745940,158805
OK,50,66,910,50,2014-03-05T14:55:00,16,2746389,158805
OK,56,59,910,56,2014-03-05T15:00:00,19,2746838,158805
OK,56,59,910,56,2014-03-05T15:05:00,19,2747287,158805
OK,48,69,910,48,2014-03-05T15:10:00,17,2747736,158805
OK,50,66,910,50,2014-03-05T15:15:00,22,2748185,158805
OK,57,58,910,57,2014-03-05T15:20:00,28,2748634,158805
OK,54,61,910,54,2014-03-05T15:25:00,25,2749083,158805
OK,49,67,910,49,2014-03-05T15:30:00,15,2749532,158805
OK,51,64,910,51,2014-03-05T15:35:00,13,2749981,158805
OK,57,58,910,57,2014-03-05T15:40:00,10,2750430,158805
OK,58,57,910,58,2014-03-05T15:45:00,6,2750879,158805
OK,58,57,910,58,2014-03-05T15:50:00,11,2751328,158805
OK,60,55,910,60,2014-03-05T15:55:00,10,2751777,158805
OK,41,80,910,41,2014-03-05T16:00:00,7,2752226,158805
OK,45,73,910,45,2014-03-05T16:05:00,9,2752675,158805
OK,45,73,910,45,2014-03-05T16:10:00,6,2753124,158805
OK,52,63,910,52,2014-03-05T16:15:00,4,2753573,158805
OK,62,53,910,62,2014-03-05T16:20:00,6,2754022,158805
OK,55,60,910,55,2014-03-05T16:25:00,10,2754471,158805
OK,55,60,910,55,2014-03-05T16:30:00,7,2754920,158805
OK,47,70,910,47,2014-03-05T16:35:00,8,2755369,158805
OK,47,70,910,47,2014-03-05T16:40:00,10,2755818,158805
OK,49,67,910,49,2014-03-05T16:45:00,7,2756267,158805
OK,45,73,910,45,2014-03-05T16:50:00,7,2756716,158805
OK,44,75,910,44,2014-03-05T16:55:00,7,2757165,158805
OK,47,70,910,47,2014-03-05T17:00:00,5,2757614,158805
OK,51,64,910,51,2014-03-05T17:05:00,2,2758063,158805
OK,56,59,910,56,2014-03-05T17:10:00,4,2758512,158805
OK,56,59,910,56,2014-03-05T17:15:00,2,2758961,158805
OK,44,75,910,44,2014-03-05T17:20:00,2,2759410,158805
OK,48,69,910,48,2014-03-05T17:25:00,7,2759859,158805
OK,50,66,910,50,2014-03-05T17:30:00,6,2760308,158805
OK,53,62,910,53,2014-03-05T17:35:00,3,2760757,158805
OK,46,72,910,46,2014-03-05T17:40:00,1,2761206,158805
OK,58,57,910,58,2014-03-05T17:45:00,1,2761655,158805
OK,52,63,910,52,2014-03-05T17:50:00,3,2762104,158805
OK,46,72,910,46,2014-03-05T17:55:00,2,2762553,158805
OK,45,73,910,45,2014-03-05T18:00:00,6,2763002,158805
OK,50,66,910,50,2014-03-05T18:05:00,7,2763451,158805
OK,54,61,910,54,2014-03-05T18:10:00,5,2763900,158805
OK,54,61,910,54,2014-03-05T18:15:00,3,2764349,158805
OK,54,61,910,54,2014-03-05T18:20:00,1,2764798,158805
OK,59,56,910,59,2014-03-05T18:25:00,5,2765247,158805
OK,58,57,910,58,2014-03-05T18:30:00,4,2765696,158805
OK,59,56,910,59,2014-03-05T18:35:00,0,2766145,158805
OK,59,56,910,59,2014-03-05T18:40:00,0,2766594,158805
OK,59,56,910,59,2014-03-05T18:45:00,0,2767043,158805
OK,55,60,910,55,2014-03-05T18:50:00,1,2767492,158805
OK,55,60,910,55,2014-03-05T18:55:00,0,2767941,158805
OK,55,60,910,55,2014-03-05T19:00:00,0,2768390,158805
OK,49,67,910,49,2014-03-05T19:05:00,2,2768839,158805
OK,49,67,910,49,2014-03-05T19:10:00,2,2769288,158805
OK,52,63,910,52,2014-03-05T19:15:00,1,2769737,158805
OK,52,63,910,52,2014-03-05T19:20:00,1,2770186,158805
OK,41,80,910,41,2014-03-05T19:25:00,1,2770635,158805
OK,41,80,910,41,2014-03-05T19:30:00,1,2771084,158805
OK,48,69,910,48,2014-03-05T19:35:00,2,2771533,158805
OK,48,69,910,48,2014-03-05T19:40:00,3,2771982,158805
OK,42,78,910,42,2014-03-05T19:45:00,1,2772431,158805
OK,48,69,910,48,2014-03-05T19:50:00,2,2772880,158805
OK,48,69,910,48,2014-03-05T19:55:00,2,2773329,158805
OK,54,61,910,54,2014-03-05T20:00:00,0,2773778,158805
OK,54,61,910,54,2014-03-05T20:05:00,0,2774227,158805
OK,54,61,910,54,2014-03-05T20:10:00,0,2774676,158805
OK,41,80,910,41,2014-03-05T20:15:00,1,2775125,158805
OK,41,80,910,41,2014-03-05T20:20:00,0,2775574,158805
OK,57,58,910,57,2014-03-05T20:25:00,3,2776023,158805
OK,56,59,910,56,2014-03-05T20:30:00,4,2776472,158805
OK,53,62,910,53,2014-03-05T20:35:00,0,2776921,158805
OK,49,67,910,49,2014-03-05T20:40:00,1,2777370,158805
OK,49,67,910,49,2014-03-05T20:45:00,1,2777819,158805
OK,48,69,910,48,2014-03-05T20:50:00,1,2778268,158805
OK,48,69,910,48,2014-03-05T20:55:00,1,2778717,158805
OK,50,66,910,50,2014-03-05T21:45:00,3,2782565,158805
OK,48,69,910,48,2014-03-05T22:20:00,1,2785369,158805
OK,44,75,910,44,2014-03-05T22:45:00,0,2787286,158805
OK,44,75,910,44,2014-03-05T22:50:00,0,2787686,158805
OK,44,75,910,44,2014-03-05T23:00:00,0,2788577,158805
OK,44,75,910,44,2014-03-05T23:05:00,0,2789026,158805
OK,56,59,910,56,2014-03-06T01:00:00,0,2796575,158805
OK,56,59,910,56,2014-03-06T01:10:00,0,2797473,158805
OK,56,59,910,56,2014-03-06T01:15:00,0,2797922,158805
OK,56,59,910,56,2014-03-06T01:20:00,0,2798371,158805
OK,56,59,910,56,2014-03-06T01:25:00,0,2798820,158805
OK,56,59,910,56,2014-03-06T01:30:00,0,2799269,158805
OK,56,59,910,56,2014-03-06T01:35:00,0,2799718,158805
OK,44,75,910,44,2014-03-06T01:40:00,1,2800167,158805
OK,44,75,910,44,2014-03-06T01:45:00,0,2800616,158805
OK,44,75,910,44,2014-03-06T01:50:00,0,2801065,158805
OK,44,75,910,44,2014-03-06T01:55:00,0,2801514,158805
OK,44,75,910,44,2014-03-06T02:00:00,0,2801963,158805
OK,44,75,910,44,2014-03-06T02:05:00,0,2802412,158805
OK,44,75,910,44,2014-03-06T02:10:00,0,2802861,158805
OK,44,75,910,44,2014-03-06T02:15:00,0,2803310,158805
OK,44,75,910,44,2014-03-06T02:20:00,0,2803759,158805
OK,44,75,910,44,2014-03-06T02:25:00,0,2804208,158805
OK,44,75,910,44,2014-03-06T02:30:00,0,2804657,158805
OK,44,75,910,44,2014-03-06T02:35:00,0,2805106,158805
OK,44,75,910,44,2014-03-06T02:40:00,0,2805555,158805
OK,44,75,910,44,2014-03-06T02:45:00,0,2806004,158805
OK,44,75,910,44,2014-03-06T02:50:00,0,2806453,158805
OK,44,75,910,44,2014-03-06T02:55:00,0,2806902,158805
OK,44,75,910,44,2014-03-06T03:00:00,0,2807351,158805
OK,44,75,910,44,2014-03-06T03:05:00,0,2807800,158805
OK,44,75,910,44,2014-03-06T03:10:00,0,2808249,158805
OK,44,75,910,44,2014-03-06T03:15:00,0,2808698,158805
OK,44,75,910,44,2014-03-06T03:20:00,0,2809147,158805
OK,44,75,910,44,2014-03-06T03:25:00,0,2809596,158805
OK,44,75,910,44,2014-03-06T03:30:00,0,2810045,158805
OK,44,75,910,44,2014-03-06T03:35:00,0,2810494,158805
OK,44,75,910,44,2014-03-06T03:40:00,0,2810943,158805
OK,44,75,910,44,2014-03-06T03:45:00,0,2811392,158805
OK,44,75,910,44,2014-03-06T03:50:00,0,2811841,158805
OK,44,75,910,44,2014-03-06T03:55:00,0,2812290,158805
OK,44,75,910,44,2014-03-06T04:00:00,0,2812739,158805
OK,44,75,910,44,2014-03-06T04:05:00,0,2813188,158805
OK,44,75,910,44,2014-03-06T04:10:00,0,2813636,158805
OK,44,75,910,44,2014-03-06T04:15:00,0,2814085,158805
OK,35,94,910,35,2014-03-06T04:20:00,1,2814534,158805
OK,35,94,910,35,2014-03-06T04:25:00,1,2814983,158805
OK,62,53,910,62,2014-03-06T04:30:00,1,2815432,158805
OK,62,53,910,62,2014-03-06T04:35:00,1,2815881,158805
OK,62,53,910,62,2014-03-06T04:40:00,0,2816330,158805
OK,82,40,910,82,2014-03-06T04:45:00,1,2816779,158805
OK,61,54,910,61,2014-03-06T04:50:00,2,2817228,158805
OK,52,63,910,52,2014-03-06T04:55:00,2,2817677,158805
OK,53,62,910,53,2014-03-06T05:00:00,4,2818126,158805
OK,54,61,910,54,2014-03-06T05:05:00,5,2818575,158805
OK,64,51,910,64,2014-03-06T05:10:00,0,2819024,158805
OK,64,51,910,64,2014-03-06T05:15:00,0,2819473,158805
OK,64,51,910,64,2014-03-06T05:20:00,0,2819922,158805
OK,62,53,910,62,2014-03-06T05:25:00,1,2820371,158805
OK,53,62,910,53,2014-03-06T05:30:00,2,2820820,158805
OK,97,34,910,97,2014-03-06T05:35:00,1,2821269,158805
OK,80,41,910,80,2014-03-06T05:40:00,2,2821718,158805
OK,57,58,910,57,2014-03-06T05:45:00,3,2822167,158805
OK,54,61,910,54,2014-03-06T05:50:00,4,2822616,158805
OK,63,52,910,63,2014-03-06T05:55:00,2,2823065,158805
OK,48,69,910,48,2014-03-06T06:00:00,7,2823514,158805
OK,48,69,910,48,2014-03-06T06:05:00,7,2823963,158805
OK,66,50,910,66,2014-03-06T06:10:00,2,2824412,158805
OK,61,54,910,61,2014-03-06T06:15:00,4,2824861,158805
OK,71,46,910,71,2014-03-06T06:20:00,8,2825310,158805
OK,59,56,910,59,2014-03-06T06:25:00,10,2825759,158805
OK,49,67,910,49,2014-03-06T06:30:00,6,2826208,158805
OK,56,59,910,56,2014-03-06T06:35:00,5,2826657,158805
OK,66,50,910,66,2014-03-06T06:40:00,4,2827106,158805
OK,52,63,910,52,2014-03-06T06:45:00,5,2827555,158805
OK,61,54,910,61,2014-03-06T06:50:00,8,2828004,158805
OK,52,63,910,52,2014-03-06T06:55:00,9,2828453,158805
OK,50,66,910,50,2014-03-06T07:00:00,10,2828902,158805
OK,64,51,910,64,2014-03-06T07:05:00,10,2829351,158805
OK,67,49,910,67,2014-03-06T07:10:00,9,2829800,158805
OK,50,66,910,50,2014-03-06T07:15:00,5,2830249,158805
OK,68,48,910,68,2014-03-06T07:20:00,4,2830698,158805
OK,56,59,910,56,2014-03-06T07:25:00,7,2831147,158805
OK,60,55,910,60,2014-03-06T07:30:00,3,2831596,158805
OK,54,61,910,54,2014-03-06T07:35:00,6,2832045,158805
OK,52,63,910,52,2014-03-06T07:40:00,9,2832494,158805
OK,61,54,910,61,2014-03-06T07:45:00,7,2832943,158805
OK,65,50,910,65,2014-03-06T07:50:00,7,2833392,158805
OK,57,58,910,57,2014-03-06T07:55:00,6,2833841,158805
OK,54,61,910,54,2014-03-06T08:00:00,9,2834290,158805
OK,55,60,910,55,2014-03-06T08:05:00,9,2834739,158805
OK,71,46,910,71,2014-03-06T08:10:00,4,2835188,158805
OK,55,60,910,55,2014-03-06T08:15:00,7,2835637,158805
OK,54,61,910,54,2014-03-06T08:20:00,8,2836086,158805
OK,46,72,910,46,2014-03-06T08:25:00,6,2836535,158805
OK,50,66,910,50,2014-03-06T08:30:00,5,2836984,158805
OK,67,49,910,67,2014-03-06T08:35:00,3,2837433,158805
OK,54,61,910,54,2014-03-06T08:40:00,5,2837882,158805
OK,54,61,910,54,2014-03-06T08:45:00,9,2838331,158805
OK,56,59,910,56,2014-03-06T08:50:00,7,2838780,158805
OK,53,62,910,53,2014-03-06T08:55:00,5,2839229,158805
OK,47,70,910,47,2014-03-06T09:00:00,6,2839678,158805
OK,46,72,910,46,2014-03-06T09:05:00,7,2840127,158805
OK,51,64,910,51,2014-03-06T09:10:00,7,2840576,158805
OK,49,67,910,49,2014-03-06T09:15:00,4,2841025,158805
OK,46,72,910,46,2014-03-06T09:20:00,4,2841474,158805
OK,44,75,910,44,2014-03-06T09:25:00,7,2841923,158805
OK,45,73,910,45,2014-03-06T09:30:00,10,2842372,158805
OK,53,62,910,53,2014-03-06T09:35:00,9,2842821,158805
OK,58,57,910,58,2014-03-06T09:40:00,3,2843270,158805
OK,52,63,910,52,2014-03-06T09:45:00,2,2843719,158805
OK,53,62,910,53,2014-03-06T09:50:00,8,2844168,158805
OK,50,66,910,50,2014-03-06T09:55:00,13,2844617,158805
OK,46,72,910,46,2014-03-06T10:00:00,7,2845066,158805
OK,46,72,910,46,2014-03-06T10:05:00,7,2845515,158805
OK,53,62,910,53,2014-03-06T10:10:00,11,2845964,158805
OK,53,62,910,53,2014-03-06T10:15:00,13,2846413,158805
OK,53,62,910,53,2014-03-06T10:20:00,10,2846862,158805
OK,54,61,910,54,2014-03-06T10:25:00,8,2847311,158805
OK,60,55,910,60,2014-03-06T10:30:00,5,2847760,158805
OK,51,64,910,51,2014-03-06T10:35:00,8,2848209,158805
OK,54,61,910,54,2014-03-06T10:40:00,8,2848658,158805
OK,54,61,910,54,2014-03-06T10:45:00,9,2849107,158805
OK,50,66,910,50,2014-03-06T10:50:00,9,2849556,158805
OK,50,66,910,50,2014-03-06T10:55:00,9,2850005,158805
OK,50,66,910,50,2014-03-06T11:00:00,12,2850454,158805
OK,55,60,910,55,2014-03-06T11:05:00,9,2850903,158805
OK,66,50,910,66,2014-03-06T11:10:00,3,2851352,158805
OK,52,63,910,52,2014-03-06T11:15:00,4,2851801,158805
OK,65,50,910,65,2014-03-06T11:20:00,7,2852250,158805
OK,50,66,910,50,2014-03-06T11:25:00,13,2852699,158805
OK,50,66,910,50,2014-03-06T11:30:00,11,2853148,158805
OK,55,60,910,55,2014-03-06T11:35:00,8,2853597,158805
OK,56,59,910,56,2014-03-06T11:40:00,7,2854046,158805
OK,55,60,910,55,2014-03-06T11:45:00,8,2854495,158805
OK,51,64,910,51,2014-03-06T11:50:00,9,2854944,158805
OK,45,73,910,45,2014-03-06T11:55:00,9,2855393,158805
OK,52,63,910,52,2014-03-06T12:00:00,7,2855842,158805
OK,56,59,910,56,2014-03-06T12:05:00,5,2856291,158805
OK,61,54,910,61,2014-03-06T12:10:00,12,2856740,158805
OK,61,54,910,61,2014-03-06T12:15:00,14,2857189,158805
OK,50,66,910,50,2014-03-06T12:20:00,5,2857638,158805
OK,52,63,910,52,2014-03-06T12:25:00,10,2858087,158805
OK,56,59,910,56,2014-03-06T12:30:00,16,2858536,158805
OK,56,59,910,56,2014-03-06T12:35:00,13,2858985,158805
OK,51,64,910,51,2014-03-06T12:40:00,9,2859434,158805
OK,56,59,910,56,2014-03-06T12:45:00,19,2859883,158805
OK,53,62,910,53,2014-03-06T12:50:00,22,2860332,158805
OK,53,62,910,53,2014-03-06T12:55:00,13,2860781,158805
OK,61,54,910,61,2014-03-06T13:00:00,18,2861230,158805
OK,63,52,910,63,2014-03-06T13:05:00,14,2861679,158805
OK,61,54,910,61,2014-03-06T13:10:00,8,2862128,158805
OK,53,62,910,53,2014-03-06T13:15:00,13,2862577,158805
OK,52,63,910,52,2014-03-06T13:20:00,14,2863026,158805
OK,52,63,910,52,2014-03-06T13:25:00,10,2863475,158805
OK,52,63,910,52,2014-03-06T13:30:00,7,2863924,158805
OK,53,62,910,53,2014-03-06T13:35:00,6,2864373,158805
OK,51,64,910,51,2014-03-06T13:40:00,10,2864822,158805
OK,53,62,910,53,2014-03-06T13:45:00,16,2865271,158805
OK,54,61,910,54,2014-03-06T13:50:00,8,2865720,158805
OK,64,51,910,64,2014-03-06T13:55:00,6,2866169,158805
OK,55,60,910,55,2014-03-06T14:00:00,12,2866618,158805
OK,52,63,910,52,2014-03-06T14:05:00,16,2867067,158805
OK,61,54,910,61,2014-03-06T14:10:00,13,2867516,158805
OK,64,51,910,64,2014-03-06T14:15:00,17,2867965,158805
OK,56,59,910,56,2014-03-06T14:20:00,19,2868414,158805
OK,57,58,910,57,2014-03-06T14:25:00,23,2868863,158805
OK,60,55,910,60,2014-03-06T14:30:00,16,2869312,158805
OK,53,62,910,53,2014-03-06T14:35:00,15,2869761,158805
OK,59,56,910,59,2014-03-06T14:40:00,13,2870210,158805
OK,61,54,910,61,2014-03-06T14:45:00,16,2870659,158805
OK,52,63,910,52,2014-03-06T14:50:00,20,2871108,158805
OK,49,67,910,49,2014-03-06T14:55:00,13,2871557,158805
OK,48,69,910,48,2014-03-06T15:00:00,8,2872006,158805
OK,52,63,910,52,2014-03-06T15:05:00,16,2872455,158805
OK,52,63,910,52,2014-03-06T15:10:00,20,2872904,158805
OK,53,62,910,53,2014-03-06T15:15:00,15,2873353,158805
OK,54,61,910,54,2014-03-06T15:20:00,15,2873802,158805
OK,58,57,910,58,2014-03-06T15:25:00,16,2874251,158805
OK,56,59,910,56,2014-03-06T15:30:00,13,2874700,158805
OK,54,61,910,54,2014-03-06T15:35:00,9,2875149,158805
OK,53,62,910,53,2014-03-06T15:40:00,8,2875598,158805
OK,59,56,910,59,2014-03-06T15:45:00,12,2876047,158805
OK,54,61,910,54,2014-03-06T15:50:00,12,2876496,158805
OK,55,60,910,55,2014-03-06T15:55:00,15,2876945,158805
OK,55,60,910,55,2014-03-06T16:00:00,9,2877394,158805
OK,45,73,910,45,2014-03-06T16:05:00,5,2877843,158805
OK,45,73,910,45,2014-03-06T16:10:00,4,2878292,158805
OK,52,63,910,52,2014-03-06T16:15:00,4,2878741,158805
OK,52,63,910,52,2014-03-06T16:20:00,7,2879190,158805
OK,53,62,910,53,2014-03-06T16:25:00,8,2879639,158805
OK,49,67,910,49,2014-03-06T16:30:00,10,2880088,158805
OK,49,67,910,49,2014-03-06T16:35:00,9,2880537,158805
OK,51,64,910,51,2014-03-06T16:40:00,8,2880986,158805
OK,52,63,910,52,2014-03-06T16:45:00,7,2881435,158805
OK,59,56,910,59,2014-03-06T16:50:00,9,2881884,158805
OK,64,51,910,64,2014-03-06T16:55:00,7,2882333,158805
OK,50,66,910,50,2014-03-06T17:00:00,1,2882782,158805
OK,38,87,910,38,2014-03-06T17:05:00,1,2883231,158805
OK,55,60,910,55,2014-03-06T17:10:00,3,2883680,158805
OK,41,80,910,41,2014-03-06T17:15:00,6,2884129,158805
OK,42,78,910,42,2014-03-06T17:20:00,10,2884578,158805
OK,44,75,910,44,2014-03-06T17:25:00,10,2885027,158805
OK,43,77,910,43,2014-03-06T17:30:00,7,2885476,158805
OK,45,73,910,45,2014-03-06T17:35:00,3,2885925,158805
OK,48,69,910,48,2014-03-06T17:40:00,5,2886374,158805
OK,51,64,910,51,2014-03-06T17:45:00,3,2886823,158805
OK,51,64,910,51,2014-03-06T17:50:00,0,2887272,158805
OK,51,64,910,51,2014-03-06T17:55:00,0,2887721,158805
OK,47,70,910,47,2014-03-06T18:00:00,3,2888170,158805
OK,51,64,910,51,2014-03-06T18:05:00,6,2888619,158805
OK,42,78,910,42,2014-03-06T18:10:00,1,2889068,158805
OK,42,78,910,42,2014-03-06T18:15:00,1,2889517,158805
OK,47,70,910,47,2014-03-06T18:20:00,3,2889966,158805
OK,47,70,910,47,2014-03-06T18:25:00,3,2890415,158805
OK,47,70,910,47,2014-03-06T18:30:00,0,2890864,158805
OK,42,78,910,42,2014-03-06T18:35:00,2,2891313,158805
OK,42,78,910,42,2014-03-06T18:40:00,2,2891762,158805
OK,43,77,910,43,2014-03-06T18:45:00,0,2892211,158805
OK,40,82,910,40,2014-03-06T18:50:00,5,2892660,158805
OK,44,75,910,44,2014-03-06T18:55:00,6,2893109,158805
OK,45,73,910,45,2014-03-06T19:00:00,3,2893558,158805
OK,45,73,910,45,2014-03-06T19:05:00,3,2894007,158805
OK,55,60,910,55,2014-03-06T19:10:00,1,2894456,158805
OK,63,52,910,63,2014-03-06T19:15:00,1,2894905,158805
OK,60,55,910,60,2014-03-06T19:20:00,2,2895354,158805
OK,44,75,910,44,2014-03-06T19:25:00,3,2895803,158805
OK,45,73,910,45,2014-03-06T19:30:00,4,2896252,158805
OK,42,78,910,42,2014-03-06T19:35:00,6,2896701,158805
OK,42,78,910,42,2014-03-06T19:40:00,3,2897150,158805
OK,48,69,910,48,2014-03-06T19:45:00,2,2897599,158805
OK,48,69,910,48,2014-03-06T19:50:00,4,2898048,158805
OK,53,62,910,53,2014-03-06T19:55:00,3,2898497,158805
OK,57,58,910,57,2014-03-06T20:00:00,0,2898946,158805
OK,74,44,910,74,2014-03-06T20:05:00,1,2899395,158805
OK,57,58,910,57,2014-03-06T20:10:00,1,2899844,158805
OK,55,60,910,55,2014-03-06T20:15:00,5,2900293,158805
OK,52,63,910,52,2014-03-06T20:20:00,5,2900742,158805
OK,51,64,910,51,2014-03-06T20:25:00,4,2901191,158805
OK,59,56,910,59,2014-03-06T20:30:00,1,2901640,158805
OK,44,75,910,44,2014-03-06T20:35:00,1,2902089,158805
OK,42,78,910,42,2014-03-06T20:40:00,3,2902538,158805
OK,39,84,910,39,2014-03-06T20:45:00,3,2902987,158805
OK,39,84,910,39,2014-03-06T20:50:00,1,2903436,158805
OK,52,63,910,52,2014-03-06T20:55:00,2,2903885,158805
OK,72,46,910,72,2014-03-06T22:40:00,1,2911747,158805
OK,72,46,910,72,2014-03-06T22:45:00,1,2912195,158805
OK,72,46,910,72,2014-03-06T22:50:00,0,2912644,158805
OK,72,46,910,72,2014-03-06T23:00:00,0,2913541,158805
OK,72,46,910,72,2014-03-06T23:05:00,0,2913990,158805
OK,72,46,910,72,2014-03-06T23:10:00,0,2914439,158805
OK,44,75,910,44,2014-03-06T23:25:00,1,2915777,158805
OK,44,75,910,44,2014-03-07T01:00:00,0,2922566,158805
OK,44,75,910,44,2014-03-07T01:10:00,0,2923108,158805
OK,44,75,910,44,2014-03-07T01:15:00,0,2923557,158805
OK,44,75,910,44,2014-03-07T01:20:00,0,2924006,158805
OK,44,75,910,44,2014-03-07T01:25:00,0,2924455,158805
OK,44,75,910,44,2014-03-07T01:30:00,0,2924904,158805
OK,44,75,910,44,2014-03-07T01:35:00,0,2925353,158805
OK,44,75,910,44,2014-03-07T01:40:00,0,2925802,158805
OK,44,75,910,44,2014-03-07T01:45:00,0,2926251,158805
OK,44,75,910,44,2014-03-07T01:50:00,0,2926700,158805
OK,44,75,910,44,2014-03-07T01:55:00,0,2927149,158805
OK,44,75,910,44,2014-03-07T02:00:00,0,2927598,158805
OK,44,75,910,44,2014-03-07T02:05:00,0,2928047,158805
OK,44,75,910,44,2014-03-07T02:10:00,0,2928496,158805
OK,44,75,910,44,2014-03-07T02:15:00,0,2928945,158805
OK,44,75,910,44,2014-03-07T02:20:00,0,2929394,158805
OK,44,75,910,44,2014-03-07T02:25:00,0,2929843,158805
OK,44,75,910,44,2014-03-07T02:30:00,0,2930292,158805
OK,44,75,910,44,2014-03-07T02:35:00,0,2930741,158805
OK,44,75,910,44,2014-03-07T02:40:00,0,2931190,158805
OK,44,75,910,44,2014-03-07T02:45:00,0,2931639,158805
OK,44,75,910,44,2014-03-07T02:50:00,0,2932088,158805
OK,44,75,910,44,2014-03-07T02:55:00,0,2932537,158805
OK,44,75,910,44,2014-03-07T03:00:00,0,2932986,158805
OK,44,75,910,44,2014-03-07T03:05:00,0,2933435,158805
OK,44,75,910,44,2014-03-07T03:10:00,0,2933884,158805
OK,44,75,910,44,2014-03-07T03:15:00,0,2934333,158805
OK,44,75,910,44,2014-03-07T03:20:00,0,2934782,158805
OK,44,75,910,44,2014-03-07T03:25:00,0,2935231,158805
OK,44,75,910,44,2014-03-07T03:30:00,0,2935680,158805
OK,44,75,910,44,2014-03-07T03:35:00,0,2936129,158805
OK,44,75,910,44,2014-03-07T03:40:00,0,2936578,158805
OK,44,75,910,44,2014-03-07T03:45:00,0,2937027,158805
OK,44,75,910,44,2014-03-07T03:50:00,0,2937476,158805
OK,44,75,910,44,2014-03-07T03:55:00,0,2937925,158805
OK,44,75,910,44,2014-03-07T04:00:00,0,2938374,158805
OK,44,75,910,44,2014-03-07T04:05:00,0,2938823,158805
OK,44,75,910,44,2014-03-07T04:10:00,0,2939272,158805
OK,44,75,910,44,2014-03-07T04:15:00,0,2939721,158805
OK,44,75,910,44,2014-03-07T04:20:00,0,2940170,158805
OK,44,75,910,44,2014-03-07T04:25:00,0,2940619,158805
OK,44,75,910,44,2014-03-07T04:30:00,0,2941068,158805
OK,56,59,910,56,2014-03-07T04:35:00,2,2941517,158805
OK,56,59,910,56,2014-03-07T04:40:00,2,2941966,158805
OK,53,62,910,53,2014-03-07T04:45:00,0,2942415,158805
OK,48,69,910,48,2014-03-07T04:50:00,2,2942864,158805
OK,57,58,910,57,2014-03-07T04:55:00,3,2943313,158805
OK,63,52,910,63,2014-03-07T05:00:00,1,2943762,158805
OK,63,52,910,63,2014-03-07T05:05:00,0,2944211,158805
OK,63,52,910,63,2014-03-07T05:10:00,0,2944660,158805
OK,53,62,910,53,2014-03-07T05:15:00,1,2945109,158805
OK,53,62,910,53,2014-03-07T05:20:00,1,2945558,158805
OK,48,69,910,48,2014-03-07T05:25:00,1,2946007,158805
OK,48,69,910,48,2014-03-07T05:30:00,1,2946456,158805
OK,48,69,910,48,2014-03-07T05:35:00,0,2946905,158805
OK,52,63,910,52,2014-03-07T05:40:00,6,2947354,158805
OK,47,70,910,47,2014-03-07T05:45:00,6,2947803,158805
OK,45,73,910,45,2014-03-07T05:50:00,4,2948252,158805
OK,48,69,910,48,2014-03-07T05:55:00,4,2948701,158805
OK,51,64,910,51,2014-03-07T06:00:00,6,2949150,158805
OK,51,64,910,51,2014-03-07T06:05:00,3,2949599,158805
OK,31,106,910,31,2014-03-07T06:10:00,1,2950048,158805
OK,45,73,910,45,2014-03-07T06:15:00,3,2950497,158805
OK,51,64,910,51,2014-03-07T06:20:00,4,2950946,158805
OK,53,62,910,53,2014-03-07T06:25:00,4,2951395,158805
OK,54,61,910,54,2014-03-07T06:30:00,5,2951844,158805
OK,60,55,910,60,2014-03-07T06:35:00,8,2952293,158805
OK,63,52,910,63,2014-03-07T06:40:00,13,2952742,158805
OK,50,66,910,50,2014-03-07T06:45:00,11,2953191,158805
OK,50,66,910,50,2014-03-07T06:50:00,9,2953640,158805
OK,54,61,910,54,2014-03-07T06:55:00,11,2954089,158805
OK,54,61,910,54,2014-03-07T07:00:00,9,2954538,158805
OK,61,54,910,61,2014-03-07T07:05:00,6,2954987,158805
OK,59,56,910,59,2014-03-07T07:10:00,8,2955436,158805
OK,57,58,910,57,2014-03-07T07:15:00,5,2955885,158805
OK,57,58,910,57,2014-03-07T07:20:00,3,2956334,158805
OK,56,59,910,56,2014-03-07T07:25:00,7,2956783,158805
OK,54,61,910,54,2014-03-07T07:30:00,7,2957232,158805
OK,53,62,910,53,2014-03-07T07:35:00,7,2957681,158805
OK,52,63,910,52,2014-03-07T07:40:00,4,2958130,158805
OK,57,58,910,57,2014-03-07T07:45:00,6,2958579,158805
OK,71,46,910,71,2014-03-07T07:50:00,6,2959028,158805
OK,75,44,910,75,2014-03-07T07:55:00,3,2959477,158805
OK,49,67,910,49,2014-03-07T08:00:00,2,2959926,158805
OK,47,70,910,47,2014-03-07T08:05:00,6,2960375,158805
OK,45,73,910,45,2014-03-07T08:10:00,4,2960824,158805
OK,52,63,910,52,2014-03-07T08:15:00,5,2961273,158805
OK,50,66,910,50,2014-03-07T08:20:00,4,2961722,158805
OK,53,62,910,53,2014-03-07T08:25:00,4,2962171,158805
OK,61,54,910,61,2014-03-07T08:30:00,9,2962620,158805
OK,63,52,910,63,2014-03-07T08:35:00,8,2963069,158805
OK,51,64,910,51,2014-03-07T08:40:00,7,2963518,158805
OK,52,63,910,52,2014-03-07T08:45:00,11,2963967,158805
OK,65,50,910,65,2014-03-07T08:50:00,7,2964416,158805
OK,64,51,910,64,2014-03-07T08:55:00,4,2964865,158805
OK,52,63,910,52,2014-03-07T09:00:00,9,2965314,158805
OK,42,78,910,42,2014-03-07T09:05:00,13,2965763,158805
OK,43,77,910,43,2014-03-07T09:10:00,11,2966212,158805
OK,54,61,910,54,2014-03-07T09:15:00,2,2966661,158805
OK,45,73,910,45,2014-03-07T09:20:00,2,2967110,158805
OK,58,57,910,58,2014-03-07T09:25:00,6,2967559,158805
OK,58,57,910,58,2014-03-07T09:30:00,7,2968008,158805
OK,49,67,910,49,2014-03-07T09:35:00,9,2968457,158805
OK,49,67,910,49,2014-03-07T09:40:00,7,2968906,158805
OK,48,69,910,48,2014-03-07T09:45:00,8,2969355,158805
OK,50,66,910,50,2014-03-07T09:50:00,9,2969804,158805
OK,50,66,910,50,2014-03-07T09:55:00,5,2970253,158805
OK,48,69,910,48,2014-03-07T10:00:00,5,2970702,158805
OK,48,69,910,48,2014-03-07T10:05:00,8,2971151,158805
OK,47,70,910,47,2014-03-07T10:10:00,6,2971600,158805
OK,74,44,910,74,2014-03-07T10:15:00,8,2972049,158805
OK,66,50,910,66,2014-03-07T10:20:00,10,2972498,158805
OK,56,59,910,56,2014-03-07T10:25:00,9,2972947,158805
OK,54,61,910,54,2014-03-07T10:30:00,7,2973396,158805
OK,51,64,910,51,2014-03-07T10:35:00,5,2973845,158805
OK,55,60,910,55,2014-03-07T10:40:00,9,2974294,158805
OK,55,60,910,55,2014-03-07T10:45:00,10,2974743,158805
OK,53,62,910,53,2014-03-07T10:50:00,9,2975192,158805
OK,48,69,910,48,2014-03-07T10:55:00,10,2975641,158805
OK,45,73,910,45,2014-03-07T11:00:00,9,2976090,158805
OK,51,64,910,51,2014-03-07T11:05:00,7,2976539,158805
OK,51,64,910,51,2014-03-07T11:10:00,7,2976988,158805
OK,57,58,910,57,2014-03-07T11:15:00,8,2977437,158805
OK,55,60,910,55,2014-03-07T11:20:00,15,2977886,158805
OK,54,61,910,54,2014-03-07T11:25:00,21,2978335,158805
OK,55,60,910,55,2014-03-07T11:30:00,20,2978784,158805
OK,55,60,910,55,2014-03-07T11:35:00,14,2979233,158805
OK,54,61,910,54,2014-03-07T11:40:00,8,2979682,158805
OK,54,61,910,54,2014-03-07T11:45:00,13,2980131,158805
OK,58,57,910,58,2014-03-07T11:50:00,14,2980580,158805
OK,49,67,910,49,2014-03-07T11:55:00,9,2981029,158805
OK,48,69,910,48,2014-03-07T12:00:00,9,2981478,158805
OK,52,63,910,52,2014-03-07T12:05:00,11,2981927,158805
OK,52,63,910,52,2014-03-07T12:10:00,11,2982376,158805
OK,55,60,910,55,2014-03-07T12:15:00,11,2982825,158805
OK,56,59,910,56,2014-03-07T12:20:00,7,2983274,158805
OK,56,59,910,56,2014-03-07T12:25:00,7,2983723,158805
OK,52,63,910,52,2014-03-07T12:30:00,10,2984172,158805
OK,48,69,910,48,2014-03-07T12:35:00,12,2984621,158805
OK,53,62,910,53,2014-03-07T12:40:00,18,2985070,158805
OK,52,63,910,52,2014-03-07T12:45:00,15,2985519,158805
OK,45,73,910,45,2014-03-07T12:50:00,10,2985968,158805
OK,54,61,910,54,2014-03-07T12:55:00,12,2986417,158805
OK,54,61,910,54,2014-03-07T13:00:00,8,2986866,158805
OK,45,73,910,45,2014-03-07T13:05:00,8,2987315,158805
OK,47,70,910,47,2014-03-07T13:10:00,13,2987764,158805
OK,54,61,910,54,2014-03-07T13:15:00,15,2988213,158805
OK,54,61,910,54,2014-03-07T13:20:00,15,2988662,158805
OK,49,67,910,49,2014-03-07T13:25:00,8,2989111,158805
OK,52,63,910,52,2014-03-07T13:30:00,9,2989560,158805
OK,52,63,910,52,2014-03-07T13:35:00,19,2990009,158805
OK,54,61,910,54,2014-03-07T13:40:00,19,2990458,158805
OK,59,56,910,59,2014-03-07T13:45:00,16,2990907,158805
OK,49,67,910,49,2014-03-07T13:50:00,12,2991356,158805
OK,49,67,910,49,2014-03-07T13:55:00,11,2991805,158805
OK,47,70,910,47,2014-03-07T14:00:00,11,2992254,158805
OK,50,66,910,50,2014-03-07T14:05:00,16,2992703,158805
OK,50,66,910,50,2014-03-07T14:10:00,9,2993152,158805
OK,51,64,910,51,2014-03-07T14:15:00,19,2993601,158805
OK,54,61,910,54,2014-03-07T14:20:00,22,2994050,158805
OK,52,63,910,52,2014-03-07T14:25:00,12,2994499,158805
OK,51,64,910,51,2014-03-07T14:30:00,11,2994948,158805
OK,48,69,910,48,2014-03-07T14:35:00,8,2995397,158805
OK,46,72,910,46,2014-03-07T14:40:00,9,2995846,158805
OK,56,59,910,56,2014-03-07T14:45:00,11,2996295,158805
OK,53,62,910,53,2014-03-07T14:50:00,16,2996744,158805
OK,51,64,910,51,2014-03-07T14:55:00,15,2997193,158805
OK,56,59,910,56,2014-03-07T15:00:00,13,2997642,158805
OK,56,59,910,56,2014-03-07T15:05:00,7,2998091,158805
OK,53,62,910,53,2014-03-07T15:10:00,9,2998540,158805
OK,54,61,910,54,2014-03-07T15:15:00,11,2998989,158805
OK,56,59,910,56,2014-03-07T15:20:00,8,2999438,158805
OK,55,60,910,55,2014-03-07T15:25:00,5,2999887,158805
OK,54,61,910,54,2014-03-07T15:30:00,5,3000336,158805
OK,52,63,910,52,2014-03-07T15:35:00,6,3000785,158805
OK,56,59,910,56,2014-03-07T15:40:00,7,3001234,158805
OK,57,58,910,57,2014-03-07T15:45:00,9,3001683,158805
OK,48,69,910,48,2014-03-07T15:50:00,8,3002132,158805
OK,47,70,910,47,2014-03-07T15:55:00,11,3002581,158805
OK,45,73,910,45,2014-03-07T16:00:00,8,3003030,158805
OK,49,67,910,49,2014-03-07T16:05:00,7,3003479,158805
OK,49,67,910,49,2014-03-07T16:10:00,11,3003928,158805
OK,45,73,910,45,2014-03-07T16:15:00,10,3004377,158805
OK,42,78,910,42,2014-03-07T16:20:00,3,3004826,158805
OK,44,75,910,44,2014-03-07T16:25:00,4,3005275,158805
OK,46,72,910,46,2014-03-07T16:30:00,3,3005724,158805
OK,44,75,910,44,2014-03-07T16:35:00,3,3006173,158805
OK,45,73,910,45,2014-03-07T16:40:00,8,3006622,158805
OK,45,73,910,45,2014-03-07T16:45:00,5,3007071,158805
OK,45,73,910,45,2014-03-07T16:50:00,1,3007520,158805
OK,45,73,910,45,2014-03-07T16:55:00,0,3007969,158805
OK,48,69,910,48,2014-03-07T17:00:00,2,3008418,158805
OK,48,69,910,48,2014-03-07T17:05:00,5,3008867,158805
OK,51,64,910,51,2014-03-07T17:10:00,4,3009316,158805
OK,51,64,910,51,2014-03-07T17:15:00,2,3009765,158805
OK,49,67,910,49,2014-03-07T17:20:00,2,3010214,158805
OK,53,62,910,53,2014-03-07T17:25:00,6,3010663,158805
OK,51,64,910,51,2014-03-07T17:30:00,7,3011112,158805
OK,46,72,910,46,2014-03-07T17:35:00,5,3011561,158805
OK,50,66,910,50,2014-03-07T17:40:00,4,3012010,158805
OK,53,62,910,53,2014-03-07T17:45:00,3,3012459,158805
OK,49,67,910,49,2014-03-07T17:50:00,4,3012908,158805
OK,58,57,910,58,2014-03-07T17:55:00,3,3013357,158805
OK,48,69,910,48,2014-03-07T18:00:00,3,3013806,158805
OK,46,72,910,46,2014-03-07T18:05:00,2,3014255,158805
OK,49,67,910,49,2014-03-07T18:10:00,3,3014704,158805
OK,58,57,910,58,2014-03-07T18:15:00,0,3015153,158805
OK,58,57,910,58,2014-03-07T18:20:00,0,3015602,158805
OK,50,66,910,50,2014-03-07T18:25:00,4,3016051,158805
OK,50,66,910,50,2014-03-07T18:30:00,6,3016500,158805
OK,50,66,910,50,2014-03-07T18:35:00,7,3016949,158805
OK,50,66,910,50,2014-03-07T18:40:00,5,3017398,158805
OK,50,66,910,50,2014-03-07T18:45:00,2,3017847,158805
OK,54,61,910,54,2014-03-07T18:50:00,1,3018296,158805
OK,54,61,910,54,2014-03-07T18:55:00,1,3018745,158805
OK,41,80,910,41,2014-03-07T19:00:00,0,3019194,158805
OK,47,70,910,47,2014-03-07T19:05:00,5,3019643,158805
OK,47,70,910,47,2014-03-07T19:10:00,7,3020092,158805
OK,55,60,910,55,2014-03-07T19:15:00,3,3020541,158805
OK,63,52,910,63,2014-03-07T19:20:00,4,3020990,158805
OK,64,51,910,64,2014-03-07T19:25:00,1,3021439,158805
OK,64,51,910,64,2014-03-07T19:30:00,0,3021888,158805
OK,38,87,910,38,2014-03-07T19:35:00,1,3022337,158805
OK,44,75,910,44,2014-03-07T19:40:00,2,3022786,158805
OK,51,64,910,51,2014-03-07T19:45:00,0,3023235,158805
OK,51,64,910,51,2014-03-07T19:50:00,0,3023684,158805
OK,51,64,910,51,2014-03-07T19:55:00,0,3024133,158805
OK,54,61,910,54,2014-03-07T20:00:00,1,3024582,158805
OK,77,43,910,77,2014-03-07T20:05:00,2,3025031,158805
OK,100,33,910,100,2014-03-07T20:10:00,0,3025480,158805
OK,50,66,910,50,2014-03-07T20:15:00,2,3025929,158805
OK,55,60,910,55,2014-03-07T20:20:00,2,3026378,158805
OK,62,53,910,62,2014-03-07T20:25:00,0,3026827,158805
OK,62,53,910,62,2014-03-07T20:30:00,0,3027276,158805
OK,48,69,910,48,2014-03-07T20:35:00,2,3027725,158805
OK,54,61,910,54,2014-03-07T20:40:00,0,3028174,158805
OK,54,61,910,54,2014-03-07T20:45:00,1,3028623,158805
OK,54,61,910,54,2014-03-07T20:50:00,0,3029072,158805
OK,46,72,910,46,2014-03-07T20:55:00,1,3029521,158805
OK,51,64,910,51,2014-03-07T23:00:00,0,3039308,158805
OK,51,64,910,51,2014-03-07T23:05:00,0,3039757,158805
OK,68,48,910,68,2014-03-07T23:15:00,2,3040591,158805
OK,49,67,910,49,2014-03-07T23:20:00,2,3040985,158805
OK,56,59,910,56,2014-03-07T23:25:00,1,3041434,158805
OK,58,57,910,58,2014-03-08T01:00:00,3,3048100,158805
OK,57,58,910,57,2014-03-08T01:10:00,0,3048617,158805
OK,57,58,910,57,2014-03-08T01:20:00,0,3049515,158805
OK,57,58,910,57,2014-03-08T01:25:00,0,3049964,158805
OK,57,58,910,57,2014-03-08T01:30:00,0,3050413,158805
OK,57,58,910,57,2014-03-08T01:35:00,0,3050862,158805
OK,57,58,910,57,2014-03-08T01:40:00,0,3051311,158805
OK,57,58,910,57,2014-03-08T01:45:00,0,3051760,158805
OK,57,58,910,57,2014-03-08T01:50:00,0,3052209,158805
OK,57,58,910,57,2014-03-08T01:55:00,0,3052658,158805
OK,57,58,910,57,2014-03-08T02:00:00,0,3053107,158805
OK,57,58,910,57,2014-03-08T02:05:00,0,3053556,158805
OK,57,58,910,57,2014-03-08T02:10:00,0,3054005,158805
OK,57,58,910,57,2014-03-08T02:15:00,0,3054454,158805
OK,57,58,910,57,2014-03-08T02:20:00,0,3054903,158805
OK,57,58,910,57,2014-03-08T02:25:00,0,3055352,158805
OK,57,58,910,57,2014-03-08T02:30:00,0,3055801,158805
OK,57,58,910,57,2014-03-08T02:35:00,0,3056250,158805
OK,64,51,910,64,2014-03-08T02:40:00,1,3056699,158805
OK,64,51,910,64,2014-03-08T02:45:00,0,3057148,158805
OK,64,51,910,64,2014-03-08T02:50:00,0,3057597,158805
OK,50,66,910,50,2014-03-08T02:55:00,1,3058046,158805
OK,46,72,910,46,2014-03-08T03:00:00,2,3058495,158805
OK,42,78,910,42,2014-03-08T03:05:00,0,3058944,158805
OK,42,78,910,42,2014-03-08T03:10:00,0,3059393,158805
OK,42,78,910,42,2014-03-08T03:15:00,0,3059842,158805
OK,42,78,910,42,2014-03-08T03:20:00,0,3060291,158805
OK,42,78,910,42,2014-03-08T03:25:00,0,3060740,158805
OK,42,78,910,42,2014-03-08T03:30:00,0,3061189,158805
OK,42,78,910,42,2014-03-08T03:35:00,0,3061638,158805
OK,42,78,910,42,2014-03-08T03:40:00,0,3062087,158805
OK,42,78,910,42,2014-03-08T03:45:00,0,3062536,158805
OK,42,78,910,42,2014-03-08T03:50:00,0,3062985,158805
OK,42,78,910,42,2014-03-08T03:55:00,0,3063434,158805
OK,42,78,910,42,2014-03-08T04:00:00,0,3063883,158805
OK,42,78,910,42,2014-03-08T04:05:00,0,3064332,158805
OK,42,78,910,42,2014-03-08T04:10:00,0,3064781,158805
OK,42,78,910,42,2014-03-08T04:15:00,0,3065230,158805
OK,42,78,910,42,2014-03-08T04:20:00,0,3065679,158805
OK,42,78,910,42,2014-03-08T04:25:00,0,3066128,158805
OK,42,78,910,42,2014-03-08T04:30:00,0,3066577,158805
OK,42,78,910,42,2014-03-08T04:35:00,0,3067026,158805
OK,42,78,910,42,2014-03-08T04:40:00,0,3067475,158805
OK,42,78,910,42,2014-03-08T04:45:00,0,3067924,158805
OK,42,78,910,42,2014-03-08T04:50:00,0,3068373,158805
OK,42,78,910,42,2014-03-08T04:55:00,0,3068822,158805
OK,46,72,910,46,2014-03-08T05:45:00,1,3072880,158805
OK,46,72,910,46,2014-03-08T05:50:00,0,3073329,158805
OK,46,72,910,46,2014-03-08T05:55:00,0,3073718,158805
OK,59,56,910,59,2014-03-08T06:30:00,0,3076503,158805
OK,57,58,910,57,2014-03-08T07:00:00,3,3078991,158805
OK,58,57,910,58,2014-03-08T07:05:00,0,3079440,158805
OK,58,57,910,58,2014-03-08T07:10:00,0,3079889,158805
OK,58,57,910,58,2014-03-08T07:15:00,0,3080338,158805
OK,43,77,910,43,2014-03-08T07:20:00,1,3080787,158805
OK,48,69,910,48,2014-03-08T07:25:00,1,3081236,158805
OK,48,69,910,48,2014-03-08T07:30:00,0,3081685,158805
OK,49,67,910,49,2014-03-08T07:35:00,1,3082134,158805
OK,49,67,910,49,2014-03-08T07:40:00,0,3082583,158805
OK,45,73,910,45,2014-03-08T07:45:00,3,3083032,158805
OK,74,44,910,74,2014-03-08T07:50:00,3,3083481,158805
OK,68,48,910,68,2014-03-08T07:55:00,2,3083930,158805
OK,52,63,910,52,2014-03-08T08:00:00,2,3084379,158805
OK,48,69,910,48,2014-03-08T08:05:00,3,3084828,158805
OK,51,64,910,51,2014-03-08T08:10:00,4,3085277,158805
OK,68,48,910,68,2014-03-08T08:15:00,1,3085726,158805
OK,74,44,910,74,2014-03-08T08:20:00,3,3086175,158805
OK,50,66,910,50,2014-03-08T08:25:00,6,3086624,158805
OK,55,60,910,55,2014-03-08T08:30:00,5,3087073,158805
OK,61,54,910,61,2014-03-08T08:35:00,3,3087522,158805
OK,39,84,910,39,2014-03-08T08:40:00,2,3087971,158805
OK,47,70,910,47,2014-03-08T08:45:00,3,3088420,158805
OK,50,66,910,50,2014-03-08T08:50:00,3,3088869,158805
OK,50,66,910,50,2014-03-08T08:55:00,4,3089318,158805
OK,51,64,910,51,2014-03-08T09:00:00,2,3089767,158805
OK,49,67,910,49,2014-03-08T09:05:00,3,3090216,158805
OK,52,63,910,52,2014-03-08T09:10:00,4,3090665,158805
OK,65,50,910,65,2014-03-08T09:15:00,2,3091114,158805
OK,51,64,910,51,2014-03-08T09:20:00,7,3091563,158805
OK,51,64,910,51,2014-03-08T09:25:00,9,3092012,158805
OK,75,44,910,75,2014-03-08T09:30:00,6,3092461,158805
OK,55,60,910,55,2014-03-08T09:35:00,3,3092910,158805
OK,51,64,910,51,2014-03-08T09:40:00,3,3093359,158805
OK,51,64,910,51,2014-03-08T09:45:00,1,3093808,158805
OK,50,66,910,50,2014-03-08T09:50:00,2,3094257,158805
OK,51,64,910,51,2014-03-08T09:55:00,5,3094706,158805
OK,51,64,910,51,2014-03-08T10:00:00,3,3095155,158805
OK,77,43,910,77,2014-03-08T10:05:00,0,3095604,158805
OK,67,49,910,67,2014-03-08T10:10:00,1,3096053,158805
OK,59,56,910,59,2014-03-08T10:15:00,2,3096502,158805
OK,45,73,910,45,2014-03-08T10:20:00,5,3096951,158805
OK,47,70,910,47,2014-03-08T10:25:00,6,3097400,158805
OK,68,48,910,68,2014-03-08T10:30:00,4,3097849,158805
OK,67,49,910,67,2014-03-08T10:35:00,2,3098298,158805
OK,56,59,910,56,2014-03-08T10:40:00,4,3098747,158805
OK,46,72,910,46,2014-03-08T10:45:00,3,3099196,158805
OK,48,69,910,48,2014-03-08T10:50:00,4,3099645,158805
OK,47,70,910,47,2014-03-08T10:55:00,4,3100094,158805
OK,46,72,910,46,2014-03-08T11:00:00,5,3100543,158805
OK,63,52,910,63,2014-03-08T11:05:00,4,3100992,158805
OK,52,63,910,52,2014-03-08T11:10:00,3,3101441,158805
OK,52,63,910,52,2014-03-08T11:15:00,2,3101890,158805
OK,54,61,910,54,2014-03-08T11:20:00,3,3102339,158805
OK,53,62,910,53,2014-03-08T11:25:00,3,3102788,158805
OK,41,80,910,41,2014-03-08T11:30:00,4,3103237,158805
OK,41,80,910,41,2014-03-08T11:35:00,4,3103686,158805
OK,51,64,910,51,2014-03-08T11:40:00,4,3104135,158805
OK,39,84,910,39,2014-03-08T11:45:00,2,3104584,158805
OK,46,72,910,46,2014-03-08T11:50:00,2,3105033,158805
OK,54,61,910,54,2014-03-08T11:55:00,2,3105482,158805
OK,52,63,910,52,2014-03-08T12:00:00,5,3105931,158805
OK,52,63,910,52,2014-03-08T12:05:00,3,3106380,158805
OK,46,72,910,46,2014-03-08T12:10:00,1,3106829,158805
OK,58,57,910,58,2014-03-08T12:15:00,8,3107278,158805
OK,60,55,910,60,2014-03-08T12:20:00,10,3107727,158805
OK,62,53,910,62,2014-03-08T12:25:00,4,3108176,158805
OK,60,55,910,60,2014-03-08T12:30:00,7,3108625,158805
OK,59,56,910,59,2014-03-08T12:35:00,8,3109074,158805
OK,54,61,910,54,2014-03-08T12:40:00,5,3109523,158805
OK,51,64,910,51,2014-03-08T12:45:00,2,3109972,158805
OK,59,56,910,59,2014-03-08T12:50:00,3,3110421,158805
OK,50,66,910,50,2014-03-08T12:55:00,3,3110870,158805
OK,59,56,910,59,2014-03-08T13:00:00,3,3111319,158805
OK,62,53,910,62,2014-03-08T13:05:00,2,3111768,158805
OK,49,67,910,49,2014-03-08T13:10:00,1,3112217,158805
OK,49,67,910,49,2014-03-08T13:15:00,3,3112666,158805
OK,56,59,910,56,2014-03-08T13:20:00,4,3113115,158805
OK,55,60,910,55,2014-03-08T13:25:00,7,3113564,158805
OK,57,58,910,57,2014-03-08T13:30:00,4,3114013,158805
OK,51,64,910,51,2014-03-08T13:35:00,3,3114462,158805
OK,54,61,910,54,2014-03-08T13:40:00,5,3114911,158805
OK,51,64,910,51,2014-03-08T13:45:00,6,3115360,158805
OK,52,63,910,52,2014-03-08T13:50:00,5,3115809,158805
OK,53,62,910,53,2014-03-08T13:55:00,3,3116258,158805
OK,51,64,910,51,2014-03-08T14:00:00,3,3116707,158805
OK,65,50,910,65,2014-03-08T14:05:00,5,3117156,158805
OK,58,57,910,58,2014-03-08T14:10:00,11,3117605,158805
OK,57,58,910,57,2014-03-08T14:15:00,5,3118054,158805
OK,53,62,910,53,2014-03-08T14:20:00,6,3118503,158805
OK,49,67,910,49,2014-03-08T14:25:00,3,3118952,158805
OK,95,34,910,95,2014-03-08T14:30:00,1,3119401,158805
OK,95,34,910,95,2014-03-08T14:35:00,0,3119850,158805
OK,95,34,910,95,2014-03-08T14:40:00,0,3120299,158805
OK,49,67,910,49,2014-03-08T14:45:00,5,3120748,158805
OK,55,60,910,55,2014-03-08T14:50:00,6,3121197,158805
OK,45,73,910,45,2014-03-08T14:55:00,5,3121646,158805
OK,45,73,910,45,2014-03-08T15:00:00,6,3122095,158805
OK,46,72,910,46,2014-03-08T15:05:00,3,3122544,158805
OK,45,73,910,45,2014-03-08T15:10:00,5,3122993,158805
OK,43,77,910,43,2014-03-08T15:15:00,6,3123442,158805
OK,42,78,910,42,2014-03-08T15:20:00,3,3123891,158805
OK,63,52,910,63,2014-03-08T15:25:00,2,3124340,158805
OK,49,67,910,49,2014-03-08T15:30:00,3,3124789,158805
OK,58,57,910,58,2014-03-08T15:35:00,8,3125238,158805
OK,56,59,910,56,2014-03-08T15:40:00,7,3125687,158805
OK,44,75,910,44,2014-03-08T15:45:00,4,3126136,158805
OK,48,69,910,48,2014-03-08T15:50:00,2,3126585,158805
OK,55,60,910,55,2014-03-08T15:55:00,3,3127034,158805
OK,49,67,910,49,2014-03-08T16:00:00,5,3127483,158805
OK,52,63,910,52,2014-03-08T16:05:00,6,3127932,158805
OK,59,56,910,59,2014-03-08T16:10:00,6,3128381,158805
OK,63,52,910,63,2014-03-08T16:15:00,3,3128830,158805
OK,51,64,910,51,2014-03-08T16:20:00,4,3129279,158805
OK,51,64,910,51,2014-03-08T16:25:00,3,3129728,158805
OK,57,58,910,57,2014-03-08T16:30:00,1,3130177,158805
OK,52,63,910,52,2014-03-08T16:35:00,4,3130626,158805
OK,52,63,910,52,2014-03-08T16:40:00,4,3131075,158805
OK,56,59,910,56,2014-03-08T16:45:00,1,3131524,158805
OK,56,59,910,56,2014-03-08T16:50:00,0,3131973,158805
OK,58,57,910,58,2014-03-08T16:55:00,4,3132422,158805
OK,53,62,910,53,2014-03-08T17:00:00,5,3132871,158805
OK,77,43,910,77,2014-03-08T17:05:00,2,3133320,158805
OK,53,62,910,53,2014-03-08T17:10:00,1,3133769,158805
OK,43,77,910,43,2014-03-08T17:15:00,3,3134218,158805
OK,42,78,910,42,2014-03-08T17:20:00,3,3134667,158805
OK,55,60,910,55,2014-03-08T17:25:00,1,3135116,158805
OK,46,72,910,46,2014-03-08T17:30:00,2,3135565,158805
OK,48,69,910,48,2014-03-08T17:35:00,2,3136014,158805
OK,54,61,910,54,2014-03-08T17:40:00,1,3136463,158805
OK,43,77,910,43,2014-03-08T17:45:00,4,3136912,158805
OK,48,69,910,48,2014-03-08T17:50:00,6,3137361,158805
OK,52,63,910,52,2014-03-08T17:55:00,3,3137810,158805
OK,66,50,910,66,2014-03-08T18:00:00,2,3138259,158805
OK,66,50,910,66,2014-03-08T18:05:00,0,3138708,158805
OK,54,61,910,54,2014-03-09T00:55:00,0,3139157,158805
OK,52,63,910,52,2014-03-09T01:00:00,1,3139606,158805
OK,43,77,910,43,2014-03-09T01:05:00,1,3140055,158805
OK,57,58,910,57,2014-03-09T01:10:00,2,3140504,158805
OK,40,82,910,40,2014-03-09T01:15:00,1,3140953,158805
OK,43,77,910,43,2014-03-09T01:20:00,2,3141402,158805
OK,47,70,910,47,2014-03-09T01:25:00,0,3141851,158805
OK,47,70,910,47,2014-03-09T01:30:00,0,3142300,158805
OK,47,70,910,47,2014-03-09T01:35:00,0,3142749,158805
OK,47,70,910,47,2014-03-09T01:40:00,0,3143198,158805
OK,47,70,910,47,2014-03-09T01:45:00,0,3143647,158805
OK,45,73,910,45,2014-03-09T01:50:00,4,3144096,158805
OK,56,59,910,56,2014-03-09T01:55:00,5,3144545,158805
OK,62,53,910,62,2014-03-09T02:00:00,0,3144994,158805
OK,62,53,910,62,2014-03-09T02:05:00,0,3145443,158805
OK,62,53,910,62,2014-03-09T02:10:00,0,3145892,158805
OK,62,53,910,62,2014-03-09T02:15:00,0,3146341,158805
OK,62,53,910,62,2014-03-09T02:20:00,0,3146790,158805
OK,62,53,910,62,2014-03-09T02:25:00,0,3147239,158805
OK,62,53,910,62,2014-03-09T02:30:00,0,3147688,158805
OK,62,53,910,62,2014-03-09T02:35:00,0,3148137,158805
OK,62,53,910,62,2014-03-09T02:40:00,0,3148586,158805
OK,62,53,910,62,2014-03-09T02:45:00,0,3149035,158805
OK,62,53,910,62,2014-03-09T02:50:00,0,3149484,158805
OK,62,53,910,62,2014-03-09T02:55:00,0,3149933,158805
OK,62,53,910,62,2014-03-09T03:00:00,0,3150382,158805
OK,62,53,910,62,2014-03-09T03:05:00,0,3150831,158805
OK,62,53,910,62,2014-03-09T03:10:00,0,3151280,158805
OK,47,70,910,47,2014-03-09T03:15:00,2,3151729,158805
OK,53,62,910,53,2014-03-09T03:20:00,3,3152178,158805
OK,53,62,910,53,2014-03-09T03:25:00,1,3152627,158805
OK,53,62,910,53,2014-03-09T03:30:00,0,3153076,158805
OK,53,62,910,53,2014-03-09T03:35:00,0,3153525,158805
OK,53,62,910,53,2014-03-09T03:40:00,0,3153974,158805
OK,53,62,910,53,2014-03-09T03:45:00,0,3154423,158805
OK,53,62,910,53,2014-03-09T03:50:00,0,3154872,158805
OK,53,62,910,53,2014-03-09T03:55:00,0,3155321,158805
OK,53,62,910,53,2014-03-09T04:00:00,0,3155770,158805
OK,53,62,910,53,2014-03-09T04:05:00,0,3156219,158805
OK,53,62,910,53,2014-03-09T04:10:00,0,3156668,158805
OK,53,62,910,53,2014-03-09T04:15:00,0,3157117,158805
OK,53,62,910,53,2014-03-09T04:20:00,0,3157566,158805
OK,53,62,910,53,2014-03-09T04:25:00,0,3158015,158805
OK,53,62,910,53,2014-03-09T04:30:00,0,3158464,158805
OK,53,62,910,53,2014-03-09T04:35:00,0,3158913,158805
OK,53,62,910,53,2014-03-09T04:40:00,0,3159362,158805
OK,53,62,910,53,2014-03-09T04:45:00,0,3159811,158805
OK,53,62,910,53,2014-03-09T04:50:00,0,3160260,158805
OK,53,62,910,53,2014-03-09T04:55:00,0,3160709,158805
OK,53,62,910,53,2014-03-09T05:00:00,0,3161158,158805
OK,53,62,910,53,2014-03-09T05:10:00,0,3161939,158805
OK,53,62,910,53,2014-03-09T05:25:00,0,3163115,158805
OK,53,62,910,53,2014-03-09T05:30:00,0,3163564,158805
OK,53,62,910,53,2014-03-09T05:35:00,0,3163989,158805
OK,53,62,910,53,2014-03-09T05:45:00,0,3164793,158805
OK,53,62,910,53,2014-03-09T05:50:00,0,3165242,158805
OK,53,62,910,53,2014-03-09T05:55:00,0,3165673,158805
OK,53,62,910,53,2014-03-09T06:00:00,0,3166122,158805
OK,53,62,910,53,2014-03-09T06:05:00,0,3166571,158805
OK,53,62,910,53,2014-03-09T06:10:00,0,3167020,158805
OK,53,62,910,53,2014-03-09T06:15:00,0,3167469,158805
OK,55,60,910,55,2014-03-09T06:25:00,1,3168367,158805
OK,55,60,910,55,2014-03-09T06:30:00,1,3168816,158805
OK,55,60,910,55,2014-03-09T06:35:00,0,3169265,158805
OK,53,62,910,53,2014-03-09T06:55:00,1,3171061,158805
OK,59,56,910,59,2014-03-09T07:00:00,4,3171510,158805
OK,59,56,910,59,2014-03-09T07:05:00,4,3171959,158805
OK,59,56,910,59,2014-03-09T07:10:00,0,3172408,158805
OK,59,56,910,59,2014-03-09T07:15:00,0,3172857,158805
OK,59,56,910,59,2014-03-09T07:20:00,0,3173306,158805
OK,59,56,910,59,2014-03-09T07:25:00,0,3173755,158805
OK,59,56,910,59,2014-03-09T07:30:00,0,3174204,158805
OK,42,78,910,42,2014-03-09T07:35:00,1,3174653,158805
OK,48,69,910,48,2014-03-09T07:40:00,2,3175102,158805
OK,48,69,910,48,2014-03-09T07:45:00,2,3175551,158805
OK,48,69,910,48,2014-03-09T07:50:00,0,3176000,158805
OK,45,73,910,45,2014-03-09T07:55:00,1,3176449,158805
OK,39,84,910,39,2014-03-09T08:00:00,1,3176898,158805
OK,39,84,910,39,2014-03-09T08:05:00,0,3177347,158805
OK,66,50,910,66,2014-03-09T08:10:00,1,3177796,158805
OK,47,70,910,47,2014-03-09T08:15:00,1,3178245,158805
OK,47,70,910,47,2014-03-09T08:20:00,1,3178694,158805
OK,47,70,910,47,2014-03-09T08:25:00,0,3179143,158805
OK,45,73,910,45,2014-03-09T08:30:00,1,3179592,158805
OK,45,73,910,45,2014-03-09T08:35:00,0,3180041,158805
OK,45,73,910,45,2014-03-09T08:40:00,0,3180490,158805
OK,45,73,910,45,2014-03-09T08:45:00,0,3180939,158805
OK,50,66,910,50,2014-03-09T08:50:00,3,3181388,158805
OK,47,70,910,47,2014-03-09T08:55:00,6,3181837,158805
OK,43,77,910,43,2014-03-09T09:00:00,5,3182286,158805
OK,46,72,910,46,2014-03-09T09:05:00,4,3182735,158805
OK,40,82,910,40,2014-03-09T09:10:00,2,3183184,158805
OK,47,70,910,47,2014-03-09T09:15:00,7,3183633,158805
OK,49,67,910,49,2014-03-09T09:20:00,5,3184082,158805
OK,49,67,910,49,2014-03-09T09:25:00,1,3184531,158805
OK,49,67,910,49,2014-03-09T09:30:00,2,3184980,158805
OK,43,77,910,43,2014-03-09T09:35:00,1,3185429,158805
OK,53,62,910,53,2014-03-09T09:40:00,1,3185878,158805
OK,52,63,910,52,2014-03-09T09:45:00,2,3186327,158805
OK,41,80,910,41,2014-03-09T09:50:00,1,3186776,158805
OK,41,80,910,41,2014-03-09T09:55:00,5,3187225,158805
OK,44,75,910,44,2014-03-09T10:00:00,5,3187674,158805
OK,53,62,910,53,2014-03-09T10:05:00,3,3188123,158805
OK,50,66,910,50,2014-03-09T10:10:00,2,3188572,158805
OK,55,60,910,55,2014-03-09T10:15:00,1,3189021,158805
OK,55,60,910,55,2014-03-09T10:20:00,1,3189470,158805
OK,50,66,910,50,2014-03-09T10:25:00,1,3189919,158805
OK,50,66,910,50,2014-03-09T10:30:00,1,3190368,158805
OK,51,64,910,51,2014-03-09T10:35:00,2,3190817,158805
OK,52,63,910,52,2014-03-09T10:40:00,3,3191266,158805
OK,47,70,910,47,2014-03-09T10:45:00,5,3191715,158805
OK,46,72,910,46,2014-03-09T10:50:00,3,3192164,158805
OK,56,59,910,56,2014-03-09T10:55:00,4,3192613,158805
OK,46,72,910,46,2014-03-09T11:00:00,7,3193062,158805
OK,48,69,910,48,2014-03-09T11:05:00,4,3193511,158805
OK,51,64,910,51,2014-03-09T11:10:00,3,3193960,158805
OK,49,67,910,49,2014-03-09T11:15:00,2,3194409,158805
OK,38,87,910,38,2014-03-09T11:20:00,0,3194858,158805
OK,49,67,910,49,2014-03-09T11:25:00,4,3195307,158805
OK,49,67,910,49,2014-03-09T11:30:00,4,3195756,158805
OK,49,67,910,49,2014-03-09T11:35:00,2,3196205,158805
OK,50,66,910,50,2014-03-09T11:40:00,7,3196654,158805
OK,47,70,910,47,2014-03-09T11:45:00,8,3197103,158805
OK,47,70,910,47,2014-03-09T11:50:00,6,3197552,158805
OK,53,62,910,53,2014-03-09T11:55:00,6,3198001,158805
OK,57,58,910,57,2014-03-09T12:00:00,4,3198450,158805
OK,51,64,910,51,2014-03-09T12:05:00,4,3198899,158805
OK,48,69,910,48,2014-03-09T12:10:00,3,3199348,158805
OK,47,70,910,47,2014-03-09T12:15:00,6,3199797,158805
OK,44,75,910,44,2014-03-09T12:20:00,9,3200246,158805
OK,44,75,910,44,2014-03-09T12:25:00,7,3200695,158805
OK,45,73,910,45,2014-03-09T12:30:00,6,3201144,158805
OK,40,82,910,40,2014-03-09T12:35:00,4,3201593,158805
OK,50,66,910,50,2014-03-09T12:40:00,4,3202042,158805
OK,47,70,910,47,2014-03-09T12:45:00,5,3202491,158805
OK,51,64,910,51,2014-03-09T12:50:00,6,3202940,158805
OK,52,63,910,52,2014-03-09T12:55:00,3,3203389,158805
OK,54,61,910,54,2014-03-09T13:00:00,3,3203838,158805
OK,54,61,910,54,2014-03-09T13:05:00,6,3204287,158805
OK,55,60,910,55,2014-03-09T13:10:00,3,3204736,158805
OK,42,78,910,42,2014-03-09T13:15:00,1,3205185,158805
OK,42,78,910,42,2014-03-09T13:20:00,3,3205634,158805
OK,45,73,910,45,2014-03-09T13:25:00,4,3206083,158805
OK,49,67,910,49,2014-03-09T13:30:00,6,3206532,158805
OK,52,63,910,52,2014-03-09T13:35:00,7,3206981,158805
OK,49,67,910,49,2014-03-09T13:40:00,6,3207430,158805
OK,49,67,910,49,2014-03-09T13:45:00,4,3207879,158805
OK,57,58,910,57,2014-03-09T13:50:00,3,3208328,158805
OK,52,63,910,52,2014-03-09T13:55:00,2,3208777,158805
OK,50,66,910,50,2014-03-09T14:00:00,4,3209226,158805
OK,57,58,910,57,2014-03-09T14:05:00,7,3209675,158805
OK,53,62,910,53,2014-03-09T14:10:00,5,3210124,158805
OK,54,61,910,54,2014-03-09T14:15:00,4,3210573,158805
OK,52,63,910,52,2014-03-09T14:20:00,5,3211022,158805
OK,50,66,910,50,2014-03-09T14:25:00,5,3211471,158805
OK,47,70,910,47,2014-03-09T14:30:00,2,3211920,158805
OK,55,60,910,55,2014-03-09T14:35:00,1,3212369,158805
OK,55,60,910,55,2014-03-09T14:40:00,3,3212818,158805
OK,47,70,910,47,2014-03-09T14:45:00,3,3213267,158805
OK,47,70,910,47,2014-03-09T14:50:00,3,3213716,158805
OK,50,66,910,50,2014-03-09T14:55:00,3,3214165,158805
OK,47,70,910,47,2014-03-09T15:00:00,4,3214614,158805
OK,47,70,910,47,2014-03-09T15:05:00,2,3215063,158805
OK,47,70,910,47,2014-03-09T15:10:00,5,3215512,158805
OK,47,70,910,47,2014-03-09T15:15:00,5,3215961,158805
OK,51,64,910,51,2014-03-09T15:20:00,8,3216410,158805
OK,50,66,910,50,2014-03-09T15:25:00,9,3216859,158805
OK,49,67,910,49,2014-03-09T15:30:00,5,3217308,158805
OK,49,67,910,49,2014-03-09T15:35:00,4,3217757,158805
OK,44,75,910,44,2014-03-09T15:40:00,2,3218206,158805
OK,38,87,910,38,2014-03-09T15:45:00,6,3218655,158805
OK,38,87,910,38,2014-03-09T15:50:00,6,3219104,158805
OK,57,58,910,57,2014-03-09T15:55:00,3,3219553,158805
OK,52,63,910,52,2014-03-09T16:00:00,6,3220002,158805
OK,50,66,910,50,2014-03-09T16:05:00,6,3220451,158805
OK,47,70,910,47,2014-03-09T16:10:00,3,3220900,158805
OK,52,63,910,52,2014-03-09T16:15:00,2,3221349,158805
OK,48,69,910,48,2014-03-09T16:20:00,5,3221798,158805
OK,46,72,910,46,2014-03-09T16:25:00,8,3222247,158805
OK,45,73,910,45,2014-03-09T16:30:00,5,3222696,158805
OK,45,73,910,45,2014-03-09T16:35:00,0,3223145,158805
OK,49,67,910,49,2014-03-09T16:40:00,5,3223594,158805
OK,49,67,910,49,2014-03-09T16:45:00,7,3224043,158805
OK,40,82,910,40,2014-03-09T16:50:00,2,3224492,158805
OK,40,82,910,40,2014-03-09T16:55:00,0,3224941,158805
OK,42,78,910,42,2014-03-09T17:00:00,2,3225390,158805
OK,40,82,910,40,2014-03-09T17:05:00,3,3225839,158805
OK,50,66,910,50,2014-03-09T17:10:00,2,3226288,158805
OK,50,66,910,50,2014-03-09T17:15:00,4,3226737,158805
OK,39,84,910,39,2014-03-09T17:20:00,2,3227186,158805
OK,86,38,910,86,2014-03-09T17:25:00,1,3227635,158805
OK,49,67,910,49,2014-03-09T17:30:00,3,3228084,158805
OK,48,69,910,48,2014-03-09T17:35:00,3,3228533,158805
OK,48,69,910,48,2014-03-09T17:40:00,4,3228982,158805
OK,50,66,910,50,2014-03-09T17:45:00,2,3229431,158805
OK,53,62,910,53,2014-03-09T17:50:00,1,3229880,158805
OK,51,64,910,51,2014-03-09T17:55:00,1,3230329,158805
OK,48,69,910,48,2014-03-09T18:00:00,1,3230778,158805
OK,51,64,910,51,2014-03-09T18:05:00,2,3231227,158805
OK,49,67,910,49,2014-03-09T18:10:00,1,3231676,158805
OK,33,100,910,33,2014-03-09T18:15:00,3,3232125,158805
OK,31,106,910,31,2014-03-09T18:20:00,2,3232574,158805
OK,29,114,910,29,2014-03-09T18:25:00,0,3233023,158805
OK,29,114,910,29,2014-03-09T18:30:00,0,3233472,158805
OK,50,66,910,50,2014-03-09T18:35:00,2,3233921,158805
OK,49,67,910,49,2014-03-09T18:40:00,3,3234370,158805
OK,47,70,910,47,2014-03-09T18:45:00,0,3234819,158805
OK,47,70,910,47,2014-03-09T18:50:00,0,3235268,158805
OK,37,89,910,37,2014-03-09T18:55:00,1,3235717,158805
OK,39,84,910,39,2014-03-09T19:00:00,2,3236166,158805
OK,35,94,910,35,2014-03-09T19:05:00,1,3236615,158805
OK,49,67,910,49,2014-03-09T19:10:00,3,3237064,158805
OK,46,72,910,46,2014-03-09T19:15:00,4,3237513,158805
OK,46,72,910,46,2014-03-09T19:20:00,4,3237962,158805
OK,67,49,910,67,2014-03-09T19:25:00,0,3238411,158805
OK,62,53,910,62,2014-03-09T19:30:00,1,3238860,158805
OK,51,64,910,51,2014-03-09T19:35:00,2,3239309,158805
OK,41,80,910,41,2014-03-09T19:40:00,1,3239758,158805
OK,51,64,910,51,2014-03-09T19:45:00,1,3240207,158805
OK,58,57,910,58,2014-03-09T19:50:00,2,3240656,158805
OK,59,56,910,59,2014-03-09T19:55:00,1,3241105,158805
OK,59,56,910,59,2014-03-09T20:00:00,1,3241554,158805
OK,48,69,910,48,2014-03-09T20:05:00,1,3242003,158805
OK,47,70,910,47,2014-03-09T20:10:00,2,3242452,158805
OK,47,70,910,47,2014-03-09T20:15:00,0,3242901,158805
OK,47,70,910,47,2014-03-09T20:20:00,0,3243350,158805
OK,41,80,910,41,2014-03-09T20:25:00,3,3243799,158805
OK,44,75,910,44,2014-03-09T20:30:00,3,3244248,158805
OK,51,64,910,51,2014-03-09T20:35:00,0,3244697,158805
OK,51,64,910,51,2014-03-09T20:40:00,0,3245146,158805
OK,53,62,910,53,2014-03-09T20:45:00,1,3245595,158805
OK,42,78,910,42,2014-03-09T20:50:00,2,3246044,158805
OK,47,70,910,47,2014-03-09T20:55:00,1,3246493,158805
OK,56,59,910,56,2014-03-09T21:00:00,1,3246942,158805
OK,56,59,910,56,2014-03-09T21:05:00,1,3247391,158805
OK,56,59,910,56,2014-03-09T21:10:00,0,3247840,158805
OK,61,54,910,61,2014-03-09T21:15:00,1,3248289,158805
OK,61,54,910,61,2014-03-09T21:20:00,1,3248738,158805
OK,61,54,910,61,2014-03-09T21:25:00,0,3249187,158805
OK,61,54,910,61,2014-03-09T21:30:00,0,3249636,158805
OK,40,82,910,40,2014-03-09T21:35:00,1,3250085,158805
OK,44,75,910,44,2014-03-09T21:40:00,2,3250534,158805
OK,48,69,910,48,2014-03-09T21:45:00,0,3250983,158805
OK,50,66,910,50,2014-03-09T21:50:00,2,3251432,158805
OK,50,66,910,50,2014-03-09T21:55:00,2,3251881,158805
OK,59,56,910,59,2014-03-09T22:00:00,0,3252330,158805
OK,59,56,910,59,2014-03-09T22:05:00,0,3252779,158805
OK,47,70,910,47,2014-03-09T22:10:00,1,3253228,158805
OK,47,70,910,47,2014-03-09T22:15:00,1,3253677,158805
OK,47,70,910,47,2014-03-09T22:20:00,0,3254126,158805
OK,43,77,910,43,2014-03-09T22:25:00,1,3254575,158805
OK,49,67,910,49,2014-03-09T22:30:00,3,3255024,158805
OK,54,61,910,54,2014-03-09T22:35:00,2,3255473,158805
OK,49,67,910,49,2014-03-09T22:40:00,0,3255922,158805
OK,49,67,910,49,2014-03-09T22:45:00,0,3256371,158805
OK,49,67,910,49,2014-03-09T22:50:00,0,3256820,158805
OK,49,67,910,49,2014-03-09T22:55:00,0,3257269,158805
OK,49,67,910,49,2014-03-09T23:00:00,0,3257718,158805
OK,49,67,910,49,2014-03-09T23:05:00,0,3258167,158805
OK,49,67,910,49,2014-03-09T23:10:00,0,3258616,158805
OK,49,67,910,49,2014-03-09T23:15:00,0,3259065,158805
OK,49,67,910,49,2014-03-09T23:20:00,0,3259514,158805
OK,49,67,910,49,2014-03-09T23:25:00,0,3259963,158805
OK,49,67,910,49,2014-03-09T23:30:00,0,3260412,158805
OK,49,67,910,49,2014-03-09T23:35:00,0,3260861,158805
OK,49,67,910,49,2014-03-09T23:40:00,0,3261310,158805
OK,49,67,910,49,2014-03-09T23:45:00,0,3261759,158805
OK,49,67,910,49,2014-03-09T23:50:00,0,3262208,158805
OK,49,67,910,49,2014-03-09T23:55:00,0,3262657,158805
OK,49,67,910,49,2014-03-10T00:00:00,0,3263106,158805
OK,49,67,910,49,2014-03-10T00:05:00,0,3263555,158805
OK,49,67,910,49,2014-03-10T00:10:00,0,3264004,158805
OK,49,67,910,49,2014-03-10T00:15:00,0,3264453,158805
OK,49,67,910,49,2014-03-10T00:20:00,0,3264902,158805
OK,49,67,910,49,2014-03-10T00:25:00,0,3265351,158805
OK,49,67,910,49,2014-03-10T00:30:00,0,3265800,158805
OK,49,67,910,49,2014-03-10T00:35:00,0,3266249,158805
OK,49,67,910,49,2014-03-10T00:40:00,0,3266698,158805
OK,49,67,910,49,2014-03-10T00:45:00,0,3267147,158805
OK,49,67,910,49,2014-03-10T00:50:00,0,3267596,158805
OK,49,67,910,49,2014-03-10T00:55:00,0,3268045,158805
OK,49,67,910,49,2014-03-10T01:00:00,0,3268494,158805
OK,49,67,910,49,2014-03-10T01:05:00,0,3268943,158805
OK,49,67,910,49,2014-03-10T01:10:00,0,3269392,158805
OK,49,67,910,49,2014-03-10T01:15:00,0,3269841,158805
OK,49,67,910,49,2014-03-10T01:20:00,0,3270290,158805
OK,41,80,910,41,2014-03-10T01:25:00,1,3270739,158805
OK,40,82,910,40,2014-03-10T01:30:00,1,3271188,158805
OK,40,82,910,40,2014-03-10T01:35:00,0,3271637,158805
OK,35,94,910,35,2014-03-10T01:40:00,1,3272086,158805
OK,35,94,910,35,2014-03-10T01:45:00,0,3272535,158805
OK,35,94,910,35,2014-03-10T01:50:00,0,3272984,158805
OK,35,94,910,35,2014-03-10T01:55:00,0,3273433,158805
OK,35,94,910,35,2014-03-10T02:00:00,0,3273882,158805
OK,35,94,910,35,2014-03-10T02:05:00,0,3274331,158805
OK,35,94,910,35,2014-03-10T02:10:00,0,3274780,158805
OK,35,94,910,35,2014-03-10T02:15:00,0,3275229,158805
OK,35,94,910,35,2014-03-10T02:20:00,0,3275678,158805
OK,35,94,910,35,2014-03-10T02:25:00,0,3276127,158805
OK,35,94,910,35,2014-03-10T02:30:00,0,3276576,158805
OK,35,94,910,35,2014-03-10T02:35:00,0,3277025,158805
OK,35,94,910,35,2014-03-10T02:40:00,0,3277474,158805
OK,35,94,910,35,2014-03-10T02:45:00,0,3277923,158805
OK,35,94,910,35,2014-03-10T02:50:00,0,3278372,158805
OK,35,94,910,35,2014-03-10T02:55:00,0,3278821,158805
OK,35,94,910,35,2014-03-10T03:00:00,0,3279270,158805
OK,35,94,910,35,2014-03-10T03:05:00,0,3279719,158805
OK,35,94,910,35,2014-03-10T03:10:00,0,3280168,158805
OK,35,94,910,35,2014-03-10T03:15:00,0,3280617,158805
OK,35,94,910,35,2014-03-10T03:20:00,0,3281066,158805
OK,35,94,910,35,2014-03-10T03:25:00,0,3281515,158805
OK,35,94,910,35,2014-03-10T03:30:00,0,3281964,158805
OK,35,94,910,35,2014-03-10T03:35:00,0,3282413,158805
OK,35,94,910,35,2014-03-10T03:40:00,0,3282862,158805
OK,35,94,910,35,2014-03-10T03:45:00,0,3283311,158805
OK,35,94,910,35,2014-03-10T03:50:00,0,3283760,158805
OK,35,94,910,35,2014-03-10T03:55:00,0,3284209,158805
OK,35,94,910,35,2014-03-10T04:00:00,0,3284658,158805
OK,35,94,910,35,2014-03-10T04:05:00,0,3285107,158805
OK,35,94,910,35,2014-03-10T04:10:00,0,3285556,158805
OK,35,94,910,35,2014-03-10T04:15:00,0,3286005,158805
OK,35,94,910,35,2014-03-10T04:20:00,0,3286454,158805
OK,35,94,910,35,2014-03-10T04:25:00,0,3286903,158805
OK,35,94,910,35,2014-03-10T04:30:00,0,3287352,158805
OK,35,94,910,35,2014-03-10T04:35:00,0,3287801,158805
OK,55,60,910,55,2014-03-10T04:40:00,1,3288250,158805
OK,48,69,910,48,2014-03-10T04:45:00,2,3288699,158805
OK,73,45,910,73,2014-03-10T04:50:00,1,3289148,158805
OK,73,45,910,73,2014-03-10T04:55:00,1,3289597,158805
OK,58,57,910,58,2014-03-10T05:00:00,1,3290046,158805
OK,47,70,910,47,2014-03-10T05:05:00,2,3290495,158805
OK,36,92,910,36,2014-03-10T05:10:00,0,3290944,158805
OK,36,92,910,36,2014-03-10T05:15:00,0,3291393,158805
OK,36,92,910,36,2014-03-10T05:20:00,0,3291842,158805
OK,36,92,910,36,2014-03-10T05:25:00,0,3292291,158805
OK,48,69,910,48,2014-03-10T05:30:00,3,3292740,158805
OK,43,77,910,43,2014-03-10T05:35:00,5,3293189,158805
OK,40,82,910,40,2014-03-10T05:40:00,3,3293638,158805
OK,45,73,910,45,2014-03-10T05:45:00,4,3294087,158805
OK,48,69,910,48,2014-03-10T05:50:00,5,3294536,158805
OK,54,61,910,54,2014-03-10T05:55:00,2,3294985,158805
OK,47,70,910,47,2014-03-10T06:00:00,3,3295434,158805
OK,52,63,910,52,2014-03-10T06:05:00,3,3295883,158805
OK,52,63,910,52,2014-03-10T06:10:00,5,3296332,158805
OK,54,61,910,54,2014-03-10T06:15:00,8,3296781,158805
OK,58,57,910,58,2014-03-10T06:20:00,5,3297230,158805
OK,52,63,910,52,2014-03-10T06:25:00,2,3297679,158805
OK,60,55,910,60,2014-03-10T06:30:00,6,3298128,158805
OK,60,55,910,60,2014-03-10T06:35:00,7,3298577,158805
OK,53,62,910,53,2014-03-10T06:40:00,4,3299026,158805
OK,53,62,910,53,2014-03-10T06:45:00,3,3299475,158805
OK,51,64,910,51,2014-03-10T06:50:00,4,3299924,158805
OK,60,55,910,60,2014-03-10T06:55:00,5,3300373,158805
OK,63,52,910,63,2014-03-10T07:00:00,2,3300822,158805
OK,51,64,910,51,2014-03-10T07:05:00,4,3301271,158805
OK,49,67,910,49,2014-03-10T07:10:00,6,3301720,158805
OK,51,64,910,51,2014-03-10T07:15:00,5,3302169,158805
OK,69,48,910,69,2014-03-10T07:20:00,8,3302618,158805
OK,77,43,910,77,2014-03-10T07:25:00,5,3303067,158805
OK,75,44,910,75,2014-03-10T07:30:00,4,3303516,158805
OK,64,51,910,64,2014-03-10T07:35:00,4,3303965,158805
OK,54,61,910,54,2014-03-10T07:40:00,5,3304414,158805
OK,59,56,910,59,2014-03-10T07:45:00,7,3304863,158805
OK,74,44,910,74,2014-03-10T07:50:00,10,3305312,158805
OK,74,44,910,74,2014-03-10T07:55:00,9,3305761,158805
OK,50,66,910,50,2014-03-10T08:00:00,13,3306210,158805
OK,50,66,910,50,2014-03-10T08:05:00,12,3306659,158805
OK,52,63,910,52,2014-03-10T08:10:00,3,3307108,158805
OK,54,61,910,54,2014-03-10T08:15:00,2,3307557,158805
OK,41,80,910,41,2014-03-10T08:20:00,2,3308006,158805
OK,46,72,910,46,2014-03-10T08:25:00,4,3308455,158805
OK,54,61,910,54,2014-03-10T08:30:00,7,3308904,158805
OK,54,61,910,54,2014-03-10T08:35:00,13,3309353,158805
OK,53,62,910,53,2014-03-10T08:40:00,11,3309802,158805
OK,53,62,910,53,2014-03-10T08:45:00,7,3310251,158805
OK,58,57,910,58,2014-03-10T08:50:00,7,3310700,158805
OK,62,53,910,62,2014-03-10T08:55:00,12,3311149,158805
OK,61,54,910,61,2014-03-10T09:00:00,12,3311598,158805
OK,47,70,910,47,2014-03-10T09:05:00,6,3312047,158805
OK,65,50,910,65,2014-03-10T09:10:00,8,3312496,158805
OK,58,57,910,58,2014-03-10T09:15:00,12,3312945,158805
OK,55,60,910,55,2014-03-10T09:20:00,9,3313394,158805
OK,65,50,910,65,2014-03-10T09:25:00,10,3313843,158805
OK,65,50,910,65,2014-03-10T09:30:00,8,3314292,158805
OK,61,54,910,61,2014-03-10T09:35:00,4,3314741,158805
OK,58,57,910,58,2014-03-10T09:40:00,9,3315190,158805
OK,56,59,910,56,2014-03-10T09:45:00,6,3315639,158805
OK,62,53,910,62,2014-03-10T09:50:00,9,3316088,158805
OK,70,47,910,70,2014-03-10T09:55:00,10,3316537,158805
OK,70,47,910,70,2014-03-10T10:00:00,8,3316986,158805
OK,63,52,910,63,2014-03-10T10:05:00,7,3317435,158805
OK,60,55,910,60,2014-03-10T10:10:00,9,3317884,158805
OK,55,60,910,55,2014-03-10T10:15:00,11,3318333,158805
OK,51,64,910,51,2014-03-10T10:20:00,7,3318782,158805
OK,64,51,910,64,2014-03-10T10:25:00,8,3319231,158805
OK,67,49,910,67,2014-03-10T10:30:00,15,3319680,158805
OK,59,56,910,59,2014-03-10T10:35:00,15,3320129,158805
OK,57,58,910,57,2014-03-10T10:40:00,9,3320578,158805
OK,65,50,910,65,2014-03-10T10:45:00,8,3321027,158805
OK,72,46,910,72,2014-03-10T10:50:00,11,3321476,158805
OK,71,46,910,71,2014-03-10T10:55:00,10,3321925,158805
OK,58,57,910,58,2014-03-10T11:00:00,4,3322374,158805
OK,68,48,910,68,2014-03-10T11:05:00,2,3322823,158805
OK,55,60,910,55,2014-03-10T11:10:00,9,3323272,158805
OK,62,53,910,62,2014-03-10T11:15:00,14,3323721,158805
OK,75,44,910,75,2014-03-10T11:20:00,8,3324170,158805
OK,64,51,910,64,2014-03-10T11:25:00,4,3324619,158805
OK,55,60,910,55,2014-03-10T11:30:00,10,3325068,158805
OK,53,62,910,53,2014-03-10T11:35:00,10,3325517,158805
OK,67,49,910,67,2014-03-10T11:40:00,10,3325966,158805
OK,80,41,910,80,2014-03-10T11:45:00,9,3326415,158805
OK,61,54,910,61,2014-03-10T11:50:00,5,3326864,158805
OK,68,48,910,68,2014-03-10T11:55:00,6,3327313,158805
OK,52,63,910,52,2014-03-10T12:00:00,6,3327762,158805
OK,56,59,910,56,2014-03-10T12:05:00,7,3328211,158805
OK,59,56,910,59,2014-03-10T12:10:00,11,3328660,158805
OK,63,52,910,63,2014-03-10T12:15:00,14,3329109,158805
OK,74,44,910,74,2014-03-10T12:20:00,12,3329558,158805
OK,65,50,910,65,2014-03-10T12:25:00,7,3330007,158805
OK,62,53,910,62,2014-03-10T12:30:00,16,3330456,158805
OK,59,56,910,59,2014-03-10T12:35:00,18,3330905,158805
OK,67,49,910,67,2014-03-10T12:40:00,4,3331354,158805
OK,63,52,910,63,2014-03-10T12:45:00,7,3331803,158805
OK,82,40,910,82,2014-03-10T12:50:00,9,3332252,158805
OK,70,47,910,70,2014-03-10T12:55:00,8,3332701,158805
OK,58,57,910,58,2014-03-10T13:00:00,5,3333150,158805
OK,59,56,910,59,2014-03-10T13:05:00,8,3333599,158805
OK,59,56,910,59,2014-03-10T13:10:00,10,3334048,158805
OK,55,60,910,55,2014-03-10T13:15:00,7,3334497,158805
OK,55,60,910,55,2014-03-10T13:20:00,13,3334946,158805
OK,56,59,910,56,2014-03-10T13:25:00,17,3335395,158805
OK,56,59,910,56,2014-03-10T13:30:00,13,3335844,158805
OK,59,56,910,59,2014-03-10T13:35:00,17,3336293,158805
OK,60,55,910,60,2014-03-10T13:40:00,23,3336742,158805
OK,81,40,910,81,2014-03-10T13:45:00,18,3337191,158805
OK,68,48,910,68,2014-03-10T13:50:00,13,3337640,158805
OK,56,59,910,56,2014-03-10T13:55:00,16,3338089,158805
OK,52,63,910,52,2014-03-10T14:00:00,18,3338538,158805
OK,59,56,910,59,2014-03-10T14:05:00,16,3338987,158805
OK,67,49,910,67,2014-03-10T14:10:00,11,3339436,158805
OK,80,41,910,80,2014-03-10T14:15:00,12,3339885,158805
OK,78,42,910,78,2014-03-10T14:20:00,17,3340334,158805
OK,68,48,910,68,2014-03-10T14:25:00,26,3340783,158805
OK,65,50,910,65,2014-03-10T14:30:00,24,3341232,158805
OK,69,48,910,69,2014-03-10T14:35:00,26,3341681,158805
OK,80,41,910,80,2014-03-10T14:40:00,25,3342130,158805
OK,69,48,910,69,2014-03-10T14:45:00,24,3342579,158805
OK,64,51,910,64,2014-03-10T14:50:00,22,3343028,158805
OK,60,55,910,60,2014-03-10T14:55:00,11,3343477,158805
OK,52,63,910,52,2014-03-10T15:00:00,22,3343926,158805
OK,51,64,910,51,2014-03-10T15:05:00,22,3344375,158805
OK,57,58,910,57,2014-03-10T15:10:00,11,3344824,158805
OK,60,55,910,60,2014-03-10T15:15:00,15,3345273,158805
OK,69,48,910,69,2014-03-10T15:20:00,20,3345722,158805
OK,73,45,910,73,2014-03-10T15:25:00,19,3346171,158805
OK,65,50,910,65,2014-03-10T15:30:00,16,3346620,158805
OK,64,51,910,64,2014-03-10T15:35:00,16,3347069,158805
OK,60,55,910,60,2014-03-10T15:40:00,10,3347518,158805
OK,55,60,910,55,2014-03-10T15:45:00,9,3347967,158805
OK,62,53,910,62,2014-03-10T15:50:00,13,3348416,158805
OK,59,56,910,59,2014-03-10T15:55:00,13,3348865,158805
OK,57,58,910,57,2014-03-10T16:00:00,8,3349314,158805
OK,60,55,910,60,2014-03-10T16:05:00,10,3349763,158805
OK,54,61,910,54,2014-03-10T16:10:00,10,3350212,158805
OK,52,63,910,52,2014-03-10T16:15:00,10,3350661,158805
OK,48,69,910,48,2014-03-10T16:20:00,5,3351110,158805
OK,54,61,910,54,2014-03-10T16:25:00,8,3351559,158805
OK,54,61,910,54,2014-03-10T16:30:00,12,3352008,158805
OK,49,67,910,49,2014-03-10T16:35:00,8,3352457,158805
OK,52,63,910,52,2014-03-10T16:40:00,8,3352906,158805
OK,60,55,910,60,2014-03-10T16:45:00,6,3353355,158805
OK,62,53,910,62,2014-03-10T16:50:00,4,3353804,158805
OK,67,49,910,67,2014-03-10T16:55:00,4,3354253,158805
OK,48,69,910,48,2014-03-10T17:00:00,5,3354702,158805
OK,45,73,910,45,2014-03-10T17:05:00,4,3355151,158805
OK,47,70,910,47,2014-03-10T17:10:00,8,3355600,158805
OK,48,69,910,48,2014-03-10T17:15:00,5,3356049,158805
OK,47,70,910,47,2014-03-10T17:20:00,3,3356498,158805
OK,52,63,910,52,2014-03-10T17:25:00,4,3356947,158805
OK,58,57,910,58,2014-03-10T17:30:00,5,3357396,158805
OK,52,63,910,52,2014-03-10T17:35:00,7,3357845,158805
OK,46,72,910,46,2014-03-10T17:40:00,4,3358294,158805
OK,46,72,910,46,2014-03-10T17:45:00,2,3358743,158805
OK,68,48,910,68,2014-03-10T17:50:00,1,3359192,158805
OK,62,53,910,62,2014-03-10T17:55:00,3,3359641,158805
OK,59,56,910,59,2014-03-10T18:00:00,3,3360090,158805
OK,50,66,910,50,2014-03-10T18:05:00,5,3360539,158805
OK,51,64,910,51,2014-03-10T18:10:00,4,3360988,158805
OK,52,63,910,52,2014-03-10T18:15:00,2,3361437,158805
OK,42,78,910,42,2014-03-10T18:20:00,2,3361886,158805
OK,60,55,910,60,2014-03-10T18:25:00,5,3362335,158805
OK,52,63,910,52,2014-03-10T18:30:00,3,3362784,158805
OK,63,52,910,63,2014-03-10T18:35:00,1,3363233,158805
OK,52,63,910,52,2014-03-10T18:40:00,2,3363682,158805
OK,48,69,910,48,2014-03-10T18:45:00,2,3364131,158805
OK,41,80,910,41,2014-03-10T18:50:00,5,3364580,158805
OK,41,80,910,41,2014-03-10T18:55:00,4,3365029,158805
OK,71,46,910,71,2014-03-10T19:00:00,1,3365478,158805
OK,71,46,910,71,2014-03-10T19:05:00,1,3365927,158805
OK,50,66,910,50,2014-03-10T19:10:00,1,3366376,158805
OK,50,66,910,50,2014-03-10T19:15:00,2,3366825,158805
OK,51,64,910,51,2014-03-10T19:20:00,1,3367274,158805
OK,46,72,910,46,2014-03-10T19:25:00,1,3367723,158805
OK,51,64,910,51,2014-03-10T19:30:00,2,3368172,158805
OK,51,64,910,51,2014-03-10T19:35:00,2,3368621,158805
OK,44,75,910,44,2014-03-10T19:40:00,0,3369070,158805
OK,44,75,910,44,2014-03-10T19:45:00,0,3369519,158805
OK,44,75,910,44,2014-03-10T19:50:00,0,3369968,158805
OK,44,75,910,44,2014-03-10T19:55:00,0,3370417,158805
OK,44,75,910,44,2014-03-10T20:00:00,0,3370866,158805
OK,44,75,910,44,2014-03-10T20:05:00,0,3371315,158805
OK,44,75,910,44,2014-03-10T20:10:00,0,3371764,158805
OK,57,58,910,57,2014-03-10T20:15:00,4,3372213,158805
OK,47,70,910,47,2014-03-10T20:20:00,3,3372662,158805
OK,66,50,910,66,2014-03-10T20:25:00,5,3373111,158805
OK,66,50,910,66,2014-03-10T20:30:00,5,3373560,158805
OK,56,59,910,56,2014-03-10T20:35:00,2,3374009,158805
OK,67,49,910,67,2014-03-10T20:40:00,0,3374458,158805
OK,67,49,910,67,2014-03-10T20:45:00,0,3374907,158805
OK,49,67,910,49,2014-03-10T20:50:00,5,3375356,158805
OK,55,60,910,55,2014-03-10T20:55:00,8,3375805,158805
OK,49,67,910,49,2014-03-10T21:05:00,1,3376583,158805
OK,60,55,910,60,2014-03-10T22:35:00,0,3384052,158805
OK,60,55,910,60,2014-03-10T22:45:00,0,3384872,158805
OK,47,70,910,47,2014-03-10T23:00:00,0,3385962,158805
OK,47,70,910,47,2014-03-10T23:05:00,0,3386411,158805
OK,47,70,910,47,2014-03-10T23:10:00,0,3386860,158805
OK,47,70,910,47,2014-03-10T23:15:00,0,3387309,158805
OK,71,46,910,71,2014-03-10T23:20:00,1,3387758,158805
OK,71,46,910,71,2014-03-10T23:25:00,2,3388207,158805
OK,62,53,910,62,2014-03-10T23:30:00,1,3388656,158805
OK,62,53,910,62,2014-03-10T23:35:00,0,3389105,158805
OK,62,53,910,62,2014-03-10T23:40:00,0,3389554,158805
OK,62,53,910,62,2014-03-10T23:45:00,0,3390003,158805
OK,46,72,910,46,2014-03-10T23:50:00,1,3390452,158805
OK,46,72,910,46,2014-03-10T23:55:00,0,3390901,158805
OK,46,72,910,46,2014-03-11T00:00:00,0,3391350,158805
OK,46,72,910,46,2014-03-11T00:05:00,0,3391799,158805
OK,46,72,910,46,2014-03-11T00:10:00,0,3392248,158805
OK,46,72,910,46,2014-03-11T00:15:00,0,3392697,158805
OK,46,72,910,46,2014-03-11T00:20:00,0,3393146,158805
OK,46,72,910,46,2014-03-11T00:25:00,0,3393595,158805
OK,46,72,910,46,2014-03-11T00:30:00,0,3394044,158805
OK,46,72,910,46,2014-03-11T00:35:00,0,3394493,158805
OK,46,72,910,46,2014-03-11T00:40:00,0,3394942,158805
OK,46,72,910,46,2014-03-11T00:45:00,0,3395391,158805
OK,42,78,910,42,2014-03-11T00:50:00,2,3395840,158805
OK,42,78,910,42,2014-03-11T00:55:00,0,3396289,158805
OK,42,78,910,42,2014-03-11T01:00:00,0,3396738,158805
OK,42,78,910,42,2014-03-11T01:05:00,0,3397187,158805
OK,42,78,910,42,2014-03-11T01:20:00,0,3398534,158805
OK,42,78,910,42,2014-03-11T01:25:00,0,3398983,158805
OK,42,78,910,42,2014-03-11T01:30:00,0,3399432,158805
OK,42,78,910,42,2014-03-11T01:35:00,0,3399881,158805
OK,42,78,910,42,2014-03-11T01:40:00,0,3400330,158805
OK,42,78,910,42,2014-03-11T01:45:00,0,3400779,158805
OK,42,78,910,42,2014-03-11T01:50:00,0,3401228,158805
OK,42,78,910,42,2014-03-11T01:55:00,0,3401677,158805
OK,42,78,910,42,2014-03-11T02:00:00,0,3402126,158805
OK,42,78,910,42,2014-03-11T02:05:00,0,3402575,158805
OK,42,78,910,42,2014-03-11T02:10:00,0,3403024,158805
OK,42,78,910,42,2014-03-11T02:15:00,0,3403473,158805
OK,42,78,910,42,2014-03-11T02:20:00,0,3403922,158805
OK,42,78,910,42,2014-03-11T02:25:00,0,3404371,158805
OK,42,78,910,42,2014-03-11T02:30:00,0,3404820,158805
OK,42,78,910,42,2014-03-11T02:35:00,0,3405269,158805
OK,42,78,910,42,2014-03-11T02:40:00,0,3405718,158805
OK,31,106,910,31,2014-03-11T02:45:00,1,3406167,158805
OK,30,110,910,30,2014-03-11T02:50:00,1,3406616,158805
OK,30,110,910,30,2014-03-11T02:55:00,0,3407065,158805
OK,30,110,910,30,2014-03-11T03:00:00,0,3407514,158805
OK,30,110,910,30,2014-03-11T03:05:00,0,3407963,158805
OK,30,110,910,30,2014-03-11T03:10:00,0,3408412,158805
OK,30,110,910,30,2014-03-11T03:15:00,0,3408861,158805
OK,30,110,910,30,2014-03-11T03:20:00,0,3409310,158805
OK,30,110,910,30,2014-03-11T03:25:00,0,3409759,158805
OK,30,110,910,30,2014-03-11T03:30:00,0,3410208,158805
OK,30,110,910,30,2014-03-11T03:35:00,0,3410657,158805
OK,30,110,910,30,2014-03-11T03:40:00,0,3411106,158805
OK,30,110,910,30,2014-03-11T03:45:00,0,3411555,158805
OK,30,110,910,30,2014-03-11T03:50:00,0,3412004,158805
OK,42,78,910,42,2014-03-11T03:55:00,1,3412453,158805
OK,42,78,910,42,2014-03-11T04:00:00,0,3412902,158805
OK,42,78,910,42,2014-03-11T04:05:00,0,3413351,158805
OK,42,78,910,42,2014-03-11T04:10:00,0,3413800,158805
OK,42,78,910,42,2014-03-11T04:15:00,0,3414249,158805
OK,42,78,910,42,2014-03-11T04:20:00,0,3414698,158805
OK,42,78,910,42,2014-03-11T04:25:00,0,3415147,158805
OK,42,78,910,42,2014-03-11T04:30:00,0,3415596,158805
OK,42,78,910,42,2014-03-11T04:35:00,0,3416045,158805
OK,54,61,910,54,2014-03-11T04:40:00,1,3416494,158805
OK,54,61,910,54,2014-03-11T04:45:00,1,3416943,158805
OK,54,61,910,54,2014-03-11T04:50:00,0,3417392,158805
OK,54,61,910,54,2014-03-11T04:55:00,0,3417841,158805
OK,51,64,910,51,2014-03-11T05:00:00,1,3418290,158805
OK,46,72,910,46,2014-03-11T05:05:00,2,3418739,158805
OK,42,78,910,42,2014-03-11T05:10:00,1,3419188,158805
OK,50,66,910,50,2014-03-11T05:15:00,1,3419637,158805
OK,56,59,910,56,2014-03-11T05:20:00,2,3420086,158805
OK,61,54,910,61,2014-03-11T05:25:00,4,3420535,158805
OK,61,54,910,61,2014-03-11T05:30:00,3,3420984,158805
OK,49,67,910,49,2014-03-11T05:35:00,2,3421433,158805
OK,50,66,910,50,2014-03-11T05:40:00,3,3421882,158805
OK,53,62,910,53,2014-03-11T05:45:00,3,3422331,158805
OK,49,67,910,49,2014-03-11T05:50:00,3,3422780,158805
OK,48,69,910,48,2014-03-11T05:55:00,6,3423229,158805
OK,52,63,910,52,2014-03-11T06:00:00,13,3423678,158805
OK,51,64,910,51,2014-03-11T06:05:00,8,3424127,158805
OK,48,69,910,48,2014-03-11T06:10:00,4,3424576,158805
OK,49,67,910,49,2014-03-11T06:15:00,5,3425025,158805
OK,51,64,910,51,2014-03-11T06:20:00,11,3425474,158805
OK,52,63,910,52,2014-03-11T06:25:00,6,3425923,158805
OK,51,64,910,51,2014-03-11T06:30:00,5,3426372,158805
OK,55,60,910,55,2014-03-11T06:35:00,11,3426821,158805
OK,54,61,910,54,2014-03-11T06:40:00,12,3427270,158805
OK,51,64,910,51,2014-03-11T06:45:00,9,3427719,158805
OK,59,56,910,59,2014-03-11T06:50:00,6,3428168,158805
OK,60,55,910,60,2014-03-11T06:55:00,7,3428617,158805
OK,57,58,910,57,2014-03-11T07:00:00,6,3429066,158805
OK,57,58,910,57,2014-03-11T07:05:00,2,3429515,158805
OK,83,39,910,83,2014-03-11T07:10:00,4,3429964,158805
OK,67,49,910,67,2014-03-11T07:15:00,6,3430413,158805
OK,43,77,910,43,2014-03-11T07:20:00,3,3430862,158805
OK,44,75,910,44,2014-03-11T07:25:00,1,3431311,158805
OK,62,53,910,62,2014-03-11T07:30:00,9,3431760,158805
OK,62,53,910,62,2014-03-11T07:35:00,9,3432209,158805
OK,49,67,910,49,2014-03-11T07:40:00,6,3432658,158805
OK,49,67,910,49,2014-03-11T07:45:00,7,3433107,158805
OK,47,70,910,47,2014-03-11T07:50:00,1,3433556,158805
OK,47,70,910,47,2014-03-11T07:55:00,0,3434005,158805
OK,48,69,910,48,2014-03-11T08:00:00,5,3434454,158805
OK,49,67,910,49,2014-03-11T08:05:00,6,3434903,158805
OK,52,63,910,52,2014-03-11T08:10:00,4,3435352,158805
OK,51,64,910,51,2014-03-11T08:15:00,9,3435801,158805
OK,52,63,910,52,2014-03-11T08:20:00,7,3436250,158805
OK,53,62,910,53,2014-03-11T08:25:00,6,3436699,158805
OK,50,66,910,50,2014-03-11T08:30:00,2,3437148,158805
OK,40,82,910,40,2014-03-11T08:35:00,4,3437597,158805
OK,46,72,910,46,2014-03-11T08:40:00,9,3438046,158805
OK,50,66,910,50,2014-03-11T08:45:00,6,3438495,158805
OK,44,75,910,44,2014-03-11T08:50:00,2,3438944,158805
OK,45,73,910,45,2014-03-11T08:55:00,5,3439393,158805
OK,51,64,910,51,2014-03-11T09:00:00,8,3439842,158805
OK,49,67,910,49,2014-03-11T09:05:00,7,3440291,158805
OK,53,62,910,53,2014-03-11T09:10:00,9,3440740,158805
OK,53,62,910,53,2014-03-11T09:15:00,5,3441189,158805
OK,50,66,910,50,2014-03-11T09:20:00,2,3441638,158805
OK,48,69,910,48,2014-03-11T09:25:00,4,3442087,158805
OK,49,67,910,49,2014-03-11T09:30:00,7,3442536,158805
OK,56,59,910,56,2014-03-11T09:35:00,11,3442985,158805
OK,60,55,910,60,2014-03-11T09:40:00,7,3443434,158805
OK,55,60,910,55,2014-03-11T09:45:00,5,3443883,158805
OK,54,61,910,54,2014-03-11T09:50:00,8,3444332,158805
OK,49,67,910,49,2014-03-11T09:55:00,7,3444781,158805
OK,50,66,910,50,2014-03-11T10:00:00,7,3445230,158805
OK,51,64,910,51,2014-03-11T10:05:00,10,3445679,158805
OK,52,63,910,52,2014-03-11T10:10:00,11,3446128,158805
OK,52,63,910,52,2014-03-11T10:15:00,8,3446577,158805
OK,48,69,910,48,2014-03-11T10:20:00,8,3447026,158805
OK,51,64,910,51,2014-03-11T10:25:00,8,3447475,158805
OK,52,63,910,52,2014-03-11T10:30:00,6,3447924,158805
OK,46,72,910,46,2014-03-11T10:35:00,6,3448373,158805
OK,53,62,910,53,2014-03-11T10:40:00,4,3448822,158805
OK,58,57,910,58,2014-03-11T10:45:00,6,3449271,158805
OK,60,55,910,60,2014-03-11T10:50:00,10,3449720,158805
OK,52,63,910,52,2014-03-11T10:55:00,14,3450169,158805
OK,48,69,910,48,2014-03-11T11:00:00,9,3450618,158805
OK,47,70,910,47,2014-03-11T11:05:00,7,3451067,158805
OK,47,70,910,47,2014-03-11T11:10:00,10,3451516,158805
OK,53,62,910,53,2014-03-11T11:15:00,9,3451965,158805
OK,48,69,910,48,2014-03-11T11:20:00,3,3452414,158805
OK,49,67,910,49,2014-03-11T11:25:00,6,3452863,158805
OK,51,64,910,51,2014-03-11T11:30:00,7,3453312,158805
OK,56,59,910,56,2014-03-11T11:35:00,7,3453761,158805
OK,60,55,910,60,2014-03-11T11:40:00,13,3454210,158805
OK,51,64,910,51,2014-03-11T11:45:00,13,3454659,158805
OK,50,66,910,50,2014-03-11T11:50:00,11,3455108,158805
OK,48,69,910,48,2014-03-11T11:55:00,3,3455557,158805
OK,53,62,910,53,2014-03-11T12:00:00,6,3456006,158805
OK,52,63,910,52,2014-03-11T12:05:00,6,3456455,158805
OK,43,77,910,43,2014-03-11T12:10:00,3,3456904,158805
OK,49,67,910,49,2014-03-11T12:15:00,9,3457353,158805
OK,52,63,910,52,2014-03-11T12:20:00,15,3457802,158805
OK,51,64,910,51,2014-03-11T12:25:00,8,3458251,158805
OK,56,59,910,56,2014-03-11T12:30:00,5,3458700,158805
OK,55,60,910,55,2014-03-11T12:35:00,10,3459149,158805
OK,51,64,910,51,2014-03-11T12:40:00,8,3459598,158805
OK,49,67,910,49,2014-03-11T12:45:00,8,3460047,158805
OK,55,60,910,55,2014-03-11T12:50:00,8,3460496,158805
OK,57,58,910,57,2014-03-11T12:55:00,10,3460945,158805
OK,56,59,910,56,2014-03-11T13:00:00,10,3461394,158805
OK,58,57,910,58,2014-03-11T13:05:00,5,3461843,158805
OK,52,63,910,52,2014-03-11T13:10:00,8,3462292,158805
OK,52,63,910,52,2014-03-11T13:15:00,14,3462741,158805
OK,53,62,910,53,2014-03-11T13:20:00,11,3463190,158805
OK,52,63,910,52,2014-03-11T13:25:00,11,3463639,158805
OK,54,61,910,54,2014-03-11T13:30:00,13,3464088,158805
OK,54,61,910,54,2014-03-11T13:35:00,9,3464537,158805
OK,49,67,910,49,2014-03-11T13:40:00,9,3464986,158805
OK,53,62,910,53,2014-03-11T13:45:00,14,3465435,158805
OK,77,43,910,77,2014-03-11T13:50:00,8,3465884,158805
OK,53,62,910,53,2014-03-11T13:55:00,8,3466333,158805
OK,54,61,910,54,2014-03-11T14:00:00,13,3466782,158805
OK,60,55,910,60,2014-03-11T14:05:00,7,3467231,158805
OK,61,54,910,61,2014-03-11T14:10:00,9,3467680,158805
OK,55,60,910,55,2014-03-11T14:15:00,12,3468129,158805
OK,54,61,910,54,2014-03-11T14:20:00,14,3468578,158805
OK,55,60,910,55,2014-03-11T14:25:00,20,3469027,158805
OK,57,58,910,57,2014-03-11T14:30:00,23,3469476,158805
OK,64,51,910,64,2014-03-11T14:35:00,17,3469925,158805
OK,56,59,910,56,2014-03-11T14:40:00,14,3470374,158805
OK,53,62,910,53,2014-03-11T14:45:00,25,3470823,158805
OK,58,57,910,58,2014-03-11T14:50:00,28,3471272,158805
OK,83,39,910,83,2014-03-11T14:55:00,14,3471721,158805
OK,77,43,910,77,2014-03-11T15:00:00,8,3472170,158805
OK,52,63,910,52,2014-03-11T15:05:00,9,3472619,158805
OK,76,43,910,76,2014-03-11T15:10:00,17,3473068,158805
OK,87,38,910,87,2014-03-11T15:15:00,24,3473517,158805
OK,60,55,910,60,2014-03-11T15:20:00,22,3473966,158805
OK,56,59,910,56,2014-03-11T15:25:00,13,3474415,158805
OK,56,59,910,56,2014-03-11T15:30:00,13,3474864,158805
OK,59,56,910,59,2014-03-11T15:35:00,19,3475313,158805
OK,58,57,910,58,2014-03-11T15:40:00,19,3475762,158805
OK,48,69,910,48,2014-03-11T15:45:00,12,3476211,158805
OK,52,63,910,52,2014-03-11T15:50:00,12,3476660,158805
OK,51,64,910,51,2014-03-11T15:55:00,10,3477109,158805
OK,51,64,910,51,2014-03-11T16:00:00,12,3477558,158805
OK,51,64,910,51,2014-03-11T16:05:00,9,3478007,158805
OK,51,64,910,51,2014-03-11T16:10:00,7,3478456,158805
OK,51,64,910,51,2014-03-11T16:15:00,13,3478905,158805
OK,53,62,910,53,2014-03-11T16:20:00,11,3479354,158805
OK,51,64,910,51,2014-03-11T16:25:00,7,3479803,158805
OK,50,66,910,50,2014-03-11T16:30:00,8,3480252,158805
OK,50,66,910,50,2014-03-11T16:35:00,9,3480701,158805
OK,54,61,910,54,2014-03-11T16:40:00,6,3481150,158805
OK,55,60,910,55,2014-03-11T16:45:00,7,3481599,158805
OK,46,72,910,46,2014-03-11T16:50:00,4,3482048,158805
OK,48,69,910,48,2014-03-11T16:55:00,4,3482497,158805
OK,47,70,910,47,2014-03-11T17:00:00,5,3482946,158805
OK,68,48,910,68,2014-03-11T17:05:00,3,3483395,158805
OK,53,62,910,53,2014-03-11T17:10:00,3,3483844,158805
OK,46,72,910,46,2014-03-11T17:15:00,6,3484293,158805
OK,51,64,910,51,2014-03-11T17:20:00,11,3484742,158805
OK,53,62,910,53,2014-03-11T17:25:00,7,3485191,158805
OK,52,63,910,52,2014-03-11T17:30:00,5,3485640,158805
OK,46,72,910,46,2014-03-11T17:35:00,7,3486089,158805
OK,46,72,910,46,2014-03-11T17:40:00,5,3486538,158805
OK,51,64,910,51,2014-03-11T17:45:00,1,3486987,158805
OK,51,64,910,51,2014-03-11T17:50:00,0,3487436,158805
OK,67,49,910,67,2014-03-11T17:55:00,2,3487885,158805
OK,56,59,910,56,2014-03-11T18:00:00,5,3488334,158805
OK,54,61,910,54,2014-03-11T18:05:00,6,3488783,158805
OK,53,62,910,53,2014-03-11T18:10:00,3,3489232,158805
OK,46,72,910,46,2014-03-11T18:15:00,7,3489681,158805
OK,46,72,910,46,2014-03-11T18:20:00,7,3490130,158805
OK,51,64,910,51,2014-03-11T18:25:00,3,3490579,158805
OK,52,63,910,52,2014-03-11T18:30:00,4,3491028,158805
OK,52,63,910,52,2014-03-11T18:35:00,5,3491477,158805
OK,48,69,910,48,2014-03-11T18:40:00,5,3491926,158805
OK,66,50,910,66,2014-03-11T18:45:00,3,3492375,158805
OK,40,82,910,40,2014-03-11T18:50:00,3,3492824,158805
OK,45,73,910,45,2014-03-11T18:55:00,4,3493273,158805
OK,48,69,910,48,2014-03-11T19:00:00,5,3493722,158805
OK,48,69,910,48,2014-03-11T19:05:00,5,3494171,158805
OK,48,69,910,48,2014-03-11T19:10:00,0,3494620,158805
OK,77,43,910,77,2014-03-11T19:15:00,2,3495069,158805
OK,62,53,910,62,2014-03-11T19:20:00,1,3495518,158805
OK,54,61,910,54,2014-03-11T19:25:00,3,3495967,158805
OK,58,57,910,58,2014-03-11T19:30:00,2,3496416,158805
OK,43,77,910,43,2014-03-11T19:35:00,2,3496865,158805
OK,43,77,910,43,2014-03-11T19:40:00,4,3497314,158805
OK,45,73,910,45,2014-03-11T19:45:00,6,3497763,158805
OK,48,69,910,48,2014-03-11T19:50:00,6,3498212,158805
OK,51,64,910,51,2014-03-11T19:55:00,6,3498661,158805
OK,48,69,910,48,2014-03-11T20:00:00,2,3499110,158805
OK,53,62,910,53,2014-03-11T20:05:00,2,3499559,158805
OK,51,64,910,51,2014-03-11T20:10:00,3,3500008,158805
OK,48,69,910,48,2014-03-11T20:15:00,4,3500457,158805
OK,38,87,910,38,2014-03-11T20:20:00,3,3500906,158805
OK,48,69,910,48,2014-03-11T20:25:00,1,3501355,158805
OK,51,64,910,51,2014-03-11T20:30:00,4,3501804,158805
OK,49,67,910,49,2014-03-11T20:35:00,5,3502253,158805
OK,48,69,910,48,2014-03-11T20:40:00,2,3502702,158805
OK,51,64,910,51,2014-03-11T20:45:00,2,3503151,158805
OK,44,75,910,44,2014-03-11T20:50:00,6,3503600,158805
OK,46,72,910,46,2014-03-11T20:55:00,4,3504049,158805
OK,40,82,910,40,2014-03-11T21:05:00,1,3504872,158805
OK,58,57,910,58,2014-03-11T21:35:00,2,3507376,158805
OK,50,66,910,50,2014-03-11T22:15:00,1,3510575,158805
OK,36,92,910,36,2014-03-11T22:50:00,1,3513037,158805
OK,41,80,910,41,2014-03-11T22:55:00,1,3513456,158805
OK,41,80,910,41,2014-03-11T23:00:00,0,3513905,158805
OK,41,80,910,41,2014-03-11T23:05:00,0,3514354,158805
OK,43,77,910,43,2014-03-11T23:25:00,0,3516075,158805
OK,43,77,910,43,2014-03-11T23:55:00,0,3518097,158805
OK,43,77,910,43,2014-03-12T01:00:00,0,3522340,158805
OK,43,77,910,43,2014-03-12T01:15:00,0,3522829,158805
OK,43,77,910,43,2014-03-12T01:20:00,0,3523278,158805
OK,43,77,910,43,2014-03-12T01:25:00,0,3523727,158805
OK,43,77,910,43,2014-03-12T01:30:00,0,3524176,158805
OK,43,77,910,43,2014-03-12T01:35:00,0,3524625,158805
OK,43,77,910,43,2014-03-12T01:40:00,0,3525074,158805
OK,43,77,910,43,2014-03-12T01:45:00,0,3525523,158805
OK,43,77,910,43,2014-03-12T01:50:00,0,3525972,158805
OK,43,77,910,43,2014-03-12T01:55:00,0,3526421,158805
OK,43,77,910,43,2014-03-12T02:00:00,0,3526870,158805
OK,43,77,910,43,2014-03-12T02:05:00,0,3527319,158805
OK,43,77,910,43,2014-03-12T02:10:00,0,3527768,158805
OK,43,77,910,43,2014-03-12T02:15:00,0,3528217,158805
OK,43,77,910,43,2014-03-12T02:20:00,0,3528665,158805
OK,43,77,910,43,2014-03-12T02:25:00,0,3529114,158805
OK,43,77,910,43,2014-03-12T02:30:00,0,3529563,158805
OK,43,77,910,43,2014-03-12T02:35:00,0,3530012,158805
OK,43,77,910,43,2014-03-12T02:40:00,0,3530461,158805
OK,43,77,910,43,2014-03-12T02:45:00,0,3530910,158805
OK,43,77,910,43,2014-03-12T02:50:00,0,3531359,158805
OK,43,77,910,43,2014-03-12T02:55:00,0,3531808,158805
OK,43,77,910,43,2014-03-12T03:00:00,0,3532257,158805
OK,43,77,910,43,2014-03-12T03:05:00,0,3532706,158805
OK,43,77,910,43,2014-03-12T03:10:00,0,3533155,158805
OK,43,77,910,43,2014-03-12T03:15:00,0,3533604,158805
OK,43,77,910,43,2014-03-12T03:20:00,0,3534053,158805
OK,43,77,910,43,2014-03-12T03:25:00,0,3534502,158805
OK,60,55,910,60,2014-03-12T03:30:00,2,3534951,158805
OK,58,57,910,58,2014-03-12T03:35:00,3,3535400,158805
OK,58,57,910,58,2014-03-12T03:40:00,0,3535849,158805
OK,58,57,910,58,2014-03-12T03:45:00,0,3536298,158805
OK,58,57,910,58,2014-03-12T03:50:00,0,3536747,158805
OK,58,57,910,58,2014-03-12T03:55:00,0,3537196,158805
OK,58,57,910,58,2014-03-12T04:00:00,0,3537645,158805
OK,58,57,910,58,2014-03-12T04:05:00,0,3538094,158805
OK,58,57,910,58,2014-03-12T04:10:00,0,3538543,158805
OK,58,57,910,58,2014-03-12T04:15:00,0,3538992,158805
OK,58,57,910,58,2014-03-12T04:20:00,0,3539441,158805
OK,58,57,910,58,2014-03-12T04:25:00,0,3539890,158805
OK,58,57,910,58,2014-03-12T04:30:00,0,3540339,158805
OK,53,62,910,53,2014-03-12T04:35:00,3,3540788,158805
OK,53,62,910,53,2014-03-12T04:40:00,3,3541237,158805
OK,57,58,910,57,2014-03-12T04:45:00,1,3541686,158805
OK,57,58,910,57,2014-03-12T04:50:00,1,3542135,158805
OK,57,58,910,57,2014-03-12T04:55:00,0,3542584,158805
OK,43,77,910,43,2014-03-12T05:00:00,1,3543033,158805
OK,52,63,910,52,2014-03-12T05:05:00,2,3543482,158805
OK,53,62,910,53,2014-03-12T05:10:00,2,3543931,158805
OK,45,73,910,45,2014-03-12T05:15:00,1,3544380,158805
OK,45,73,910,45,2014-03-12T05:20:00,0,3544829,158805
OK,61,54,910,61,2014-03-12T05:25:00,5,3545278,158805
OK,62,53,910,62,2014-03-12T05:30:00,8,3545727,158805
OK,67,49,910,67,2014-03-12T05:35:00,2,3546176,158805
OK,43,77,910,43,2014-03-12T05:40:00,3,3546625,158805
OK,45,73,910,45,2014-03-12T05:45:00,6,3547074,158805
OK,52,63,910,52,2014-03-12T05:50:00,9,3547523,158805
OK,54,61,910,54,2014-03-12T05:55:00,8,3547972,158805
OK,49,67,910,49,2014-03-12T06:00:00,10,3548421,158805
OK,51,64,910,51,2014-03-12T06:05:00,8,3548870,158805
OK,49,67,910,49,2014-03-12T06:10:00,5,3549319,158805
OK,55,60,910,55,2014-03-12T06:15:00,8,3549768,158805
OK,51,64,910,51,2014-03-12T06:20:00,11,3550217,158805
OK,47,70,910,47,2014-03-12T06:25:00,7,3550666,158805
OK,52,63,910,52,2014-03-12T06:30:00,4,3551115,158805
OK,51,64,910,51,2014-03-12T06:35:00,8,3551564,158805
OK,60,55,910,60,2014-03-12T06:40:00,7,3552013,158805
OK,52,63,910,52,2014-03-12T06:45:00,9,3552462,158805
OK,52,63,910,52,2014-03-12T06:50:00,9,3552911,158805
OK,61,54,910,61,2014-03-12T06:55:00,3,3553360,158805
OK,57,58,910,57,2014-03-12T07:00:00,5,3553809,158805
OK,67,49,910,67,2014-03-12T07:05:00,11,3554258,158805
OK,67,49,910,67,2014-03-12T07:10:00,14,3554707,158805
OK,54,61,910,54,2014-03-12T07:15:00,11,3555156,158805
OK,50,66,910,50,2014-03-12T07:20:00,10,3555605,158805
OK,53,62,910,53,2014-03-12T07:25:00,6,3556054,158805
OK,49,67,910,49,2014-03-12T07:30:00,3,3556503,158805
OK,61,54,910,61,2014-03-12T07:35:00,5,3556952,158805
OK,60,55,910,60,2014-03-12T07:40:00,8,3557401,158805
OK,55,60,910,55,2014-03-12T07:45:00,4,3557850,158805
OK,48,69,910,48,2014-03-12T07:50:00,1,3558299,158805
OK,48,69,910,48,2014-03-12T07:55:00,3,3558748,158805
OK,52,63,910,52,2014-03-12T08:00:00,3,3559197,158805
OK,60,55,910,60,2014-03-12T08:05:00,7,3559646,158805
OK,55,60,910,55,2014-03-12T08:10:00,9,3560095,158805
OK,49,67,910,49,2014-03-12T08:15:00,8,3560544,158805
OK,45,73,910,45,2014-03-12T08:20:00,5,3560993,158805
OK,39,84,910,39,2014-03-12T08:25:00,3,3561442,158805
OK,50,66,910,50,2014-03-12T08:30:00,7,3561891,158805
OK,53,62,910,53,2014-03-12T08:35:00,10,3562340,158805
OK,54,61,910,54,2014-03-12T08:40:00,8,3562789,158805
OK,53,62,910,53,2014-03-12T08:45:00,5,3563238,158805
OK,53,62,910,53,2014-03-12T08:50:00,5,3563687,158805
OK,51,64,910,51,2014-03-12T08:55:00,8,3564136,158805
OK,50,66,910,50,2014-03-12T09:00:00,6,3564585,158805
OK,49,67,910,49,2014-03-12T09:05:00,3,3565034,158805
OK,54,61,910,54,2014-03-12T09:10:00,6,3565483,158805
OK,57,58,910,57,2014-03-12T09:15:00,7,3565932,158805
OK,52,63,910,52,2014-03-12T09:20:00,5,3566381,158805
OK,47,70,910,47,2014-03-12T09:25:00,6,3566830,158805
OK,45,73,910,45,2014-03-12T09:30:00,4,3567279,158805
OK,41,80,910,41,2014-03-12T09:35:00,1,3567728,158805
OK,47,70,910,47,2014-03-12T09:40:00,7,3568177,158805
OK,45,73,910,45,2014-03-12T09:45:00,4,3568626,158805
OK,48,69,910,48,2014-03-12T09:50:00,16,3569075,158805
OK,47,70,910,47,2014-03-12T09:55:00,13,3569524,158805
OK,49,67,910,49,2014-03-12T10:00:00,11,3569973,158805
OK,49,67,910,49,2014-03-12T10:05:00,11,3570422,158805
OK,44,75,910,44,2014-03-12T10:10:00,9,3570871,158805
OK,49,67,910,49,2014-03-12T10:15:00,10,3571320,158805
OK,49,67,910,49,2014-03-12T10:20:00,10,3571769,158805
OK,56,59,910,56,2014-03-12T10:25:00,11,3572218,158805
OK,54,61,910,54,2014-03-12T10:30:00,4,3572667,158805
OK,52,63,910,52,2014-03-12T10:35:00,11,3573116,158805
OK,51,64,910,51,2014-03-12T10:40:00,12,3573565,158805
OK,51,64,910,51,2014-03-12T10:45:00,13,3574014,158805
OK,62,53,910,62,2014-03-12T10:50:00,17,3574463,158805
OK,59,56,910,59,2014-03-12T10:55:00,14,3574912,158805
OK,56,59,910,56,2014-03-12T11:00:00,7,3575361,158805
OK,56,59,910,56,2014-03-12T11:05:00,3,3575810,158805
OK,57,58,910,57,2014-03-12T11:10:00,10,3576259,158805
OK,58,57,910,58,2014-03-12T11:15:00,10,3576708,158805
OK,52,63,910,52,2014-03-12T11:20:00,6,3577157,158805
OK,50,66,910,50,2014-03-12T11:25:00,7,3577606,158805
OK,50,66,910,50,2014-03-12T11:30:00,8,3578054,158805
OK,51,64,910,51,2014-03-12T11:35:00,5,3578503,158805
OK,55,60,910,55,2014-03-12T11:40:00,7,3578952,158805
OK,55,60,910,55,2014-03-12T11:45:00,13,3579401,158805
OK,58,57,910,58,2014-03-12T11:50:00,8,3579850,158805
OK,58,57,910,58,2014-03-12T11:55:00,6,3580299,158805
OK,56,59,910,56,2014-03-12T12:00:00,8,3580748,158805
OK,56,59,910,56,2014-03-12T12:05:00,9,3581197,158805
OK,52,63,910,52,2014-03-12T12:10:00,6,3581646,158805
OK,50,66,910,50,2014-03-12T12:15:00,5,3582095,158805
OK,47,70,910,47,2014-03-12T12:20:00,7,3582544,158805
OK,50,66,910,50,2014-03-12T12:25:00,12,3582993,158805
OK,59,56,910,59,2014-03-12T12:30:00,8,3583442,158805
OK,52,63,910,52,2014-03-12T12:35:00,6,3583891,158805
OK,58,57,910,58,2014-03-12T12:40:00,10,3584340,158805
OK,52,63,910,52,2014-03-12T12:45:00,15,3584789,158805
OK,51,64,910,51,2014-03-12T12:50:00,15,3585238,158805
OK,52,63,910,52,2014-03-12T12:55:00,9,3585687,158805
OK,51,64,910,51,2014-03-12T13:00:00,8,3586135,158805
OK,56,59,910,56,2014-03-12T13:05:00,15,3586584,158805
OK,56,59,910,56,2014-03-12T13:10:00,13,3587033,158805
OK,59,56,910,59,2014-03-12T13:15:00,8,3587482,158805
OK,52,63,910,52,2014-03-12T13:20:00,10,3587931,158805
OK,47,70,910,47,2014-03-12T13:25:00,9,3588380,158805
OK,53,62,910,53,2014-03-12T13:30:00,11,3588829,158805
OK,56,59,910,56,2014-03-12T13:35:00,11,3589278,158805
OK,57,58,910,57,2014-03-12T13:40:00,15,3589727,158805
OK,59,56,910,59,2014-03-12T13:45:00,20,3590176,158805
OK,73,45,910,73,2014-03-12T13:50:00,12,3590625,158805
OK,76,43,910,76,2014-03-12T13:55:00,10,3591074,158805
OK,57,58,910,57,2014-03-12T14:00:00,13,3591523,158805
OK,55,60,910,55,2014-03-12T14:05:00,13,3591972,158805
OK,53,62,910,53,2014-03-12T14:10:00,17,3592421,158805
OK,53,62,910,53,2014-03-12T14:15:00,20,3592870,158805
OK,58,57,910,58,2014-03-12T14:20:00,21,3593319,158805
OK,53,62,910,53,2014-03-12T14:25:00,15,3593768,158805
OK,53,62,910,53,2014-03-12T14:30:00,19,3594217,158805
OK,56,59,910,56,2014-03-12T14:35:00,19,3594666,158805
OK,54,61,910,54,2014-03-12T14:40:00,19,3595115,158805
OK,60,55,910,60,2014-03-12T14:45:00,22,3595564,158805
OK,63,52,910,63,2014-03-12T14:50:00,14,3596013,158805
OK,59,56,910,59,2014-03-12T14:55:00,9,3596462,158805
OK,59,56,910,59,2014-03-12T15:00:00,9,3596911,158805
OK,66,50,910,66,2014-03-12T15:05:00,12,3597360,158805
OK,57,58,910,57,2014-03-12T15:10:00,16,3597809,158805
OK,57,58,910,57,2014-03-12T15:15:00,20,3598258,158805
OK,55,60,910,55,2014-03-12T15:20:00,20,3598707,158805
OK,55,60,910,55,2014-03-12T15:25:00,12,3599156,158805
OK,48,69,910,48,2014-03-12T15:30:00,12,3599605,158805
OK,48,69,910,48,2014-03-12T15:35:00,11,3600054,158805
OK,50,66,910,50,2014-03-12T15:40:00,7,3600503,158805
OK,45,73,910,45,2014-03-12T15:45:00,7,3600952,158805
OK,52,63,910,52,2014-03-12T15:50:00,12,3601401,158805
OK,57,58,910,57,2014-03-12T15:55:00,10,3601850,158805
OK,63,52,910,63,2014-03-12T16:00:00,6,3602299,158805
OK,55,60,910,55,2014-03-12T16:05:00,7,3602748,158805
OK,49,67,910,49,2014-03-12T16:10:00,8,3603197,158805
OK,48,69,910,48,2014-03-12T16:15:00,10,3603646,158805
OK,49,67,910,49,2014-03-12T16:20:00,7,3604095,158805
OK,57,58,910,57,2014-03-12T16:25:00,12,3604544,158805
OK,59,56,910,59,2014-03-12T16:30:00,14,3604993,158805
OK,49,67,910,49,2014-03-12T16:35:00,10,3605442,158805
OK,50,66,910,50,2014-03-12T16:40:00,8,3605891,158805
OK,52,63,910,52,2014-03-12T16:45:00,7,3606340,158805
OK,61,54,910,61,2014-03-12T16:50:00,7,3606789,158805
OK,51,64,910,51,2014-03-12T16:55:00,9,3607238,158805
OK,48,69,910,48,2014-03-12T17:00:00,6,3607687,158805
OK,46,72,910,46,2014-03-12T17:05:00,6,3608136,158805
OK,50,66,910,50,2014-03-12T17:10:00,6,3608585,158805
OK,52,63,910,52,2014-03-12T17:15:00,8,3609034,158805
OK,51,64,910,51,2014-03-12T17:20:00,10,3609483,158805
OK,48,69,910,48,2014-03-12T17:25:00,9,3609932,158805
OK,47,70,910,47,2014-03-12T17:30:00,4,3610381,158805
OK,44,75,910,44,2014-03-12T17:35:00,5,3610830,158805
OK,47,70,910,47,2014-03-12T17:40:00,5,3611279,158805
OK,47,70,910,47,2014-03-12T17:45:00,3,3611728,158805
OK,39,84,910,39,2014-03-12T17:50:00,2,3612177,158805
OK,52,63,910,52,2014-03-12T17:55:00,2,3612626,158805
OK,52,63,910,52,2014-03-12T18:00:00,4,3613075,158805
OK,50,66,910,50,2014-03-12T18:05:00,2,3613524,158805
OK,91,36,910,91,2014-03-12T18:10:00,1,3613973,158805
OK,51,64,910,51,2014-03-12T18:15:00,3,3614422,158805
OK,48,69,910,48,2014-03-12T18:20:00,2,3614871,158805
OK,45,73,910,45,2014-03-12T18:25:00,2,3615320,158805
OK,58,57,910,58,2014-03-12T18:30:00,2,3615769,158805
OK,53,62,910,53,2014-03-12T18:35:00,3,3616218,158805
OK,53,62,910,53,2014-03-12T18:40:00,5,3616667,158805
OK,55,60,910,55,2014-03-12T18:45:00,3,3617116,158805
OK,50,66,910,50,2014-03-12T18:50:00,3,3617565,158805
OK,50,66,910,50,2014-03-12T18:55:00,5,3618014,158805
OK,44,75,910,44,2014-03-12T19:00:00,2,3618463,158805
OK,47,70,910,47,2014-03-12T19:05:00,1,3618912,158805
OK,49,67,910,49,2014-03-12T19:10:00,1,3619361,158805
OK,45,73,910,45,2014-03-12T19:15:00,2,3619810,158805
OK,56,59,910,56,2014-03-12T19:20:00,1,3620259,158805
OK,46,72,910,46,2014-03-12T19:25:00,3,3620708,158805
OK,44,75,910,44,2014-03-12T19:30:00,2,3621157,158805
OK,40,82,910,40,2014-03-12T19:35:00,2,3621606,158805
OK,40,82,910,40,2014-03-12T19:40:00,0,3622055,158805
OK,85,38,910,85,2014-03-12T19:45:00,1,3622504,158805
OK,85,38,910,85,2014-03-12T19:50:00,1,3622953,158805
OK,85,38,910,85,2014-03-12T19:55:00,0,3623402,158805
OK,85,38,910,85,2014-03-12T20:00:00,0,3623851,158805
OK,46,72,910,46,2014-03-12T20:05:00,1,3624300,158805
OK,46,72,910,46,2014-03-12T20:10:00,2,3624749,158805
OK,47,70,910,47,2014-03-12T20:15:00,0,3625198,158805
OK,57,58,910,57,2014-03-12T20:20:00,1,3625647,158805
OK,57,58,910,57,2014-03-12T20:25:00,0,3626096,158805
OK,27,122,910,27,2014-03-12T20:30:00,1,3626545,158805
OK,38,87,910,38,2014-03-12T20:35:00,1,3626994,158805
OK,47,70,910,47,2014-03-12T20:40:00,2,3627443,158805
OK,46,72,910,46,2014-03-12T20:45:00,2,3627892,158805
OK,44,75,910,44,2014-03-12T20:50:00,4,3628341,158805
OK,50,66,910,50,2014-03-12T20:55:00,6,3628790,158805
OK,47,70,910,47,2014-03-12T22:05:00,0,3634373,158805
OK,51,64,910,51,2014-03-12T22:25:00,3,3636052,158805
OK,56,59,910,56,2014-03-12T22:50:00,1,3637987,158805
OK,48,69,910,48,2014-03-12T23:00:00,0,3638869,158805
OK,48,69,910,48,2014-03-12T23:05:00,0,3639318,158805
OK,48,69,910,48,2014-03-12T23:15:00,0,3640216,158805
OK,48,69,910,48,2014-03-12T23:20:00,0,3640665,158805
OK,48,69,910,48,2014-03-13T01:00:00,0,3647497,158805
OK,48,69,910,48,2014-03-13T01:05:00,0,3647946,158805
OK,48,69,910,48,2014-03-13T01:10:00,0,3648292,158805
OK,48,69,910,48,2014-03-13T01:15:00,0,3648741,158805
OK,48,69,910,48,2014-03-13T01:20:00,0,3649190,158805
OK,48,69,910,48,2014-03-13T01:25:00,0,3649639,158805
OK,48,69,910,48,2014-03-13T01:30:00,0,3650088,158805
OK,48,69,910,48,2014-03-13T01:35:00,0,3650537,158805
OK,48,69,910,48,2014-03-13T01:40:00,0,3650986,158805
OK,48,69,910,48,2014-03-13T01:45:00,0,3651435,158805
OK,48,69,910,48,2014-03-13T01:50:00,0,3651884,158805
OK,48,69,910,48,2014-03-13T01:55:00,0,3652333,158805
OK,48,69,910,48,2014-03-13T02:00:00,0,3652782,158805
OK,48,69,910,48,2014-03-13T02:05:00,0,3653231,158805
OK,48,69,910,48,2014-03-13T02:10:00,0,3653680,158805
OK,48,69,910,48,2014-03-13T02:15:00,0,3654129,158805
OK,48,69,910,48,2014-03-13T02:20:00,0,3654578,158805
OK,48,69,910,48,2014-03-13T02:25:00,0,3655027,158805
OK,48,69,910,48,2014-03-13T02:30:00,0,3655476,158805
OK,48,69,910,48,2014-03-13T02:35:00,0,3655925,158805
OK,48,69,910,48,2014-03-13T02:40:00,0,3656374,158805
OK,48,69,910,48,2014-03-13T02:45:00,0,3656823,158805
OK,48,69,910,48,2014-03-13T02:50:00,0,3657272,158805
OK,48,69,910,48,2014-03-13T02:55:00,0,3657721,158805
OK,48,69,910,48,2014-03-13T03:00:00,0,3658170,158805
OK,48,69,910,48,2014-03-13T03:05:00,0,3658619,158805
OK,48,69,910,48,2014-03-13T03:10:00,0,3659068,158805
OK,48,69,910,48,2014-03-13T03:15:00,0,3659517,158805
OK,48,69,910,48,2014-03-13T03:20:00,0,3659966,158805
OK,48,69,910,48,2014-03-13T03:25:00,0,3660415,158805
OK,48,69,910,48,2014-03-13T03:30:00,0,3660864,158805
OK,48,69,910,48,2014-03-13T03:35:00,0,3661313,158805
OK,48,69,910,48,2014-03-13T03:40:00,0,3661762,158805
OK,48,69,910,48,2014-03-13T03:45:00,0,3662211,158805
OK,48,69,910,48,2014-03-13T03:50:00,0,3662660,158805
OK,48,69,910,48,2014-03-13T03:55:00,0,3663109,158805
OK,48,69,910,48,2014-03-13T04:00:00,0,3663558,158805
OK,48,69,910,48,2014-03-13T04:05:00,0,3664007,158805
OK,48,69,910,48,2014-03-13T04:10:00,0,3664456,158805
OK,48,69,910,48,2014-03-13T04:15:00,0,3664905,158805
OK,48,69,910,48,2014-03-13T04:20:00,0,3665354,158805
OK,48,69,910,48,2014-03-13T04:25:00,0,3665803,158805
OK,48,69,910,48,2014-03-13T04:30:00,0,3666252,158805
OK,48,69,910,48,2014-03-13T04:35:00,0,3666701,158805
OK,54,61,910,54,2014-03-13T04:40:00,1,3667150,158805
OK,54,61,910,54,2014-03-13T04:45:00,1,3667599,158805
OK,53,62,910,53,2014-03-13T04:50:00,2,3668048,158805
OK,53,62,910,53,2014-03-13T04:55:00,3,3668497,158805
OK,53,62,910,53,2014-03-13T05:00:00,3,3668946,158805
OK,48,69,910,48,2014-03-13T05:05:00,1,3669395,158805
OK,48,69,910,48,2014-03-13T05:10:00,0,3669844,158805
OK,49,67,910,49,2014-03-13T05:15:00,1,3670293,158805
OK,49,67,910,49,2014-03-13T05:20:00,0,3670742,158805
OK,54,61,910,54,2014-03-13T05:25:00,3,3671191,158805
OK,52,63,910,52,2014-03-13T05:30:00,4,3671640,158805
OK,56,59,910,56,2014-03-13T05:35:00,3,3672089,158805
OK,61,54,910,61,2014-03-13T05:40:00,4,3672538,158805
OK,47,70,910,47,2014-03-13T05:45:00,5,3672987,158805
OK,51,64,910,51,2014-03-13T05:50:00,3,3673436,158805
OK,46,72,910,46,2014-03-13T05:55:00,6,3673885,158805
OK,43,77,910,43,2014-03-13T06:00:00,6,3674334,158805
OK,56,59,910,56,2014-03-13T06:05:00,5,3674783,158805
OK,67,49,910,67,2014-03-13T06:10:00,4,3675232,158805
OK,47,70,910,47,2014-03-13T06:15:00,5,3675681,158805
OK,47,70,910,47,2014-03-13T06:20:00,6,3676130,158805
OK,59,56,910,59,2014-03-13T06:25:00,7,3676579,158805
OK,52,63,910,52,2014-03-13T06:30:00,9,3677028,158805
OK,50,66,910,50,2014-03-13T06:35:00,7,3677477,158805
OK,57,58,910,57,2014-03-13T06:40:00,10,3677926,158805
OK,52,63,910,52,2014-03-13T06:45:00,13,3678375,158805
OK,51,64,910,51,2014-03-13T06:50:00,9,3678824,158805
OK,56,59,910,56,2014-03-13T06:55:00,5,3679273,158805
OK,54,61,910,54,2014-03-13T07:00:00,4,3679722,158805
OK,51,64,910,51,2014-03-13T07:05:00,7,3680171,158805
OK,51,64,910,51,2014-03-13T07:10:00,9,3680620,158805
OK,51,64,910,51,2014-03-13T07:15:00,4,3681069,158805
OK,59,56,910,59,2014-03-13T07:20:00,2,3681518,158805
OK,55,60,910,55,2014-03-13T07:25:00,6,3681967,158805
OK,51,64,910,51,2014-03-13T07:30:00,8,3682416,158805
OK,52,63,910,52,2014-03-13T07:35:00,7,3682865,158805
OK,50,66,910,50,2014-03-13T07:40:00,2,3683314,158805
OK,52,63,910,52,2014-03-13T07:45:00,3,3683763,158805
OK,52,63,910,52,2014-03-13T07:50:00,7,3684212,158805
OK,52,63,910,52,2014-03-13T07:55:00,5,3684661,158805
OK,65,50,910,65,2014-03-13T08:00:00,1,3685110,158805
OK,58,57,910,58,2014-03-13T08:05:00,7,3685559,158805
OK,54,61,910,54,2014-03-13T08:10:00,11,3686008,158805
OK,54,61,910,54,2014-03-13T08:15:00,7,3686457,158805
OK,50,66,910,50,2014-03-13T08:20:00,11,3686906,158805
OK,48,69,910,48,2014-03-13T08:25:00,10,3687355,158805
OK,55,60,910,55,2014-03-13T08:30:00,6,3687804,158805
OK,54,61,910,54,2014-03-13T08:35:00,6,3688253,158805
OK,57,58,910,57,2014-03-13T08:40:00,10,3688702,158805
OK,54,61,910,54,2014-03-13T08:45:00,9,3689151,158805
OK,55,60,910,55,2014-03-13T08:50:00,11,3689600,158805
OK,57,58,910,57,2014-03-13T08:55:00,5,3690049,158805
OK,55,60,910,55,2014-03-13T09:00:00,9,3690498,158805
OK,55,60,910,55,2014-03-13T09:05:00,7,3690947,158805
OK,52,63,910,52,2014-03-13T09:10:00,5,3691396,158805
OK,49,67,910,49,2014-03-13T09:15:00,7,3691845,158805
OK,48,69,910,48,2014-03-13T09:20:00,8,3692294,158805
OK,54,61,910,54,2014-03-13T09:25:00,7,3692743,158805
OK,51,64,910,51,2014-03-13T09:30:00,6,3693192,158805
OK,41,80,910,41,2014-03-13T09:35:00,4,3693641,158805
OK,41,80,910,41,2014-03-13T09:40:00,1,3694090,158805
OK,56,59,910,56,2014-03-13T09:45:00,8,3694539,158805
OK,56,59,910,56,2014-03-13T09:50:00,11,3694988,158805
OK,53,62,910,53,2014-03-13T09:55:00,9,3695437,158805
OK,54,61,910,54,2014-03-13T10:00:00,6,3695886,158805
OK,65,50,910,65,2014-03-13T10:05:00,5,3696335,158805
OK,51,64,910,51,2014-03-13T10:10:00,6,3696784,158805
OK,51,64,910,51,2014-03-13T10:15:00,10,3697233,158805
OK,52,63,910,52,2014-03-13T10:20:00,7,3697682,158805
OK,53,62,910,53,2014-03-13T10:25:00,10,3698131,158805
OK,52,63,910,52,2014-03-13T10:30:00,12,3698580,158805
OK,58,57,910,58,2014-03-13T10:35:00,11,3699029,158805
OK,56,59,910,56,2014-03-13T10:40:00,14,3699478,158805
OK,49,67,910,49,2014-03-13T10:45:00,16,3699927,158805
OK,48,69,910,48,2014-03-13T10:50:00,11,3700376,158805
OK,72,46,910,72,2014-03-13T10:55:00,6,3700825,158805
OK,69,48,910,69,2014-03-13T11:00:00,8,3701274,158805
OK,48,69,910,48,2014-03-13T11:05:00,4,3701723,158805
OK,45,73,910,45,2014-03-13T11:10:00,4,3702172,158805
OK,50,66,910,50,2014-03-13T11:15:00,6,3702621,158805
OK,52,63,910,52,2014-03-13T11:20:00,6,3703070,158805
OK,57,58,910,57,2014-03-13T11:25:00,4,3703519,158805
OK,50,66,910,50,2014-03-13T11:30:00,11,3703968,158805
OK,49,67,910,49,2014-03-13T11:35:00,16,3704417,158805
OK,54,61,910,54,2014-03-13T11:40:00,9,3704866,158805
OK,52,63,910,52,2014-03-13T11:45:00,7,3705315,158805
OK,52,63,910,52,2014-03-13T11:50:00,11,3705764,158805
OK,52,63,910,52,2014-03-13T11:55:00,14,3706213,158805
OK,51,64,910,51,2014-03-13T12:00:00,14,3706662,158805
OK,51,64,910,51,2014-03-13T12:05:00,9,3707111,158805
OK,57,58,910,57,2014-03-13T12:10:00,11,3707560,158805
OK,55,60,910,55,2014-03-13T12:15:00,13,3708009,158805
OK,50,66,910,50,2014-03-13T12:20:00,6,3708458,158805
OK,49,67,910,49,2014-03-13T12:25:00,5,3708907,158805
OK,49,67,910,49,2014-03-13T12:30:00,8,3709356,158805
OK,48,69,910,48,2014-03-13T12:35:00,9,3709805,158805
OK,47,70,910,47,2014-03-13T12:40:00,4,3710254,158805
OK,52,63,910,52,2014-03-13T12:45:00,9,3710703,158805
OK,51,64,910,51,2014-03-13T12:50:00,11,3711152,158805
OK,46,72,910,46,2014-03-13T12:55:00,7,3711601,158805
OK,49,67,910,49,2014-03-13T13:00:00,6,3712050,158805
OK,55,60,910,55,2014-03-13T13:05:00,5,3712499,158805
OK,56,59,910,56,2014-03-13T13:10:00,17,3712948,158805
OK,56,59,910,56,2014-03-13T13:15:00,20,3713397,158805
OK,57,58,910,57,2014-03-13T13:20:00,13,3713846,158805
OK,64,51,910,64,2014-03-13T13:25:00,11,3714295,158805
OK,56,59,910,56,2014-03-13T13:30:00,12,3714744,158805
OK,55,60,910,55,2014-03-13T13:35:00,21,3715193,158805
OK,56,59,910,56,2014-03-13T13:40:00,19,3715642,158805
OK,52,63,910,52,2014-03-13T13:45:00,17,3716091,158805
OK,52,63,910,52,2014-03-13T13:50:00,9,3716540,158805
OK,57,58,910,57,2014-03-13T13:55:00,8,3716989,158805
OK,51,64,910,51,2014-03-13T14:00:00,9,3717438,158805
OK,46,72,910,46,2014-03-13T14:05:00,11,3717887,158805
OK,53,62,910,53,2014-03-13T14:10:00,17,3718336,158805
OK,55,60,910,55,2014-03-13T14:15:00,19,3718785,158805
OK,65,50,910,65,2014-03-13T14:20:00,16,3719234,158805
OK,68,48,910,68,2014-03-13T14:25:00,17,3719683,158805
OK,59,56,910,59,2014-03-13T14:30:00,21,3720132,158805
OK,65,50,910,65,2014-03-13T14:35:00,25,3720581,158805
OK,59,56,910,59,2014-03-13T14:40:00,27,3721030,158805
OK,63,52,910,63,2014-03-13T14:45:00,27,3721479,158805
OK,92,36,910,92,2014-03-13T14:50:00,26,3721928,158805
OK,95,34,910,95,2014-03-13T14:55:00,28,3722377,158805
OK,101,32,910,101,2014-03-13T15:00:00,22,3722826,158805
OK,69,48,910,69,2014-03-13T15:05:00,17,3723275,158805
OK,62,53,910,62,2014-03-13T15:10:00,21,3723724,158805
OK,57,58,910,57,2014-03-13T15:15:00,23,3724173,158805
OK,59,56,910,59,2014-03-13T15:20:00,19,3724622,158805
OK,59,56,910,59,2014-03-13T15:25:00,16,3725071,158805
OK,60,55,910,60,2014-03-13T15:30:00,13,3725520,158805
OK,49,67,910,49,2014-03-13T15:35:00,12,3725969,158805
OK,52,63,910,52,2014-03-13T15:40:00,16,3726418,158805
OK,67,49,910,67,2014-03-13T15:45:00,12,3726867,158805
OK,66,50,910,66,2014-03-13T15:50:00,8,3727316,158805
OK,63,52,910,63,2014-03-13T15:55:00,7,3727765,158805
OK,63,52,910,63,2014-03-13T16:00:00,3,3728214,158805
OK,57,58,910,57,2014-03-13T16:05:00,3,3728663,158805
OK,55,60,910,55,2014-03-13T16:10:00,8,3729112,158805
OK,61,54,910,61,2014-03-13T16:15:00,10,3729561,158805
OK,65,50,910,65,2014-03-13T16:20:00,8,3730010,158805
OK,49,67,910,49,2014-03-13T16:25:00,5,3730459,158805
OK,67,49,910,67,2014-03-13T16:30:00,10,3730908,158805
OK,49,67,910,49,2014-03-13T16:35:00,13,3731357,158805
OK,49,67,910,49,2014-03-13T16:40:00,5,3731806,158805
OK,53,62,910,53,2014-03-13T16:45:00,7,3732255,158805
OK,50,66,910,50,2014-03-13T16:50:00,5,3732704,158805
OK,52,63,910,52,2014-03-13T16:55:00,7,3733153,158805
OK,49,67,910,49,2014-03-13T17:00:00,10,3733602,158805
OK,46,72,910,46,2014-03-13T17:05:00,6,3734051,158805
OK,41,80,910,41,2014-03-13T17:10:00,2,3734500,158805
OK,51,64,910,51,2014-03-13T17:15:00,4,3734949,158805
OK,50,66,910,50,2014-03-13T17:20:00,4,3735398,158805
OK,43,77,910,43,2014-03-13T17:25:00,3,3735847,158805
OK,43,77,910,43,2014-03-13T17:30:00,3,3736296,158805
OK,52,63,910,52,2014-03-13T17:35:00,3,3736745,158805
OK,48,69,910,48,2014-03-13T17:40:00,4,3737194,158805
OK,58,57,910,58,2014-03-13T17:45:00,6,3737643,158805
OK,53,62,910,53,2014-03-13T17:50:00,4,3738092,158805
OK,42,78,910,42,2014-03-13T17:55:00,4,3738541,158805
OK,46,72,910,46,2014-03-13T18:00:00,6,3738990,158805
OK,51,64,910,51,2014-03-13T18:05:00,5,3739439,158805
OK,49,67,910,49,2014-03-13T18:10:00,3,3739888,158805
OK,56,59,910,56,2014-03-13T18:15:00,2,3740337,158805
OK,55,60,910,55,2014-03-13T18:20:00,7,3740786,158805
OK,55,60,910,55,2014-03-13T18:25:00,8,3741235,158805
OK,43,77,910,43,2014-03-13T18:30:00,2,3741684,158805
OK,41,80,910,41,2014-03-13T18:35:00,3,3742133,158805
OK,46,72,910,46,2014-03-13T18:40:00,4,3742582,158805
OK,50,66,910,50,2014-03-13T18:45:00,5,3743031,158805
OK,46,72,910,46,2014-03-13T18:50:00,5,3743480,158805
OK,48,69,910,48,2014-03-13T18:55:00,3,3743929,158805
OK,52,63,910,52,2014-03-13T19:00:00,3,3744378,158805
OK,59,56,910,59,2014-03-13T19:05:00,2,3744827,158805
OK,35,94,910,35,2014-03-13T19:10:00,1,3745276,158805
OK,45,73,910,45,2014-03-13T19:15:00,2,3745725,158805
OK,57,58,910,57,2014-03-13T19:20:00,4,3746174,158805
OK,53,62,910,53,2014-03-13T19:25:00,4,3746623,158805
OK,50,66,910,50,2014-03-13T19:30:00,3,3747072,158805
OK,37,89,910,37,2014-03-13T19:35:00,3,3747521,158805
OK,51,64,910,51,2014-03-13T19:40:00,5,3747970,158805
OK,52,63,910,52,2014-03-13T19:45:00,3,3748419,158805
OK,86,38,910,86,2014-03-13T19:50:00,2,3748868,158805
OK,50,66,910,50,2014-03-13T19:55:00,3,3749317,158805
OK,46,72,910,46,2014-03-13T20:00:00,2,3749766,158805
OK,54,61,910,54,2014-03-13T20:05:00,2,3750215,158805
OK,52,63,910,52,2014-03-13T20:10:00,4,3750664,158805
OK,49,67,910,49,2014-03-13T20:15:00,4,3751113,158805
OK,45,73,910,45,2014-03-13T20:20:00,5,3751562,158805
OK,50,66,910,50,2014-03-13T20:25:00,4,3752011,158805
OK,51,64,910,51,2014-03-13T20:30:00,5,3752460,158805
OK,44,75,910,44,2014-03-13T20:35:00,2,3752909,158805
OK,47,70,910,47,2014-03-13T20:40:00,2,3753358,158805
OK,47,70,910,47,2014-03-13T20:45:00,2,3753807,158805
OK,60,55,910,60,2014-03-13T20:50:00,1,3754256,158805
OK,59,56,910,59,2014-03-13T20:55:00,2,3754705,158805
OK,50,66,910,50,2014-03-13T21:30:00,1,3757417,158805
OK,46,72,910,46,2014-03-13T22:00:00,0,3759897,158805
OK,46,72,910,46,2014-03-13T22:10:00,0,3760619,158805
OK,56,59,910,56,2014-03-13T23:00:00,0,3764719,158805
OK,56,59,910,56,2014-03-13T23:05:00,0,3765117,158805
OK,56,59,910,56,2014-03-13T23:15:00,0,3765943,158805
OK,56,59,910,56,2014-03-13T23:25:00,0,3766742,158805
OK,46,72,910,46,2014-03-14T00:20:00,0,3770556,158805
OK,46,72,910,46,2014-03-14T01:00:00,0,3773387,158805
OK,46,72,910,46,2014-03-14T01:15:00,0,3774285,158805
OK,46,72,910,46,2014-03-14T01:20:00,0,3774734,158805
OK,46,72,910,46,2014-03-14T01:25:00,0,3775183,158805
OK,46,72,910,46,2014-03-14T01:30:00,0,3775632,158805
OK,46,72,910,46,2014-03-14T01:35:00,0,3776081,158805
OK,46,72,910,46,2014-03-14T01:40:00,0,3776530,158805
OK,46,72,910,46,2014-03-14T01:45:00,0,3776979,158805
OK,46,72,910,46,2014-03-14T01:50:00,0,3777428,158805
OK,46,72,910,46,2014-03-14T01:55:00,0,3777877,158805
OK,46,72,910,46,2014-03-14T02:00:00,0,3778326,158805
OK,46,72,910,46,2014-03-14T02:05:00,0,3778775,158805
OK,46,72,910,46,2014-03-14T02:10:00,0,3779224,158805
OK,46,72,910,46,2014-03-14T02:15:00,0,3779673,158805
OK,46,72,910,46,2014-03-14T02:20:00,0,3780122,158805
OK,46,72,910,46,2014-03-14T02:25:00,0,3780571,158805
OK,46,72,910,46,2014-03-14T02:30:00,0,3781020,158805
OK,46,72,910,46,2014-03-14T02:35:00,0,3781469,158805
OK,46,72,910,46,2014-03-14T02:40:00,0,3781918,158805
OK,46,72,910,46,2014-03-14T02:45:00,0,3782367,158805
OK,46,72,910,46,2014-03-14T02:50:00,0,3782816,158805
OK,46,72,910,46,2014-03-14T02:55:00,0,3783265,158805
OK,46,72,910,46,2014-03-14T03:00:00,0,3783714,158805
OK,46,72,910,46,2014-03-14T03:05:00,0,3784163,158805
OK,46,72,910,46,2014-03-14T03:10:00,0,3784612,158805
OK,46,72,910,46,2014-03-14T03:15:00,0,3785061,158805
OK,46,72,910,46,2014-03-14T03:20:00,0,3785510,158805
OK,46,72,910,46,2014-03-14T03:25:00,0,3785959,158805
OK,46,72,910,46,2014-03-14T03:30:00,0,3786408,158805
OK,46,72,910,46,2014-03-14T03:35:00,0,3786857,158805
OK,46,72,910,46,2014-03-14T03:40:00,0,3787306,158805
OK,46,72,910,46,2014-03-14T03:45:00,0,3787755,158805
OK,46,72,910,46,2014-03-14T03:50:00,0,3788204,158805
OK,55,60,910,55,2014-03-14T03:55:00,1,3788653,158805
OK,55,60,910,55,2014-03-14T04:00:00,1,3789102,158805
OK,46,72,910,46,2014-03-14T04:05:00,1,3789551,158805
OK,43,77,910,43,2014-03-14T04:10:00,2,3790000,158805
OK,41,80,910,41,2014-03-14T04:15:00,0,3790449,158805
OK,41,80,910,41,2014-03-14T04:20:00,0,3790898,158805
OK,41,80,910,41,2014-03-14T04:25:00,0,3791347,158805
OK,41,80,910,41,2014-03-14T04:30:00,0,3791796,158805
OK,41,80,910,41,2014-03-14T04:35:00,0,3792245,158805
OK,46,72,910,46,2014-03-14T04:40:00,2,3792694,158805
OK,40,82,910,40,2014-03-14T04:45:00,2,3793143,158805
OK,45,73,910,45,2014-03-14T04:50:00,2,3793592,158805
OK,47,70,910,47,2014-03-14T04:55:00,2,3794041,158805
OK,43,77,910,43,2014-03-14T05:00:00,1,3794490,158805
OK,43,77,910,43,2014-03-14T05:05:00,0,3794939,158805
OK,35,94,910,35,2014-03-14T05:10:00,1,3795388,158805
OK,35,94,910,35,2014-03-14T05:15:00,1,3795837,158805
OK,50,66,910,50,2014-03-14T05:20:00,2,3796286,158805
OK,51,64,910,51,2014-03-14T05:25:00,3,3796735,158805
OK,53,62,910,53,2014-03-14T05:30:00,2,3797184,158805
OK,46,72,910,46,2014-03-14T05:35:00,1,3797633,158805
OK,54,61,910,54,2014-03-14T05:40:00,3,3798082,158805
OK,54,61,910,54,2014-03-14T05:45:00,5,3798531,158805
OK,55,60,910,55,2014-03-14T05:50:00,7,3798980,158805
OK,55,60,910,55,2014-03-14T05:55:00,9,3799429,158805
OK,49,67,910,49,2014-03-14T06:00:00,8,3799878,158805
OK,55,60,910,55,2014-03-14T06:05:00,7,3800327,158805
OK,51,64,910,51,2014-03-14T06:10:00,5,3800776,158805
OK,51,64,910,51,2014-03-14T06:15:00,7,3801225,158805
OK,56,59,910,56,2014-03-14T06:20:00,6,3801674,158805
OK,56,59,910,56,2014-03-14T06:25:00,3,3802123,158805
OK,56,59,910,56,2014-03-14T06:30:00,6,3802572,158805
OK,58,57,910,58,2014-03-14T06:35:00,6,3803021,158805
OK,59,56,910,59,2014-03-14T06:40:00,5,3803470,158805
OK,49,67,910,49,2014-03-14T06:45:00,10,3803919,158805
OK,49,67,910,49,2014-03-14T06:50:00,14,3804368,158805
OK,49,67,910,49,2014-03-14T06:55:00,9,3804817,158805
OK,51,64,910,51,2014-03-14T07:00:00,11,3805266,158805
OK,52,63,910,52,2014-03-14T07:05:00,12,3805715,158805
OK,42,78,910,42,2014-03-14T07:10:00,3,3806164,158805
OK,50,66,910,50,2014-03-14T07:15:00,3,3806613,158805
OK,52,63,910,52,2014-03-14T07:20:00,6,3807062,158805
OK,52,63,910,52,2014-03-14T07:25:00,6,3807511,158805
OK,44,75,910,44,2014-03-14T07:30:00,5,3807960,158805
OK,49,67,910,49,2014-03-14T07:35:00,8,3808409,158805
OK,57,58,910,57,2014-03-14T07:40:00,10,3808858,158805
OK,57,58,910,57,2014-03-14T07:45:00,8,3809307,158805
OK,55,60,910,55,2014-03-14T07:50:00,10,3809756,158805
OK,56,59,910,56,2014-03-14T07:55:00,8,3810205,158805
OK,57,58,910,57,2014-03-14T08:00:00,6,3810654,158805
OK,54,61,910,54,2014-03-14T08:05:00,10,3811103,158805
OK,52,63,910,52,2014-03-14T08:10:00,9,3811552,158805
OK,44,75,910,44,2014-03-14T08:15:00,3,3812001,158805
OK,64,51,910,64,2014-03-14T08:20:00,2,3812450,158805
OK,50,66,910,50,2014-03-14T08:25:00,6,3812899,158805
OK,51,64,910,51,2014-03-14T08:30:00,7,3813348,158805
OK,53,62,910,53,2014-03-14T08:35:00,6,3813797,158805
OK,53,62,910,53,2014-03-14T08:40:00,8,3814246,158805
OK,53,62,910,53,2014-03-14T08:45:00,11,3814695,158805
OK,58,57,910,58,2014-03-14T08:50:00,6,3815144,158805
OK,62,53,910,62,2014-03-14T08:55:00,9,3815593,158805
OK,62,53,910,62,2014-03-14T09:00:00,5,3816042,158805
OK,50,66,910,50,2014-03-14T09:05:00,4,3816491,158805
OK,50,66,910,50,2014-03-14T09:10:00,6,3816940,158805
OK,58,57,910,58,2014-03-14T09:15:00,7,3817389,158805
OK,51,64,910,51,2014-03-14T09:20:00,11,3817838,158805
OK,51,64,910,51,2014-03-14T09:25:00,9,3818287,158805
OK,62,53,910,62,2014-03-14T09:30:00,4,3818736,158805
OK,56,59,910,56,2014-03-14T09:35:00,5,3819185,158805
OK,59,56,910,59,2014-03-14T09:40:00,7,3819634,158805
OK,57,58,910,57,2014-03-14T09:45:00,15,3820083,158805
OK,57,58,910,57,2014-03-14T09:50:00,11,3820532,158805
OK,61,54,910,61,2014-03-14T09:55:00,8,3820981,158805
OK,55,60,910,55,2014-03-14T10:00:00,8,3821430,158805
OK,55,60,910,55,2014-03-14T10:05:00,5,3821879,158805
OK,68,48,910,68,2014-03-14T10:10:00,3,3822328,158805
OK,54,61,910,54,2014-03-14T10:15:00,4,3822777,158805
OK,56,59,910,56,2014-03-14T10:20:00,7,3823226,158805
OK,55,60,910,55,2014-03-14T10:25:00,7,3823675,158805
OK,51,64,910,51,2014-03-14T10:30:00,6,3824124,158805
OK,51,64,910,51,2014-03-14T10:35:00,6,3824573,158805
OK,56,59,910,56,2014-03-14T10:40:00,9,3825022,158805
OK,61,54,910,61,2014-03-14T10:45:00,13,3825471,158805
OK,51,64,910,51,2014-03-14T10:50:00,12,3825920,158805
OK,48,69,910,48,2014-03-14T10:55:00,8,3826369,158805
OK,53,62,910,53,2014-03-14T11:00:00,10,3826818,158805
OK,50,66,910,50,2014-03-14T11:05:00,10,3827267,158805
OK,60,55,910,60,2014-03-14T11:10:00,6,3827716,158805
OK,52,63,910,52,2014-03-14T11:15:00,15,3828165,158805
OK,50,66,910,50,2014-03-14T11:20:00,20,3828614,158805
OK,50,66,910,50,2014-03-14T11:25:00,13,3829063,158805
OK,50,66,910,50,2014-03-14T11:30:00,11,3829512,158805
OK,56,59,910,56,2014-03-14T11:35:00,10,3829961,158805
OK,53,62,910,53,2014-03-14T11:40:00,10,3830410,158805
OK,55,60,910,55,2014-03-14T11:45:00,11,3830859,158805
OK,55,60,910,55,2014-03-14T11:50:00,11,3831308,158805
OK,45,73,910,45,2014-03-14T11:55:00,11,3831757,158805
OK,44,75,910,44,2014-03-14T12:00:00,7,3832206,158805
OK,51,64,910,51,2014-03-14T12:05:00,8,3832655,158805
OK,50,66,910,50,2014-03-14T12:10:00,7,3833104,158805
OK,55,60,910,55,2014-03-14T12:15:00,15,3833553,158805
OK,53,62,910,53,2014-03-14T12:20:00,16,3834002,158805
OK,53,62,910,53,2014-03-14T12:25:00,13,3834451,158805
OK,63,52,910,63,2014-03-14T12:30:00,19,3834900,158805
OK,68,48,910,68,2014-03-14T12:35:00,23,3835349,158805
OK,63,52,910,63,2014-03-14T12:40:00,18,3835798,158805
OK,63,52,910,63,2014-03-14T12:45:00,13,3836247,158805
OK,55,60,910,55,2014-03-14T12:50:00,9,3836696,158805
OK,60,55,910,60,2014-03-14T12:55:00,4,3837145,158805
OK,63,52,910,63,2014-03-14T13:00:00,6,3837594,158805
OK,60,55,910,60,2014-03-14T13:05:00,9,3838043,158805
OK,50,66,910,50,2014-03-14T13:10:00,8,3838492,158805
OK,51,64,910,51,2014-03-14T13:15:00,11,3838941,158805
OK,54,61,910,54,2014-03-14T13:20:00,13,3839390,158805
OK,53,62,910,53,2014-03-14T13:25:00,8,3839839,158805
OK,59,56,910,59,2014-03-14T13:30:00,12,3840288,158805
OK,57,58,910,57,2014-03-14T13:35:00,17,3840737,158805
OK,57,58,910,57,2014-03-14T13:40:00,15,3841186,158805
OK,73,45,910,73,2014-03-14T13:45:00,12,3841635,158805
OK,67,49,910,67,2014-03-14T13:50:00,13,3842084,158805
OK,58,57,910,58,2014-03-14T13:55:00,11,3842533,158805
OK,68,48,910,68,2014-03-14T14:00:00,15,3842982,158805
OK,63,52,910,63,2014-03-14T14:05:00,19,3843431,158805
OK,63,52,910,63,2014-03-14T14:10:00,19,3843880,158805
OK,75,44,910,75,2014-03-14T14:15:00,19,3844329,158805
OK,71,46,910,71,2014-03-14T14:20:00,16,3844778,158805
OK,56,59,910,56,2014-03-14T14:25:00,12,3845227,158805
OK,89,37,910,89,2014-03-14T14:30:00,9,3845676,158805
OK,86,38,910,86,2014-03-14T14:35:00,13,3846125,158805
OK,69,48,910,69,2014-03-14T14:40:00,14,3846574,158805
OK,66,50,910,66,2014-03-14T14:45:00,9,3847023,158805
OK,64,51,910,64,2014-03-14T14:50:00,9,3847472,158805
OK,55,60,910,55,2014-03-14T14:55:00,8,3847921,158805
OK,54,61,910,54,2014-03-14T15:00:00,13,3848370,158805
OK,56,59,910,56,2014-03-14T15:05:00,15,3848819,158805
OK,59,56,910,59,2014-03-14T15:10:00,15,3849268,158805
OK,69,48,910,69,2014-03-14T15:15:00,15,3849717,158805
OK,64,51,910,64,2014-03-14T15:20:00,11,3850166,158805
OK,57,58,910,57,2014-03-14T15:25:00,7,3850615,158805
OK,50,66,910,50,2014-03-14T15:30:00,6,3851064,158805
OK,49,67,910,49,2014-03-14T15:35:00,9,3851513,158805
OK,50,66,910,50,2014-03-14T15:40:00,10,3851962,158805
OK,64,51,910,64,2014-03-14T15:45:00,5,3852411,158805
OK,38,87,910,38,2014-03-14T15:50:00,1,3852860,158805
OK,53,62,910,53,2014-03-14T15:55:00,3,3853309,158805
OK,59,56,910,59,2014-03-14T16:00:00,6,3853758,158805
OK,51,64,910,51,2014-03-14T16:05:00,6,3854207,158805
OK,60,55,910,60,2014-03-14T16:10:00,6,3854656,158805
OK,62,53,910,62,2014-03-14T16:15:00,6,3855105,158805
OK,55,60,910,55,2014-03-14T16:20:00,6,3855554,158805
OK,59,56,910,59,2014-03-14T16:25:00,9,3856003,158805
OK,73,45,910,73,2014-03-14T16:30:00,6,3856452,158805
OK,58,57,910,58,2014-03-14T16:35:00,3,3856901,158805
OK,60,55,910,60,2014-03-14T16:40:00,4,3857350,158805
OK,65,50,910,65,2014-03-14T16:45:00,4,3857799,158805
OK,75,44,910,75,2014-03-14T16:50:00,1,3858248,158805
OK,46,72,910,46,2014-03-14T16:55:00,2,3858697,158805
OK,54,61,910,54,2014-03-14T17:00:00,4,3859146,158805
OK,56,59,910,56,2014-03-14T17:05:00,2,3859595,158805
OK,48,69,910,48,2014-03-14T17:10:00,8,3860044,158805
OK,50,66,910,50,2014-03-14T17:15:00,7,3860493,158805
OK,58,57,910,58,2014-03-14T17:20:00,2,3860942,158805
OK,57,58,910,57,2014-03-14T17:25:00,9,3861391,158805
OK,54,61,910,54,2014-03-14T17:30:00,8,3861840,158805
OK,56,59,910,56,2014-03-14T17:35:00,1,3862289,158805
OK,53,62,910,53,2014-03-14T17:40:00,2,3862738,158805
OK,65,50,910,65,2014-03-14T17:45:00,1,3863187,158805
OK,66,50,910,66,2014-03-14T17:50:00,2,3863636,158805
OK,52,63,910,52,2014-03-14T17:55:00,3,3864085,158805
OK,48,69,910,48,2014-03-14T18:00:00,5,3864534,158805
OK,56,59,910,56,2014-03-14T18:05:00,4,3864983,158805
OK,42,78,910,42,2014-03-14T18:10:00,3,3865432,158805
OK,42,78,910,42,2014-03-14T18:15:00,3,3865881,158805
OK,47,70,910,47,2014-03-14T18:20:00,5,3866330,158805
OK,47,70,910,47,2014-03-14T18:25:00,5,3866779,158805
OK,68,48,910,68,2014-03-14T18:30:00,2,3867228,158805
OK,64,51,910,64,2014-03-14T18:35:00,1,3867677,158805
OK,73,45,910,73,2014-03-14T18:40:00,2,3868126,158805
OK,59,56,910,59,2014-03-14T18:45:00,4,3868575,158805
OK,59,56,910,59,2014-03-14T18:50:00,10,3869024,158805
OK,47,70,910,47,2014-03-14T18:55:00,4,3869473,158805
OK,42,78,910,42,2014-03-14T19:00:00,0,3869922,158805
OK,42,78,910,42,2014-03-14T19:05:00,0,3870371,158805
OK,53,62,910,53,2014-03-14T19:10:00,3,3870820,158805
OK,57,58,910,57,2014-03-14T19:15:00,4,3871269,158805
OK,61,54,910,61,2014-03-14T19:20:00,3,3871718,158805
OK,51,64,910,51,2014-03-14T19:25:00,1,3872167,158805
OK,59,56,910,59,2014-03-14T19:30:00,1,3872616,158805
OK,59,56,910,59,2014-03-14T19:35:00,0,3873065,158805
OK,59,56,910,59,2014-03-14T19:40:00,0,3873514,158805
OK,78,42,910,78,2014-03-14T19:45:00,1,3873963,158805
OK,68,48,910,68,2014-03-14T19:50:00,2,3874412,158805
OK,59,56,910,59,2014-03-14T19:55:00,1,3874861,158805
OK,38,87,910,38,2014-03-14T20:00:00,3,3875310,158805
OK,38,87,910,38,2014-03-14T20:05:00,4,3875759,158805
OK,45,73,910,45,2014-03-14T20:10:00,2,3876208,158805
OK,48,69,910,48,2014-03-14T20:15:00,1,3876657,158805
OK,48,69,910,48,2014-03-14T20:20:00,1,3877106,158805
OK,51,64,910,51,2014-03-14T20:25:00,1,3877555,158805
OK,52,63,910,52,2014-03-14T20:30:00,3,3878004,158805
OK,55,60,910,55,2014-03-14T20:35:00,4,3878453,158805
OK,59,56,910,59,2014-03-14T20:40:00,1,3878902,158805
OK,59,56,910,59,2014-03-14T20:45:00,0,3879351,158805
OK,59,56,910,59,2014-03-14T20:50:00,0,3879800,158805
OK,59,56,910,59,2014-03-14T20:55:00,0,3880249,158805
OK,48,69,910,48,2014-03-14T21:25:00,2,3882688,158805
OK,51,64,910,51,2014-03-14T23:00:00,0,3890161,158805
OK,51,64,910,51,2014-03-14T23:05:00,0,3890610,158805
OK,51,64,910,51,2014-03-14T23:15:00,0,3891508,158805
OK,51,64,910,51,2014-03-14T23:20:00,0,3891906,158805
OK,45,73,910,45,2014-03-14T23:25:00,1,3892355,158805
OK,63,52,910,63,2014-03-14T23:45:00,0,3894134,158805
OK,49,67,910,49,2014-03-15T00:25:00,0,3896951,158805
OK,49,67,910,49,2014-03-15T01:00:00,0,3899574,158805
OK,49,67,910,49,2014-03-15T01:15:00,0,3900523,158805
OK,49,67,910,49,2014-03-15T01:20:00,0,3900972,158805
OK,49,67,910,49,2014-03-15T01:25:00,0,3901421,158805
OK,49,67,910,49,2014-03-15T01:30:00,0,3901870,158805
OK,49,67,910,49,2014-03-15T01:35:00,0,3902319,158805
OK,49,67,910,49,2014-03-15T01:40:00,0,3902768,158805
OK,49,67,910,49,2014-03-15T01:45:00,0,3903217,158805
OK,49,67,910,49,2014-03-15T01:50:00,0,3903666,158805
OK,49,67,910,49,2014-03-15T01:55:00,0,3904114,158805
OK,49,67,910,49,2014-03-15T02:00:00,0,3904563,158805
OK,49,67,910,49,2014-03-15T02:05:00,0,3905012,158805
OK,49,67,910,49,2014-03-15T02:10:00,0,3905461,158805
OK,49,67,910,49,2014-03-15T02:15:00,0,3905910,158805
OK,49,67,910,49,2014-03-15T02:20:00,0,3906359,158805
OK,49,67,910,49,2014-03-15T02:25:00,0,3906808,158805
OK,39,84,910,39,2014-03-15T02:30:00,1,3907257,158805
OK,39,84,910,39,2014-03-15T02:35:00,0,3907706,158805
OK,39,84,910,39,2014-03-15T02:40:00,0,3908155,158805
OK,60,55,910,60,2014-03-15T02:45:00,1,3908604,158805
OK,45,73,910,45,2014-03-15T02:50:00,1,3909053,158805
OK,45,73,910,45,2014-03-15T02:55:00,0,3909502,158805
OK,45,73,910,45,2014-03-15T03:00:00,0,3909951,158805
OK,45,73,910,45,2014-03-15T03:05:00,0,3910400,158805
OK,45,73,910,45,2014-03-15T03:10:00,0,3910849,158805
OK,45,73,910,45,2014-03-15T03:15:00,0,3911298,158805
OK,45,73,910,45,2014-03-15T03:20:00,0,3911747,158805
OK,45,73,910,45,2014-03-15T03:25:00,0,3912196,158805
OK,45,73,910,45,2014-03-15T03:30:00,0,3912645,158805
OK,45,73,910,45,2014-03-15T03:35:00,0,3913094,158805
OK,45,73,910,45,2014-03-15T03:40:00,0,3913543,158805
OK,45,73,910,45,2014-03-15T03:45:00,0,3913992,158805
OK,45,73,910,45,2014-03-15T03:50:00,0,3914441,158805
OK,45,73,910,45,2014-03-15T03:55:00,0,3914890,158805
OK,45,73,910,45,2014-03-15T04:00:00,0,3915339,158805
OK,45,73,910,45,2014-03-15T04:05:00,0,3915788,158805
OK,45,73,910,45,2014-03-15T04:10:00,0,3916237,158805
OK,45,73,910,45,2014-03-15T04:15:00,0,3916686,158805
OK,45,73,910,45,2014-03-15T04:20:00,0,3917135,158805
OK,60,55,910,60,2014-03-15T04:25:00,1,3917584,158805
OK,60,55,910,60,2014-03-15T04:30:00,1,3918033,158805
OK,55,60,910,55,2014-03-15T04:35:00,1,3918482,158805
OK,55,60,910,55,2014-03-15T04:40:00,1,3918931,158805
OK,55,60,910,55,2014-03-15T04:45:00,0,3919380,158805
OK,55,60,910,55,2014-03-15T04:50:00,0,3919829,158805
OK,55,60,910,55,2014-03-15T04:55:00,0,3920278,158805
OK,40,82,910,40,2014-03-15T05:05:00,0,3921080,158805
OK,40,82,910,40,2014-03-15T05:10:00,0,3921529,158805
OK,40,82,910,40,2014-03-15T05:20:00,0,3922427,158805
OK,40,82,910,40,2014-03-15T05:25:00,0,3922876,158805
OK,40,82,910,40,2014-03-15T05:35:00,0,3923774,158805
OK,61,54,910,61,2014-03-15T06:15:00,0,3927162,158805
OK,61,54,910,61,2014-03-15T06:25:00,0,3928060,158805
OK,61,54,910,61,2014-03-15T06:35:00,0,3928958,158805
OK,49,67,910,49,2014-03-15T07:00:00,1,3931203,158805
OK,49,67,910,49,2014-03-15T07:05:00,0,3931652,158805
OK,71,46,910,71,2014-03-15T07:10:00,1,3932101,158805
OK,58,57,910,58,2014-03-15T07:15:00,2,3932550,158805
OK,46,72,910,46,2014-03-15T07:20:00,1,3932999,158805
OK,46,72,910,46,2014-03-15T07:25:00,0,3933448,158805
OK,51,64,910,51,2014-03-15T07:30:00,1,3933897,158805
OK,51,64,910,51,2014-03-15T07:35:00,1,3934346,158805
OK,58,57,910,58,2014-03-15T07:40:00,1,3934795,158805
OK,58,57,910,58,2014-03-15T07:45:00,1,3935244,158805
OK,58,57,910,58,2014-03-15T07:50:00,0,3935693,158805
OK,43,77,910,43,2014-03-15T07:55:00,1,3936142,158805
OK,43,77,910,43,2014-03-15T08:00:00,1,3936591,158805
OK,53,62,910,53,2014-03-15T08:05:00,1,3937040,158805
OK,49,67,910,49,2014-03-15T08:10:00,2,3937489,158805
OK,51,64,910,51,2014-03-15T08:15:00,3,3937938,158805
OK,53,62,910,53,2014-03-15T08:20:00,7,3938387,158805
OK,53,62,910,53,2014-03-15T08:25:00,3,3938836,158805
OK,43,77,910,43,2014-03-15T08:30:00,2,3939285,158805
OK,51,64,910,51,2014-03-15T08:35:00,3,3939734,158805
OK,53,62,910,53,2014-03-15T08:40:00,3,3940183,158805
OK,53,62,910,53,2014-03-15T08:45:00,4,3940632,158805
OK,54,61,910,54,2014-03-15T08:50:00,3,3941081,158805
OK,51,64,910,51,2014-03-15T08:55:00,2,3941530,158805
OK,56,59,910,56,2014-03-15T09:00:00,3,3941979,158805
OK,70,47,910,70,2014-03-15T09:05:00,3,3942428,158805
OK,44,75,910,44,2014-03-15T09:10:00,5,3942877,158805
OK,43,77,910,43,2014-03-15T09:15:00,4,3943326,158805
OK,47,70,910,47,2014-03-15T09:20:00,4,3943775,158805
OK,51,64,910,51,2014-03-15T09:25:00,2,3944224,158805
OK,48,69,910,48,2014-03-15T09:30:00,5,3944673,158805
OK,75,44,910,75,2014-03-15T09:35:00,3,3945122,158805
OK,62,53,910,62,2014-03-15T09:40:00,3,3945571,158805
OK,59,56,910,59,2014-03-15T09:45:00,6,3946020,158805
OK,59,56,910,59,2014-03-15T09:50:00,7,3946469,158805
OK,61,54,910,61,2014-03-15T09:55:00,4,3946918,158805
OK,51,64,910,51,2014-03-15T10:00:00,3,3947367,158805
OK,51,64,910,51,2014-03-15T10:05:00,3,3947816,158805
OK,60,55,910,60,2014-03-15T10:10:00,7,3948265,158805
OK,58,57,910,58,2014-03-15T10:15:00,6,3948714,158805
OK,49,67,910,49,2014-03-15T10:20:00,3,3949163,158805
OK,54,61,910,54,2014-03-15T10:25:00,4,3949612,158805
OK,60,55,910,60,2014-03-15T10:30:00,5,3950061,158805
OK,66,50,910,66,2014-03-15T10:35:00,3,3950510,158805
OK,55,60,910,55,2014-03-15T10:40:00,0,3950959,158805
OK,67,49,910,67,2014-03-15T10:45:00,3,3951408,158805
OK,67,49,910,67,2014-03-15T10:50:00,5,3951857,158805
OK,58,57,910,58,2014-03-15T10:55:00,6,3952306,158805
OK,62,53,910,62,2014-03-15T11:00:00,3,3952755,158805
OK,55,60,910,55,2014-03-15T11:05:00,4,3953204,158805
OK,48,69,910,48,2014-03-15T11:10:00,5,3953653,158805
OK,53,62,910,53,2014-03-15T11:15:00,4,3954102,158805
OK,55,60,910,55,2014-03-15T11:20:00,6,3954551,158805
OK,51,64,910,51,2014-03-15T11:25:00,2,3955000,158805
OK,52,63,910,52,2014-03-15T11:30:00,5,3955449,158805
OK,61,54,910,61,2014-03-15T11:35:00,7,3955898,158805
OK,51,64,910,51,2014-03-15T11:40:00,6,3956347,158805
OK,45,73,910,45,2014-03-15T11:45:00,4,3956796,158805
OK,49,67,910,49,2014-03-15T11:50:00,4,3957245,158805
OK,51,64,910,51,2014-03-15T11:55:00,4,3957694,158805
OK,51,64,910,51,2014-03-15T12:00:00,4,3958143,158805
OK,63,52,910,63,2014-03-15T12:05:00,7,3958592,158805
OK,56,59,910,56,2014-03-15T12:10:00,11,3959041,158805
OK,48,69,910,48,2014-03-15T12:15:00,9,3959490,158805
OK,48,69,910,48,2014-03-15T12:20:00,7,3959939,158805
OK,61,54,910,61,2014-03-15T12:25:00,3,3960388,158805
OK,53,62,910,53,2014-03-15T12:30:00,3,3960837,158805
OK,49,67,910,49,2014-03-15T12:35:00,3,3961286,158805
OK,43,77,910,43,2014-03-15T12:40:00,2,3961735,158805
OK,58,57,910,58,2014-03-15T12:45:00,3,3962184,158805
OK,57,58,910,57,2014-03-15T12:50:00,5,3962633,158805
OK,48,69,910,48,2014-03-15T12:55:00,8,3963082,158805
OK,49,67,910,49,2014-03-15T13:00:00,10,3963531,158805
OK,54,61,910,54,2014-03-15T13:05:00,5,3963980,158805
OK,75,44,910,75,2014-03-15T13:10:00,1,3964429,158805
OK,57,58,910,57,2014-03-15T13:15:00,8,3964878,158805
OK,56,59,910,56,2014-03-15T13:20:00,11,3965327,158805
OK,57,58,910,57,2014-03-15T13:25:00,5,3965776,158805
OK,57,58,910,57,2014-03-15T13:30:00,4,3966225,158805
OK,51,64,910,51,2014-03-15T13:35:00,1,3966674,158805
OK,62,53,910,62,2014-03-15T13:40:00,3,3967123,158805
OK,65,50,910,65,2014-03-15T13:45:00,6,3967572,158805
OK,56,59,910,56,2014-03-15T13:50:00,4,3968021,158805
OK,63,52,910,63,2014-03-15T13:55:00,4,3968470,158805
OK,62,53,910,62,2014-03-15T14:00:00,4,3968919,158805
OK,69,48,910,69,2014-03-15T14:05:00,5,3969368,158805
OK,51,64,910,51,2014-03-15T14:10:00,7,3969817,158805
OK,53,62,910,53,2014-03-15T14:15:00,10,3970266,158805
OK,55,60,910,55,2014-03-15T14:20:00,7,3970715,158805
OK,48,69,910,48,2014-03-15T14:25:00,2,3971164,158805
OK,49,67,910,49,2014-03-15T14:30:00,4,3971613,158805
OK,53,62,910,53,2014-03-15T14:35:00,8,3972062,158805
OK,52,63,910,52,2014-03-15T14:40:00,8,3972511,158805
OK,49,67,910,49,2014-03-15T14:45:00,5,3972960,158805
OK,52,63,910,52,2014-03-15T14:50:00,4,3973409,158805
OK,66,50,910,66,2014-03-15T14:55:00,5,3973858,158805
OK,59,56,910,59,2014-03-15T15:00:00,8,3974307,158805
OK,48,69,910,48,2014-03-15T15:05:00,5,3974756,158805
OK,48,69,910,48,2014-03-15T15:10:00,3,3975205,158805
OK,46,72,910,46,2014-03-15T15:15:00,2,3975654,158805
OK,49,67,910,49,2014-03-15T15:20:00,3,3976103,158805
OK,64,51,910,64,2014-03-15T15:25:00,4,3976552,158805
OK,79,41,910,79,2014-03-15T15:30:00,1,3977001,158805
OK,32,103,910,32,2014-03-15T15:35:00,1,3977450,158805
OK,54,61,910,54,2014-03-15T15:40:00,4,3977899,158805
OK,54,61,910,54,2014-03-15T15:45:00,9,3978348,158805
OK,52,63,910,52,2014-03-15T15:50:00,9,3978797,158805
OK,50,66,910,50,2014-03-15T15:55:00,4,3979246,158805
OK,52,63,910,52,2014-03-15T16:00:00,4,3979695,158805
OK,54,61,910,54,2014-03-15T16:05:00,5,3980144,158805
OK,51,64,910,51,2014-03-15T16:10:00,6,3980593,158805
OK,46,72,910,46,2014-03-15T16:15:00,3,3981042,158805
OK,49,67,910,49,2014-03-15T16:20:00,5,3981491,158805
OK,57,58,910,57,2014-03-15T16:25:00,7,3981940,158805
OK,51,64,910,51,2014-03-15T16:30:00,6,3982389,158805
OK,50,66,910,50,2014-03-15T16:35:00,5,3982838,158805
OK,72,46,910,72,2014-03-15T16:40:00,2,3983287,158805
OK,73,45,910,73,2014-03-15T16:45:00,1,3983736,158805
OK,53,62,910,53,2014-03-15T16:50:00,4,3984185,158805
OK,48,69,910,48,2014-03-15T16:55:00,4,3984634,158805
OK,52,63,910,52,2014-03-15T17:00:00,5,3985083,158805
OK,57,58,910,57,2014-03-15T17:05:00,7,3985532,158805
OK,58,57,910,58,2014-03-15T17:10:00,4,3985981,158805
OK,57,58,910,57,2014-03-15T17:15:00,4,3986430,158805
OK,54,61,910,54,2014-03-15T17:20:00,6,3986879,158805
OK,50,66,910,50,2014-03-15T17:25:00,5,3987328,158805
OK,50,66,910,50,2014-03-15T17:30:00,4,3987777,158805
OK,41,80,910,41,2014-03-15T17:35:00,1,3988226,158805
OK,57,58,910,57,2014-03-15T17:40:00,1,3988675,158805
OK,57,58,910,57,2014-03-15T17:45:00,0,3989124,158805
OK,68,48,910,68,2014-03-15T17:50:00,2,3989573,158805
OK,70,47,910,70,2014-03-15T17:55:00,3,3990022,158805
OK,73,45,910,73,2014-03-15T18:00:00,0,3990471,158805
OK,57,58,910,57,2014-03-15T18:05:00,2,3990920,158805
OK,50,66,910,50,2014-03-15T18:10:00,3,3991369,158805
OK,52,63,910,52,2014-03-15T18:15:00,2,3991818,158805
OK,52,63,910,52,2014-03-15T18:20:00,3,3992267,158805
OK,69,48,910,69,2014-03-15T18:25:00,2,3992716,158805
OK,82,40,910,82,2014-03-15T18:30:00,1,3993165,158805
OK,38,87,910,38,2014-03-15T18:35:00,1,3993614,158805
OK,38,87,910,38,2014-03-15T18:40:00,0,3994063,158805
OK,38,87,910,38,2014-03-15T18:45:00,0,3994512,158805
OK,38,87,910,38,2014-03-15T18:50:00,0,3994961,158805
OK,59,56,910,59,2014-03-15T18:55:00,1,3995410,158805
OK,59,56,910,59,2014-03-15T19:00:00,0,3995859,158805
OK,59,56,910,59,2014-03-15T19:05:00,0,3996308,158805
OK,65,50,910,65,2014-03-15T19:10:00,1,3996757,158805
OK,65,50,910,65,2014-03-15T19:15:00,1,3997206,158805
OK,39,84,910,39,2014-03-15T19:20:00,1,3997655,158805
OK,48,69,910,48,2014-03-15T19:25:00,3,3998104,158805
OK,50,66,910,50,2014-03-15T19:30:00,2,3998553,158805
OK,50,66,910,50,2014-03-15T19:35:00,0,3999002,158805
OK,50,66,910,50,2014-03-15T19:40:00,0,3999451,158805
OK,50,66,910,50,2014-03-15T19:45:00,0,3999900,158805
OK,50,66,910,50,2014-03-15T19:50:00,0,4000349,158805
OK,41,80,910,41,2014-03-15T19:55:00,1,4000798,158805
OK,49,67,910,49,2014-03-15T20:00:00,2,4001247,158805
OK,57,58,910,57,2014-03-15T20:05:00,1,4001696,158805
OK,57,58,910,57,2014-03-15T20:10:00,0,4002145,158805
OK,57,58,910,57,2014-03-15T20:15:00,0,4002594,158805
OK,31,106,910,31,2014-03-15T20:20:00,3,4003043,158805
OK,72,46,910,72,2014-03-15T20:25:00,3,4003492,158805
OK,58,57,910,58,2014-03-15T20:30:00,4,4003941,158805
OK,56,59,910,56,2014-03-15T20:35:00,5,4004390,158805
OK,55,60,910,55,2014-03-15T20:40:00,5,4004839,158805
OK,59,56,910,59,2014-03-15T20:45:00,4,4005288,158805
OK,55,60,910,55,2014-03-15T20:50:00,2,4005737,158805
OK,66,50,910,66,2014-03-15T20:55:00,0,4006186,158805
OK,72,46,910,72,2014-03-15T21:00:00,1,4006635,158805
OK,72,46,910,72,2014-03-15T21:05:00,1,4007084,158805
OK,51,64,910,51,2014-03-15T21:10:00,1,4007533,158805
OK,77,43,910,77,2014-03-15T21:15:00,1,4007982,158805
OK,52,63,910,52,2014-03-15T21:20:00,2,4008431,158805
OK,51,64,910,51,2014-03-15T21:25:00,3,4008880,158805
OK,51,64,910,51,2014-03-15T21:30:00,1,4009329,158805
OK,54,61,910,54,2014-03-15T21:35:00,1,4009778,158805
OK,54,61,910,54,2014-03-15T21:40:00,0,4010227,158805
OK,54,61,910,54,2014-03-15T21:45:00,0,4010676,158805
OK,51,64,910,51,2014-03-15T21:50:00,1,4011125,158805
OK,49,67,910,49,2014-03-15T21:55:00,2,4011574,158805
OK,47,70,910,47,2014-03-15T22:00:00,1,4012023,158805
OK,47,70,910,47,2014-03-15T22:05:00,0,4012472,158805
OK,47,70,910,47,2014-03-15T22:10:00,0,4012921,158805
OK,47,70,910,47,2014-03-15T22:15:00,0,4013370,158805
OK,47,70,910,47,2014-03-15T22:20:00,0,4013819,158805
OK,47,70,910,47,2014-03-15T22:25:00,0,4014268,158805
OK,47,70,910,47,2014-03-15T22:30:00,0,4014717,158805
OK,73,45,910,73,2014-03-15T22:35:00,1,4015166,158805
OK,73,45,910,73,2014-03-15T22:40:00,0,4015615,158805
OK,73,45,910,73,2014-03-15T22:45:00,0,4016064,158805
OK,73,45,910,73,2014-03-15T22:50:00,0,4016513,158805
OK,73,45,910,73,2014-03-15T22:55:00,0,4016962,158805
OK,73,45,910,73,2014-03-15T23:00:00,0,4017411,158805
OK,73,45,910,73,2014-03-15T23:05:00,0,4017860,158805
OK,73,45,910,73,2014-03-15T23:10:00,0,4018309,158805
OK,45,73,910,45,2014-03-15T23:15:00,1,4018758,158805
OK,45,73,910,45,2014-03-15T23:20:00,1,4019207,158805
OK,55,60,910,55,2014-03-15T23:25:00,1,4019656,158805
OK,55,60,910,55,2014-03-15T23:30:00,1,4020105,158805
OK,49,67,910,49,2014-03-15T23:35:00,1,4020554,158805
OK,45,73,910,45,2014-03-15T23:40:00,2,4021003,158805
OK,42,78,910,42,2014-03-15T23:45:00,2,4021452,158805
OK,43,77,910,43,2014-03-15T23:50:00,1,4021901,158805
OK,43,77,910,43,2014-03-15T23:55:00,0,4022350,158805
OK,43,77,910,43,2014-03-16T00:00:00,0,4022799,158805
OK,46,72,910,46,2014-03-16T00:25:00,0,4024471,158805
OK,57,58,910,57,2014-03-16T00:30:00,1,4024920,158805
OK,57,58,910,57,2014-03-16T00:35:00,0,4025369,158805
OK,57,58,910,57,2014-03-16T00:40:00,0,4025818,158805
OK,49,67,910,49,2014-03-16T00:45:00,1,4026267,158805
OK,49,67,910,49,2014-03-16T00:50:00,1,4026716,158805
OK,49,67,910,49,2014-03-16T00:55:00,0,4027165,158805
OK,49,67,910,49,2014-03-16T01:00:00,0,4027614,158805
OK,24,138,910,24,2014-03-16T01:05:00,1,4028063,158805
OK,56,59,910,56,2014-03-16T01:10:00,1,4028512,158805
OK,56,59,910,56,2014-03-16T01:15:00,0,4028961,158805
OK,56,59,910,56,2014-03-16T01:20:00,0,4029410,158805
OK,45,73,910,45,2014-03-16T01:25:00,1,4029859,158805
OK,45,73,910,45,2014-03-16T01:30:00,0,4030308,158805
OK,45,73,910,45,2014-03-16T01:35:00,0,4030757,158805
OK,45,73,910,45,2014-03-16T01:40:00,0,4031206,158805
OK,45,73,910,45,2014-03-16T01:45:00,0,4031655,158805
OK,41,80,910,41,2014-03-16T01:50:00,1,4032104,158805
OK,38,87,910,38,2014-03-16T01:55:00,1,4032553,158805
OK,39,84,910,39,2014-03-16T02:00:00,2,4033002,158805
OK,39,84,910,39,2014-03-16T02:05:00,0,4033451,158805
OK,48,69,910,48,2014-03-16T02:10:00,1,4033900,158805
OK,48,69,910,48,2014-03-16T02:15:00,1,4034349,158805
OK,30,110,910,30,2014-03-16T02:20:00,1,4034798,158805
OK,30,110,910,30,2014-03-16T02:25:00,0,4035247,158805
OK,30,110,910,30,2014-03-16T02:30:00,0,4035696,158805
OK,30,110,910,30,2014-03-16T02:35:00,0,4036145,158805
OK,40,82,910,40,2014-03-16T02:40:00,1,4036594,158805
OK,45,73,910,45,2014-03-16T02:45:00,2,4037043,158805
OK,52,63,910,52,2014-03-16T02:50:00,1,4037492,158805
OK,42,78,910,42,2014-03-16T02:55:00,2,4037941,158805
OK,43,77,910,43,2014-03-16T03:00:00,1,4038390,158805
OK,43,77,910,43,2014-03-16T03:05:00,1,4038839,158805
OK,43,77,910,43,2014-03-16T03:10:00,0,4039288,158805
OK,43,77,910,43,2014-03-16T03:15:00,0,4039737,158805
OK,43,77,910,43,2014-03-16T03:20:00,0,4040186,158805
OK,43,77,910,43,2014-03-16T03:25:00,0,4040635,158805
OK,43,77,910,43,2014-03-16T03:30:00,0,4041084,158805
OK,43,77,910,43,2014-03-16T03:35:00,0,4041533,158805
OK,43,77,910,43,2014-03-16T03:40:00,0,4041982,158805
OK,43,77,910,43,2014-03-16T03:45:00,0,4042431,158805
OK,43,77,910,43,2014-03-16T03:50:00,0,4042880,158805
OK,43,77,910,43,2014-03-16T03:55:00,0,4043329,158805
OK,43,77,910,43,2014-03-16T04:00:00,0,4043778,158805
OK,43,77,910,43,2014-03-16T04:05:00,0,4044227,158805
OK,43,77,910,43,2014-03-16T04:10:00,0,4044676,158805
OK,43,77,910,43,2014-03-16T04:15:00,0,4045125,158805
OK,43,77,910,43,2014-03-16T04:20:00,0,4045574,158805
OK,43,77,910,43,2014-03-16T04:25:00,0,4046023,158805
OK,43,77,910,43,2014-03-16T04:30:00,0,4046472,158805
OK,43,77,910,43,2014-03-16T04:35:00,0,4046921,158805
OK,43,77,910,43,2014-03-16T04:40:00,0,4047370,158805
OK,43,77,910,43,2014-03-16T04:45:00,0,4047819,158805
OK,43,77,910,43,2014-03-16T04:50:00,0,4048268,158805
OK,43,77,910,43,2014-03-16T04:55:00,0,4048717,158805
OK,43,77,910,43,2014-03-16T05:00:00,0,4049166,158805
OK,43,77,910,43,2014-03-16T05:05:00,0,4049615,158805
OK,43,77,910,43,2014-03-16T05:10:00,0,4050064,158805
OK,43,77,910,43,2014-03-16T05:15:00,0,4050513,158805
OK,43,77,910,43,2014-03-16T05:20:00,0,4050962,158805
OK,43,77,910,43,2014-03-16T05:25:00,0,4051411,158805
OK,43,77,910,43,2014-03-16T05:40:00,0,4052758,158805
OK,43,77,910,43,2014-03-16T05:45:00,0,4053162,158805
OK,43,77,910,43,2014-03-16T05:55:00,0,4054060,158805
OK,43,77,910,43,2014-03-16T06:05:00,0,4054840,158805
OK,43,77,910,43,2014-03-16T06:10:00,0,4055289,158805
OK,43,77,910,43,2014-03-16T06:25:00,0,4056396,158805
OK,43,77,910,43,2014-03-16T06:30:00,0,4056845,158805
OK,59,56,910,59,2014-03-16T06:45:00,0,4058192,158805
OK,59,56,910,59,2014-03-16T06:50:00,0,4058641,158805
OK,59,56,910,59,2014-03-16T07:00:00,0,4059535,158805
OK,40,82,910,40,2014-03-16T07:05:00,1,4059984,158805
OK,40,82,910,40,2014-03-16T07:10:00,0,4060433,158805
OK,40,82,910,40,2014-03-16T07:15:00,0,4060882,158805
OK,40,82,910,40,2014-03-16T07:20:00,0,4061331,158805
OK,61,54,910,61,2014-03-16T07:25:00,1,4061780,158805
OK,58,57,910,58,2014-03-16T07:30:00,2,4062229,158805
OK,55,60,910,55,2014-03-16T07:35:00,0,4062678,158805
OK,55,60,910,55,2014-03-16T07:40:00,0,4063127,158805
OK,55,60,910,55,2014-03-16T07:45:00,0,4063576,158805
OK,55,60,910,55,2014-03-16T07:50:00,0,4064025,158805
OK,51,64,910,51,2014-03-16T07:55:00,1,4064474,158805
OK,50,66,910,50,2014-03-16T08:00:00,3,4064923,158805
OK,50,66,910,50,2014-03-16T08:05:00,1,4065372,158805
OK,44,75,910,44,2014-03-16T08:10:00,1,4065821,158805
OK,44,75,910,44,2014-03-16T08:15:00,1,4066270,158805
OK,44,75,910,44,2014-03-16T08:20:00,0,4066719,158805
OK,56,59,910,56,2014-03-16T08:25:00,2,4067168,158805
OK,56,59,910,56,2014-03-16T08:30:00,2,4067617,158805
OK,61,54,910,61,2014-03-16T08:35:00,0,4068066,158805
OK,61,54,910,61,2014-03-16T08:40:00,0,4068515,158805
OK,61,54,910,61,2014-03-16T08:45:00,0,4068964,158805
OK,50,66,910,50,2014-03-16T08:50:00,1,4069413,158805
OK,64,51,910,64,2014-03-16T08:55:00,1,4069862,158805
OK,64,51,910,64,2014-03-16T09:00:00,1,4070311,158805
OK,54,61,910,54,2014-03-16T09:05:00,1,4070760,158805
OK,55,60,910,55,2014-03-16T09:10:00,2,4071209,158805
OK,57,58,910,57,2014-03-16T09:15:00,1,4071658,158805
OK,57,58,910,57,2014-03-16T09:20:00,4,4072107,158805
OK,56,59,910,56,2014-03-16T09:25:00,3,4072556,158805
OK,54,61,910,54,2014-03-16T09:30:00,1,4073005,158805
OK,54,61,910,54,2014-03-16T09:35:00,1,4073454,158805
OK,40,82,910,40,2014-03-16T09:40:00,1,4073903,158805
OK,40,82,910,40,2014-03-16T09:45:00,1,4074352,158805
OK,69,48,910,69,2014-03-16T09:50:00,1,4074801,158805
OK,58,57,910,58,2014-03-16T09:55:00,4,4075250,158805
OK,58,57,910,58,2014-03-16T10:00:00,4,4075699,158805
OK,69,48,910,69,2014-03-16T10:05:00,1,4076148,158805
OK,40,82,910,40,2014-03-16T10:10:00,1,4076597,158805
OK,40,82,910,40,2014-03-16T10:15:00,3,4077046,158805
OK,57,58,910,57,2014-03-16T10:20:00,5,4077495,158805
OK,63,52,910,63,2014-03-16T10:25:00,3,4077944,158805
OK,47,70,910,47,2014-03-16T10:30:00,3,4078393,158805
OK,50,66,910,50,2014-03-16T10:35:00,1,4078842,158805
OK,44,75,910,44,2014-03-16T10:40:00,2,4079291,158805
OK,44,75,910,44,2014-03-16T10:45:00,2,4079740,158805
OK,50,66,910,50,2014-03-16T10:50:00,0,4080189,158805
OK,77,43,910,77,2014-03-16T10:55:00,3,4080638,158805
OK,73,45,910,73,2014-03-16T11:00:00,4,4081087,158805
OK,45,73,910,45,2014-03-16T11:05:00,4,4081536,158805
OK,49,67,910,49,2014-03-16T11:10:00,6,4081985,158805
OK,60,55,910,60,2014-03-16T11:15:00,6,4082434,158805
OK,59,56,910,59,2014-03-16T11:20:00,7,4082883,158805
OK,69,48,910,69,2014-03-16T11:25:00,7,4083332,158805
OK,53,62,910,53,2014-03-16T11:30:00,7,4083781,158805
OK,51,64,910,51,2014-03-16T11:35:00,6,4084230,158805
OK,62,53,910,62,2014-03-16T11:40:00,4,4084679,158805
OK,46,72,910,46,2014-03-16T11:45:00,7,4085128,158805
OK,45,73,910,45,2014-03-16T11:50:00,8,4085577,158805
OK,49,67,910,49,2014-03-16T11:55:00,7,4086026,158805
OK,51,64,910,51,2014-03-16T12:00:00,5,4086475,158805
OK,60,55,910,60,2014-03-16T12:05:00,4,4086924,158805
OK,50,66,910,50,2014-03-16T12:10:00,6,4087373,158805
OK,48,69,910,48,2014-03-16T12:15:00,6,4087822,158805
OK,49,67,910,49,2014-03-16T12:20:00,5,4088271,158805
OK,53,62,910,53,2014-03-16T12:25:00,7,4088720,158805
OK,45,73,910,45,2014-03-16T12:30:00,7,4089169,158805
OK,48,69,910,48,2014-03-16T12:35:00,5,4089618,158805
OK,64,51,910,64,2014-03-16T12:40:00,5,4090067,158805
OK,67,49,910,67,2014-03-16T12:45:00,5,4090516,158805
OK,51,64,910,51,2014-03-16T12:50:00,4,4090965,158805
OK,53,62,910,53,2014-03-16T12:55:00,7,4091414,158805
OK,56,59,910,56,2014-03-16T13:00:00,9,4091863,158805
OK,55,60,910,55,2014-03-16T13:05:00,4,4092312,158805
OK,56,59,910,56,2014-03-16T13:10:00,2,4092761,158805
OK,66,50,910,66,2014-03-16T13:15:00,3,4093210,158805
OK,48,69,910,48,2014-03-16T13:20:00,5,4093659,158805
OK,64,51,910,64,2014-03-16T13:25:00,5,4094108,158805
OK,58,57,910,58,2014-03-16T13:30:00,6,4094557,158805
OK,49,67,910,49,2014-03-16T13:35:00,4,4095006,158805
OK,54,61,910,54,2014-03-16T13:40:00,7,4095455,158805
OK,58,57,910,58,2014-03-16T13:45:00,9,4095904,158805
OK,57,58,910,57,2014-03-16T13:50:00,8,4096353,158805
OK,65,50,910,65,2014-03-16T13:55:00,4,4096802,158805
OK,57,58,910,57,2014-03-16T14:00:00,4,4097251,158805
OK,54,61,910,54,2014-03-16T14:05:00,7,4097700,158805
OK,59,56,910,59,2014-03-16T14:10:00,4,4098149,158805
OK,48,69,910,48,2014-03-16T14:15:00,4,4098598,158805
OK,49,67,910,49,2014-03-16T14:20:00,5,4099047,158805
OK,61,54,910,61,2014-03-16T14:25:00,4,4099496,158805
OK,55,60,910,55,2014-03-16T14:30:00,4,4099945,158805
OK,49,67,910,49,2014-03-16T14:35:00,4,4100394,158805
OK,48,69,910,48,2014-03-16T14:40:00,4,4100843,158805
OK,57,58,910,57,2014-03-16T14:45:00,3,4101292,158805
OK,48,69,910,48,2014-03-16T14:50:00,8,4101741,158805
OK,48,69,910,48,2014-03-16T14:55:00,7,4102190,158805
OK,71,46,910,71,2014-03-16T15:00:00,3,4102639,158805
OK,69,48,910,69,2014-03-16T15:05:00,4,4103088,158805
OK,63,52,910,63,2014-03-16T15:10:00,4,4103537,158805
OK,46,72,910,46,2014-03-16T15:15:00,2,4103986,158805
OK,50,66,910,50,2014-03-16T15:20:00,3,4104435,158805
OK,41,80,910,41,2014-03-16T15:25:00,1,4104884,158805
OK,50,66,910,50,2014-03-16T15:30:00,3,4105332,158805
OK,52,63,910,52,2014-03-16T15:35:00,8,4105781,158805
OK,59,56,910,59,2014-03-16T15:40:00,8,4106230,158805
OK,63,52,910,63,2014-03-16T15:45:00,6,4106679,158805
OK,66,50,910,66,2014-03-16T15:50:00,6,4107128,158805
OK,51,64,910,51,2014-03-16T15:55:00,8,4107577,158805
OK,53,62,910,53,2014-03-16T16:00:00,9,4108026,158805
OK,59,56,910,59,2014-03-16T16:05:00,5,4108475,158805
OK,59,56,910,59,2014-03-16T16:10:00,1,4108924,158805
OK,64,51,910,64,2014-03-16T16:15:00,2,4109373,158805
OK,51,64,910,51,2014-03-16T16:20:00,4,4109822,158805
OK,49,67,910,49,2014-03-16T16:25:00,6,4110271,158805
OK,55,60,910,55,2014-03-16T16:30:00,5,4110720,158805
OK,57,58,910,57,2014-03-16T16:35:00,1,4111169,158805
OK,75,44,910,75,2014-03-16T16:40:00,2,4111618,158805
OK,66,50,910,66,2014-03-16T16:45:00,3,4112067,158805
OK,66,50,910,66,2014-03-16T16:50:00,3,4112516,158805
OK,52,63,910,52,2014-03-16T16:55:00,3,4112965,158805
OK,45,73,910,45,2014-03-16T17:00:00,4,4113414,158805
OK,69,48,910,69,2014-03-16T17:05:00,3,4113863,158805
OK,60,55,910,60,2014-03-16T17:10:00,2,4114312,158805
OK,45,73,910,45,2014-03-16T17:15:00,1,4114761,158805
OK,51,64,910,51,2014-03-16T17:20:00,5,4115210,158805
OK,51,64,910,51,2014-03-16T17:25:00,5,4115659,158805
OK,40,82,910,40,2014-03-16T17:30:00,1,4116108,158805
OK,54,61,910,54,2014-03-16T17:35:00,1,4116557,158805
OK,59,56,910,59,2014-03-16T17:40:00,2,4117006,158805
OK,65,50,910,65,2014-03-16T17:45:00,0,4117455,158805
OK,67,49,910,67,2014-03-16T17:50:00,3,4117904,158805
OK,74,44,910,74,2014-03-16T17:55:00,2,4118353,158805
OK,48,69,910,48,2014-03-16T18:00:00,3,4118802,158805
OK,52,63,910,52,2014-03-16T18:05:00,6,4119251,158805
OK,61,54,910,61,2014-03-16T18:10:00,5,4119700,158805
OK,51,64,910,51,2014-03-16T18:15:00,5,4120149,158805
OK,53,62,910,53,2014-03-16T18:20:00,4,4120598,158805
OK,33,100,910,33,2014-03-16T18:25:00,1,4121047,158805
OK,70,47,910,70,2014-03-16T18:30:00,1,4121496,158805
OK,76,43,910,76,2014-03-16T18:35:00,1,4121945,158805
OK,70,47,910,70,2014-03-16T18:40:00,1,4122394,158805
OK,70,47,910,70,2014-03-16T18:45:00,0,4122843,158805
OK,38,87,910,38,2014-03-16T18:50:00,2,4123292,158805
OK,49,67,910,49,2014-03-16T18:55:00,3,4123741,158805
OK,49,67,910,49,2014-03-16T19:00:00,0,4124190,158805
OK,71,46,910,71,2014-03-16T19:05:00,1,4124639,158805
OK,68,48,910,68,2014-03-16T19:10:00,1,4125088,158805
OK,68,48,910,68,2014-03-16T19:15:00,0,4125537,158805
OK,68,48,910,68,2014-03-16T19:20:00,0,4125986,158805
OK,68,48,910,68,2014-03-16T19:25:00,0,4126435,158805
OK,46,72,910,46,2014-03-16T19:30:00,1,4126884,158805
OK,87,38,910,87,2014-03-16T19:35:00,2,4127333,158805
OK,91,36,910,91,2014-03-16T19:40:00,2,4127782,158805
OK,49,67,910,49,2014-03-16T19:45:00,4,4128231,158805
OK,48,69,910,48,2014-03-16T19:50:00,5,4128680,158805
OK,47,70,910,47,2014-03-16T19:55:00,4,4129129,158805
OK,46,72,910,46,2014-03-16T20:00:00,1,4129578,158805
OK,46,72,910,46,2014-03-16T20:05:00,0,4130027,158805
OK,56,59,910,56,2014-03-16T20:10:00,1,4130476,158805
OK,56,59,910,56,2014-03-16T20:15:00,1,4130925,158805
OK,56,59,910,56,2014-03-16T20:20:00,0,4131374,158805
OK,42,78,910,42,2014-03-16T20:25:00,1,4131823,158805
OK,41,80,910,41,2014-03-16T20:30:00,2,4132272,158805
OK,41,80,910,41,2014-03-16T20:35:00,0,4132721,158805
OK,49,67,910,49,2014-03-16T20:40:00,1,4133170,158805
OK,46,72,910,46,2014-03-16T20:45:00,2,4133619,158805
OK,44,75,910,44,2014-03-16T20:50:00,3,4134068,158805
OK,63,52,910,63,2014-03-16T20:55:00,2,4134517,158805
OK,41,80,910,41,2014-03-16T21:00:00,0,4134965,158805
OK,41,80,910,41,2014-03-16T21:05:00,0,4135414,158805
OK,75,44,910,75,2014-03-16T21:10:00,1,4135863,158805
OK,84,39,910,84,2014-03-16T21:15:00,2,4136312,158805
OK,77,43,910,77,2014-03-16T21:20:00,2,4136761,158805
OK,58,57,910,58,2014-03-16T21:25:00,1,4137210,158805
OK,58,57,910,58,2014-03-16T21:30:00,0,4137659,158805
OK,58,57,910,58,2014-03-16T21:35:00,0,4138108,158805
OK,58,57,910,58,2014-03-16T21:40:00,0,4138557,158805
OK,59,56,910,59,2014-03-16T21:45:00,2,4139006,158805
OK,46,72,910,46,2014-03-16T21:50:00,1,4139455,158805
OK,46,72,910,46,2014-03-16T21:55:00,0,4139904,158805
OK,53,62,910,53,2014-03-16T22:00:00,2,4140353,158805
OK,47,70,910,47,2014-03-16T22:05:00,1,4140802,158805
OK,46,72,910,46,2014-03-16T22:10:00,2,4141251,158805
OK,46,72,910,46,2014-03-16T22:15:00,0,4141700,158805
OK,56,59,910,56,2014-03-16T22:20:00,2,4142149,158805
OK,56,59,910,56,2014-03-16T22:25:00,1,4142598,158805
OK,56,59,910,56,2014-03-16T22:30:00,0,4143047,158805
OK,56,59,910,56,2014-03-16T22:35:00,0,4143496,158805
OK,56,59,910,56,2014-03-16T22:40:00,0,4143945,158805
OK,56,59,910,56,2014-03-16T22:45:00,0,4144394,158805
OK,56,59,910,56,2014-03-16T22:50:00,0,4144843,158805
OK,56,59,910,56,2014-03-16T22:55:00,0,4145292,158805
OK,56,59,910,56,2014-03-16T23:00:00,0,4145741,158805
OK,56,59,910,56,2014-03-16T23:05:00,0,4146190,158805
OK,56,59,910,56,2014-03-16T23:10:00,0,4146639,158805
OK,56,59,910,56,2014-03-16T23:15:00,0,4147088,158805
OK,56,59,910,56,2014-03-16T23:20:00,0,4147537,158805
OK,56,59,910,56,2014-03-16T23:25:00,0,4147986,158805
OK,56,59,910,56,2014-03-16T23:30:00,0,4148435,158805
OK,56,59,910,56,2014-03-16T23:35:00,0,4148884,158805
OK,56,59,910,56,2014-03-16T23:40:00,0,4149333,158805
OK,56,59,910,56,2014-03-16T23:45:00,0,4149782,158805
OK,56,59,910,56,2014-03-16T23:50:00,0,4150231,158805
OK,56,59,910,56,2014-03-16T23:55:00,0,4150680,158805
OK,56,59,910,56,2014-03-17T00:00:00,0,4151129,158805
OK,56,59,910,56,2014-03-17T00:05:00,0,4151578,158805
OK,56,59,910,56,2014-03-17T00:10:00,0,4152027,158805
OK,56,59,910,56,2014-03-17T00:15:00,0,4152476,158805
OK,56,59,910,56,2014-03-17T00:20:00,0,4152925,158805
OK,56,59,910,56,2014-03-17T00:25:00,0,4153374,158805
OK,56,59,910,56,2014-03-17T00:30:00,0,4153823,158805
OK,56,59,910,56,2014-03-17T00:35:00,0,4154272,158805
OK,56,59,910,56,2014-03-17T00:40:00,0,4154721,158805
OK,56,59,910,56,2014-03-17T00:45:00,0,4155170,158805
OK,56,59,910,56,2014-03-17T00:50:00,0,4155619,158805
OK,56,59,910,56,2014-03-17T00:55:00,0,4156068,158805
OK,56,59,910,56,2014-03-17T01:00:00,0,4156517,158805
OK,56,59,910,56,2014-03-17T01:10:00,0,4157415,158805
OK,56,59,910,56,2014-03-17T01:15:00,0,4157864,158805
OK,56,59,910,56,2014-03-17T01:20:00,0,4158313,158805
OK,56,59,910,56,2014-03-17T01:25:00,0,4158762,158805
OK,56,59,910,56,2014-03-17T01:30:00,0,4159211,158805
OK,56,59,910,56,2014-03-17T01:35:00,0,4159660,158805
OK,56,59,910,56,2014-03-17T01:40:00,0,4160109,158805
OK,56,59,910,56,2014-03-17T01:45:00,0,4160558,158805
OK,56,59,910,56,2014-03-17T01:50:00,0,4161007,158805
OK,56,59,910,56,2014-03-17T01:55:00,0,4161456,158805
OK,56,59,910,56,2014-03-17T02:00:00,0,4161905,158805
OK,56,59,910,56,2014-03-17T02:05:00,0,4162354,158805
OK,56,59,910,56,2014-03-17T02:10:00,0,4162803,158805
OK,56,59,910,56,2014-03-17T02:15:00,0,4163252,158805
OK,56,59,910,56,2014-03-17T02:20:00,0,4163701,158805
OK,56,59,910,56,2014-03-17T02:25:00,0,4164150,158805
OK,56,59,910,56,2014-03-17T02:30:00,0,4164599,158805
OK,56,59,910,56,2014-03-17T02:35:00,0,4165048,158805
OK,56,59,910,56,2014-03-17T02:40:00,0,4165497,158805
OK,56,59,910,56,2014-03-17T02:45:00,0,4165946,158805
OK,56,59,910,56,2014-03-17T02:50:00,0,4166395,158805
OK,56,59,910,56,2014-03-17T02:55:00,0,4166844,158805
OK,56,59,910,56,2014-03-17T03:00:00,0,4167293,158805
OK,56,59,910,56,2014-03-17T03:05:00,0,4167742,158805
OK,56,59,910,56,2014-03-17T03:10:00,0,4168191,158805
OK,56,59,910,56,2014-03-17T03:15:00,0,4168640,158805
OK,56,59,910,56,2014-03-17T03:20:00,0,4169089,158805
OK,56,59,910,56,2014-03-17T03:25:00,0,4169538,158805
OK,56,59,910,56,2014-03-17T03:30:00,0,4169987,158805
OK,56,59,910,56,2014-03-17T03:35:00,0,4170436,158805
OK,56,59,910,56,2014-03-17T03:40:00,0,4170885,158805
OK,56,59,910,56,2014-03-17T03:45:00,0,4171334,158805
OK,56,59,910,56,2014-03-17T03:50:00,0,4171783,158805
OK,56,59,910,56,2014-03-17T03:55:00,0,4172232,158805
OK,56,59,910,56,2014-03-17T04:00:00,0,4172681,158805
OK,56,59,910,56,2014-03-17T04:05:00,0,4173130,158805
OK,56,59,910,56,2014-03-17T04:10:00,0,4173579,158805
OK,56,59,910,56,2014-03-17T04:15:00,0,4174028,158805
OK,56,59,910,56,2014-03-17T04:20:00,0,4174477,158805
OK,56,59,910,56,2014-03-17T04:25:00,0,4174926,158805
OK,56,59,910,56,2014-03-17T04:30:00,0,4175375,158805
OK,56,59,910,56,2014-03-17T04:35:00,0,4175824,158805
OK,56,59,910,56,2014-03-17T04:40:00,3,4176273,158805
OK,53,62,910,53,2014-03-17T04:45:00,2,4176722,158805
OK,50,66,910,50,2014-03-17T04:50:00,0,4177171,158805
OK,61,54,910,61,2014-03-17T04:55:00,1,4177620,158805
OK,62,53,910,62,2014-03-17T05:00:00,1,4178069,158805
OK,62,53,910,62,2014-03-17T05:05:00,1,4178518,158805
OK,39,84,910,39,2014-03-17T05:10:00,1,4178967,158805
OK,39,84,910,39,2014-03-17T05:15:00,3,4179416,158805
OK,46,72,910,46,2014-03-17T05:20:00,2,4179865,158805
OK,58,57,910,58,2014-03-17T05:25:00,1,4180314,158805
OK,58,57,910,58,2014-03-17T05:30:00,0,4180763,158805
OK,41,80,910,41,2014-03-17T05:35:00,1,4181212,158805
OK,43,77,910,43,2014-03-17T05:40:00,2,4181661,158805
OK,48,69,910,48,2014-03-17T05:45:00,2,4182110,158805
OK,51,64,910,51,2014-03-17T05:50:00,5,4182559,158805
OK,54,61,910,54,2014-03-17T05:55:00,5,4183008,158805
OK,53,62,910,53,2014-03-17T06:00:00,4,4183457,158805
OK,71,46,910,71,2014-03-17T06:05:00,6,4183906,158805
OK,53,62,910,53,2014-03-17T06:10:00,8,4184355,158805
OK,51,64,910,51,2014-03-17T06:15:00,8,4184804,158805
OK,50,66,910,50,2014-03-17T06:20:00,7,4185253,158805
OK,55,60,910,55,2014-03-17T06:25:00,4,4185702,158805
OK,66,50,910,66,2014-03-17T06:30:00,3,4186151,158805
OK,54,61,910,54,2014-03-17T06:35:00,6,4186600,158805
OK,49,67,910,49,2014-03-17T06:40:00,9,4187049,158805
OK,53,62,910,53,2014-03-17T06:45:00,7,4187498,158805
OK,60,55,910,60,2014-03-17T06:50:00,3,4187947,158805
OK,56,59,910,56,2014-03-17T06:55:00,5,4188396,158805
OK,60,55,910,60,2014-03-17T07:00:00,8,4188845,158805
OK,65,50,910,65,2014-03-17T07:05:00,10,4189294,158805
OK,60,55,910,60,2014-03-17T07:10:00,11,4189743,158805
OK,58,57,910,58,2014-03-17T07:15:00,9,4190192,158805
OK,58,57,910,58,2014-03-17T07:20:00,7,4190641,158805
OK,48,69,910,48,2014-03-17T07:25:00,4,4191090,158805
OK,53,62,910,53,2014-03-17T07:30:00,3,4191539,158805
OK,54,61,910,54,2014-03-17T07:35:00,7,4191988,158805
OK,54,61,910,54,2014-03-17T07:40:00,6,4192437,158805
OK,51,64,910,51,2014-03-17T07:45:00,5,4192886,158805
OK,53,62,910,53,2014-03-17T07:50:00,10,4193335,158805
OK,55,60,910,55,2014-03-17T07:55:00,7,4193784,158805
OK,51,64,910,51,2014-03-17T08:00:00,7,4194233,158805
OK,49,67,910,49,2014-03-17T08:05:00,10,4194682,158805
OK,45,73,910,45,2014-03-17T08:10:00,8,4195131,158805
OK,49,67,910,49,2014-03-17T08:15:00,6,4195580,158805
OK,53,62,910,53,2014-03-17T08:20:00,12,4196029,158805
OK,37,89,910,37,2014-03-17T08:25:00,3,4196478,158805
OK,50,66,910,50,2014-03-17T08:30:00,3,4196927,158805
OK,53,62,910,53,2014-03-17T08:35:00,2,4197376,158805
OK,59,56,910,59,2014-03-17T08:40:00,4,4197825,158805
OK,55,60,910,55,2014-03-17T08:45:00,6,4198274,158805
OK,55,60,910,55,2014-03-17T08:50:00,11,4198723,158805
OK,60,55,910,60,2014-03-17T08:55:00,9,4199172,158805
OK,51,64,910,51,2014-03-17T09:00:00,6,4199621,158805
OK,55,60,910,55,2014-03-17T09:05:00,10,4200070,158805
OK,55,60,910,55,2014-03-17T09:10:00,6,4200519,158805
OK,54,61,910,54,2014-03-17T09:15:00,4,4200968,158805
OK,54,61,910,54,2014-03-17T09:20:00,7,4201417,158805
OK,55,60,910,55,2014-03-17T09:25:00,11,4201866,158805
OK,57,58,910,57,2014-03-17T09:30:00,19,4202315,158805
OK,56,59,910,56,2014-03-17T09:35:00,14,4202764,158805
OK,53,62,910,53,2014-03-17T09:40:00,7,4203213,158805
OK,51,64,910,51,2014-03-17T09:45:00,5,4203662,158805
OK,51,64,910,51,2014-03-17T09:50:00,9,4204111,158805
OK,50,66,910,50,2014-03-17T09:55:00,6,4204560,158805
OK,52,63,910,52,2014-03-17T10:00:00,4,4205009,158805
OK,56,59,910,56,2014-03-17T10:05:00,7,4205458,158805
OK,58,57,910,58,2014-03-17T10:10:00,6,4205907,158805
OK,48,69,910,48,2014-03-17T10:15:00,11,4206356,158805
OK,48,69,910,48,2014-03-17T10:20:00,10,4206805,158805
OK,52,63,910,52,2014-03-17T10:25:00,2,4207254,158805
OK,57,58,910,57,2014-03-17T10:30:00,6,4207703,158805
OK,58,57,910,58,2014-03-17T10:35:00,9,4208152,158805
OK,49,67,910,49,2014-03-17T10:40:00,5,4208601,158805
OK,58,57,910,58,2014-03-17T10:45:00,8,4209050,158805
OK,50,66,910,50,2014-03-17T10:50:00,16,4209499,158805
OK,50,66,910,50,2014-03-17T10:55:00,12,4209948,158805
OK,60,55,910,60,2014-03-17T11:00:00,4,4210397,158805
OK,61,54,910,61,2014-03-17T11:05:00,2,4210846,158805
OK,54,61,910,54,2014-03-17T11:10:00,1,4211295,158805
OK,54,61,910,54,2014-03-17T11:15:00,7,4211744,158805
OK,58,57,910,58,2014-03-17T11:20:00,10,4212193,158805
OK,53,62,910,53,2014-03-17T11:25:00,6,4212642,158805
OK,51,64,910,51,2014-03-17T11:30:00,6,4213091,158805
OK,63,52,910,63,2014-03-17T11:35:00,9,4213540,158805
OK,62,53,910,62,2014-03-17T11:40:00,7,4213989,158805
OK,61,54,910,61,2014-03-17T11:45:00,4,4214438,158805
OK,62,53,910,62,2014-03-17T11:50:00,4,4214887,158805
OK,57,58,910,57,2014-03-17T11:55:00,5,4215336,158805
OK,55,60,910,55,2014-03-17T12:00:00,11,4215785,158805
OK,52,63,910,52,2014-03-17T12:05:00,12,4216234,158805
OK,52,63,910,52,2014-03-17T12:10:00,16,4216683,158805
OK,52,63,910,52,2014-03-17T12:15:00,8,4217132,158805
OK,53,62,910,53,2014-03-17T12:20:00,7,4217581,158805
OK,50,66,910,50,2014-03-17T12:25:00,7,4218030,158805
OK,51,64,910,51,2014-03-17T12:30:00,10,4218479,158805
OK,56,59,910,56,2014-03-17T12:35:00,7,4218928,158805
OK,54,61,910,54,2014-03-17T12:40:00,3,4219377,158805
OK,60,55,910,60,2014-03-17T12:45:00,11,4219826,158805
OK,50,66,910,50,2014-03-17T12:50:00,12,4220275,158805
OK,52,63,910,52,2014-03-17T12:55:00,7,4220724,158805
OK,57,58,910,57,2014-03-17T13:00:00,6,4221173,158805
OK,57,58,910,57,2014-03-17T13:05:00,10,4221622,158805
OK,53,62,910,53,2014-03-17T13:10:00,13,4222071,158805
OK,54,61,910,54,2014-03-17T13:15:00,19,4222520,158805
OK,61,54,910,61,2014-03-17T13:20:00,16,4222969,158805
OK,64,51,910,64,2014-03-17T13:25:00,13,4223418,158805
OK,56,59,910,56,2014-03-17T13:30:00,11,4223867,158805
OK,56,59,910,56,2014-03-17T13:35:00,13,4224316,158805
OK,57,58,910,57,2014-03-17T13:40:00,15,4224765,158805
OK,59,56,910,59,2014-03-17T13:45:00,15,4225214,158805
OK,55,60,910,55,2014-03-17T13:50:00,18,4225663,158805
OK,50,66,910,50,2014-03-17T13:55:00,14,4226112,158805
OK,51,64,910,51,2014-03-17T14:00:00,13,4226561,158805
OK,59,56,910,59,2014-03-17T14:05:00,15,4227010,158805
OK,58,57,910,58,2014-03-17T14:10:00,17,4227459,158805
OK,55,60,910,55,2014-03-17T14:15:00,22,4227908,158805
OK,55,60,910,55,2014-03-17T14:20:00,17,4228357,158805
OK,50,66,910,50,2014-03-17T14:25:00,7,4228806,158805
OK,55,60,910,55,2014-03-17T14:30:00,22,4229255,158805
OK,59,56,910,59,2014-03-17T14:35:00,18,4229704,158805
OK,53,62,910,53,2014-03-17T14:40:00,12,4230153,158805
OK,53,62,910,53,2014-03-17T14:45:00,19,4230602,158805
OK,54,61,910,54,2014-03-17T14:50:00,14,4231051,158805
OK,56,59,910,56,2014-03-17T14:55:00,14,4231500,158805
OK,54,61,910,54,2014-03-17T15:00:00,13,4231949,158805
OK,55,60,910,55,2014-03-17T15:05:00,8,4232398,158805
OK,60,55,910,60,2014-03-17T15:10:00,11,4232847,158805
OK,58,57,910,58,2014-03-17T15:15:00,18,4233296,158805
OK,58,57,910,58,2014-03-17T15:20:00,21,4233745,158805
OK,54,61,910,54,2014-03-17T15:25:00,19,4234194,158805
OK,51,64,910,51,2014-03-17T15:30:00,16,4234643,158805
OK,51,64,910,51,2014-03-17T15:35:00,11,4235092,158805
OK,53,62,910,53,2014-03-17T15:40:00,10,4235541,158805
OK,50,66,910,50,2014-03-17T15:45:00,11,4235990,158805
OK,50,66,910,50,2014-03-17T15:50:00,7,4236439,158805
OK,56,59,910,56,2014-03-17T15:55:00,3,4236888,158805
OK,52,63,910,52,2014-03-17T16:00:00,6,4237337,158805
OK,46,72,910,46,2014-03-17T16:05:00,10,4237786,158805
OK,46,72,910,46,2014-03-17T16:10:00,8,4238235,158805
OK,53,62,910,53,2014-03-17T16:15:00,5,4238684,158805
OK,53,62,910,53,2014-03-17T16:20:00,8,4239133,158805
OK,50,66,910,50,2014-03-17T16:25:00,6,4239582,158805
OK,47,70,910,47,2014-03-17T16:30:00,7,4240031,158805
OK,51,64,910,51,2014-03-17T16:35:00,7,4240480,158805
OK,63,52,910,63,2014-03-17T16:40:00,3,4240929,158805
OK,44,75,910,44,2014-03-17T16:45:00,5,4241378,158805
OK,42,78,910,42,2014-03-17T16:50:00,5,4241827,158805
OK,51,64,910,51,2014-03-17T16:55:00,3,4242276,158805
OK,48,69,910,48,2014-03-17T17:00:00,2,4242725,158805
OK,45,73,910,45,2014-03-17T17:05:00,2,4243174,158805
OK,51,64,910,51,2014-03-17T17:10:00,5,4243623,158805
OK,48,69,910,48,2014-03-17T17:15:00,4,4244072,158805
OK,56,59,910,56,2014-03-17T17:20:00,3,4244521,158805
OK,58,57,910,58,2014-03-17T17:25:00,3,4244970,158805
OK,39,84,910,39,2014-03-17T17:30:00,2,4245419,158805
OK,40,82,910,40,2014-03-17T17:35:00,3,4245868,158805
OK,52,63,910,52,2014-03-17T17:40:00,3,4246317,158805
OK,54,61,910,54,2014-03-17T17:45:00,3,4246766,158805
OK,54,61,910,54,2014-03-17T17:50:00,1,4247215,158805
OK,102,32,910,102,2014-03-17T17:55:00,1,4247664,158805
OK,102,32,910,102,2014-03-17T18:00:00,0,4248113,158805
OK,55,60,910,55,2014-03-17T18:05:00,1,4248562,158805
OK,53,62,910,53,2014-03-17T18:10:00,3,4249011,158805
OK,47,70,910,47,2014-03-17T18:15:00,6,4249460,158805
OK,51,64,910,51,2014-03-17T18:20:00,6,4249909,158805
OK,55,60,910,55,2014-03-17T18:25:00,0,4250358,158805
OK,55,60,910,55,2014-03-17T18:30:00,0,4250807,158805
OK,50,66,910,50,2014-03-17T18:35:00,4,4251256,158805
OK,46,72,910,46,2014-03-17T18:40:00,3,4251705,158805
OK,79,41,910,79,2014-03-17T18:45:00,2,4252154,158805
OK,79,41,910,79,2014-03-17T18:50:00,2,4252603,158805
OK,38,87,910,38,2014-03-17T18:55:00,1,4253052,158805
OK,46,72,910,46,2014-03-17T19:00:00,1,4253501,158805
OK,46,72,910,46,2014-03-17T19:05:00,0,4253950,158805
OK,67,49,910,67,2014-03-17T19:10:00,1,4254399,158805
OK,48,69,910,48,2014-03-17T19:15:00,2,4254848,158805
OK,48,69,910,48,2014-03-17T19:20:00,2,4255297,158805
OK,64,51,910,64,2014-03-17T19:25:00,1,4255746,158805
OK,64,51,910,64,2014-03-17T19:30:00,1,4256195,158805
OK,50,66,910,50,2014-03-17T19:35:00,1,4256644,158805
OK,48,69,910,48,2014-03-17T19:40:00,1,4257093,158805
OK,48,69,910,48,2014-03-17T19:45:00,0,4257542,158805
OK,50,66,910,50,2014-03-17T19:50:00,1,4257991,158805
OK,47,70,910,47,2014-03-17T19:55:00,4,4258440,158805
OK,45,73,910,45,2014-03-17T20:00:00,3,4258889,158805
OK,46,72,910,46,2014-03-17T20:05:00,1,4259338,158805
OK,50,66,910,50,2014-03-17T20:10:00,1,4259787,158805
OK,50,66,910,50,2014-03-17T20:15:00,1,4260236,158805
OK,50,66,910,50,2014-03-17T20:20:00,1,4260685,158805
OK,55,60,910,55,2014-03-17T20:25:00,1,4261134,158805
OK,55,60,910,55,2014-03-17T20:30:00,1,4261583,158805
OK,55,60,910,55,2014-03-17T20:35:00,0,4262032,158805
OK,39,84,910,39,2014-03-17T20:40:00,1,4262481,158805
OK,39,84,910,39,2014-03-17T20:45:00,0,4262930,158805
OK,44,75,910,44,2014-03-17T20:50:00,2,4263379,158805
OK,46,72,910,46,2014-03-17T20:55:00,2,4263828,158805
OK,52,63,910,52,2014-03-17T21:25:00,0,4266305,158805
OK,59,56,910,59,2014-03-17T22:30:00,0,4271578,158805
OK,59,56,910,59,2014-03-17T22:40:00,0,4272408,158805
OK,59,56,910,59,2014-03-17T23:00:00,0,4274025,158805
OK,59,56,910,59,2014-03-17T23:05:00,0,4274474,158805
OK,64,51,910,64,2014-03-17T23:10:00,1,4274923,158805
OK,43,77,910,43,2014-03-17T23:15:00,1,4275372,158805
OK,43,77,910,43,2014-03-17T23:20:00,0,4275821,158805
OK,43,77,910,43,2014-03-17T23:25:00,0,4276270,158805
OK,43,77,910,43,2014-03-17T23:30:00,0,4276719,158805
OK,44,75,910,44,2014-03-17T23:35:00,2,4277168,158805
OK,44,75,910,44,2014-03-17T23:40:00,0,4277617,158805
OK,44,75,910,44,2014-03-17T23:45:00,0,4278066,158805
OK,44,75,910,44,2014-03-17T23:50:00,0,4278515,158805
OK,44,75,910,44,2014-03-17T23:55:00,0,4278964,158805
OK,44,75,910,44,2014-03-18T00:00:00,0,4279413,158805
OK,44,75,910,44,2014-03-18T00:05:00,0,4279862,158805
OK,44,75,910,44,2014-03-18T00:10:00,0,4280311,158805
OK,44,75,910,44,2014-03-18T00:15:00,0,4280760,158805
OK,44,75,910,44,2014-03-18T00:20:00,0,4281209,158805
OK,44,75,910,44,2014-03-18T00:25:00,0,4281658,158805
OK,44,75,910,44,2014-03-18T00:30:00,0,4282107,158805
OK,44,75,910,44,2014-03-18T00:35:00,0,4282556,158805
OK,44,75,910,44,2014-03-18T00:40:00,0,4283005,158805
OK,44,75,910,44,2014-03-18T00:45:00,0,4283454,158805
OK,44,75,910,44,2014-03-18T00:50:00,0,4283903,158805
OK,34,97,910,34,2014-03-18T00:55:00,1,4284352,158805
OK,37,89,910,37,2014-03-18T01:00:00,1,4284801,158805
OK,37,89,910,37,2014-03-18T01:10:00,0,4285251,158805
OK,37,89,910,37,2014-03-18T01:15:00,0,4285700,158805
OK,37,89,910,37,2014-03-18T01:20:00,0,4286149,158805
OK,37,89,910,37,2014-03-18T01:25:00,0,4286598,158805
OK,37,89,910,37,2014-03-18T01:30:00,0,4287047,158805
OK,37,89,910,37,2014-03-18T01:35:00,0,4287496,158805
OK,37,89,910,37,2014-03-18T01:40:00,0,4287945,158805
OK,37,89,910,37,2014-03-18T01:45:00,0,4288394,158805
OK,37,89,910,37,2014-03-18T01:50:00,0,4288843,158805
OK,37,89,910,37,2014-03-18T01:55:00,0,4289292,158805
OK,37,89,910,37,2014-03-18T02:00:00,0,4289741,158805
OK,37,89,910,37,2014-03-18T02:05:00,0,4290190,158805
OK,37,89,910,37,2014-03-18T02:10:00,0,4290639,158805
OK,37,89,910,37,2014-03-18T02:15:00,0,4291088,158805
OK,37,89,910,37,2014-03-18T02:20:00,0,4291537,158805
OK,37,89,910,37,2014-03-18T02:25:00,0,4291986,158805
OK,37,89,910,37,2014-03-18T02:30:00,0,4292435,158805
OK,37,89,910,37,2014-03-18T02:35:00,0,4292884,158805
OK,37,89,910,37,2014-03-18T02:40:00,0,4293333,158805
OK,37,89,910,37,2014-03-18T02:45:00,0,4293782,158805
OK,37,89,910,37,2014-03-18T02:50:00,0,4294231,158805
OK,37,89,910,37,2014-03-18T02:55:00,0,4294680,158805
OK,37,89,910,37,2014-03-18T03:00:00,0,4295129,158805
OK,37,89,910,37,2014-03-18T03:05:00,0,4295578,158805
OK,37,89,910,37,2014-03-18T03:10:00,0,4296027,158805
OK,37,89,910,37,2014-03-18T03:15:00,0,4296476,158805
OK,37,89,910,37,2014-03-18T03:20:00,0,4296925,158805
OK,37,89,910,37,2014-03-18T03:25:00,0,4297374,158805
OK,37,89,910,37,2014-03-18T03:30:00,0,4297823,158805
OK,37,89,910,37,2014-03-18T03:35:00,0,4298272,158805
OK,37,89,910,37,2014-03-18T03:40:00,0,4298721,158805
OK,37,89,910,37,2014-03-18T03:45:00,0,4299170,158805
OK,37,89,910,37,2014-03-18T03:50:00,0,4299619,158805
OK,37,89,910,37,2014-03-18T03:55:00,0,4300068,158805
OK,37,89,910,37,2014-03-18T04:00:00,0,4300517,158805
OK,37,89,910,37,2014-03-18T04:05:00,0,4300966,158805
OK,37,89,910,37,2014-03-18T04:10:00,0,4301415,158805
OK,37,89,910,37,2014-03-18T04:15:00,0,4301864,158805
OK,58,57,910,58,2014-03-18T04:20:00,1,4302313,158805
OK,58,57,910,58,2014-03-18T04:25:00,1,4302762,158805
OK,58,57,910,58,2014-03-18T04:30:00,0,4303211,158805
OK,43,77,910,43,2014-03-18T04:35:00,1,4303660,158805
OK,45,73,910,45,2014-03-18T04:40:00,2,4304109,158805
OK,53,62,910,53,2014-03-18T04:45:00,2,4304558,158805
OK,57,58,910,57,2014-03-18T04:50:00,4,4305007,158805
OK,56,59,910,56,2014-03-18T04:55:00,3,4305456,158805
OK,64,51,910,64,2014-03-18T05:00:00,1,4305905,158805
OK,60,55,910,60,2014-03-18T05:05:00,3,4306354,158805
OK,56,59,910,56,2014-03-18T05:10:00,1,4306803,158805
OK,54,61,910,54,2014-03-18T05:15:00,1,4307252,158805
OK,51,64,910,51,2014-03-18T05:20:00,3,4307701,158805
OK,51,64,910,51,2014-03-18T05:25:00,3,4308150,158805
OK,55,60,910,55,2014-03-18T05:30:00,3,4308599,158805
OK,45,73,910,45,2014-03-18T05:35:00,6,4309048,158805
OK,51,64,910,51,2014-03-18T05:40:00,8,4309497,158805
OK,61,54,910,61,2014-03-18T05:45:00,3,4309946,158805
OK,54,61,910,54,2014-03-18T05:50:00,3,4310395,158805
OK,46,72,910,46,2014-03-18T05:55:00,7,4310844,158805
OK,42,78,910,42,2014-03-18T06:00:00,6,4311293,158805
OK,47,70,910,47,2014-03-18T06:05:00,6,4311742,158805
OK,51,64,910,51,2014-03-18T06:10:00,7,4312191,158805
OK,48,69,910,48,2014-03-18T06:15:00,7,4312640,158805
OK,74,44,910,74,2014-03-18T06:20:00,5,4313089,158805
OK,49,67,910,49,2014-03-18T06:25:00,3,4313538,158805
OK,50,66,910,50,2014-03-18T06:30:00,7,4313987,158805
OK,52,63,910,52,2014-03-18T06:35:00,11,4314436,158805
OK,58,57,910,58,2014-03-18T06:40:00,14,4314885,158805
OK,59,56,910,59,2014-03-18T06:45:00,13,4315334,158805
OK,61,54,910,61,2014-03-18T06:50:00,13,4315783,158805
OK,58,57,910,58,2014-03-18T06:55:00,14,4316232,158805
OK,56,59,910,56,2014-03-18T07:00:00,10,4316681,158805
OK,57,58,910,57,2014-03-18T07:05:00,8,4317130,158805
OK,60,55,910,60,2014-03-18T07:10:00,6,4317579,158805
OK,57,58,910,57,2014-03-18T07:15:00,4,4318028,158805
OK,67,49,910,67,2014-03-18T07:20:00,6,4318477,158805
OK,68,48,910,68,2014-03-18T07:25:00,5,4318926,158805
OK,56,59,910,56,2014-03-18T07:30:00,2,4319375,158805
OK,60,55,910,60,2014-03-18T07:35:00,3,4319824,158805
OK,52,63,910,52,2014-03-18T07:40:00,4,4320273,158805
OK,52,63,910,52,2014-03-18T07:45:00,5,4320722,158805
OK,49,67,910,49,2014-03-18T07:50:00,6,4321171,158805
OK,47,70,910,47,2014-03-18T07:55:00,9,4321620,158805
OK,53,62,910,53,2014-03-18T08:00:00,11,4322069,158805
OK,58,57,910,58,2014-03-18T08:05:00,11,4322518,158805
OK,58,57,910,58,2014-03-18T08:10:00,9,4322967,158805
OK,55,60,910,55,2014-03-18T08:15:00,6,4323416,158805
OK,63,52,910,63,2014-03-18T08:20:00,4,4323865,158805
OK,51,64,910,51,2014-03-18T08:25:00,6,4324314,158805
OK,51,64,910,51,2014-03-18T08:30:00,8,4324763,158805
OK,58,57,910,58,2014-03-18T08:35:00,11,4325212,158805
OK,56,59,910,56,2014-03-18T08:40:00,10,4325661,158805
OK,56,59,910,56,2014-03-18T08:45:00,5,4326110,158805
OK,63,52,910,63,2014-03-18T08:50:00,3,4326559,158805
OK,57,58,910,57,2014-03-18T08:55:00,8,4327008,158805
OK,51,64,910,51,2014-03-18T09:00:00,8,4327457,158805
OK,52,63,910,52,2014-03-18T09:05:00,5,4327906,158805
OK,55,60,910,55,2014-03-18T11:10:00,9,4328638,158805
OK,55,60,910,55,2014-03-18T11:15:00,15,4329087,158805
OK,59,56,910,59,2014-03-18T11:20:00,13,4329536,158805
OK,52,63,910,52,2014-03-18T11:25:00,9,4329985,158805
OK,52,63,910,52,2014-03-18T11:40:00,7,4331047,158805
OK,52,63,910,52,2014-03-18T11:45:00,11,4331496,158805
OK,51,64,910,51,2014-03-18T11:50:00,10,4331945,158805
OK,52,63,910,52,2014-03-18T11:55:00,6,4332394,158805
OK,55,60,910,55,2014-03-18T12:00:00,10,4332843,158805
OK,54,61,910,54,2014-03-18T12:05:00,10,4333292,158805
OK,60,55,910,60,2014-03-18T12:10:00,10,4333741,158805
OK,57,58,910,57,2014-03-18T12:15:00,12,4334190,158805
OK,53,62,910,53,2014-03-18T12:20:00,12,4334639,158805
OK,53,62,910,53,2014-03-18T12:25:00,11,4335088,158805
OK,55,60,910,55,2014-03-18T12:30:00,6,4335537,158805
OK,65,50,910,65,2014-03-18T12:35:00,4,4335986,158805
OK,54,61,910,54,2014-03-18T12:40:00,8,4336435,158805
OK,57,58,910,57,2014-03-18T12:45:00,11,4336884,158805
OK,63,52,910,63,2014-03-18T12:50:00,11,4337333,158805
OK,53,62,910,53,2014-03-18T12:55:00,11,4337782,158805
OK,49,67,910,49,2014-03-18T13:00:00,9,4338231,158805
OK,51,64,910,51,2014-03-18T13:05:00,10,4338680,158805
OK,54,61,910,54,2014-03-18T13:10:00,13,4339129,158805
OK,57,58,910,57,2014-03-18T13:15:00,10,4339578,158805
OK,69,48,910,69,2014-03-18T13:20:00,9,4340027,158805
OK,74,44,910,74,2014-03-18T13:25:00,11,4340476,158805
OK,74,44,910,74,2014-03-18T13:30:00,8,4340925,158805
OK,47,70,910,47,2014-03-18T13:35:00,7,4341374,158805
OK,56,59,910,56,2014-03-18T13:40:00,18,4341822,158805
OK,57,58,910,57,2014-03-18T13:45:00,16,4342271,158805
OK,58,57,910,58,2014-03-18T13:50:00,7,4342720,158805
OK,61,54,910,61,2014-03-18T13:55:00,6,4343169,158805
OK,60,55,910,60,2014-03-18T14:00:00,8,4343618,158805
OK,60,55,910,60,2014-03-18T14:05:00,12,4344067,158805
OK,67,49,910,67,2014-03-18T14:10:00,14,4344516,158805
OK,65,50,910,65,2014-03-18T14:15:00,23,4344965,158805
OK,65,50,910,65,2014-03-18T14:20:00,24,4345414,158805
OK,66,50,910,66,2014-03-18T14:25:00,25,4345863,158805
OK,68,48,910,68,2014-03-18T14:30:00,27,4346312,158805
OK,70,47,910,70,2014-03-18T14:35:00,21,4346761,158805
OK,61,54,910,61,2014-03-18T14:40:00,16,4347210,158805
OK,63,52,910,63,2014-03-18T14:45:00,15,4347659,158805
OK,58,57,910,58,2014-03-18T14:50:00,13,4348108,158805
OK,67,49,910,67,2014-03-18T14:55:00,19,4348557,158805
OK,62,53,910,62,2014-03-18T15:00:00,20,4349006,158805
OK,54,61,910,54,2014-03-18T15:05:00,12,4349455,158805
OK,56,59,910,56,2014-03-18T15:10:00,13,4349904,158805
OK,61,54,910,61,2014-03-18T15:15:00,16,4350353,158805
OK,57,58,910,57,2014-03-18T15:20:00,27,4350802,158805
OK,56,59,910,56,2014-03-18T15:25:00,22,4351251,158805
OK,49,67,910,49,2014-03-18T15:30:00,12,4351700,158805
OK,52,63,910,52,2014-03-18T15:35:00,13,4352149,158805
OK,51,64,910,51,2014-03-18T15:40:00,6,4352598,158805
OK,55,60,910,55,2014-03-18T15:45:00,14,4353047,158805
OK,56,59,910,56,2014-03-18T15:50:00,17,4353496,158805
OK,49,67,910,49,2014-03-18T15:55:00,3,4353945,158805
OK,47,70,910,47,2014-03-18T16:00:00,4,4354394,158805
OK,48,69,910,48,2014-03-18T16:05:00,12,4354843,158805
OK,50,66,910,50,2014-03-18T16:10:00,14,4355292,158805
OK,52,63,910,52,2014-03-18T16:15:00,5,4355741,158805
OK,55,60,910,55,2014-03-18T16:20:00,0,4356190,158805
OK,50,66,910,50,2014-03-18T16:25:00,5,4356639,158805
OK,50,66,910,50,2014-03-18T16:30:00,5,4357088,158805
OK,54,61,910,54,2014-03-18T16:35:00,2,4357537,158805
OK,52,63,910,52,2014-03-18T16:40:00,6,4357986,158805
OK,58,57,910,58,2014-03-18T16:45:00,10,4358435,158805
OK,59,56,910,59,2014-03-18T16:50:00,5,4358884,158805
OK,49,67,910,49,2014-03-18T16:55:00,2,4359333,158805
OK,43,77,910,43,2014-03-18T17:00:00,8,4359782,158805
OK,43,77,910,43,2014-03-18T17:05:00,8,4360231,158805
OK,44,75,910,44,2014-03-18T17:10:00,6,4360680,158805
OK,48,69,910,48,2014-03-18T17:15:00,3,4361129,158805
OK,47,70,910,47,2014-03-18T17:20:00,4,4361578,158805
OK,50,66,910,50,2014-03-18T17:25:00,6,4362027,158805
OK,51,64,910,51,2014-03-18T17:30:00,4,4362476,158805
OK,50,66,910,50,2014-03-18T17:35:00,3,4362925,158805
OK,51,64,910,51,2014-03-18T17:40:00,2,4363374,158805
OK,45,73,910,45,2014-03-18T17:45:00,3,4363823,158805
OK,49,67,910,49,2014-03-18T17:50:00,3,4364272,158805
OK,49,67,910,49,2014-03-18T17:55:00,4,4364721,158805
OK,49,67,910,49,2014-03-18T18:00:00,4,4365170,158805
OK,74,44,910,74,2014-03-18T18:05:00,1,4365619,158805
OK,74,44,910,74,2014-03-18T18:10:00,1,4366068,158805
OK,46,72,910,46,2014-03-18T18:15:00,1,4366517,158805
OK,53,62,910,53,2014-03-18T18:20:00,4,4366966,158805
OK,53,62,910,53,2014-03-18T18:25:00,2,4367415,158805
OK,46,72,910,46,2014-03-18T18:30:00,1,4367864,158805
OK,46,72,910,46,2014-03-18T18:35:00,4,4368313,158805
OK,54,61,910,54,2014-03-18T18:40:00,3,4368762,158805
OK,55,60,910,55,2014-03-18T18:45:00,2,4369211,158805
OK,58,57,910,58,2014-03-18T18:50:00,3,4369660,158805
OK,62,53,910,62,2014-03-18T18:55:00,3,4370109,158805
OK,53,62,910,53,2014-03-18T19:00:00,3,4370558,158805
OK,53,62,910,53,2014-03-18T19:05:00,3,4371007,158805
OK,71,46,910,71,2014-03-18T19:10:00,0,4371456,158805
OK,71,46,910,71,2014-03-18T19:15:00,0,4371905,158805
OK,131,25,910,131,2014-03-18T19:20:00,1,4372354,158805
OK,131,25,910,131,2014-03-18T19:25:00,1,4372803,158805
OK,49,67,910,49,2014-03-18T19:30:00,2,4373252,158805
OK,50,66,910,50,2014-03-18T19:35:00,2,4373701,158805
OK,48,69,910,48,2014-03-18T19:40:00,1,4374150,158805
OK,51,64,910,51,2014-03-18T19:45:00,2,4374599,158805
OK,50,66,910,50,2014-03-18T19:50:00,4,4375048,158805
OK,52,63,910,52,2014-03-18T19:55:00,5,4375497,158805
OK,56,59,910,56,2014-03-18T20:00:00,3,4375946,158805
OK,50,66,910,50,2014-03-18T20:05:00,2,4376395,158805
OK,48,69,910,48,2014-03-18T20:10:00,3,4376844,158805
OK,49,67,910,49,2014-03-18T20:15:00,4,4377293,158805
OK,46,72,910,46,2014-03-18T20:20:00,7,4377742,158805
OK,49,67,910,49,2014-03-18T20:25:00,7,4378191,158805
OK,59,56,910,59,2014-03-18T20:30:00,2,4378640,158805
OK,58,57,910,58,2014-03-18T20:35:00,0,4379089,158805
OK,53,62,910,53,2014-03-18T20:40:00,2,4379538,158805
OK,60,55,910,60,2014-03-18T20:45:00,1,4379987,158805
OK,40,82,910,40,2014-03-18T20:50:00,1,4380436,158805
OK,49,67,910,49,2014-03-18T20:55:00,1,4380885,158805
OK,46,72,910,46,2014-03-18T22:15:00,5,4386565,158805
OK,45,73,910,45,2014-03-18T22:20:00,0,4386954,158805
OK,45,73,910,45,2014-03-18T22:25:00,0,4387323,158805
OK,45,73,910,45,2014-03-18T22:30:00,0,4387699,158805
OK,42,78,910,42,2014-03-18T23:00:00,0,4389944,158805
OK,42,78,910,42,2014-03-18T23:05:00,0,4390393,158805
OK,42,78,910,42,2014-03-18T23:20:00,0,4391740,158805
OK,32,103,910,32,2014-03-19T00:55:00,0,4398410,158805
OK,32,103,910,32,2014-03-19T01:00:00,0,4398784,158805
OK,32,103,910,32,2014-03-19T01:10:00,0,4399682,158805
OK,32,103,910,32,2014-03-19T01:15:00,0,4400131,158805
OK,32,103,910,32,2014-03-19T01:20:00,0,4400580,158805
OK,32,103,910,32,2014-03-19T01:25:00,0,4401029,158805
OK,56,59,910,56,2014-03-19T01:30:00,1,4401478,158805
OK,56,59,910,56,2014-03-19T01:35:00,0,4401927,158805
OK,56,59,910,56,2014-03-19T01:40:00,0,4402376,158805
OK,56,59,910,56,2014-03-19T01:45:00,0,4402825,158805
OK,56,59,910,56,2014-03-19T01:50:00,0,4403274,158805
OK,56,59,910,56,2014-03-19T01:55:00,0,4403723,158805
OK,56,59,910,56,2014-03-19T02:00:00,0,4404172,158805
OK,56,59,910,56,2014-03-19T02:05:00,0,4404621,158805
OK,56,59,910,56,2014-03-19T02:10:00,0,4405070,158805
OK,56,59,910,56,2014-03-19T02:15:00,0,4405519,158805
OK,56,59,910,56,2014-03-19T02:20:00,0,4405968,158805
OK,56,59,910,56,2014-03-19T02:25:00,0,4406417,158805
OK,56,59,910,56,2014-03-19T02:30:00,0,4406866,158805
OK,56,59,910,56,2014-03-19T02:35:00,0,4407315,158805
OK,56,59,910,56,2014-03-19T02:40:00,0,4407764,158805
OK,56,59,910,56,2014-03-19T02:45:00,0,4408213,158805
OK,56,59,910,56,2014-03-19T02:50:00,0,4408662,158805
OK,56,59,910,56,2014-03-19T02:55:00,0,4409111,158805
OK,56,59,910,56,2014-03-19T03:00:00,0,4409560,158805
OK,56,59,910,56,2014-03-19T03:05:00,0,4410009,158805
OK,56,59,910,56,2014-03-19T03:10:00,0,4410458,158805
OK,56,59,910,56,2014-03-19T03:15:00,0,4410907,158805
OK,56,59,910,56,2014-03-19T03:20:00,0,4411356,158805
OK,56,59,910,56,2014-03-19T03:25:00,0,4411805,158805
OK,56,59,910,56,2014-03-19T03:30:00,0,4412254,158805
OK,56,59,910,56,2014-03-19T03:35:00,0,4412703,158805
OK,56,59,910,56,2014-03-19T03:40:00,0,4413152,158805
OK,56,59,910,56,2014-03-19T03:45:00,0,4413601,158805
OK,56,59,910,56,2014-03-19T03:55:00,0,4414050,158805
OK,56,59,910,56,2014-03-19T04:00:00,0,4414499,158805
OK,56,59,910,56,2014-03-19T04:05:00,0,4414948,158805
OK,56,59,910,56,2014-03-19T04:10:00,0,4415397,158805
OK,56,59,910,56,2014-03-19T04:15:00,0,4415846,158805
OK,26,127,910,26,2014-03-19T04:20:00,1,4416295,158805
OK,57,58,910,57,2014-03-19T04:25:00,1,4416744,158805
OK,57,58,910,57,2014-03-19T04:30:00,1,4417193,158805
OK,55,60,910,55,2014-03-19T04:35:00,2,4417642,158805
OK,58,57,910,58,2014-03-19T04:40:00,3,4418091,158805
OK,53,62,910,53,2014-03-19T04:45:00,3,4418540,158805
OK,45,73,910,45,2014-03-19T04:50:00,2,4418989,158805
OK,53,62,910,53,2014-03-19T04:55:00,0,4419438,158805
OK,61,54,910,61,2014-03-19T05:00:00,1,4419887,158805
OK,70,47,910,70,2014-03-19T05:05:00,2,4420336,158805
OK,79,41,910,79,2014-03-19T05:10:00,1,4420785,158805
OK,41,80,910,41,2014-03-19T05:15:00,1,4421234,158805
OK,41,80,910,41,2014-03-19T05:20:00,1,4421683,158805
OK,64,51,910,64,2014-03-19T05:25:00,1,4422132,158805
OK,64,51,910,64,2014-03-19T05:30:00,3,4422581,158805
OK,70,47,910,70,2014-03-19T05:35:00,2,4423030,158805
OK,48,69,910,48,2014-03-19T05:40:00,5,4423479,158805
OK,47,70,910,47,2014-03-19T05:45:00,6,4423928,158805
OK,45,73,910,45,2014-03-19T05:50:00,6,4424377,158805
OK,44,75,910,44,2014-03-19T05:55:00,6,4424826,158805
OK,52,63,910,52,2014-03-19T06:00:00,6,4425275,158805
OK,55,60,910,55,2014-03-19T06:05:00,10,4425724,158805
OK,58,57,910,58,2014-03-19T06:10:00,8,4426173,158805
OK,45,73,910,45,2014-03-19T06:15:00,5,4426622,158805
OK,51,64,910,51,2014-03-19T06:20:00,7,4427071,158805
OK,57,58,910,57,2014-03-19T06:25:00,5,4427520,158805
OK,45,73,910,45,2014-03-19T06:30:00,1,4427969,158805
OK,53,62,910,53,2014-03-19T06:35:00,5,4428418,158805
OK,55,60,910,55,2014-03-19T06:40:00,15,4428867,158805
OK,55,60,910,55,2014-03-19T06:45:00,11,4429316,158805
OK,62,53,910,62,2014-03-19T06:50:00,4,4429765,158805
OK,77,43,910,77,2014-03-19T06:55:00,3,4430214,158805
OK,51,64,910,51,2014-03-19T07:00:00,2,4430663,158805
OK,50,66,910,50,2014-03-19T07:05:00,7,4431112,158805
OK,50,66,910,50,2014-03-19T07:10:00,5,4431561,158805
OK,56,59,910,56,2014-03-19T07:15:00,2,4432010,158805
OK,55,60,910,55,2014-03-19T07:20:00,5,4432459,158805
OK,45,73,910,45,2014-03-19T07:25:00,7,4432908,158805
OK,45,73,910,45,2014-03-19T07:30:00,6,4433357,158805
OK,62,53,910,62,2014-03-19T07:35:00,6,4433806,158805
OK,62,53,910,62,2014-03-19T07:40:00,6,4434255,158805
OK,59,56,910,59,2014-03-19T07:45:00,3,4434704,158805
OK,64,51,910,64,2014-03-19T07:50:00,3,4435153,158805
OK,64,51,910,64,2014-03-19T07:55:00,6,4435602,158805
OK,56,59,910,56,2014-03-19T08:00:00,9,4436051,158805
OK,54,61,910,54,2014-03-19T08:05:00,8,4436500,158805
OK,48,69,910,48,2014-03-19T08:10:00,6,4436949,158805
OK,53,62,910,53,2014-03-19T08:15:00,8,4437398,158805
OK,54,61,910,54,2014-03-19T08:20:00,5,4437847,158805
OK,55,60,910,55,2014-03-19T08:25:00,11,4438296,158805
OK,50,66,910,50,2014-03-19T08:30:00,10,4438745,158805
OK,49,67,910,49,2014-03-19T08:35:00,2,4439194,158805
OK,53,62,910,53,2014-03-19T08:40:00,5,4439643,158805
OK,53,62,910,53,2014-03-19T08:45:00,7,4440092,158805
OK,53,62,910,53,2014-03-19T08:50:00,5,4440541,158805
OK,55,60,910,55,2014-03-19T08:55:00,9,4440990,158805
OK,57,58,910,57,2014-03-19T09:00:00,7,4441439,158805
OK,43,77,910,43,2014-03-19T09:05:00,7,4441888,158805
OK,50,66,910,50,2014-03-19T09:10:00,12,4442337,158805
OK,57,58,910,57,2014-03-19T09:15:00,7,4442786,158805
OK,57,58,910,57,2014-03-19T09:20:00,8,4443235,158805
OK,58,57,910,58,2014-03-19T09:25:00,9,4443684,158805
OK,60,55,910,60,2014-03-19T09:30:00,6,4444133,158805
OK,66,50,910,66,2014-03-19T09:35:00,3,4444582,158805
OK,84,39,910,84,2014-03-19T09:40:00,4,4445031,158805
OK,76,43,910,76,2014-03-19T09:45:00,4,4445480,158805
OK,64,51,910,64,2014-03-19T09:50:00,4,4445929,158805
OK,66,50,910,66,2014-03-19T09:55:00,3,4446378,158805
OK,65,50,910,65,2014-03-19T10:00:00,5,4446827,158805
OK,53,62,910,53,2014-03-19T10:05:00,12,4447276,158805
OK,51,64,910,51,2014-03-19T10:10:00,14,4447725,158805
OK,58,57,910,58,2014-03-19T10:15:00,14,4448174,158805
OK,58,57,910,58,2014-03-19T10:20:00,9,4448623,158805
OK,54,61,910,54,2014-03-19T10:25:00,5,4449072,158805
OK,51,64,910,51,2014-03-19T10:30:00,8,4449521,158805
OK,49,67,910,49,2014-03-19T10:35:00,13,4449970,158805
OK,49,67,910,49,2014-03-19T10:40:00,11,4450419,158805
OK,60,55,910,60,2014-03-19T10:45:00,6,4450868,158805
OK,49,67,910,49,2014-03-19T10:50:00,7,4451317,158805
OK,50,66,910,50,2014-03-19T10:55:00,6,4451766,158805
OK,55,60,910,55,2014-03-19T11:00:00,4,4452215,158805
OK,55,60,910,55,2014-03-19T11:05:00,5,4452664,158805
OK,50,66,910,50,2014-03-19T11:10:00,6,4453113,158805
OK,52,63,910,52,2014-03-19T11:15:00,4,4453562,158805
OK,53,62,910,53,2014-03-19T11:20:00,3,4454011,158805
OK,58,57,910,58,2014-03-19T11:25:00,8,4454460,158805
OK,59,56,910,59,2014-03-19T11:30:00,10,4454909,158805
OK,69,48,910,69,2014-03-19T11:35:00,6,4455358,158805
OK,57,58,910,57,2014-03-19T11:40:00,9,4455807,158805
OK,57,58,910,57,2014-03-19T11:45:00,14,4456256,158805
OK,54,61,910,54,2014-03-19T11:50:00,6,4456705,158805
OK,63,52,910,63,2014-03-19T11:55:00,6,4457154,158805
OK,58,57,910,58,2014-03-19T12:00:00,10,4457603,158805
OK,52,63,910,52,2014-03-19T12:05:00,11,4458052,158805
OK,56,59,910,56,2014-03-19T12:10:00,9,4458501,158805
OK,50,66,910,50,2014-03-19T12:15:00,7,4458950,158805
OK,50,66,910,50,2014-03-19T12:20:00,9,4459399,158805
OK,50,66,910,50,2014-03-19T12:25:00,9,4459848,158805
OK,57,58,910,57,2014-03-19T12:30:00,8,4460297,158805
OK,57,58,910,57,2014-03-19T12:35:00,11,4460746,158805
OK,55,60,910,55,2014-03-19T12:40:00,10,4461195,158805
OK,54,61,910,54,2014-03-19T12:45:00,10,4461644,158805
OK,52,63,910,52,2014-03-19T12:50:00,12,4462093,158805
OK,51,64,910,51,2014-03-19T12:55:00,12,4462542,158805
OK,52,63,910,52,2014-03-19T13:00:00,16,4462991,158805
OK,51,64,910,51,2014-03-19T13:05:00,15,4463440,158805
OK,51,64,910,51,2014-03-19T13:10:00,15,4463889,158805
OK,50,66,910,50,2014-03-19T13:15:00,10,4464338,158805
OK,65,50,910,65,2014-03-19T13:20:00,12,4464787,158805
OK,65,50,910,65,2014-03-19T13:25:00,16,4465236,158805
OK,54,61,910,54,2014-03-19T13:30:00,12,4465685,158805
OK,53,62,910,53,2014-03-19T13:35:00,7,4466134,158805
OK,49,67,910,49,2014-03-19T13:40:00,7,4466583,158805
OK,64,51,910,64,2014-03-19T13:45:00,12,4467032,158805
OK,65,50,910,65,2014-03-19T13:50:00,18,4467481,158805
OK,63,52,910,63,2014-03-19T13:55:00,14,4467930,158805
OK,49,67,910,49,2014-03-19T14:00:00,7,4468379,158805
OK,55,60,910,55,2014-03-19T14:05:00,7,4468828,158805
OK,55,60,910,55,2014-03-19T14:10:00,11,4469277,158805
OK,54,61,910,54,2014-03-19T14:15:00,11,4469726,158805
OK,51,64,910,51,2014-03-19T14:20:00,19,4470175,158805
OK,51,64,910,51,2014-03-19T14:25:00,18,4470624,158805
OK,65,50,910,65,2014-03-19T14:30:00,8,4471073,158805
OK,67,49,910,67,2014-03-19T14:35:00,12,4471522,158805
OK,61,54,910,61,2014-03-19T14:40:00,22,4471971,158805
OK,56,59,910,56,2014-03-19T14:45:00,23,4472420,158805
OK,62,53,910,62,2014-03-19T14:50:00,17,4472869,158805
OK,61,54,910,61,2014-03-19T14:55:00,12,4473318,158805
OK,51,64,910,51,2014-03-19T15:00:00,10,4473767,158805
OK,55,60,910,55,2014-03-19T15:05:00,22,4474216,158805
OK,61,54,910,61,2014-03-19T15:10:00,27,4474665,158805
OK,63,52,910,63,2014-03-19T15:15:00,16,4475114,158805
OK,59,56,910,59,2014-03-19T15:20:00,13,4475563,158805
OK,55,60,910,55,2014-03-19T15:25:00,15,4476012,158805
OK,53,62,910,53,2014-03-19T15:30:00,14,4476461,158805
OK,52,63,910,52,2014-03-19T15:35:00,15,4476910,158805
OK,54,61,910,54,2014-03-19T15:40:00,17,4477359,158805
OK,54,61,910,54,2014-03-19T15:45:00,11,4477808,158805
OK,54,61,910,54,2014-03-19T15:50:00,5,4478257,158805
OK,49,67,910,49,2014-03-19T15:55:00,10,4478706,158805
OK,49,67,910,49,2014-03-19T16:00:00,11,4479155,158805
OK,52,63,910,52,2014-03-19T16:05:00,11,4479604,158805
OK,55,60,910,55,2014-03-19T16:10:00,12,4480053,158805
OK,54,61,910,54,2014-03-19T16:15:00,11,4480502,158805
OK,51,64,910,51,2014-03-19T16:20:00,7,4480951,158805
OK,51,64,910,51,2014-03-19T16:25:00,5,4481400,158805
OK,49,67,910,49,2014-03-19T16:30:00,8,4481849,158805
OK,46,72,910,46,2014-03-19T16:35:00,8,4482298,158805
OK,48,69,910,48,2014-03-19T16:40:00,6,4482747,158805
OK,47,70,910,47,2014-03-19T16:45:00,4,4483196,158805
OK,52,63,910,52,2014-03-19T16:50:00,7,4483645,158805
OK,53,62,910,53,2014-03-19T16:55:00,10,4484094,158805
OK,58,57,910,58,2014-03-19T17:00:00,7,4484543,158805
OK,50,66,910,50,2014-03-19T17:05:00,2,4484992,158805
OK,51,64,910,51,2014-03-19T17:10:00,3,4485441,158805
OK,48,69,910,48,2014-03-19T17:15:00,3,4485890,158805
OK,44,75,910,44,2014-03-19T17:20:00,2,4486339,158805
OK,44,75,910,44,2014-03-19T17:25:00,2,4486788,158805
OK,48,69,910,48,2014-03-19T17:30:00,3,4487237,158805
OK,51,64,910,51,2014-03-19T17:35:00,6,4487686,158805
OK,52,63,910,52,2014-03-19T17:40:00,6,4488135,158805
OK,42,78,910,42,2014-03-19T17:45:00,2,4488584,158805
OK,41,80,910,41,2014-03-19T17:50:00,3,4489033,158805
OK,51,64,910,51,2014-03-19T17:55:00,4,4489482,158805
OK,55,60,910,55,2014-03-19T18:00:00,5,4489931,158805
OK,45,73,910,45,2014-03-19T18:05:00,6,4490380,158805
OK,47,70,910,47,2014-03-19T18:10:00,1,4490829,158805
OK,68,48,910,68,2014-03-19T18:15:00,1,4491278,158805
OK,62,53,910,62,2014-03-19T18:20:00,2,4491727,158805
OK,57,58,910,57,2014-03-19T18:25:00,1,4492176,158805
OK,39,84,910,39,2014-03-19T18:30:00,2,4492625,158805
OK,56,59,910,56,2014-03-19T18:35:00,4,4493074,158805
OK,56,59,910,56,2014-03-19T18:40:00,6,4493523,158805
OK,42,78,910,42,2014-03-19T18:45:00,4,4493972,158805
OK,52,63,910,52,2014-03-19T18:50:00,3,4494421,158805
OK,46,72,910,46,2014-03-19T18:55:00,3,4494870,158805
OK,43,77,910,43,2014-03-19T19:00:00,2,4495319,158805
OK,41,80,910,41,2014-03-19T19:05:00,1,4495768,158805
OK,51,64,910,51,2014-03-19T19:10:00,1,4496217,158805
OK,52,63,910,52,2014-03-19T19:15:00,2,4496666,158805
OK,63,52,910,63,2014-03-19T19:20:00,3,4497115,158805
OK,58,57,910,58,2014-03-19T19:25:00,6,4497564,158805
OK,49,67,910,49,2014-03-19T19:30:00,5,4498013,158805
OK,47,70,910,47,2014-03-19T19:35:00,5,4498462,158805
OK,47,70,910,47,2014-03-19T19:40:00,5,4498911,158805
OK,53,62,910,53,2014-03-19T19:45:00,4,4499360,158805
OK,61,54,910,61,2014-03-19T19:50:00,5,4499809,158805
OK,56,59,910,56,2014-03-19T19:55:00,4,4500258,158805
OK,51,64,910,51,2014-03-19T20:00:00,2,4500707,158805
OK,48,69,910,48,2014-03-19T20:05:00,2,4501156,158805
OK,51,64,910,51,2014-03-19T20:10:00,2,4501605,158805
OK,55,60,910,55,2014-03-19T20:15:00,2,4502054,158805
OK,47,70,910,47,2014-03-19T20:20:00,1,4502503,158805
OK,47,70,910,47,2014-03-19T20:25:00,1,4502952,158805
OK,55,60,910,55,2014-03-19T20:30:00,2,4503401,158805
OK,48,69,910,48,2014-03-19T20:35:00,4,4503850,158805
OK,48,69,910,48,2014-03-19T20:40:00,1,4504299,158805
OK,48,69,910,48,2014-03-19T20:45:00,0,4504748,158805
OK,54,61,910,54,2014-03-19T20:50:00,3,4505197,158805
OK,46,72,910,46,2014-03-19T20:55:00,8,4505646,158805
OK,48,69,910,48,2014-03-19T22:50:00,1,4513511,158805
OK,44,75,910,44,2014-03-19T22:55:00,0,4513959,158805
OK,44,75,910,44,2014-03-19T23:00:00,0,4514408,158805
OK,44,75,910,44,2014-03-19T23:05:00,0,4514857,158805
OK,44,75,910,44,2014-03-20T00:05:00,0,4519564,158805
OK,44,75,910,44,2014-03-20T01:00:00,0,4523596,158805
OK,44,75,910,44,2014-03-20T01:05:00,0,4524045,158805
OK,44,75,910,44,2014-03-20T01:10:00,0,4524494,158805
OK,44,75,910,44,2014-03-20T01:15:00,0,4524943,158805
OK,44,75,910,44,2014-03-20T01:20:00,0,4525392,158805
OK,44,75,910,44,2014-03-20T01:25:00,0,4525841,158805
OK,44,75,910,44,2014-03-20T01:30:00,0,4526290,158805
OK,44,75,910,44,2014-03-20T01:35:00,0,4526739,158805
OK,44,75,910,44,2014-03-20T01:40:00,0,4527188,158805
OK,44,75,910,44,2014-03-20T01:45:00,0,4527637,158805
OK,44,75,910,44,2014-03-20T01:50:00,0,4528086,158805
OK,44,75,910,44,2014-03-20T01:55:00,0,4528535,158805
OK,44,75,910,44,2014-03-20T02:00:00,0,4528984,158805
OK,44,75,910,44,2014-03-20T02:05:00,0,4529433,158805
OK,44,75,910,44,2014-03-20T02:10:00,0,4529882,158805
OK,44,75,910,44,2014-03-20T02:15:00,0,4530331,158805
OK,44,75,910,44,2014-03-20T02:20:00,0,4530780,158805
OK,44,75,910,44,2014-03-20T02:25:00,0,4531229,158805
OK,44,75,910,44,2014-03-20T02:30:00,0,4531678,158805
OK,44,75,910,44,2014-03-20T02:35:00,0,4532127,158805
OK,44,75,910,44,2014-03-20T02:40:00,0,4532576,158805
OK,44,75,910,44,2014-03-20T02:45:00,0,4533025,158805
OK,44,75,910,44,2014-03-20T02:50:00,0,4533474,158805
OK,44,75,910,44,2014-03-20T02:55:00,0,4533923,158805
OK,44,75,910,44,2014-03-20T03:00:00,0,4534372,158805
OK,44,75,910,44,2014-03-20T03:05:00,0,4534821,158805
OK,44,75,910,44,2014-03-20T03:10:00,0,4535270,158805
OK,44,75,910,44,2014-03-20T03:15:00,0,4535719,158805
OK,44,75,910,44,2014-03-20T03:20:00,0,4536168,158805
OK,44,75,910,44,2014-03-20T03:25:00,0,4536617,158805
OK,44,75,910,44,2014-03-20T03:30:00,0,4537066,158805
OK,44,75,910,44,2014-03-20T03:35:00,0,4537515,158805
OK,44,75,910,44,2014-03-20T03:40:00,0,4537964,158805
OK,44,75,910,44,2014-03-20T03:45:00,0,4538413,158805
OK,44,75,910,44,2014-03-20T03:50:00,0,4538862,158805
OK,44,75,910,44,2014-03-20T03:55:00,0,4539311,158805
OK,44,75,910,44,2014-03-20T04:00:00,0,4539760,158805
OK,44,75,910,44,2014-03-20T04:05:00,0,4540209,158805
OK,44,75,910,44,2014-03-20T04:10:00,0,4540658,158805
OK,44,75,910,44,2014-03-20T04:15:00,0,4541107,158805
OK,44,75,910,44,2014-03-20T04:20:00,0,4541556,158805
OK,44,75,910,44,2014-03-20T04:25:00,0,4542005,158805
OK,53,62,910,53,2014-03-20T04:30:00,1,4542454,158805
OK,53,62,910,53,2014-03-20T04:35:00,1,4542903,158805
OK,62,53,910,62,2014-03-20T04:40:00,2,4543352,158805
OK,62,53,910,62,2014-03-20T04:45:00,0,4543801,158805
OK,62,53,910,62,2014-03-20T04:50:00,0,4544250,158805
OK,67,49,910,67,2014-03-20T04:55:00,3,4544699,158805
OK,58,57,910,58,2014-03-20T05:00:00,8,4545148,158805
OK,54,61,910,54,2014-03-20T05:05:00,6,4545597,158805
OK,42,78,910,42,2014-03-20T05:10:00,3,4546046,158805
OK,44,75,910,44,2014-03-20T05:15:00,1,4546495,158805
OK,44,75,910,44,2014-03-20T05:20:00,1,4546944,158805
OK,44,75,910,44,2014-03-20T05:25:00,0,4547393,158805
OK,70,47,910,70,2014-03-20T05:30:00,1,4547842,158805
OK,70,47,910,70,2014-03-20T05:35:00,1,4548291,158805
OK,70,47,910,70,2014-03-20T05:40:00,0,4548740,158805
OK,55,60,910,55,2014-03-20T05:45:00,2,4549189,158805
OK,50,66,910,50,2014-03-20T05:50:00,7,4549638,158805
OK,45,73,910,45,2014-03-20T05:55:00,7,4550087,158805
OK,41,80,910,41,2014-03-20T06:00:00,4,4550536,158805
OK,49,67,910,49,2014-03-20T06:05:00,6,4550985,158805
OK,52,63,910,52,2014-03-20T06:10:00,4,4551434,158805
OK,46,72,910,46,2014-03-20T06:15:00,1,4551883,158805
OK,44,75,910,44,2014-03-20T06:20:00,2,4552332,158805
OK,58,57,910,58,2014-03-20T06:25:00,5,4552781,158805
OK,58,57,910,58,2014-03-20T06:30:00,12,4553230,158805
OK,58,57,910,58,2014-03-20T06:35:00,9,4553679,158805
OK,57,58,910,57,2014-03-20T06:40:00,3,4554128,158805
OK,70,47,910,70,2014-03-20T06:45:00,9,4554577,158805
OK,57,58,910,57,2014-03-20T06:50:00,9,4555026,158805
OK,53,62,910,53,2014-03-20T06:55:00,5,4555475,158805
OK,66,50,910,66,2014-03-20T07:00:00,5,4555924,158805
OK,74,44,910,74,2014-03-20T07:05:00,4,4556373,158805
OK,104,31,910,104,2014-03-20T07:10:00,2,4556822,158805
OK,64,51,910,64,2014-03-20T07:15:00,5,4557271,158805
OK,56,59,910,56,2014-03-20T07:20:00,8,4557720,158805
OK,51,64,910,51,2014-03-20T07:25:00,3,4558169,158805
OK,54,61,910,54,2014-03-20T07:30:00,4,4558618,158805
OK,52,63,910,52,2014-03-20T07:35:00,5,4559067,158805
OK,46,72,910,46,2014-03-20T07:40:00,6,4559516,158805
OK,46,72,910,46,2014-03-20T07:45:00,7,4559965,158805
OK,70,47,910,70,2014-03-20T07:50:00,5,4560414,158805
OK,70,47,910,70,2014-03-20T07:55:00,5,4560863,158805
OK,60,55,910,60,2014-03-20T08:00:00,7,4561312,158805
OK,49,67,910,49,2014-03-20T08:05:00,9,4561761,158805
OK,52,63,910,52,2014-03-20T08:10:00,9,4562210,158805
OK,68,48,910,68,2014-03-20T08:15:00,6,4562659,158805
OK,89,37,910,89,2014-03-20T08:20:00,8,4563108,158805
OK,83,39,910,83,2014-03-20T08:25:00,8,4563557,158805
OK,55,60,910,55,2014-03-20T08:30:00,6,4564006,158805
OK,57,58,910,57,2014-03-20T08:35:00,7,4564455,158805
OK,57,58,910,57,2014-03-20T08:40:00,7,4564904,158805
OK,67,49,910,67,2014-03-20T08:45:00,5,4565353,158805
OK,95,34,910,95,2014-03-20T08:50:00,6,4565802,158805
OK,69,48,910,69,2014-03-20T08:55:00,6,4566251,158805
OK,51,64,910,51,2014-03-20T09:00:00,6,4566700,158805
OK,50,66,910,50,2014-03-20T09:05:00,8,4567149,158805
OK,58,57,910,58,2014-03-20T09:10:00,6,4567598,158805
OK,49,67,910,49,2014-03-20T09:15:00,2,4568047,158805
OK,47,70,910,47,2014-03-20T09:20:00,4,4568496,158805
OK,52,63,910,52,2014-03-20T09:25:00,7,4568945,158805
OK,57,58,910,57,2014-03-20T09:30:00,10,4569394,158805
OK,64,51,910,64,2014-03-20T09:35:00,7,4569843,158805
OK,51,64,910,51,2014-03-20T09:40:00,9,4570292,158805
OK,56,59,910,56,2014-03-20T09:45:00,9,4570741,158805
OK,63,52,910,63,2014-03-20T09:50:00,12,4571190,158805
OK,62,53,910,62,2014-03-20T09:55:00,10,4571639,158805
OK,58,57,910,58,2014-03-20T10:00:00,6,4572088,158805
OK,60,55,910,60,2014-03-20T10:05:00,9,4572537,158805
OK,55,60,910,55,2014-03-20T10:10:00,5,4572986,158805
OK,59,56,910,59,2014-03-20T10:15:00,8,4573435,158805
OK,58,57,910,58,2014-03-20T10:20:00,13,4573884,158805
OK,63,52,910,63,2014-03-20T10:25:00,11,4574333,158805
OK,65,50,910,65,2014-03-20T10:30:00,10,4574782,158805
OK,53,62,910,53,2014-03-20T10:35:00,10,4575231,158805
OK,80,41,910,80,2014-03-20T10:40:00,13,4575680,158805
OK,62,53,910,62,2014-03-20T10:45:00,13,4576129,158805
OK,54,61,910,54,2014-03-20T10:50:00,10,4576578,158805
OK,56,59,910,56,2014-03-20T10:55:00,7,4577027,158805
OK,56,59,910,56,2014-03-20T11:00:00,8,4577476,158805
OK,60,55,910,60,2014-03-20T11:05:00,9,4577925,158805
OK,55,60,910,55,2014-03-20T11:10:00,7,4578374,158805
OK,51,64,910,51,2014-03-20T11:15:00,8,4578823,158805
OK,51,64,910,51,2014-03-20T11:20:00,6,4579272,158805
OK,51,64,910,51,2014-03-20T11:25:00,4,4579721,158805
OK,64,51,910,64,2014-03-20T11:30:00,7,4580170,158805
OK,66,50,910,66,2014-03-20T11:35:00,7,4580619,158805
OK,56,59,910,56,2014-03-20T11:40:00,8,4581068,158805
OK,55,60,910,55,2014-03-20T11:45:00,8,4581517,158805
OK,59,56,910,59,2014-03-20T11:50:00,9,4581966,158805
OK,69,48,910,69,2014-03-20T11:55:00,11,4582415,158805
OK,64,51,910,64,2014-03-20T12:00:00,14,4582864,158805
OK,68,48,910,68,2014-03-20T12:05:00,11,4583313,158805
OK,54,61,910,54,2014-03-20T12:10:00,8,4583762,158805
OK,52,63,910,52,2014-03-20T12:15:00,12,4584211,158805
OK,69,48,910,69,2014-03-20T12:20:00,8,4584660,158805
OK,54,61,910,54,2014-03-20T12:25:00,7,4585109,158805
OK,54,61,910,54,2014-03-20T12:30:00,10,4585558,158805
OK,57,58,910,57,2014-03-20T12:35:00,8,4586007,158805
OK,59,56,910,59,2014-03-20T12:40:00,17,4586456,158805
OK,59,56,910,59,2014-03-20T12:45:00,11,4586905,158805
OK,68,48,910,68,2014-03-20T12:50:00,5,4587354,158805
OK,67,49,910,67,2014-03-20T12:55:00,8,4587803,158805
OK,55,60,910,55,2014-03-20T13:00:00,8,4588252,158805
OK,59,56,910,59,2014-03-20T13:05:00,8,4588701,158805
OK,64,51,910,64,2014-03-20T13:10:00,8,4589150,158805
OK,63,52,910,63,2014-03-20T13:15:00,15,4589599,158805
OK,65,50,910,65,2014-03-20T13:20:00,15,4590048,158805
OK,65,50,910,65,2014-03-20T13:25:00,7,4590497,158805
OK,57,58,910,57,2014-03-20T13:30:00,7,4590946,158805
OK,61,54,910,61,2014-03-20T13:35:00,15,4591395,158805
OK,71,46,910,71,2014-03-20T13:40:00,15,4591844,158805
OK,83,39,910,83,2014-03-20T13:45:00,11,4592293,158805
OK,60,55,910,60,2014-03-20T13:50:00,9,4592742,158805
OK,51,64,910,51,2014-03-20T13:55:00,7,4593191,158805
OK,51,64,910,51,2014-03-20T14:00:00,11,4593640,158805
OK,60,55,910,60,2014-03-20T14:05:00,13,4594089,158805
OK,85,38,910,85,2014-03-20T14:10:00,16,4594538,158805
OK,69,48,910,69,2014-03-20T14:15:00,14,4594987,158805
OK,57,58,910,57,2014-03-20T14:20:00,16,4595436,158805
OK,61,54,910,61,2014-03-20T14:25:00,22,4595885,158805
OK,67,49,910,67,2014-03-20T14:30:00,20,4596334,158805
OK,67,49,910,67,2014-03-20T14:35:00,22,4596783,158805
OK,68,48,910,68,2014-03-20T14:40:00,25,4597232,158805
OK,66,50,910,66,2014-03-20T14:45:00,18,4597681,158805
OK,55,60,910,55,2014-03-20T14:50:00,15,4598130,158805
OK,53,62,910,53,2014-03-20T14:55:00,19,4598579,158805
OK,52,63,910,52,2014-03-20T15:00:00,12,4599028,158805
OK,47,70,910,47,2014-03-20T15:05:00,16,4599477,158805
OK,45,73,910,45,2014-03-20T15:10:00,18,4599926,158805
OK,49,67,910,49,2014-03-20T15:15:00,18,4600375,158805
OK,57,58,910,57,2014-03-20T15:20:00,14,4600824,158805
OK,60,55,910,60,2014-03-20T15:25:00,16,4601273,158805
OK,54,61,910,54,2014-03-20T15:30:00,17,4601722,158805
OK,50,66,910,50,2014-03-20T15:35:00,16,4602171,158805
OK,49,67,910,49,2014-03-20T15:40:00,10,4602620,158805
OK,60,55,910,60,2014-03-20T15:45:00,8,4603069,158805
OK,61,54,910,61,2014-03-20T15:50:00,11,4603518,158805
OK,55,60,910,55,2014-03-20T15:55:00,13,4603967,158805
OK,51,64,910,51,2014-03-20T16:00:00,13,4604416,158805
OK,48,69,910,48,2014-03-20T16:05:00,6,4604865,158805
OK,47,70,910,47,2014-03-20T16:10:00,9,4605314,158805
OK,48,69,910,48,2014-03-20T16:15:00,12,4605763,158805
OK,49,67,910,49,2014-03-20T16:20:00,4,4606212,158805
OK,54,61,910,54,2014-03-20T16:25:00,6,4606661,158805
OK,52,63,910,52,2014-03-20T16:30:00,13,4607110,158805
OK,50,66,910,50,2014-03-20T16:35:00,11,4607559,158805
OK,49,67,910,49,2014-03-20T16:40:00,4,4608008,158805
OK,46,72,910,46,2014-03-20T16:45:00,2,4608457,158805
OK,51,64,910,51,2014-03-20T16:50:00,4,4608906,158805
OK,51,64,910,51,2014-03-20T16:55:00,6,4609355,158805
OK,46,72,910,46,2014-03-20T17:00:00,6,4609804,158805
OK,41,80,910,41,2014-03-20T17:05:00,5,4610253,158805
OK,47,70,910,47,2014-03-20T17:10:00,6,4610702,158805
OK,52,63,910,52,2014-03-20T17:15:00,5,4611151,158805
OK,43,77,910,43,2014-03-20T17:20:00,3,4611600,158805
OK,49,67,910,49,2014-03-20T17:25:00,2,4612049,158805
OK,55,60,910,55,2014-03-20T17:30:00,0,4612498,158805
OK,47,70,910,47,2014-03-20T17:35:00,1,4612947,158805
OK,47,70,910,47,2014-03-20T17:40:00,2,4613396,158805
OK,48,69,910,48,2014-03-20T17:45:00,1,4613845,158805
OK,48,69,910,48,2014-03-20T17:50:00,2,4614294,158805
OK,48,69,910,48,2014-03-20T17:55:00,2,4614743,158805
OK,51,64,910,51,2014-03-20T18:00:00,6,4615192,158805
OK,52,63,910,52,2014-03-20T18:05:00,7,4615641,158805
OK,50,66,910,50,2014-03-20T18:10:00,3,4616090,158805
OK,44,75,910,44,2014-03-20T18:15:00,4,4616539,158805
OK,39,84,910,39,2014-03-20T18:20:00,3,4616988,158805
OK,64,51,910,64,2014-03-20T18:25:00,2,4617437,158805
OK,77,43,910,77,2014-03-20T18:30:00,3,4617886,158805
OK,50,66,910,50,2014-03-20T18:35:00,2,4618335,158805
OK,45,73,910,45,2014-03-20T18:40:00,1,4618784,158805
OK,52,63,910,52,2014-03-20T18:45:00,1,4619233,158805
OK,43,77,910,43,2014-03-20T18:50:00,2,4619682,158805
OK,46,72,910,46,2014-03-20T18:55:00,1,4620131,158805
OK,46,72,910,46,2014-03-20T19:00:00,0,4620580,158805
OK,49,67,910,49,2014-03-20T19:05:00,4,4621029,158805
OK,52,63,910,52,2014-03-20T19:10:00,1,4621478,158805
OK,50,66,910,50,2014-03-20T19:15:00,3,4621927,158805
OK,38,87,910,38,2014-03-20T19:20:00,3,4622376,158805
OK,40,82,910,40,2014-03-20T19:25:00,2,4622825,158805
OK,48,69,910,48,2014-03-20T19:30:00,3,4623274,158805
OK,47,70,910,47,2014-03-20T19:35:00,2,4623723,158805
OK,42,78,910,42,2014-03-20T19:40:00,1,4624172,158805
OK,51,64,910,51,2014-03-20T19:45:00,3,4624621,158805
OK,51,64,910,51,2014-03-20T19:50:00,5,4625070,158805
OK,56,59,910,56,2014-03-20T19:55:00,5,4625519,158805
OK,56,59,910,56,2014-03-20T20:00:00,1,4625968,158805
OK,56,59,910,56,2014-03-20T20:05:00,0,4626417,158805
OK,56,59,910,56,2014-03-20T20:10:00,0,4626866,158805
OK,39,84,910,39,2014-03-20T20:15:00,5,4627315,158805
OK,38,87,910,38,2014-03-20T20:20:00,4,4627764,158805
OK,69,48,910,69,2014-03-20T20:25:00,1,4628213,158805
OK,69,48,910,69,2014-03-20T20:30:00,1,4628662,158805
OK,46,72,910,46,2014-03-20T20:35:00,0,4629111,158805
OK,40,82,910,40,2014-03-20T20:40:00,2,4629560,158805
OK,42,78,910,42,2014-03-20T20:45:00,5,4630009,158805
OK,46,72,910,46,2014-03-20T20:50:00,5,4630458,158805
OK,48,69,910,48,2014-03-20T20:55:00,2,4630907,158805
OK,60,55,910,60,2014-03-20T21:50:00,2,4634770,158805
OK,53,62,910,53,2014-03-20T23:00:00,0,4639763,158805
OK,53,62,910,53,2014-03-20T23:05:00,0,4640212,158805
OK,53,62,910,53,2014-03-20T23:10:00,0,4640661,158805
OK,51,64,910,51,2014-03-20T23:25:00,0,4641941,158805
OK,33,100,910,33,2014-03-21T01:00:00,0,4648487,158805
OK,33,100,910,33,2014-03-21T01:05:00,0,4648936,158805
OK,33,100,910,33,2014-03-21T01:15:00,0,4649834,158805
OK,33,100,910,33,2014-03-21T01:20:00,0,4650283,158805
OK,33,100,910,33,2014-03-21T01:25:00,0,4650732,158805
OK,33,100,910,33,2014-03-21T01:30:00,0,4651181,158805
OK,33,100,910,33,2014-03-21T01:35:00,0,4651630,158805
OK,33,100,910,33,2014-03-21T01:40:00,0,4652079,158805
OK,33,100,910,33,2014-03-21T01:45:00,0,4652528,158805
OK,33,100,910,33,2014-03-21T01:50:00,0,4652977,158805
OK,33,100,910,33,2014-03-21T01:55:00,0,4653426,158805
OK,33,100,910,33,2014-03-21T02:00:00,0,4653875,158805
OK,33,100,910,33,2014-03-21T02:05:00,0,4654324,158805
OK,33,100,910,33,2014-03-21T02:10:00,0,4654773,158805
OK,33,100,910,33,2014-03-21T02:15:00,0,4655222,158805
OK,48,69,910,48,2014-03-21T02:20:00,1,4655671,158805
OK,48,69,910,48,2014-03-21T02:25:00,1,4656120,158805
OK,48,69,910,48,2014-03-21T02:30:00,0,4656569,158805
OK,48,69,910,48,2014-03-21T02:35:00,0,4657018,158805
OK,48,69,910,48,2014-03-21T02:40:00,0,4657467,158805
OK,36,92,910,36,2014-03-21T02:45:00,1,4657916,158805
OK,36,92,910,36,2014-03-21T02:50:00,1,4658365,158805
OK,36,92,910,36,2014-03-21T02:55:00,0,4658814,158805
OK,36,92,910,36,2014-03-21T03:00:00,0,4659263,158805
OK,40,82,910,40,2014-03-21T03:05:00,1,4659712,158805
OK,40,82,910,40,2014-03-21T03:10:00,1,4660161,158805
OK,40,82,910,40,2014-03-21T03:15:00,0,4660610,158805
OK,55,60,910,55,2014-03-21T03:20:00,1,4661059,158805
OK,50,66,910,50,2014-03-21T03:25:00,1,4661508,158805
OK,50,66,910,50,2014-03-21T03:30:00,0,4661957,158805
OK,50,66,910,50,2014-03-21T03:35:00,0,4662406,158805
OK,50,66,910,50,2014-03-21T03:40:00,0,4662855,158805
OK,50,66,910,50,2014-03-21T03:45:00,0,4663304,158805
OK,50,66,910,50,2014-03-21T03:50:00,0,4663753,158805
OK,50,66,910,50,2014-03-21T03:55:00,0,4664202,158805
OK,50,66,910,50,2014-03-21T04:00:00,0,4664651,158805
OK,47,70,910,47,2014-03-21T04:05:00,1,4665100,158805
OK,47,70,910,47,2014-03-21T04:10:00,1,4665549,158805
OK,41,80,910,41,2014-03-21T04:15:00,0,4665998,158805
OK,41,80,910,41,2014-03-21T04:20:00,0,4666447,158805
OK,41,80,910,41,2014-03-21T04:25:00,0,4666896,158805
OK,41,80,910,41,2014-03-21T04:30:00,0,4667345,158805
OK,61,54,910,61,2014-03-21T04:35:00,3,4667794,158805
OK,60,55,910,60,2014-03-21T04:40:00,4,4668243,158805
OK,54,61,910,54,2014-03-21T04:45:00,1,4668692,158805
OK,54,61,910,54,2014-03-21T04:50:00,1,4669141,158805
OK,54,61,910,54,2014-03-21T04:55:00,0,4669590,158805
OK,64,51,910,64,2014-03-21T05:00:00,1,4670039,158805
OK,54,61,910,54,2014-03-21T05:05:00,3,4670488,158805
OK,47,70,910,47,2014-03-21T05:10:00,3,4670937,158805
OK,47,70,910,47,2014-03-21T05:15:00,1,4671386,158805
OK,124,26,910,124,2014-03-21T05:20:00,1,4671835,158805
OK,46,72,910,46,2014-03-21T05:25:00,2,4672284,158805
OK,56,59,910,56,2014-03-21T05:30:00,3,4672733,158805
OK,61,54,910,61,2014-03-21T05:35:00,0,4673182,158805
OK,43,77,910,43,2014-03-21T05:40:00,1,4673631,158805
OK,44,75,910,44,2014-03-21T05:45:00,2,4674080,158805
OK,48,69,910,48,2014-03-21T05:50:00,4,4674529,158805
OK,51,64,910,51,2014-03-21T05:55:00,5,4674978,158805
OK,56,59,910,56,2014-03-21T06:00:00,4,4675427,158805
OK,52,63,910,52,2014-03-21T06:05:00,5,4675876,158805
OK,52,63,910,52,2014-03-21T06:10:00,5,4676325,158805
OK,52,63,910,52,2014-03-21T06:15:00,5,4676774,158805
OK,50,66,910,50,2014-03-21T06:20:00,5,4677223,158805
OK,45,73,910,45,2014-03-21T06:25:00,2,4677672,158805
OK,52,63,910,52,2014-03-21T06:30:00,6,4678121,158805
OK,52,63,910,52,2014-03-21T06:35:00,12,4678570,158805
OK,59,56,910,59,2014-03-21T06:40:00,9,4679019,158805
OK,59,56,910,59,2014-03-21T06:45:00,3,4679468,158805
OK,46,72,910,46,2014-03-21T06:50:00,5,4679917,158805
OK,47,70,910,47,2014-03-21T06:55:00,6,4680366,158805
OK,49,67,910,49,2014-03-21T07:00:00,6,4680815,158805
OK,54,61,910,54,2014-03-21T07:05:00,7,4681264,158805
OK,55,60,910,55,2014-03-21T07:10:00,6,4681713,158805
OK,50,66,910,50,2014-03-21T07:15:00,5,4682162,158805
OK,48,69,910,48,2014-03-21T07:20:00,5,4682611,158805
OK,52,63,910,52,2014-03-21T07:25:00,9,4683060,158805
OK,52,63,910,52,2014-03-21T07:30:00,9,4683509,158805
OK,49,67,910,49,2014-03-21T07:35:00,5,4683958,158805
OK,55,60,910,55,2014-03-21T07:40:00,9,4684407,158805
OK,54,61,910,54,2014-03-21T07:45:00,10,4684856,158805
OK,51,64,910,51,2014-03-21T07:50:00,7,4685305,158805
OK,50,66,910,50,2014-03-21T07:55:00,5,4685754,158805
OK,53,62,910,53,2014-03-21T08:00:00,10,4686203,158805
OK,53,62,910,53,2014-03-21T08:05:00,14,4686652,158805
OK,53,62,910,53,2014-03-21T08:10:00,9,4687101,158805
OK,57,58,910,57,2014-03-21T08:15:00,5,4687550,158805
OK,45,73,910,45,2014-03-21T08:20:00,3,4687999,158805
OK,53,62,910,53,2014-03-21T08:25:00,6,4688448,158805
OK,47,70,910,47,2014-03-21T08:30:00,8,4688897,158805
OK,48,69,910,48,2014-03-21T08:35:00,7,4689346,158805
OK,51,64,910,51,2014-03-21T08:40:00,3,4689795,158805
OK,59,56,910,59,2014-03-21T08:45:00,9,4690244,158805
OK,58,57,910,58,2014-03-21T08:50:00,8,4690693,158805
OK,52,63,910,52,2014-03-21T08:55:00,9,4691142,158805
OK,52,63,910,52,2014-03-21T09:00:00,9,4691591,158805
OK,57,58,910,57,2014-03-21T09:05:00,6,4692040,158805
OK,51,64,910,51,2014-03-21T09:10:00,7,4692489,158805
OK,51,64,910,51,2014-03-21T09:15:00,4,4692938,158805
OK,54,61,910,54,2014-03-21T09:20:00,6,4693387,158805
OK,51,64,910,51,2014-03-21T09:25:00,9,4693836,158805
OK,42,78,910,42,2014-03-21T09:30:00,2,4694285,158805
OK,71,46,910,71,2014-03-21T09:35:00,1,4694734,158805
OK,56,59,910,56,2014-03-21T09:40:00,7,4695183,158805
OK,55,60,910,55,2014-03-21T09:45:00,11,4695632,158805
OK,54,61,910,54,2014-03-21T09:50:00,7,4696081,158805
OK,62,53,910,62,2014-03-21T09:55:00,11,4696530,158805
OK,60,55,910,60,2014-03-21T10:00:00,10,4696979,158805
OK,51,64,910,51,2014-03-21T10:05:00,7,4697428,158805
OK,54,61,910,54,2014-03-21T10:10:00,7,4697877,158805
OK,53,62,910,53,2014-03-21T10:15:00,5,4698326,158805
OK,53,62,910,53,2014-03-21T10:20:00,6,4698775,158805
OK,48,69,910,48,2014-03-21T10:25:00,9,4699224,158805
OK,48,69,910,48,2014-03-21T10:30:00,10,4699673,158805
OK,50,66,910,50,2014-03-21T10:35:00,10,4700122,158805
OK,49,67,910,49,2014-03-21T10:40:00,7,4700571,158805
OK,54,61,910,54,2014-03-21T10:45:00,6,4701020,158805
OK,56,59,910,56,2014-03-21T10:50:00,6,4701469,158805
OK,59,56,910,59,2014-03-21T10:55:00,5,4701918,158805
OK,44,75,910,44,2014-03-21T11:00:00,8,4702367,158805
OK,44,75,910,44,2014-03-21T11:05:00,11,4702816,158805
OK,51,64,910,51,2014-03-21T11:10:00,14,4703265,158805
OK,53,62,910,53,2014-03-21T11:15:00,10,4703714,158805
OK,51,64,910,51,2014-03-21T11:20:00,12,4704163,158805
OK,51,64,910,51,2014-03-21T11:25:00,14,4704612,158805
OK,52,63,910,52,2014-03-21T11:30:00,15,4705061,158805
OK,47,70,910,47,2014-03-21T11:35:00,20,4705510,158805
OK,46,72,910,46,2014-03-21T11:40:00,16,4705959,158805
OK,50,66,910,50,2014-03-21T11:45:00,12,4706408,158805
OK,56,59,910,56,2014-03-21T11:50:00,17,4706857,158805
OK,48,69,910,48,2014-03-21T11:55:00,17,4707306,158805
OK,61,54,910,61,2014-03-21T12:00:00,7,4707755,158805
OK,55,60,910,55,2014-03-21T12:05:00,19,4708204,158805
OK,52,63,910,52,2014-03-21T12:10:00,22,4708653,158805
OK,53,62,910,53,2014-03-21T12:15:00,12,4709102,158805
OK,53,62,910,53,2014-03-21T12:20:00,15,4709551,158805
OK,53,62,910,53,2014-03-21T12:25:00,14,4710000,158805
OK,52,63,910,52,2014-03-21T12:35:00,8,4710898,158805
OK,54,61,910,54,2014-03-21T12:40:00,6,4711347,158805
OK,54,61,910,54,2014-03-21T12:45:00,8,4711796,158805
OK,53,62,910,53,2014-03-21T12:50:00,15,4712245,158805
OK,54,61,910,54,2014-03-21T12:55:00,11,4712694,158805
OK,64,51,910,64,2014-03-21T13:00:00,13,4713143,158805
OK,67,49,910,67,2014-03-21T13:05:00,13,4713592,158805
OK,57,58,910,57,2014-03-21T13:10:00,13,4714041,158805
OK,57,58,910,57,2014-03-21T13:15:00,20,4714490,158805
OK,58,57,910,58,2014-03-21T13:20:00,11,4714939,158805
OK,52,63,910,52,2014-03-21T13:25:00,9,4715388,158805
OK,51,64,910,51,2014-03-21T13:30:00,17,4715837,158805
OK,49,67,910,49,2014-03-21T13:35:00,17,4716286,158805
OK,48,69,910,48,2014-03-21T13:40:00,18,4716735,158805
OK,50,66,910,50,2014-03-21T13:45:00,18,4717184,158805
OK,51,64,910,51,2014-03-21T13:50:00,14,4717633,158805
OK,51,64,910,51,2014-03-21T13:55:00,11,4718082,158805
OK,55,60,910,55,2014-03-21T14:00:00,16,4718531,158805
OK,51,64,910,51,2014-03-21T14:05:00,12,4718980,158805
OK,51,64,910,51,2014-03-21T14:10:00,9,4719429,158805
OK,52,63,910,52,2014-03-21T14:15:00,12,4719878,158805
OK,53,62,910,53,2014-03-21T14:20:00,14,4720327,158805
OK,56,59,910,56,2014-03-21T14:25:00,19,4720776,158805
OK,56,59,910,56,2014-03-21T14:30:00,19,4721225,158805
OK,59,56,910,59,2014-03-21T14:35:00,12,4721674,158805
OK,59,56,910,59,2014-03-21T14:40:00,10,4722123,158805
OK,61,54,910,61,2014-03-21T14:45:00,16,4722572,158805
OK,59,56,910,59,2014-03-21T14:50:00,12,4723021,158805
OK,60,55,910,60,2014-03-21T14:55:00,16,4723470,158805
OK,68,48,910,68,2014-03-21T15:00:00,13,4723919,158805
OK,66,50,910,66,2014-03-21T15:05:00,6,4724368,158805
OK,59,56,910,59,2014-03-21T15:10:00,8,4724817,158805
OK,57,58,910,57,2014-03-21T15:15:00,11,4725266,158805
OK,62,53,910,62,2014-03-21T15:20:00,12,4725715,158805
OK,54,61,910,54,2014-03-21T15:25:00,5,4726164,158805
OK,55,60,910,55,2014-03-21T15:30:00,9,4726613,158805
OK,65,50,910,65,2014-03-21T15:35:00,16,4727062,158805
OK,74,44,910,74,2014-03-21T15:40:00,13,4727511,158805
OK,51,64,910,51,2014-03-21T15:45:00,10,4727960,158805
OK,58,57,910,58,2014-03-21T15:50:00,10,4728409,158805
OK,63,52,910,63,2014-03-21T15:55:00,4,4728858,158805
OK,52,63,910,52,2014-03-21T16:00:00,5,4729307,158805
OK,53,62,910,53,2014-03-21T16:05:00,7,4729756,158805
OK,55,60,910,55,2014-03-21T16:10:00,11,4730205,158805
OK,65,50,910,65,2014-03-21T16:15:00,15,4730654,158805
OK,62,53,910,62,2014-03-21T16:20:00,15,4731103,158805
OK,59,56,910,59,2014-03-21T16:25:00,8,4731552,158805
OK,62,53,910,62,2014-03-21T16:30:00,6,4732001,158805
OK,52,63,910,52,2014-03-21T16:35:00,5,4732450,158805
OK,53,62,910,53,2014-03-21T16:40:00,4,4732899,158805
OK,52,63,910,52,2014-03-21T16:45:00,7,4733348,158805
OK,50,66,910,50,2014-03-21T16:50:00,7,4733797,158805
OK,46,72,910,46,2014-03-21T16:55:00,4,4734246,158805
OK,46,72,910,46,2014-03-21T17:00:00,6,4734695,158805
OK,47,70,910,47,2014-03-21T17:05:00,5,4735144,158805
OK,56,59,910,56,2014-03-21T17:10:00,4,4735593,158805
OK,53,62,910,53,2014-03-21T17:15:00,3,4736042,158805
OK,52,63,910,52,2014-03-21T17:20:00,5,4736491,158805
OK,52,63,910,52,2014-03-21T17:25:00,5,4736940,158805
OK,46,72,910,46,2014-03-21T17:30:00,0,4737389,158805
OK,46,72,910,46,2014-03-21T17:35:00,2,4737838,158805
OK,52,63,910,52,2014-03-21T17:40:00,3,4738287,158805
OK,47,70,910,47,2014-03-21T17:45:00,4,4738736,158805
OK,46,72,910,46,2014-03-21T17:50:00,2,4739185,158805
OK,46,72,910,46,2014-03-21T17:55:00,1,4739634,158805
OK,46,72,910,46,2014-03-21T18:00:00,0,4740083,158805
OK,90,36,910,90,2014-03-21T18:05:00,2,4740532,158805
OK,65,50,910,65,2014-03-21T18:10:00,4,4740981,158805
OK,56,59,910,56,2014-03-21T18:15:00,3,4741430,158805
OK,49,67,910,49,2014-03-21T18:20:00,6,4741879,158805
OK,51,64,910,51,2014-03-21T18:25:00,6,4742328,158805
OK,54,61,910,54,2014-03-21T18:30:00,3,4742777,158805
OK,65,50,910,65,2014-03-21T18:35:00,4,4743226,158805
OK,65,50,910,65,2014-03-21T18:40:00,6,4743675,158805
OK,52,63,910,52,2014-03-21T18:45:00,3,4744124,158805
OK,75,44,910,75,2014-03-21T18:50:00,0,4744573,158805
OK,49,67,910,49,2014-03-21T18:55:00,2,4745022,158805
OK,52,63,910,52,2014-03-21T19:00:00,1,4745471,158805
OK,69,48,910,69,2014-03-21T19:05:00,4,4745920,158805
OK,66,50,910,66,2014-03-21T19:10:00,4,4746369,158805
OK,62,53,910,62,2014-03-21T19:15:00,3,4746818,158805
OK,48,69,910,48,2014-03-21T19:20:00,1,4747267,158805
OK,41,80,910,41,2014-03-21T19:25:00,3,4747716,158805
OK,36,92,910,36,2014-03-21T19:30:00,1,4748165,158805
OK,47,70,910,47,2014-03-21T19:35:00,1,4748614,158805
OK,44,75,910,44,2014-03-21T19:40:00,2,4749063,158805
OK,73,45,910,73,2014-03-21T19:45:00,2,4749512,158805
OK,74,44,910,74,2014-03-21T19:50:00,2,4749961,158805
OK,65,50,910,65,2014-03-21T19:55:00,2,4750410,158805
OK,50,66,910,50,2014-03-21T20:00:00,2,4750859,158805
OK,56,59,910,56,2014-03-21T20:05:00,2,4751308,158805
OK,45,73,910,45,2014-03-21T20:10:00,2,4751757,158805
OK,47,70,910,47,2014-03-21T20:15:00,2,4752206,158805
OK,50,66,910,50,2014-03-21T20:20:00,1,4752655,158805
OK,52,63,910,52,2014-03-21T20:25:00,1,4753104,158805
OK,46,72,910,46,2014-03-21T20:30:00,2,4753553,158805
OK,40,82,910,40,2014-03-21T20:35:00,3,4754002,158805
OK,62,53,910,62,2014-03-21T20:40:00,2,4754451,158805
OK,48,69,910,48,2014-03-21T20:45:00,2,4754900,158805
OK,55,60,910,55,2014-03-21T20:50:00,3,4755349,158805
OK,53,62,910,53,2014-03-21T20:55:00,3,4755798,158805
OK,35,94,910,35,2014-03-21T23:05:00,0,4764346,158805
OK,35,94,910,35,2014-03-21T23:10:00,0,4764795,158805
OK,29,114,910,29,2014-03-22T01:00:00,1,4768392,158805
OK,49,67,910,49,2014-03-22T09:40:00,4,4769898,158805
OK,48,69,910,48,2014-03-22T09:45:00,4,4770347,158805
OK,48,69,910,48,2014-03-22T11:15:00,6,4771789,158805
OK,48,69,910,48,2014-03-22T11:20:00,4,4772238,158805
OK,41,80,910,41,2014-03-22T11:25:00,4,4772687,158805
OK,39,84,910,39,2014-03-22T11:30:00,4,4773136,158805
OK,62,53,910,62,2014-03-22T11:35:00,6,4773585,158805
OK,61,54,910,61,2014-03-22T11:40:00,9,4774034,158805
OK,58,57,910,58,2014-03-22T11:45:00,5,4774483,158805
OK,46,72,910,46,2014-03-22T11:50:00,2,4774932,158805
OK,51,64,910,51,2014-03-22T11:55:00,3,4775381,158805
OK,55,60,910,55,2014-03-22T12:00:00,3,4775830,158805
OK,54,61,910,54,2014-03-22T12:05:00,3,4776279,158805
OK,67,49,910,67,2014-03-22T12:25:00,2,4776993,158805
OK,55,60,910,55,2014-03-22T12:30:00,4,4777442,158805
OK,47,70,910,47,2014-03-22T12:35:00,6,4777891,158805
OK,56,59,910,56,2014-03-22T12:40:00,3,4778340,158805
OK,57,58,910,57,2014-03-22T12:45:00,7,4778789,158805
OK,60,55,910,60,2014-03-22T12:50:00,7,4779238,158805
OK,60,55,910,60,2014-03-22T12:55:00,7,4779687,158805
OK,62,53,910,62,2014-03-22T13:00:00,4,4780136,158805
OK,30,110,910,30,2014-03-22T13:05:00,1,4780585,158805
OK,40,82,910,40,2014-03-22T13:10:00,5,4781034,158805
OK,51,64,910,51,2014-03-22T13:15:00,5,4781483,158805
OK,50,66,910,50,2014-03-22T13:20:00,4,4781932,158805
OK,53,62,910,53,2014-03-22T13:25:00,5,4782381,158805
OK,59,56,910,59,2014-03-22T13:30:00,3,4782830,158805
OK,48,69,910,48,2014-03-22T13:35:00,3,4783279,158805
OK,54,61,910,54,2014-03-22T13:40:00,5,4783728,158805
OK,54,61,910,54,2014-03-22T13:45:00,5,4784177,158805
OK,55,60,910,55,2014-03-22T13:50:00,3,4784626,158805
OK,57,58,910,57,2014-03-22T13:55:00,2,4785075,158805
OK,54,61,910,54,2014-03-22T14:00:00,4,4785524,158805
OK,56,59,910,56,2014-03-22T14:05:00,3,4785973,158805
OK,60,55,910,60,2014-03-22T14:10:00,5,4786422,158805
OK,57,58,910,57,2014-03-22T14:15:00,5,4786871,158805
OK,50,66,910,50,2014-03-22T14:20:00,4,4787320,158805
OK,51,64,910,51,2014-03-22T14:25:00,3,4787769,158805
OK,52,63,910,52,2014-03-22T14:30:00,6,4788218,158805
OK,56,59,910,56,2014-03-22T14:35:00,9,4788667,158805
OK,61,54,910,61,2014-03-22T14:40:00,4,4789116,158805
OK,63,52,910,63,2014-03-22T14:45:00,5,4789565,158805
OK,60,55,910,60,2014-03-22T14:50:00,4,4790014,158805
OK,46,72,910,46,2014-03-22T14:55:00,3,4790463,158805
OK,54,61,910,54,2014-03-22T15:00:00,4,4790912,158805
OK,57,58,910,57,2014-03-22T15:05:00,3,4791361,158805
OK,40,82,910,40,2014-03-22T15:10:00,4,4791810,158805
OK,41,80,910,41,2014-03-22T15:15:00,5,4792259,158805
OK,57,58,910,57,2014-03-22T15:20:00,8,4792708,158805
OK,51,64,910,51,2014-03-22T15:25:00,8,4793157,158805
OK,44,75,910,44,2014-03-22T15:30:00,2,4793606,158805
OK,50,66,910,50,2014-03-22T15:35:00,5,4794055,158805
OK,53,62,910,53,2014-03-22T15:40:00,6,4794504,158805
OK,48,69,910,48,2014-03-22T15:45:00,10,4794953,158805
OK,48,69,910,48,2014-03-22T15:50:00,8,4795402,158805
OK,46,72,910,46,2014-03-22T15:55:00,4,4795851,158805
OK,47,70,910,47,2014-03-22T16:00:00,6,4796300,158805
OK,52,63,910,52,2014-03-22T16:05:00,6,4796749,158805
OK,47,70,910,47,2014-03-22T16:10:00,4,4797198,158805
OK,38,87,910,38,2014-03-22T16:15:00,2,4797647,158805
OK,56,59,910,56,2014-03-22T16:20:00,4,4798096,158805
OK,54,61,910,54,2014-03-22T16:25:00,7,4798545,158805
OK,51,64,910,51,2014-03-22T16:30:00,3,4798994,158805
OK,43,77,910,43,2014-03-22T16:35:00,3,4799443,158805
OK,43,77,910,43,2014-03-22T16:40:00,3,4799892,158805
OK,57,58,910,57,2014-03-22T16:45:00,2,4800341,158805
OK,54,61,910,54,2014-03-22T16:50:00,4,4800790,158805
OK,47,70,910,47,2014-03-22T16:55:00,5,4801239,158805
OK,47,70,910,47,2014-03-22T17:00:00,3,4801688,158805
OK,49,67,910,49,2014-03-22T17:05:00,3,4802137,158805
OK,54,61,910,54,2014-03-22T17:10:00,3,4802586,158805
OK,54,61,910,54,2014-03-22T17:15:00,4,4803035,158805
OK,55,60,910,55,2014-03-22T17:20:00,3,4803484,158805
OK,55,60,910,55,2014-03-22T17:25:00,0,4803932,158805
OK,66,50,910,66,2014-03-22T17:30:00,3,4804381,158805
OK,58,57,910,58,2014-03-22T17:35:00,4,4804830,158805
OK,45,73,910,45,2014-03-22T17:40:00,2,4805279,158805
OK,40,82,910,40,2014-03-22T17:45:00,1,4805728,158805
OK,40,82,910,40,2014-03-22T17:50:00,0,4806177,158805
OK,51,64,910,51,2014-03-22T17:55:00,2,4806626,158805
OK,42,78,910,42,2014-03-22T18:00:00,3,4807075,158805
OK,30,110,910,30,2014-03-22T18:05:00,1,4807524,158805
OK,30,110,910,30,2014-03-22T18:10:00,1,4807973,158805
OK,60,55,910,60,2014-03-22T18:15:00,1,4808422,158805
OK,58,57,910,58,2014-03-22T18:20:00,4,4808871,158805
OK,56,59,910,56,2014-03-22T18:25:00,4,4809320,158805
OK,52,63,910,52,2014-03-22T18:30:00,2,4809769,158805
OK,54,61,910,54,2014-03-22T18:35:00,2,4810218,158805
OK,62,53,910,62,2014-03-22T18:40:00,1,4810667,158805
OK,62,53,910,62,2014-03-22T18:45:00,0,4811116,158805
OK,64,51,910,64,2014-03-22T18:50:00,3,4811565,158805
OK,64,51,910,64,2014-03-22T18:55:00,3,4812014,158805
OK,49,67,910,49,2014-03-22T19:00:00,1,4812463,158805
OK,49,67,910,49,2014-03-22T19:05:00,1,4812912,158805
OK,50,66,910,50,2014-03-22T19:10:00,1,4813361,158805
OK,82,40,910,82,2014-03-22T19:15:00,1,4813810,158805
OK,82,40,910,82,2014-03-22T19:20:00,1,4814259,158805
OK,43,77,910,43,2014-03-22T19:25:00,1,4814708,158805
OK,43,77,910,43,2014-03-22T19:30:00,1,4815157,158805
OK,43,77,910,43,2014-03-22T19:35:00,0,4815606,158805
OK,45,73,910,45,2014-03-22T19:40:00,1,4816055,158805
OK,45,73,910,45,2014-03-22T19:45:00,0,4816504,158805
OK,52,63,910,52,2014-03-22T19:50:00,1,4816953,158805
OK,52,63,910,52,2014-03-22T19:55:00,1,4817402,158805
OK,54,61,910,54,2014-03-22T20:00:00,1,4817851,158805
OK,44,75,910,44,2014-03-22T20:05:00,1,4818300,158805
OK,47,70,910,47,2014-03-23T02:20:00,0,4819448,158805
OK,47,70,910,47,2014-03-23T03:35:00,0,4820948,158805
OK,48,69,910,48,2014-03-23T03:40:00,1,4821397,158805
OK,57,58,910,57,2014-03-23T11:50:00,2,4824661,158805
OK,51,64,910,51,2014-03-24T00:10:00,0,4825354,158805
OK,51,64,910,51,2014-03-24T00:15:00,0,4825803,158805
OK,51,64,910,51,2014-03-24T00:20:00,0,4826252,158805
OK,60,55,910,60,2014-03-24T09:10:00,5,4828001,158805
OK,61,54,910,61,2014-03-24T09:15:00,5,4828431,158805
OK,56,59,910,56,2014-03-24T09:25:00,4,4829262,158805
OK,48,69,910,48,2014-03-24T09:30:00,5,4829711,158805
OK,47,70,910,47,2014-03-24T09:35:00,7,4830160,158805
OK,53,62,910,53,2014-03-24T09:40:00,9,4830609,158805
OK,48,69,910,48,2014-03-24T09:45:00,8,4831058,158805
OK,45,73,910,45,2014-03-24T09:50:00,5,4831507,158805
OK,66,50,910,66,2014-03-24T09:55:00,3,4831956,158805
OK,67,49,910,67,2014-03-24T10:15:00,8,4833154,158805
OK,67,49,910,67,2014-03-24T10:20:00,6,4833601,158805
OK,50,66,910,50,2014-03-24T10:25:00,9,4834050,158805
OK,49,67,910,49,2014-03-24T10:30:00,11,4834499,158805
OK,47,70,910,47,2014-03-24T10:35:00,9,4834948,158805
OK,45,73,910,45,2014-03-24T10:40:00,7,4835397,158805
OK,46,72,910,46,2014-03-24T10:45:00,7,4835846,158805
OK,48,69,910,48,2014-03-24T10:50:00,6,4836295,158805
OK,49,67,910,49,2014-03-24T10:55:00,6,4836744,158805
OK,58,57,910,58,2014-03-24T11:00:00,7,4837193,158805
OK,57,58,910,57,2014-03-24T11:05:00,12,4837642,158805
OK,52,63,910,52,2014-03-24T11:10:00,19,4838091,158805
OK,51,64,910,51,2014-03-24T11:15:00,14,4838540,158805
OK,44,75,910,44,2014-03-24T11:20:00,4,4838989,158805
OK,53,62,910,53,2014-03-24T11:25:00,7,4839438,158805
OK,57,58,910,57,2014-03-24T11:30:00,8,4839887,158805
OK,54,61,910,54,2014-03-24T11:35:00,10,4840336,158805
OK,55,60,910,55,2014-03-24T11:40:00,14,4840785,158805
OK,57,58,910,57,2014-03-24T11:45:00,12,4841234,158805
OK,55,60,910,55,2014-03-24T11:50:00,13,4841683,158805
OK,57,58,910,57,2014-03-24T11:55:00,14,4842132,158805
OK,55,60,910,55,2014-03-24T12:00:00,14,4842581,158805
OK,48,69,910,48,2014-03-24T12:05:00,18,4843030,158805
OK,47,70,910,47,2014-03-24T12:10:00,11,4843479,158805
OK,44,75,910,44,2014-03-24T12:15:00,5,4843928,158805
OK,53,62,910,53,2014-03-24T12:20:00,10,4844377,158805
OK,57,58,910,57,2014-03-24T12:25:00,12,4844826,158805
OK,56,59,910,56,2014-03-24T12:30:00,12,4845275,158805
OK,49,67,910,49,2014-03-24T12:35:00,9,4845724,158805
OK,48,69,910,48,2014-03-24T12:40:00,10,4846173,158805
OK,50,66,910,50,2014-03-24T12:45:00,10,4846622,158805
OK,56,59,910,56,2014-03-24T12:50:00,11,4847071,158805
OK,54,61,910,54,2014-03-24T12:55:00,15,4847520,158805
OK,46,72,910,46,2014-03-24T13:00:00,14,4847969,158805
OK,49,67,910,49,2014-03-24T13:05:00,16,4848418,158805
OK,51,64,910,51,2014-03-24T13:10:00,11,4848867,158805
OK,52,63,910,52,2014-03-24T13:15:00,11,4849316,158805
OK,49,67,910,49,2014-03-24T13:20:00,12,4849765,158805
OK,57,58,910,57,2014-03-24T13:25:00,14,4850214,158805
OK,57,58,910,57,2014-03-24T13:30:00,14,4850663,158805
OK,51,64,910,51,2014-03-24T13:35:00,12,4851112,158805
OK,53,62,910,53,2014-03-24T13:40:00,14,4851561,158805
OK,62,53,910,62,2014-03-24T13:45:00,17,4852010,158805
OK,58,57,910,58,2014-03-24T13:50:00,18,4852459,158805
OK,50,66,910,50,2014-03-24T13:55:00,11,4852908,158805
OK,50,66,910,50,2014-03-24T14:00:00,8,4853357,158805
OK,52,63,910,52,2014-03-24T14:05:00,10,4853806,158805
OK,65,50,910,65,2014-03-24T14:10:00,12,4854255,158805
OK,55,60,910,55,2014-03-24T14:15:00,13,4854704,158805
OK,47,70,910,47,2014-03-24T14:20:00,18,4855153,158805
OK,53,62,910,53,2014-03-24T14:25:00,13,4855602,158805
OK,50,66,910,50,2014-03-24T14:30:00,17,4856051,158805
OK,50,66,910,50,2014-03-24T14:35:00,25,4856500,158805
OK,53,62,910,53,2014-03-24T14:40:00,20,4856949,158805
OK,55,60,910,55,2014-03-24T14:45:00,20,4857398,158805
OK,58,57,910,58,2014-03-24T14:50:00,17,4857847,158805
OK,56,59,910,56,2014-03-24T14:55:00,24,4858296,158805
OK,55,60,910,55,2014-03-24T15:00:00,23,4858745,158805
OK,58,57,910,58,2014-03-24T15:05:00,18,4859194,158805
OK,52,63,910,52,2014-03-24T15:10:00,13,4859643,158805
OK,51,64,910,51,2014-03-24T15:15:00,12,4860092,158805
OK,53,62,910,53,2014-03-24T15:20:00,16,4860541,158805
OK,58,57,910,58,2014-03-24T15:25:00,21,4860990,158805
OK,61,54,910,61,2014-03-24T15:30:00,21,4861439,158805
OK,52,63,910,52,2014-03-24T15:35:00,11,4861888,158805
OK,47,70,910,47,2014-03-24T15:40:00,7,4862337,158805
OK,50,66,910,50,2014-03-24T15:45:00,11,4862786,158805
OK,49,67,910,49,2014-03-24T15:50:00,14,4863235,158805
OK,50,66,910,50,2014-03-24T15:55:00,12,4863684,158805
OK,50,66,910,50,2014-03-24T16:00:00,6,4864133,158805
OK,57,58,910,57,2014-03-24T16:05:00,10,4864582,158805
OK,57,58,910,57,2014-03-24T16:10:00,12,4865031,158805
OK,59,56,910,59,2014-03-24T16:15:00,6,4865480,158805
OK,49,67,910,49,2014-03-24T16:20:00,7,4865929,158805
OK,46,72,910,46,2014-03-24T16:25:00,7,4866378,158805
OK,47,70,910,47,2014-03-24T16:30:00,6,4866827,158805
OK,48,69,910,48,2014-03-24T16:35:00,4,4867276,158805
OK,44,75,910,44,2014-03-24T16:40:00,5,4867725,158805
OK,44,75,910,44,2014-03-24T16:45:00,5,4868174,158805
OK,54,61,910,54,2014-03-24T16:50:00,3,4868623,158805
OK,51,64,910,51,2014-03-24T16:55:00,3,4869072,158805
OK,45,73,910,45,2014-03-24T17:00:00,2,4869521,158805
OK,54,61,910,54,2014-03-24T17:05:00,2,4869970,158805
OK,52,63,910,52,2014-03-24T17:10:00,3,4870419,158805
OK,42,78,910,42,2014-03-24T17:15:00,4,4870868,158805
OK,59,56,910,59,2014-03-24T17:20:00,4,4871317,158805
OK,72,46,910,72,2014-03-24T17:25:00,3,4871766,158805
OK,56,59,910,56,2014-03-24T17:30:00,5,4872215,158805
OK,51,64,910,51,2014-03-24T17:35:00,7,4872664,158805
OK,46,72,910,46,2014-03-24T17:40:00,2,4873113,158805
OK,49,67,910,49,2014-03-24T17:45:00,5,4873562,158805
OK,50,66,910,50,2014-03-24T17:50:00,9,4874011,158805
OK,38,87,910,38,2014-03-24T17:55:00,5,4874460,158805
OK,47,70,910,47,2014-03-24T18:00:00,8,4874909,158805
OK,47,70,910,47,2014-03-24T18:05:00,8,4875358,158805
OK,41,80,910,41,2014-03-24T18:10:00,2,4875807,158805
OK,49,67,910,49,2014-03-24T18:15:00,5,4876256,158805
OK,46,72,910,46,2014-03-24T18:20:00,2,4876705,158805
OK,48,69,910,48,2014-03-24T18:25:00,3,4877154,158805
OK,48,69,910,48,2014-03-24T18:30:00,3,4877603,158805
OK,49,67,910,49,2014-03-24T18:35:00,3,4878052,158805
OK,47,70,910,47,2014-03-24T18:40:00,3,4878501,158805
OK,57,58,910,57,2014-03-24T18:45:00,2,4878950,158805
OK,57,58,910,57,2014-03-24T18:50:00,2,4879399,158805
OK,49,67,910,49,2014-03-24T18:55:00,1,4879848,158805
OK,49,67,910,49,2014-03-24T19:00:00,1,4880297,158805
OK,49,67,910,49,2014-03-24T19:05:00,0,4880746,158805
OK,47,70,910,47,2014-03-24T19:10:00,5,4881195,158805
OK,49,67,910,49,2014-03-24T19:15:00,4,4881644,158805
OK,54,61,910,54,2014-03-24T19:20:00,3,4882093,158805
OK,62,53,910,62,2014-03-24T19:25:00,2,4882542,158805
OK,71,46,910,71,2014-03-24T19:30:00,0,4882991,158805
OK,71,46,910,71,2014-03-24T19:35:00,0,4883440,158805
OK,43,77,910,43,2014-03-24T19:40:00,1,4883889,158805
OK,43,77,910,43,2014-03-24T19:45:00,1,4884338,158805
OK,43,77,910,43,2014-03-24T19:50:00,0,4884787,158805
OK,77,43,910,77,2014-03-24T19:55:00,2,4885236,158805
OK,54,61,910,54,2014-03-24T20:00:00,2,4885685,158805
OK,49,67,910,49,2014-03-24T20:05:00,1,4886134,158805
OK,52,63,910,52,2014-03-24T20:10:00,2,4886583,158805
OK,50,66,910,50,2014-03-24T20:15:00,3,4887032,158805
OK,36,92,910,36,2014-03-24T20:20:00,2,4887481,158805
OK,40,82,910,40,2014-03-24T20:25:00,1,4887930,158805
OK,42,78,910,42,2014-03-24T20:30:00,1,4888379,158805
OK,50,66,910,50,2014-03-24T20:35:00,2,4888828,158805
OK,47,70,910,47,2014-03-24T20:40:00,2,4889277,158805
OK,57,58,910,57,2014-03-24T20:45:00,4,4889726,158805
OK,61,54,910,61,2014-03-24T20:50:00,2,4890175,158805
OK,60,55,910,60,2014-03-24T20:55:00,0,4890624,158805
OK,54,61,910,54,2014-03-24T21:30:00,3,4892960,158805
OK,54,61,910,54,2014-03-24T21:35:00,3,4893398,158805
OK,51,64,910,51,2014-03-24T22:50:00,0,4898880,158805
OK,51,64,910,51,2014-03-24T22:55:00,0,4899282,158805
OK,51,64,910,51,2014-03-24T23:00:00,0,4899665,158805
OK,51,64,910,51,2014-03-24T23:05:00,0,4900114,158805
OK,51,64,910,51,2014-03-24T23:10:00,0,4900563,158805
OK,51,64,910,51,2014-03-24T23:15:00,0,4901012,158805
OK,51,64,910,51,2014-03-24T23:20:00,0,4901461,158805
OK,51,64,910,51,2014-03-24T23:25:00,0,4901910,158805
OK,51,64,910,51,2014-03-24T23:30:00,0,4902359,158805
OK,51,64,910,51,2014-03-24T23:35:00,0,4902808,158805
OK,51,64,910,51,2014-03-24T23:40:00,0,4903257,158805
OK,51,64,910,51,2014-03-24T23:45:00,0,4903706,158805
OK,50,66,910,50,2014-03-24T23:50:00,1,4904155,158805
OK,50,66,910,50,2014-03-24T23:55:00,0,4904604,158805
OK,50,66,910,50,2014-03-25T00:00:00,0,4905053,158805
OK,50,66,910,50,2014-03-25T00:05:00,0,4905502,158805
OK,50,66,910,50,2014-03-25T00:10:00,0,4905951,158805
OK,50,66,910,50,2014-03-25T00:15:00,0,4906400,158805
OK,50,66,910,50,2014-03-25T00:20:00,0,4906849,158805
OK,50,66,910,50,2014-03-25T00:25:00,0,4907298,158805
OK,50,66,910,50,2014-03-25T00:30:00,0,4907747,158805
OK,50,66,910,50,2014-03-25T00:35:00,0,4908196,158805
OK,50,66,910,50,2014-03-25T00:40:00,0,4908645,158805
OK,50,66,910,50,2014-03-25T00:45:00,0,4909094,158805
OK,55,60,910,55,2014-03-25T00:50:00,1,4909543,158805
OK,55,60,910,55,2014-03-25T00:55:00,1,4909992,158805
OK,55,60,910,55,2014-03-25T01:00:00,0,4910441,158805
OK,55,60,910,55,2014-03-25T01:05:00,0,4910890,158805
OK,38,87,910,38,2014-03-25T01:10:00,1,4911339,158805
OK,55,60,910,55,2014-03-25T01:15:00,0,4911788,158805
OK,55,60,910,55,2014-03-25T01:20:00,0,4912237,158805
OK,55,60,910,55,2014-03-25T01:25:00,0,4912686,158805
OK,55,60,910,55,2014-03-25T01:30:00,0,4913135,158805
OK,55,60,910,55,2014-03-25T01:35:00,0,4913584,158805
OK,55,60,910,55,2014-03-25T01:40:00,0,4914033,158805
OK,55,60,910,55,2014-03-25T01:45:00,0,4914482,158805
OK,55,60,910,55,2014-03-25T01:50:00,0,4914931,158805
OK,55,60,910,55,2014-03-25T01:55:00,0,4915380,158805
OK,55,60,910,55,2014-03-25T02:00:00,0,4915829,158805
OK,55,60,910,55,2014-03-25T02:05:00,0,4916278,158805
OK,55,60,910,55,2014-03-25T02:10:00,0,4916727,158805
OK,55,60,910,55,2014-03-25T02:15:00,0,4917176,158805
OK,55,60,910,55,2014-03-25T02:20:00,0,4917625,158805
OK,55,60,910,55,2014-03-25T02:25:00,0,4918074,158805
OK,55,60,910,55,2014-03-25T02:30:00,0,4918523,158805
OK,55,60,910,55,2014-03-25T02:35:00,0,4918972,158805
OK,55,60,910,55,2014-03-25T02:40:00,0,4919421,158805
OK,55,60,910,55,2014-03-25T02:45:00,0,4919870,158805
OK,55,60,910,55,2014-03-25T02:50:00,0,4920319,158805
OK,55,60,910,55,2014-03-25T02:55:00,0,4920768,158805
OK,41,80,910,41,2014-03-25T03:00:00,1,4921217,158805
OK,41,80,910,41,2014-03-25T03:05:00,0,4921666,158805
OK,41,80,910,41,2014-03-25T03:10:00,0,4922115,158805
OK,41,80,910,41,2014-03-25T03:15:00,0,4922564,158805
OK,41,80,910,41,2014-03-25T03:20:00,0,4923013,158805
OK,41,80,910,41,2014-03-25T03:25:00,0,4923462,158805
OK,41,80,910,41,2014-03-25T03:30:00,0,4923911,158805
OK,41,80,910,41,2014-03-25T03:35:00,0,4924360,158805
OK,41,80,910,41,2014-03-25T03:40:00,0,4924809,158805
OK,41,80,910,41,2014-03-25T03:45:00,0,4925258,158805
OK,41,80,910,41,2014-03-25T03:50:00,0,4925707,158805
OK,53,62,910,53,2014-03-25T03:55:00,0,4926156,158805
OK,53,62,910,53,2014-03-25T04:00:00,0,4926605,158805
OK,53,62,910,53,2014-03-25T04:05:00,0,4927054,158805
OK,53,62,910,53,2014-03-25T04:10:00,0,4927503,158805
OK,53,62,910,53,2014-03-25T04:15:00,0,4927952,158805
OK,53,62,910,53,2014-03-25T04:20:00,0,4928401,158805
OK,47,70,910,47,2014-03-25T04:25:00,1,4928850,158805
OK,47,70,910,47,2014-03-25T04:30:00,0,4929299,158805
OK,54,61,910,54,2014-03-25T04:35:00,2,4929748,158805
OK,54,61,910,54,2014-03-25T04:40:00,2,4930197,158805
OK,47,70,910,47,2014-03-25T04:45:00,1,4930646,158805
OK,47,70,910,47,2014-03-25T04:50:00,1,4931095,158805
OK,44,75,910,44,2014-03-25T04:55:00,1,4931544,158805
OK,60,55,910,60,2014-03-25T05:00:00,1,4931993,158805
OK,61,54,910,61,2014-03-25T05:05:00,3,4932442,158805
OK,93,35,910,93,2014-03-25T05:10:00,2,4932891,158805
OK,44,75,910,44,2014-03-25T05:15:00,1,4933340,158805
OK,51,64,910,51,2014-03-25T05:20:00,2,4933789,158805
OK,55,60,910,55,2014-03-25T05:25:00,2,4934238,158805
OK,55,60,910,55,2014-03-25T05:30:00,5,4934687,158805
OK,55,60,910,55,2014-03-25T05:35:00,5,4935136,158805
OK,67,49,910,67,2014-03-25T05:40:00,2,4935585,158805
OK,72,46,910,72,2014-03-25T05:45:00,2,4936034,158805
OK,48,69,910,48,2014-03-25T05:50:00,4,4936483,158805
OK,45,73,910,45,2014-03-25T05:55:00,6,4936932,158805
OK,45,73,910,45,2014-03-25T06:00:00,8,4937381,158805
OK,51,64,910,51,2014-03-25T06:05:00,8,4937830,158805
OK,54,61,910,54,2014-03-25T06:10:00,8,4938279,158805
OK,53,62,910,53,2014-03-25T06:15:00,7,4938728,158805
OK,51,64,910,51,2014-03-25T06:20:00,5,4939177,158805
OK,53,62,910,53,2014-03-25T06:25:00,4,4939626,158805
OK,55,60,910,55,2014-03-25T06:30:00,3,4940075,158805
OK,57,58,910,57,2014-03-25T06:35:00,5,4940524,158805
OK,59,56,910,59,2014-03-25T06:40:00,5,4940973,158805
OK,51,64,910,51,2014-03-25T06:45:00,8,4941422,158805
OK,53,62,910,53,2014-03-25T06:50:00,7,4941871,158805
OK,60,55,910,60,2014-03-25T06:55:00,7,4942320,158805
OK,69,48,910,69,2014-03-25T07:00:00,7,4942769,158805
OK,68,48,910,68,2014-03-25T07:05:00,9,4943218,158805
OK,60,55,910,60,2014-03-25T07:10:00,9,4943667,158805
OK,61,54,910,61,2014-03-25T07:15:00,8,4944116,158805
OK,50,66,910,50,2014-03-25T07:20:00,9,4944565,158805
OK,43,77,910,43,2014-03-25T07:25:00,5,4945014,158805
OK,51,64,910,51,2014-03-25T07:30:00,3,4945463,158805
OK,51,64,910,51,2014-03-25T07:35:00,2,4945912,158805
OK,51,64,910,51,2014-03-25T07:40:00,0,4946361,158805
OK,59,56,910,59,2014-03-25T07:45:00,11,4946810,158805
OK,61,54,910,61,2014-03-25T07:50:00,6,4947259,158805
OK,56,59,910,56,2014-03-25T07:55:00,5,4947708,158805
OK,58,57,910,58,2014-03-25T08:00:00,5,4948157,158805
OK,56,59,910,56,2014-03-25T08:05:00,8,4948606,158805
OK,53,62,910,53,2014-03-25T08:10:00,8,4949055,158805
OK,53,62,910,53,2014-03-25T08:15:00,8,4949504,158805
OK,53,62,910,53,2014-03-25T08:20:00,5,4949953,158805
OK,47,70,910,47,2014-03-25T08:25:00,5,4950402,158805
OK,53,62,910,53,2014-03-25T08:30:00,6,4950851,158805
OK,52,63,910,52,2014-03-25T08:35:00,4,4951300,158805
OK,46,72,910,46,2014-03-25T08:40:00,5,4951749,158805
OK,56,59,910,56,2014-03-25T08:45:00,8,4952198,158805
OK,59,56,910,59,2014-03-25T08:50:00,8,4952647,158805
OK,60,55,910,60,2014-03-25T08:55:00,4,4953096,158805
OK,48,69,910,48,2014-03-25T09:00:00,2,4953545,158805
OK,47,70,910,47,2014-03-25T09:05:00,6,4953994,158805
OK,47,70,910,47,2014-03-25T09:10:00,8,4954443,158805
OK,54,61,910,54,2014-03-25T09:15:00,3,4954892,158805
OK,55,60,910,55,2014-03-25T09:20:00,10,4955341,158805
OK,55,60,910,55,2014-03-25T09:25:00,11,4955790,158805
OK,55,60,910,55,2014-03-25T09:30:00,8,4956239,158805
OK,55,60,910,55,2014-03-25T09:35:00,8,4956688,158805
OK,52,63,910,52,2014-03-25T09:40:00,3,4957137,158805
OK,50,66,910,50,2014-03-25T09:45:00,10,4957586,158805
OK,51,64,910,51,2014-03-25T09:50:00,11,4958035,158805
OK,59,56,910,59,2014-03-25T09:55:00,8,4958484,158805
OK,58,57,910,58,2014-03-25T10:00:00,6,4958933,158805
OK,53,62,910,53,2014-03-25T10:05:00,6,4959382,158805
OK,55,60,910,55,2014-03-25T10:10:00,8,4959831,158805
OK,57,58,910,57,2014-03-25T10:15:00,5,4960280,158805
OK,45,73,910,45,2014-03-25T10:20:00,6,4960729,158805
OK,49,67,910,49,2014-03-25T10:25:00,8,4961178,158805
OK,46,72,910,46,2014-03-25T10:30:00,6,4961627,158805
OK,48,69,910,48,2014-03-25T10:35:00,10,4962076,158805
OK,58,57,910,58,2014-03-25T10:40:00,7,4962525,158805
OK,50,66,910,50,2014-03-25T10:45:00,5,4962974,158805
OK,51,64,910,51,2014-03-25T10:50:00,5,4963423,158805
OK,65,50,910,65,2014-03-25T10:55:00,4,4963872,158805
OK,50,66,910,50,2014-03-25T11:00:00,8,4964321,158805
OK,52,63,910,52,2014-03-25T11:05:00,7,4964770,158805
OK,53,62,910,53,2014-03-25T11:10:00,8,4965219,158805
OK,54,61,910,54,2014-03-25T11:15:00,13,4965668,158805
OK,55,60,910,55,2014-03-25T11:20:00,12,4966117,158805
OK,55,60,910,55,2014-03-25T11:25:00,4,4966566,158805
OK,65,50,910,65,2014-03-25T11:30:00,5,4967015,158805
OK,61,54,910,61,2014-03-25T11:35:00,6,4967464,158805
OK,53,62,910,53,2014-03-25T11:40:00,5,4967913,158805
OK,52,63,910,52,2014-03-25T11:45:00,6,4968362,158805
OK,69,48,910,69,2014-03-25T11:50:00,9,4968811,158805
OK,58,57,910,58,2014-03-25T11:55:00,11,4969260,158805
OK,57,58,910,57,2014-03-25T12:00:00,7,4969709,158805
OK,60,55,910,60,2014-03-25T12:05:00,11,4970158,158805
OK,59,56,910,59,2014-03-25T12:10:00,14,4970607,158805
OK,49,67,910,49,2014-03-25T12:15:00,12,4971056,158805
OK,48,69,910,48,2014-03-25T12:20:00,9,4971505,158805
OK,53,62,910,53,2014-03-25T12:25:00,8,4971954,158805
OK,57,58,910,57,2014-03-25T12:30:00,14,4972403,158805
OK,57,58,910,57,2014-03-25T12:35:00,13,4972852,158805
OK,54,61,910,54,2014-03-25T12:40:00,11,4973301,158805
OK,54,61,910,54,2014-03-25T12:45:00,11,4973750,158805
OK,72,46,910,72,2014-03-25T12:50:00,10,4974199,158805
OK,66,50,910,66,2014-03-25T12:55:00,16,4974648,158805
OK,62,53,910,62,2014-03-25T13:00:00,14,4975097,158805
OK,49,67,910,49,2014-03-25T13:05:00,5,4975546,158805
OK,51,64,910,51,2014-03-25T13:10:00,11,4975995,158805
OK,51,64,910,51,2014-03-25T13:15:00,15,4976444,158805
OK,53,62,910,53,2014-03-25T13:20:00,12,4976893,158805
OK,54,61,910,54,2014-03-25T13:25:00,16,4977341,158805
OK,54,61,910,54,2014-03-25T13:30:00,12,4977790,158805
OK,49,67,910,49,2014-03-25T13:35:00,7,4978239,158805
OK,55,60,910,55,2014-03-25T13:40:00,9,4978688,158805
OK,55,60,910,55,2014-03-25T13:45:00,13,4979137,158805
OK,54,61,910,54,2014-03-25T13:50:00,10,4979586,158805
OK,53,62,910,53,2014-03-25T13:55:00,8,4980035,158805
OK,50,66,910,50,2014-03-25T14:00:00,10,4980484,158805
OK,52,63,910,52,2014-03-25T14:05:00,13,4980933,158805
OK,64,51,910,64,2014-03-25T14:10:00,14,4981382,158805
OK,59,56,910,59,2014-03-25T14:15:00,18,4981831,158805
OK,56,59,910,56,2014-03-25T14:20:00,15,4982280,158805
OK,55,60,910,55,2014-03-25T14:25:00,12,4982729,158805
OK,56,59,910,56,2014-03-25T14:30:00,19,4983178,158805
OK,56,59,910,56,2014-03-25T14:35:00,22,4983627,158805
OK,56,59,910,56,2014-03-25T14:40:00,20,4984076,158805
OK,82,40,910,82,2014-03-25T14:45:00,25,4984525,158805
OK,81,40,910,81,2014-03-25T14:50:00,24,4984974,158805
OK,58,57,910,58,2014-03-25T14:55:00,15,4985423,158805
OK,57,58,910,57,2014-03-25T15:00:00,14,4985872,158805
OK,54,61,910,54,2014-03-25T15:05:00,12,4986321,158805
OK,56,59,910,56,2014-03-25T15:10:00,13,4986770,158805
OK,62,53,910,62,2014-03-25T15:15:00,26,4987219,158805
OK,56,59,910,56,2014-03-25T15:20:00,24,4987668,158805
OK,51,64,910,51,2014-03-25T15:25:00,13,4988117,158805
OK,55,60,910,55,2014-03-25T15:30:00,12,4988566,158805
OK,49,67,910,49,2014-03-25T15:35:00,10,4989015,158805
OK,49,67,910,49,2014-03-25T15:40:00,8,4989464,158805
OK,56,59,910,56,2014-03-25T15:45:00,9,4989913,158805
OK,61,54,910,61,2014-03-25T15:50:00,13,4990362,158805
OK,58,57,910,58,2014-03-25T15:55:00,13,4990811,158805
OK,58,57,910,58,2014-03-25T16:00:00,12,4991260,158805
OK,53,62,910,53,2014-03-25T16:05:00,7,4991709,158805
OK,63,52,910,63,2014-03-25T16:10:00,2,4992158,158805
OK,60,55,910,60,2014-03-25T16:15:00,5,4992607,158805
OK,54,61,910,54,2014-03-25T16:20:00,6,4993056,158805
OK,53,62,910,53,2014-03-25T16:25:00,1,4993505,158805
OK,61,54,910,61,2014-03-25T16:30:00,2,4993954,158805
OK,70,47,910,70,2014-03-25T16:35:00,3,4994403,158805
OK,57,58,910,57,2014-03-25T16:40:00,8,4994852,158805
OK,55,60,910,55,2014-03-25T16:45:00,11,4995301,158805
OK,59,56,910,59,2014-03-25T16:50:00,6,4995750,158805
OK,65,50,910,65,2014-03-25T16:55:00,4,4996199,158805
OK,67,49,910,67,2014-03-25T17:00:00,3,4996648,158805
OK,53,62,910,53,2014-03-25T17:05:00,3,4997097,158805
OK,52,63,910,52,2014-03-25T17:10:00,4,4997546,158805
OK,53,62,910,53,2014-03-25T17:15:00,8,4997995,158805
OK,48,69,910,48,2014-03-25T17:20:00,8,4998444,158805
OK,54,61,910,54,2014-03-25T17:25:00,8,4998893,158805
OK,55,60,910,55,2014-03-25T17:30:00,10,4999342,158805
OK,50,66,910,50,2014-03-25T17:35:00,4,4999791,158805
OK,63,52,910,63,2014-03-25T17:40:00,1,5000240,158805
OK,58,57,910,58,2014-03-25T17:45:00,2,5000689,158805
OK,51,64,910,51,2014-03-25T17:50:00,2,5001138,158805
OK,56,59,910,56,2014-03-25T17:55:00,2,5001587,158805
OK,54,61,910,54,2014-03-25T18:00:00,4,5002036,158805
OK,52,63,910,52,2014-03-25T18:05:00,7,5002485,158805
OK,55,60,910,55,2014-03-25T18:10:00,8,5002934,158805
OK,65,50,910,65,2014-03-25T18:15:00,3,5003383,158805
OK,66,50,910,66,2014-03-25T18:20:00,0,5003832,158805
OK,52,63,910,52,2014-03-25T18:25:00,1,5004281,158805
OK,53,62,910,53,2014-03-25T18:30:00,1,5004730,158805
OK,53,62,910,53,2014-03-25T18:35:00,2,5005179,158805
OK,46,72,910,46,2014-03-25T18:40:00,3,5005628,158805
OK,44,75,910,44,2014-03-25T18:45:00,5,5006077,158805
OK,53,62,910,53,2014-03-25T18:50:00,5,5006526,158805
OK,57,58,910,57,2014-03-25T18:55:00,4,5006975,158805
OK,47,70,910,47,2014-03-25T19:00:00,3,5007424,158805
OK,50,66,910,50,2014-03-25T19:05:00,2,5007873,158805
OK,54,61,910,54,2014-03-25T19:10:00,2,5008322,158805
OK,52,63,910,52,2014-03-25T19:15:00,1,5008771,158805
OK,52,63,910,52,2014-03-25T19:20:00,0,5009220,158805
OK,52,63,910,52,2014-03-25T19:25:00,2,5009669,158805
OK,51,64,910,51,2014-03-25T19:30:00,3,5010118,158805
OK,46,72,910,46,2014-03-25T19:35:00,2,5010567,158805
OK,68,48,910,68,2014-03-25T19:40:00,2,5011016,158805
OK,91,36,910,91,2014-03-25T19:45:00,1,5011465,158805
OK,45,73,910,45,2014-03-25T19:50:00,1,5011914,158805
OK,45,73,910,45,2014-03-25T19:55:00,3,5012363,158805
OK,41,80,910,41,2014-03-25T20:00:00,3,5012812,158805
OK,43,77,910,43,2014-03-25T20:05:00,2,5013261,158805
OK,46,72,910,46,2014-03-25T20:10:00,1,5013710,158805
OK,45,73,910,45,2014-03-25T20:15:00,1,5014159,158805
OK,43,77,910,43,2014-03-25T20:20:00,2,5014608,158805
OK,48,69,910,48,2014-03-25T20:25:00,1,5015057,158805
OK,57,58,910,57,2014-03-25T20:30:00,1,5015506,158805
OK,52,63,910,52,2014-03-25T20:35:00,2,5015955,158805
OK,58,57,910,58,2014-03-25T20:40:00,3,5016404,158805
OK,45,73,910,45,2014-03-25T20:45:00,4,5016853,158805
OK,44,75,910,44,2014-03-25T20:50:00,2,5017302,158805
OK,63,52,910,63,2014-03-25T20:55:00,2,5017751,158805
OK,53,62,910,53,2014-03-25T23:00:00,0,5025825,158805
OK,53,62,910,53,2014-03-25T23:05:00,0,5026231,158805
OK,45,73,910,45,2014-03-26T01:00:00,0,5034241,158805
OK,45,73,910,45,2014-03-26T01:05:00,0,5034690,158805
OK,45,73,910,45,2014-03-26T01:10:00,0,5035139,158805
OK,45,73,910,45,2014-03-26T01:15:00,0,5035588,158805
OK,45,73,910,45,2014-03-26T01:20:00,0,5036037,158805
OK,45,73,910,45,2014-03-26T01:25:00,0,5036486,158805
OK,45,73,910,45,2014-03-26T01:30:00,0,5036935,158805
OK,45,73,910,45,2014-03-26T01:35:00,0,5037384,158805
OK,45,73,910,45,2014-03-26T01:40:00,0,5037833,158805
OK,45,73,910,45,2014-03-26T01:45:00,0,5038282,158805
OK,45,73,910,45,2014-03-26T01:50:00,0,5038731,158805
OK,45,73,910,45,2014-03-26T01:55:00,0,5039180,158805
OK,45,73,910,45,2014-03-26T02:00:00,0,5039629,158805
OK,45,73,910,45,2014-03-26T02:05:00,0,5040078,158805
OK,45,73,910,45,2014-03-26T02:10:00,0,5040527,158805
OK,45,73,910,45,2014-03-26T02:15:00,0,5040976,158805
OK,45,73,910,45,2014-03-26T02:20:00,0,5041425,158805
OK,45,73,910,45,2014-03-26T02:25:00,0,5041874,158805
OK,45,73,910,45,2014-03-26T02:30:00,0,5042323,158805
OK,45,73,910,45,2014-03-26T02:35:00,0,5042772,158805
OK,45,73,910,45,2014-03-26T02:40:00,0,5043221,158805
OK,45,73,910,45,2014-03-26T02:45:00,0,5043670,158805
OK,45,73,910,45,2014-03-26T02:50:00,0,5044119,158805
OK,45,73,910,45,2014-03-26T02:55:00,0,5044568,158805
OK,45,73,910,45,2014-03-26T03:00:00,0,5045017,158805
OK,48,69,910,48,2014-03-26T03:05:00,0,5045466,158805
OK,48,69,910,48,2014-03-26T03:10:00,0,5045915,158805
OK,48,69,910,48,2014-03-26T03:15:00,0,5046364,158805
OK,48,69,910,48,2014-03-26T03:20:00,0,5046813,158805
OK,48,69,910,48,2014-03-26T03:25:00,0,5047262,158805
OK,48,69,910,48,2014-03-26T03:30:00,0,5047711,158805
OK,48,69,910,48,2014-03-26T03:35:00,0,5048160,158805
OK,48,69,910,48,2014-03-26T03:40:00,0,5048609,158805
OK,48,69,910,48,2014-03-26T03:45:00,0,5049058,158805
OK,48,69,910,48,2014-03-26T03:50:00,0,5049507,158805
OK,48,69,910,48,2014-03-26T03:55:00,0,5049956,158805
OK,37,89,910,37,2014-03-26T04:00:00,2,5050405,158805
OK,37,89,910,37,2014-03-26T04:05:00,2,5050854,158805
OK,37,89,910,37,2014-03-26T04:10:00,0,5051303,158805
OK,37,89,910,37,2014-03-26T04:15:00,0,5051752,158805
OK,37,89,910,37,2014-03-26T04:20:00,0,5052201,158805
OK,37,89,910,37,2014-03-26T04:25:00,0,5052650,158805
OK,37,89,910,37,2014-03-26T04:30:00,0,5053099,158805
OK,70,47,910,70,2014-03-26T04:35:00,1,5053548,158805
OK,55,60,910,55,2014-03-26T04:40:00,2,5053997,158805
OK,48,69,910,48,2014-03-26T04:45:00,3,5054446,158805
OK,48,69,910,48,2014-03-26T04:50:00,3,5054895,158805
OK,55,60,910,55,2014-03-26T04:55:00,3,5055344,158805
OK,57,58,910,57,2014-03-26T05:00:00,4,5055793,158805
OK,62,53,910,62,2014-03-26T05:05:00,1,5056242,158805
OK,62,53,910,62,2014-03-26T05:10:00,0,5056691,158805
OK,55,60,910,55,2014-03-26T05:15:00,2,5057140,158805
OK,52,63,910,52,2014-03-26T05:20:00,3,5057589,158805
OK,52,63,910,52,2014-03-26T05:25:00,1,5058038,158805
OK,75,44,910,75,2014-03-26T05:30:00,1,5058487,158805
OK,47,70,910,47,2014-03-26T05:35:00,4,5058936,158805
OK,65,50,910,65,2014-03-26T05:40:00,2,5059385,158805
OK,56,59,910,56,2014-03-26T05:45:00,4,5059834,158805
OK,52,63,910,52,2014-03-26T05:50:00,5,5060283,158805
OK,52,63,910,52,2014-03-26T05:55:00,3,5060732,158805
OK,58,57,910,58,2014-03-26T06:00:00,5,5061181,158805
OK,60,55,910,60,2014-03-26T06:05:00,4,5061630,158805
OK,36,92,910,36,2014-03-26T06:10:00,1,5062079,158805
OK,47,70,910,47,2014-03-26T06:15:00,5,5062528,158805
OK,54,61,910,54,2014-03-26T06:20:00,6,5062977,158805
OK,54,61,910,54,2014-03-26T06:25:00,6,5063426,158805
OK,54,61,910,54,2014-03-26T06:30:00,8,5063875,158805
OK,73,45,910,73,2014-03-26T06:35:00,10,5064324,158805
OK,58,57,910,58,2014-03-26T06:40:00,12,5064773,158805
OK,53,62,910,53,2014-03-26T06:45:00,9,5065222,158805
OK,52,63,910,52,2014-03-26T06:50:00,4,5065671,158805
OK,50,66,910,50,2014-03-26T06:55:00,2,5066120,158805
OK,50,66,910,50,2014-03-26T07:00:00,4,5066569,158805
OK,51,64,910,51,2014-03-26T07:05:00,7,5067018,158805
OK,49,67,910,49,2014-03-26T07:10:00,6,5067467,158805
OK,56,59,910,56,2014-03-26T07:15:00,6,5067916,158805
OK,61,54,910,61,2014-03-26T07:20:00,6,5068365,158805
OK,54,61,910,54,2014-03-26T07:25:00,6,5068814,158805
OK,53,62,910,53,2014-03-26T07:30:00,4,5069263,158805
OK,48,69,910,48,2014-03-26T07:35:00,0,5069712,158805
OK,61,54,910,61,2014-03-26T07:40:00,3,5070161,158805
OK,60,55,910,60,2014-03-26T07:45:00,4,5070610,158805
OK,54,61,910,54,2014-03-26T07:50:00,7,5071059,158805
OK,49,67,910,49,2014-03-26T07:55:00,3,5071508,158805
OK,58,57,910,58,2014-03-26T08:00:00,6,5071957,158805
OK,58,57,910,58,2014-03-26T08:05:00,6,5072406,158805
OK,46,72,910,46,2014-03-26T08:10:00,3,5072855,158805
OK,50,66,910,50,2014-03-26T08:15:00,8,5073304,158805
OK,50,66,910,50,2014-03-26T08:20:00,7,5073753,158805
OK,50,66,910,50,2014-03-26T08:25:00,10,5074202,158805
OK,49,67,910,49,2014-03-26T08:30:00,8,5074651,158805
OK,52,63,910,52,2014-03-26T08:35:00,5,5075100,158805
OK,53,62,910,53,2014-03-26T08:40:00,2,5075549,158805
OK,51,64,910,51,2014-03-26T08:45:00,2,5075998,158805
OK,61,54,910,61,2014-03-26T08:50:00,3,5076447,158805
OK,51,64,910,51,2014-03-26T08:55:00,5,5076896,158805
OK,50,66,910,50,2014-03-26T09:00:00,5,5077345,158805
OK,48,69,910,48,2014-03-26T09:05:00,5,5077794,158805
OK,48,69,910,48,2014-03-26T09:10:00,5,5078243,158805
OK,47,70,910,47,2014-03-26T09:15:00,9,5078692,158805
OK,49,67,910,49,2014-03-26T09:20:00,16,5079141,158805
OK,55,60,910,55,2014-03-26T09:25:00,10,5079590,158805
OK,61,54,910,61,2014-03-26T09:30:00,7,5080039,158805
OK,61,54,910,61,2014-03-26T09:35:00,8,5080488,158805
OK,52,63,910,52,2014-03-26T09:40:00,4,5080937,158805
OK,50,66,910,50,2014-03-26T09:45:00,4,5081386,158805
OK,53,62,910,53,2014-03-26T09:50:00,6,5081835,158805
OK,51,64,910,51,2014-03-26T09:55:00,7,5082284,158805
OK,50,66,910,50,2014-03-26T10:00:00,4,5082733,158805
OK,51,64,910,51,2014-03-26T10:05:00,3,5083182,158805
OK,49,67,910,49,2014-03-26T10:10:00,7,5083631,158805
OK,51,64,910,51,2014-03-26T10:15:00,9,5084080,158805
OK,51,64,910,51,2014-03-26T10:20:00,13,5084529,158805
OK,50,66,910,50,2014-03-26T10:25:00,12,5084978,158805
OK,47,70,910,47,2014-03-26T10:30:00,4,5085427,158805
OK,54,61,910,54,2014-03-26T10:35:00,6,5085876,158805
OK,55,60,910,55,2014-03-26T10:40:00,6,5086325,158805
OK,53,62,910,53,2014-03-26T10:45:00,4,5086774,158805
OK,56,59,910,56,2014-03-26T10:50:00,3,5087223,158805
OK,69,48,910,69,2014-03-26T10:55:00,4,5087672,158805
OK,80,41,910,80,2014-03-26T11:00:00,7,5088121,158805
OK,52,63,910,52,2014-03-26T11:05:00,11,5088570,158805
OK,52,63,910,52,2014-03-26T11:10:00,13,5089019,158805
OK,55,60,910,55,2014-03-26T11:15:00,8,5089468,158805
OK,55,60,910,55,2014-03-26T11:20:00,5,5089917,158805
OK,52,63,910,52,2014-03-26T11:25:00,7,5090366,158805
OK,46,72,910,46,2014-03-26T11:30:00,6,5090815,158805
OK,46,72,910,46,2014-03-26T11:35:00,11,5091264,158805
OK,49,67,910,49,2014-03-26T11:40:00,14,5091713,158805
OK,54,61,910,54,2014-03-26T11:45:00,10,5092162,158805
OK,52,63,910,52,2014-03-26T11:50:00,12,5092611,158805
OK,47,70,910,47,2014-03-26T11:55:00,10,5093060,158805
OK,54,61,910,54,2014-03-26T12:00:00,10,5093509,158805
OK,57,58,910,57,2014-03-26T12:05:00,10,5093958,158805
OK,53,62,910,53,2014-03-26T12:10:00,5,5094407,158805
OK,46,72,910,46,2014-03-26T12:15:00,5,5094856,158805
OK,48,69,910,48,2014-03-26T12:20:00,11,5095305,158805
OK,50,66,910,50,2014-03-26T12:25:00,16,5095754,158805
OK,53,62,910,53,2014-03-26T12:30:00,11,5096203,158805
OK,53,62,910,53,2014-03-26T12:35:00,5,5096652,158805
OK,57,58,910,57,2014-03-26T12:40:00,7,5097101,158805
OK,58,57,910,58,2014-03-26T12:45:00,14,5097550,158805
OK,55,60,910,55,2014-03-26T12:50:00,18,5097999,158805
OK,53,62,910,53,2014-03-26T12:55:00,15,5098448,158805
OK,47,70,910,47,2014-03-26T13:00:00,11,5098897,158805
OK,49,67,910,49,2014-03-26T13:05:00,10,5099346,158805
OK,51,64,910,51,2014-03-26T13:10:00,10,5099795,158805
OK,50,66,910,50,2014-03-26T13:15:00,11,5100244,158805
OK,49,67,910,49,2014-03-26T13:20:00,13,5100693,158805
OK,50,66,910,50,2014-03-26T13:25:00,13,5101142,158805
OK,50,66,910,50,2014-03-26T13:30:00,8,5101591,158805
OK,52,63,910,52,2014-03-26T13:35:00,7,5102040,158805
OK,52,63,910,52,2014-03-26T13:40:00,10,5102489,158805
OK,57,58,910,57,2014-03-26T13:50:00,16,5102938,158805
OK,51,64,910,51,2014-03-26T13:55:00,16,5103387,158805
OK,50,66,910,50,2014-03-26T14:00:00,11,5103836,158805
OK,44,75,910,44,2014-03-26T14:05:00,11,5104285,158805
OK,52,63,910,52,2014-03-26T14:10:00,15,5104734,158805
OK,54,61,910,54,2014-03-26T14:15:00,17,5105183,158805
OK,54,61,910,54,2014-03-26T14:20:00,21,5105632,158805
OK,53,62,910,53,2014-03-26T14:25:00,19,5106081,158805
OK,54,61,910,54,2014-03-26T14:30:00,24,5106530,158805
OK,60,55,910,60,2014-03-26T14:35:00,23,5106979,158805
OK,54,61,910,54,2014-03-26T14:40:00,11,5107428,158805
OK,54,61,910,54,2014-03-26T14:45:00,9,5107877,158805
OK,55,60,910,55,2014-03-26T14:50:00,14,5108326,158805
OK,55,60,910,55,2014-03-26T14:55:00,17,5108775,158805
OK,52,63,910,52,2014-03-26T15:00:00,11,5109224,158805
OK,52,63,910,52,2014-03-26T15:05:00,9,5109673,158805
OK,51,64,910,51,2014-03-26T15:10:00,12,5110122,158805
OK,61,54,910,61,2014-03-26T15:15:00,21,5110571,158805
OK,64,51,910,64,2014-03-26T15:20:00,18,5111020,158805
OK,54,61,910,54,2014-03-26T15:25:00,10,5111469,158805
OK,49,67,910,49,2014-03-26T15:30:00,16,5111918,158805
OK,47,70,910,47,2014-03-26T15:35:00,14,5112367,158805
OK,52,63,910,52,2014-03-26T15:40:00,11,5112816,158805
OK,49,67,910,49,2014-03-26T15:45:00,11,5113265,158805
OK,49,67,910,49,2014-03-26T15:50:00,11,5113714,158805
OK,53,62,910,53,2014-03-26T15:55:00,7,5114163,158805
OK,47,70,910,47,2014-03-26T16:00:00,8,5114612,158805
OK,49,67,910,49,2014-03-26T16:05:00,7,5115061,158805
OK,54,61,910,54,2014-03-26T16:10:00,8,5115510,158805
OK,59,56,910,59,2014-03-26T16:15:00,9,5115959,158805
OK,63,52,910,63,2014-03-26T16:20:00,6,5116408,158805
OK,54,61,910,54,2014-03-26T16:25:00,7,5116857,158805
OK,45,73,910,45,2014-03-26T16:30:00,7,5117306,158805
OK,45,73,910,45,2014-03-26T16:35:00,3,5117755,158805
OK,50,66,910,50,2014-03-26T16:40:00,4,5118204,158805
OK,45,73,910,45,2014-03-26T16:45:00,3,5118653,158805
OK,45,73,910,45,2014-03-26T16:50:00,1,5119102,158805
OK,49,67,910,49,2014-03-26T16:55:00,3,5119551,158805
OK,41,80,910,41,2014-03-26T17:00:00,4,5120000,158805
OK,41,80,910,41,2014-03-26T17:05:00,4,5120449,158805
OK,44,75,910,44,2014-03-26T17:10:00,1,5120898,158805
OK,45,73,910,45,2014-03-26T17:15:00,2,5121347,158805
OK,45,73,910,45,2014-03-26T17:20:00,2,5121796,158805
OK,48,69,910,48,2014-03-26T17:25:00,4,5122245,158805
OK,48,69,910,48,2014-03-26T17:30:00,12,5122694,158805
OK,47,70,910,47,2014-03-26T17:35:00,8,5123143,158805
OK,49,67,910,49,2014-03-26T17:40:00,3,5123592,158805
OK,49,67,910,49,2014-03-26T17:45:00,4,5124041,158805
OK,50,66,910,50,2014-03-26T17:50:00,5,5124490,158805
OK,45,73,910,45,2014-03-26T17:55:00,2,5124939,158805
OK,39,84,910,39,2014-03-26T18:00:00,1,5125388,158805
OK,53,62,910,53,2014-03-26T18:05:00,3,5125837,158805
OK,44,75,910,44,2014-03-26T18:10:00,6,5126286,158805
OK,42,78,910,42,2014-03-26T18:15:00,2,5126735,158805
OK,39,84,910,39,2014-03-26T18:20:00,1,5127184,158805
OK,59,56,910,59,2014-03-26T18:25:00,3,5127633,158805
OK,59,56,910,59,2014-03-26T18:30:00,3,5128082,158805
OK,44,75,910,44,2014-03-26T18:35:00,2,5128531,158805
OK,46,72,910,46,2014-03-26T18:40:00,3,5128980,158805
OK,51,64,910,51,2014-03-26T18:45:00,8,5129429,158805
OK,52,63,910,52,2014-03-26T18:50:00,7,5129878,158805
OK,49,67,910,49,2014-03-26T18:55:00,2,5130327,158805
OK,50,66,910,50,2014-03-26T19:00:00,9,5130776,158805
OK,50,66,910,50,2014-03-26T19:05:00,9,5131225,158805
OK,40,82,910,40,2014-03-26T19:10:00,5,5131674,158805
OK,39,84,910,39,2014-03-26T19:15:00,4,5132123,158805
OK,51,64,910,51,2014-03-26T19:20:00,1,5132572,158805
OK,64,51,910,64,2014-03-26T19:25:00,2,5133021,158805
OK,61,54,910,61,2014-03-26T19:30:00,3,5133470,158805
OK,49,67,910,49,2014-03-26T19:35:00,1,5133919,158805
OK,49,67,910,49,2014-03-26T19:40:00,0,5134368,158805
OK,42,78,910,42,2014-03-26T19:45:00,2,5134817,158805
OK,43,77,910,43,2014-03-26T19:50:00,3,5135266,158805
OK,47,70,910,47,2014-03-26T19:55:00,3,5135715,158805
OK,43,77,910,43,2014-03-26T20:00:00,4,5136164,158805
OK,49,67,910,49,2014-03-26T20:05:00,1,5136613,158805
OK,49,67,910,49,2014-03-26T20:10:00,0,5137062,158805
OK,49,67,910,49,2014-03-26T20:15:00,0,5137511,158805
OK,61,54,910,61,2014-03-26T20:20:00,1,5137960,158805
OK,61,54,910,61,2014-03-26T20:25:00,1,5138409,158805
OK,44,75,910,44,2014-03-26T20:30:00,1,5138858,158805
OK,45,73,910,45,2014-03-26T20:35:00,1,5139307,158805
OK,49,67,910,49,2014-03-26T20:40:00,4,5139756,158805
OK,47,70,910,47,2014-03-26T20:45:00,5,5140205,158805
OK,44,75,910,44,2014-03-26T20:50:00,3,5140654,158805
OK,50,66,910,50,2014-03-26T20:55:00,3,5141103,158805
OK,47,70,910,47,2014-03-26T21:10:00,1,5142370,158805
OK,40,82,910,40,2014-03-26T21:15:00,3,5142759,158805
OK,40,82,910,40,2014-03-26T21:20:00,5,5143142,158805
OK,53,62,910,53,2014-03-26T21:40:00,5,5144938,158805
OK,45,73,910,45,2014-03-26T22:10:00,2,5147576,158805
OK,49,67,910,49,2014-03-26T22:40:00,1,5150099,158805
OK,49,67,910,49,2014-03-26T22:45:00,0,5150488,158805
OK,49,67,910,49,2014-03-26T23:00:00,0,5151835,158805
OK,49,67,910,49,2014-03-26T23:05:00,0,5152280,158805
OK,38,87,910,38,2014-03-26T23:10:00,1,5152729,158805
OK,38,87,910,38,2014-03-26T23:15:00,1,5153178,158805
OK,38,87,910,38,2014-03-26T23:20:00,0,5153627,158805
OK,38,87,910,38,2014-03-26T23:25:00,0,5154076,158805
OK,76,43,910,76,2014-03-26T23:55:00,1,5156670,158805
OK,76,43,910,76,2014-03-27T00:55:00,0,5161627,158805
OK,76,43,910,76,2014-03-27T01:00:00,0,5162076,158805
OK,76,43,910,76,2014-03-27T01:05:00,0,5162525,158805
OK,76,43,910,76,2014-03-27T01:15:00,0,5163423,158805
OK,76,43,910,76,2014-03-27T01:20:00,0,5163872,158805
OK,76,43,910,76,2014-03-27T01:25:00,0,5164321,158805
OK,76,43,910,76,2014-03-27T01:30:00,0,5164770,158805
OK,76,43,910,76,2014-03-27T01:35:00,0,5165219,158805
OK,76,43,910,76,2014-03-27T01:40:00,0,5165668,158805
OK,76,43,910,76,2014-03-27T01:45:00,0,5166117,158805
OK,76,43,910,76,2014-03-27T01:50:00,0,5166566,158805
OK,76,43,910,76,2014-03-27T01:55:00,0,5167015,158805
OK,76,43,910,76,2014-03-27T02:00:00,0,5167464,158805
OK,76,43,910,76,2014-03-27T02:05:00,0,5167913,158805
OK,76,43,910,76,2014-03-27T02:10:00,0,5168362,158805
OK,76,43,910,76,2014-03-27T02:15:00,0,5168811,158805
OK,76,43,910,76,2014-03-27T02:20:00,0,5169260,158805
OK,76,43,910,76,2014-03-27T02:25:00,0,5169709,158805
OK,76,43,910,76,2014-03-27T02:30:00,0,5170158,158805
OK,76,43,910,76,2014-03-27T02:35:00,0,5170607,158805
OK,76,43,910,76,2014-03-27T02:40:00,0,5171056,158805
OK,76,43,910,76,2014-03-27T02:45:00,0,5171505,158805
OK,76,43,910,76,2014-03-27T02:50:00,0,5171954,158805
OK,76,43,910,76,2014-03-27T02:55:00,0,5172403,158805
OK,76,43,910,76,2014-03-27T03:00:00,0,5172852,158805
OK,76,43,910,76,2014-03-27T03:05:00,0,5173301,158805
OK,76,43,910,76,2014-03-27T03:10:00,0,5173750,158805
OK,33,100,910,33,2014-03-27T03:15:00,1,5174199,158805
OK,33,100,910,33,2014-03-27T03:20:00,0,5174648,158805
OK,33,100,910,33,2014-03-27T03:25:00,0,5175097,158805
OK,33,100,910,33,2014-03-27T03:30:00,0,5175546,158805
OK,33,100,910,33,2014-03-27T03:35:00,0,5175995,158805
OK,33,100,910,33,2014-03-27T03:40:00,0,5176444,158805
OK,33,100,910,33,2014-03-27T03:45:00,0,5176893,158805
OK,33,100,910,33,2014-03-27T03:50:00,0,5177342,158805
OK,33,100,910,33,2014-03-27T03:55:00,0,5177791,158805
OK,33,100,910,33,2014-03-27T04:00:00,0,5178240,158805
OK,33,100,910,33,2014-03-27T04:05:00,0,5178689,158805
OK,33,100,910,33,2014-03-27T04:10:00,0,5179138,158805
OK,33,100,910,33,2014-03-27T04:15:00,0,5179587,158805
OK,33,100,910,33,2014-03-27T04:20:00,0,5180036,158805
OK,33,100,910,33,2014-03-27T04:25:00,0,5180485,158805
OK,33,100,910,33,2014-03-27T04:30:00,0,5180934,158805
OK,57,58,910,57,2014-03-27T04:35:00,1,5181383,158805
OK,50,66,910,50,2014-03-27T04:40:00,2,5181832,158805
OK,40,82,910,40,2014-03-27T04:45:00,2,5182281,158805
OK,37,89,910,37,2014-03-27T04:50:00,1,5182730,158805
OK,49,67,910,49,2014-03-27T04:55:00,3,5183179,158805
OK,49,67,910,49,2014-03-27T05:00:00,3,5183628,158805
OK,51,64,910,51,2014-03-27T05:05:00,1,5184077,158805
OK,51,64,910,51,2014-03-27T05:10:00,0,5184526,158805
OK,60,55,910,60,2014-03-27T05:15:00,1,5184975,158805
OK,63,52,910,63,2014-03-27T05:20:00,2,5185424,158805
OK,62,53,910,62,2014-03-27T05:25:00,2,5185873,158805
OK,57,58,910,57,2014-03-27T05:30:00,0,5186322,158805
OK,50,66,910,50,2014-03-27T05:35:00,3,5186771,158805
OK,57,58,910,57,2014-03-27T05:40:00,5,5187220,158805
OK,77,43,910,77,2014-03-27T05:45:00,3,5187669,158805
OK,42,78,910,42,2014-03-27T05:50:00,5,5188118,158805
OK,42,78,910,42,2014-03-27T05:55:00,5,5188567,158805
OK,54,61,910,54,2014-03-27T06:00:00,1,5189016,158805
OK,59,56,910,59,2014-03-27T06:05:00,7,5189465,158805
OK,59,56,910,59,2014-03-27T06:10:00,7,5189914,158805
OK,86,38,910,86,2014-03-27T06:15:00,3,5190363,158805
OK,86,38,910,86,2014-03-27T06:20:00,7,5190812,158805
OK,78,42,910,78,2014-03-27T06:25:00,5,5191261,158805
OK,56,59,910,56,2014-03-27T06:30:00,7,5191710,158805
OK,58,57,910,58,2014-03-27T06:35:00,8,5192159,158805
OK,60,55,910,60,2014-03-27T06:40:00,1,5192608,158805
OK,63,52,910,63,2014-03-27T06:45:00,9,5193057,158805
OK,64,51,910,64,2014-03-27T06:50:00,16,5193506,158805
OK,61,54,910,61,2014-03-27T06:55:00,12,5193955,158805
OK,58,57,910,58,2014-03-27T07:00:00,5,5194404,158805
OK,62,53,910,62,2014-03-27T07:05:00,4,5194853,158805
OK,59,56,910,59,2014-03-27T07:10:00,9,5195302,158805
OK,88,37,910,88,2014-03-27T07:15:00,10,5195751,158805
OK,99,33,910,99,2014-03-27T07:20:00,6,5196200,158805
OK,63,52,910,63,2014-03-27T07:25:00,8,5196649,158805
OK,92,36,910,92,2014-03-27T07:30:00,1,5197098,158805
OK,55,60,910,55,2014-03-27T07:35:00,11,5197547,158805
OK,55,60,910,55,2014-03-27T07:40:00,8,5197996,158805
OK,60,55,910,60,2014-03-27T07:45:00,5,5198445,158805
OK,59,56,910,59,2014-03-27T07:50:00,4,5198894,158805
OK,51,64,910,51,2014-03-27T07:55:00,5,5199343,158805
OK,54,61,910,54,2014-03-27T08:00:00,6,5199792,158805
OK,57,58,910,57,2014-03-27T08:05:00,7,5200241,158805
OK,54,61,910,54,2014-03-27T08:10:00,6,5200690,158805
OK,67,49,910,67,2014-03-27T08:15:00,4,5201139,158805
OK,60,55,910,60,2014-03-27T08:20:00,9,5201588,158805
OK,56,59,910,56,2014-03-27T08:25:00,8,5202037,158805
OK,58,57,910,58,2014-03-27T08:30:00,5,5202486,158805
OK,55,60,910,55,2014-03-27T08:35:00,4,5202935,158805
OK,51,64,910,51,2014-03-27T08:40:00,5,5203384,158805
OK,56,59,910,56,2014-03-27T08:45:00,9,5203833,158805
OK,62,53,910,62,2014-03-27T08:50:00,6,5204282,158805
OK,67,49,910,67,2014-03-27T08:55:00,8,5204731,158805
OK,66,50,910,66,2014-03-27T09:00:00,10,5205180,158805
OK,52,63,910,52,2014-03-27T09:05:00,6,5205629,158805
OK,56,59,910,56,2014-03-27T09:10:00,8,5206078,158805
OK,60,55,910,60,2014-03-27T09:15:00,12,5206527,158805
OK,62,53,910,62,2014-03-27T09:20:00,9,5206976,158805
OK,72,46,910,72,2014-03-27T09:25:00,7,5207425,158805
OK,57,58,910,57,2014-03-27T09:30:00,12,5207874,158805
OK,59,56,910,59,2014-03-27T09:35:00,11,5208323,158805
OK,59,56,910,59,2014-03-27T09:40:00,5,5208772,158805
OK,49,67,910,49,2014-03-27T09:45:00,6,5209221,158805
OK,51,64,910,51,2014-03-27T09:50:00,10,5209670,158805
OK,60,55,910,60,2014-03-27T09:55:00,8,5210119,158805
OK,61,54,910,61,2014-03-27T10:00:00,9,5210568,158805
OK,67,49,910,67,2014-03-27T10:05:00,9,5211017,158805
OK,46,72,910,46,2014-03-27T10:10:00,3,5211466,158805
OK,56,59,910,56,2014-03-27T10:15:00,9,5211915,158805
OK,55,60,910,55,2014-03-27T10:20:00,11,5212364,158805
OK,54,61,910,54,2014-03-27T10:25:00,7,5212813,158805
OK,57,58,910,57,2014-03-27T10:30:00,6,5213262,158805
OK,56,59,910,56,2014-03-27T10:35:00,10,5213711,158805
OK,56,59,910,56,2014-03-27T10:40:00,13,5214160,158805
OK,53,62,910,53,2014-03-27T10:45:00,5,5214609,158805
OK,54,61,910,54,2014-03-27T10:50:00,7,5215058,158805
OK,52,63,910,52,2014-03-27T10:55:00,6,5215507,158805
OK,52,63,910,52,2014-03-27T11:00:00,5,5215956,158805
OK,59,56,910,59,2014-03-27T11:05:00,11,5216405,158805
OK,57,58,910,57,2014-03-27T11:10:00,13,5216854,158805
OK,60,55,910,60,2014-03-27T11:15:00,12,5217303,158805
OK,65,50,910,65,2014-03-27T11:20:00,10,5217752,158805
OK,57,58,910,57,2014-03-27T11:25:00,10,5218201,158805
OK,58,57,910,58,2014-03-27T11:30:00,10,5218650,158805
OK,54,61,910,54,2014-03-27T11:35:00,5,5219099,158805
OK,61,54,910,61,2014-03-27T11:40:00,8,5219548,158805
OK,64,51,910,64,2014-03-27T11:45:00,11,5219997,158805
OK,65,50,910,65,2014-03-27T11:50:00,7,5220446,158805
OK,59,56,910,59,2014-03-27T11:55:00,8,5220895,158805
OK,59,56,910,59,2014-03-27T12:00:00,13,5221344,158805
OK,61,54,910,61,2014-03-27T12:05:00,14,5221793,158805
OK,82,40,910,82,2014-03-27T12:10:00,12,5222242,158805
OK,81,40,910,81,2014-03-27T12:15:00,6,5222691,158805
OK,70,47,910,70,2014-03-27T12:20:00,5,5223140,158805
OK,58,57,910,58,2014-03-27T12:25:00,13,5223589,158805
OK,57,58,910,57,2014-03-27T12:30:00,18,5224038,158805
OK,59,56,910,59,2014-03-27T12:35:00,16,5224487,158805
OK,64,51,910,64,2014-03-27T12:40:00,9,5224936,158805
OK,57,58,910,57,2014-03-27T12:45:00,8,5225385,158805
OK,60,55,910,60,2014-03-27T12:50:00,12,5225834,158805
OK,60,55,910,60,2014-03-27T12:55:00,12,5226283,158805
OK,69,48,910,69,2014-03-27T13:00:00,13,5226732,158805
OK,68,48,910,68,2014-03-27T13:05:00,10,5227181,158805
OK,59,56,910,59,2014-03-27T13:10:00,7,5227630,158805
OK,62,53,910,62,2014-03-27T13:15:00,10,5228079,158805
OK,60,55,910,60,2014-03-27T13:20:00,12,5228528,158805
OK,55,60,910,55,2014-03-27T13:25:00,18,5228977,158805
OK,52,63,910,52,2014-03-27T13:30:00,20,5229426,158805
OK,53,62,910,53,2014-03-27T13:35:00,15,5229875,158805
OK,64,51,910,64,2014-03-27T13:40:00,16,5230324,158805
OK,58,57,910,58,2014-03-27T13:45:00,18,5230773,158805
OK,59,56,910,59,2014-03-27T13:50:00,23,5231222,158805
OK,68,48,910,68,2014-03-27T13:55:00,16,5231671,158805
OK,61,54,910,61,2014-03-27T14:00:00,10,5232120,158805
OK,61,54,910,61,2014-03-27T14:05:00,16,5232569,158805
OK,67,49,910,67,2014-03-27T14:10:00,16,5233018,158805
OK,70,47,910,70,2014-03-27T14:25:00,13,5233467,158805
OK,60,55,910,60,2014-03-27T14:40:00,12,5233916,158805
OK,56,59,910,56,2014-03-27T14:45:00,15,5234365,158805
OK,55,60,910,55,2014-03-27T14:50:00,17,5234814,158805
OK,52,63,910,52,2014-03-27T14:55:00,15,5235263,158805
OK,59,56,910,59,2014-03-27T15:00:00,8,5235712,158805
OK,53,62,910,53,2014-03-27T15:05:00,16,5236161,158805
OK,51,64,910,51,2014-03-27T15:10:00,13,5236610,158805
OK,57,58,910,57,2014-03-27T15:15:00,14,5237059,158805
OK,55,60,910,55,2014-03-27T15:20:00,26,5237508,158805
OK,54,61,910,54,2014-03-27T15:25:00,26,5237957,158805
OK,51,64,910,51,2014-03-27T15:30:00,9,5238406,158805
OK,49,67,910,49,2014-03-27T15:35:00,9,5238855,158805
OK,50,66,910,50,2014-03-27T15:40:00,13,5239304,158805
OK,53,62,910,53,2014-03-27T15:45:00,14,5239753,158805
OK,52,63,910,52,2014-03-27T15:50:00,15,5240202,158805
OK,52,63,910,52,2014-03-27T15:55:00,12,5240651,158805
OK,52,63,910,52,2014-03-27T16:00:00,8,5241100,158805
OK,50,66,910,50,2014-03-27T16:05:00,14,5241549,158805
OK,53,62,910,53,2014-03-27T16:10:00,14,5241998,158805
OK,71,46,910,71,2014-03-27T16:15:00,7,5242447,158805
OK,50,66,910,50,2014-03-27T16:20:00,6,5242896,158805
OK,51,64,910,51,2014-03-27T16:25:00,11,5243345,158805
OK,51,64,910,51,2014-03-27T16:30:00,9,5243794,158805
OK,47,70,910,47,2014-03-27T16:35:00,6,5244243,158805
OK,50,66,910,50,2014-03-27T16:40:00,8,5244692,158805
OK,54,61,910,54,2014-03-27T16:45:00,8,5245141,158805
OK,48,69,910,48,2014-03-27T16:50:00,7,5245590,158805
OK,47,70,910,47,2014-03-27T16:55:00,6,5246039,158805
OK,43,77,910,43,2014-03-27T17:00:00,2,5246488,158805
OK,67,49,910,67,2014-03-27T17:05:00,3,5246937,158805
OK,54,61,910,54,2014-03-27T17:10:00,6,5247386,158805
OK,42,78,910,42,2014-03-27T17:15:00,6,5247835,158805
OK,43,77,910,43,2014-03-27T17:20:00,7,5248284,158805
OK,52,63,910,52,2014-03-27T17:25:00,7,5248733,158805
OK,47,70,910,47,2014-03-27T17:30:00,8,5249182,158805
OK,48,69,910,48,2014-03-27T17:35:00,8,5249630,158805
OK,43,77,910,43,2014-03-27T17:40:00,4,5250079,158805
OK,44,75,910,44,2014-03-27T17:45:00,3,5250528,158805
OK,44,75,910,44,2014-03-27T17:50:00,5,5250977,158805
OK,45,73,910,45,2014-03-27T17:55:00,6,5251426,158805
OK,47,70,910,47,2014-03-27T18:00:00,8,5251875,158805
OK,47,70,910,47,2014-03-27T18:05:00,10,5252324,158805
OK,46,72,910,46,2014-03-27T18:10:00,5,5252773,158805
OK,52,63,910,52,2014-03-27T18:15:00,1,5253222,158805
OK,49,67,910,49,2014-03-27T18:20:00,2,5253671,158805
OK,45,73,910,45,2014-03-27T18:25:00,4,5254120,158805
OK,45,73,910,45,2014-03-27T18:30:00,3,5254569,158805
OK,32,103,910,32,2014-03-27T18:35:00,1,5255018,158805
OK,43,77,910,43,2014-03-27T18:40:00,2,5255467,158805
OK,54,61,910,54,2014-03-27T18:45:00,3,5255916,158805
OK,47,70,910,47,2014-03-27T18:50:00,3,5256365,158805
OK,57,58,910,57,2014-03-27T18:55:00,1,5256814,158805
OK,41,80,910,41,2014-03-27T19:00:00,2,5257263,158805
OK,26,127,910,26,2014-03-27T19:05:00,1,5257712,158805
OK,26,127,910,26,2014-03-27T19:10:00,0,5258161,158805
OK,26,127,910,26,2014-03-27T19:15:00,0,5258610,158805
OK,39,84,910,39,2014-03-27T19:20:00,1,5259059,158805
OK,49,67,910,49,2014-03-27T19:25:00,3,5259508,158805
OK,49,67,910,49,2014-03-27T19:30:00,6,5259957,158805
OK,49,67,910,49,2014-03-27T19:35:00,7,5260406,158805
OK,47,70,910,47,2014-03-27T19:40:00,2,5260855,158805
OK,55,60,910,55,2014-03-27T19:45:00,4,5261304,158805
OK,46,72,910,46,2014-03-27T19:50:00,5,5261753,158805
OK,44,75,910,44,2014-03-27T19:55:00,2,5262202,158805
OK,48,69,910,48,2014-03-27T20:00:00,2,5262651,158805
OK,58,57,910,58,2014-03-27T20:05:00,2,5263100,158805
OK,48,69,910,48,2014-03-27T20:10:00,2,5263549,158805
OK,55,60,910,55,2014-03-27T20:15:00,1,5263998,158805
OK,39,84,910,39,2014-03-27T20:20:00,2,5264447,158805
OK,39,84,910,39,2014-03-27T20:25:00,0,5264896,158805
OK,39,84,910,39,2014-03-27T20:30:00,0,5265345,158805
OK,39,84,910,39,2014-03-27T20:35:00,0,5265794,158805
OK,39,84,910,39,2014-03-27T20:40:00,0,5266243,158805
OK,44,75,910,44,2014-03-27T20:45:00,3,5266692,158805
OK,45,73,910,45,2014-03-27T20:50:00,4,5267141,158805
OK,49,67,910,49,2014-03-27T20:55:00,0,5267590,158805
OK,54,61,910,54,2014-03-27T21:20:00,3,5269328,158805
OK,50,66,910,50,2014-03-27T21:30:00,6,5270167,158805
OK,44,75,910,44,2014-03-27T21:35:00,4,5270609,158805
OK,43,77,910,43,2014-03-27T21:40:00,3,5271058,158805
OK,48,69,910,48,2014-03-27T22:00:00,4,5272661,158805
OK,41,80,910,41,2014-03-27T22:35:00,0,5275701,158805
OK,49,67,910,49,2014-03-27T23:00:00,0,5277705,158805
OK,49,67,910,49,2014-03-27T23:05:00,0,5278150,158805
OK,49,67,910,49,2014-03-27T23:10:00,0,5278599,158805
OK,49,67,910,49,2014-03-27T23:15:00,0,5279048,158805
OK,49,67,910,49,2014-03-27T23:20:00,0,5279497,158805
OK,49,67,910,49,2014-03-27T23:25:00,0,5279946,158805
OK,49,67,910,49,2014-03-28T00:20:00,0,5284437,158805
OK,49,67,910,49,2014-03-28T00:25:00,0,5284881,158805
OK,34,97,910,34,2014-03-28T00:50:00,0,5286851,158805
OK,34,97,910,34,2014-03-28T01:00:00,0,5287678,158805
OK,34,97,910,34,2014-03-28T01:05:00,0,5288127,158805
OK,34,97,910,34,2014-03-28T01:15:00,0,5288616,158805
OK,34,97,910,34,2014-03-28T01:20:00,0,5289065,158805
OK,34,97,910,34,2014-03-28T01:25:00,0,5289514,158805
OK,34,97,910,34,2014-03-28T01:30:00,0,5289963,158805
OK,34,97,910,34,2014-03-28T01:35:00,0,5290412,158805
OK,34,97,910,34,2014-03-28T01:40:00,0,5290861,158805
OK,34,97,910,34,2014-03-28T01:45:00,0,5291310,158805
OK,34,97,910,34,2014-03-28T01:50:00,0,5291759,158805
OK,34,97,910,34,2014-03-28T01:55:00,0,5292208,158805
OK,34,97,910,34,2014-03-28T02:00:00,0,5292657,158805
OK,34,97,910,34,2014-03-28T02:05:00,0,5293106,158805
OK,34,97,910,34,2014-03-28T02:10:00,0,5293555,158805
OK,34,97,910,34,2014-03-28T02:15:00,0,5294004,158805
OK,34,97,910,34,2014-03-28T02:20:00,0,5294453,158805
OK,34,97,910,34,2014-03-28T02:25:00,0,5294902,158805
OK,34,97,910,34,2014-03-28T02:30:00,0,5295351,158805
OK,34,97,910,34,2014-03-28T02:35:00,0,5295800,158805
OK,34,97,910,34,2014-03-28T02:40:00,0,5296249,158805
OK,34,97,910,34,2014-03-28T02:45:00,0,5296698,158805
OK,34,97,910,34,2014-03-28T02:50:00,0,5297147,158805
OK,34,97,910,34,2014-03-28T02:55:00,0,5297596,158805
OK,34,97,910,34,2014-03-28T03:00:00,0,5298045,158805
OK,34,97,910,34,2014-03-28T03:05:00,0,5298494,158805
OK,34,97,910,34,2014-03-28T03:10:00,0,5298943,158805
OK,34,97,910,34,2014-03-28T03:15:00,0,5299392,158805
OK,34,97,910,34,2014-03-28T03:20:00,0,5299841,158805
OK,34,97,910,34,2014-03-28T03:25:00,0,5300290,158805
OK,34,97,910,34,2014-03-28T03:30:00,0,5300739,158805
OK,34,97,910,34,2014-03-28T03:35:00,0,5301188,158805
OK,34,97,910,34,2014-03-28T03:40:00,0,5301637,158805
OK,34,97,910,34,2014-03-28T03:45:00,0,5302086,158805
OK,34,97,910,34,2014-03-28T03:50:00,0,5302535,158805
OK,34,97,910,34,2014-03-28T03:55:00,0,5302984,158805
OK,34,97,910,34,2014-03-28T04:00:00,0,5303433,158805
OK,34,97,910,34,2014-03-28T04:05:00,0,5303882,158805
OK,41,80,910,41,2014-03-28T04:10:00,1,5304331,158805
OK,41,80,910,41,2014-03-28T04:15:00,1,5304780,158805
OK,41,80,910,41,2014-03-28T04:20:00,0,5305229,158805
OK,58,57,910,58,2014-03-28T04:25:00,1,5305678,158805
OK,58,57,910,58,2014-03-28T04:30:00,0,5306127,158805
OK,54,61,910,54,2014-03-28T04:35:00,3,5306576,158805
OK,58,57,910,58,2014-03-28T04:40:00,2,5307025,158805
OK,58,57,910,58,2014-03-28T04:45:00,1,5307474,158805
OK,50,66,910,50,2014-03-28T04:50:00,3,5307923,158805
OK,50,66,910,50,2014-03-28T04:55:00,1,5308372,158805
OK,41,80,910,41,2014-03-28T05:00:00,1,5308821,158805
OK,41,80,910,41,2014-03-28T05:05:00,0,5309270,158805
OK,54,61,910,54,2014-03-28T05:10:00,3,5309719,158805
OK,54,61,910,54,2014-03-28T05:15:00,3,5310168,158805
OK,120,27,910,120,2014-03-28T05:20:00,1,5310617,158805
OK,60,55,910,60,2014-03-28T05:25:00,5,5311066,158805
OK,61,54,910,61,2014-03-28T05:30:00,4,5311515,158805
OK,42,78,910,42,2014-03-28T05:35:00,2,5311964,158805
OK,44,75,910,44,2014-03-28T05:40:00,3,5312413,158805
OK,50,66,910,50,2014-03-28T05:45:00,2,5312862,158805
OK,49,67,910,49,2014-03-28T05:50:00,3,5313311,158805
OK,37,89,910,37,2014-03-28T05:55:00,2,5313760,158805
OK,42,78,910,42,2014-03-28T06:00:00,5,5314209,158805
OK,45,73,910,45,2014-03-28T06:05:00,7,5314658,158805
OK,52,63,910,52,2014-03-28T06:10:00,3,5315107,158805
OK,47,70,910,47,2014-03-28T06:15:00,3,5315556,158805
OK,47,70,910,47,2014-03-28T06:20:00,5,5316005,158805
OK,54,61,910,54,2014-03-28T06:25:00,8,5316454,158805
OK,51,64,910,51,2014-03-28T06:30:00,7,5316903,158805
OK,63,52,910,63,2014-03-28T06:35:00,13,5317352,158805
OK,69,48,910,69,2014-03-28T06:40:00,14,5317801,158805
OK,61,54,910,61,2014-03-28T06:45:00,9,5318250,158805
OK,58,57,910,58,2014-03-28T06:50:00,15,5318699,158805
OK,55,60,910,55,2014-03-28T06:55:00,14,5319148,158805
OK,51,64,910,51,2014-03-28T07:00:00,13,5319597,158805
OK,49,67,910,49,2014-03-28T07:05:00,10,5320046,158805
OK,49,67,910,49,2014-03-28T07:10:00,5,5320495,158805
OK,77,43,910,77,2014-03-28T07:15:00,3,5320944,158805
OK,68,48,910,68,2014-03-28T07:20:00,5,5321393,158805
OK,52,63,910,52,2014-03-28T07:25:00,2,5321842,158805
OK,54,61,910,54,2014-03-28T07:30:00,5,5322291,158805
OK,54,61,910,54,2014-03-28T07:35:00,9,5322740,158805
OK,59,56,910,59,2014-03-28T07:40:00,6,5323189,158805
OK,53,62,910,53,2014-03-28T07:45:00,5,5323638,158805
OK,50,66,910,50,2014-03-28T07:50:00,6,5324087,158805
OK,50,66,910,50,2014-03-28T07:55:00,5,5324536,158805
OK,62,53,910,62,2014-03-28T08:00:00,7,5324985,158805
OK,64,51,910,64,2014-03-28T08:05:00,6,5325434,158805
OK,54,61,910,54,2014-03-28T08:10:00,3,5325883,158805
OK,59,56,910,59,2014-03-28T08:15:00,6,5326332,158805
OK,52,63,910,52,2014-03-28T08:20:00,12,5326781,158805
OK,52,63,910,52,2014-03-28T08:25:00,12,5327230,158805
OK,57,58,910,57,2014-03-28T08:30:00,9,5327679,158805
OK,51,64,910,51,2014-03-28T08:35:00,7,5328128,158805
OK,60,55,910,60,2014-03-28T08:40:00,5,5328577,158805
OK,52,63,910,52,2014-03-28T08:45:00,5,5329026,158805
OK,48,69,910,48,2014-03-28T08:50:00,7,5329475,158805
OK,48,69,910,48,2014-03-28T08:55:00,5,5329924,158805
OK,52,63,910,52,2014-03-28T09:20:00,8,5330373,158805
OK,47,70,910,47,2014-03-28T09:25:00,7,5330822,158805
OK,52,63,910,52,2014-03-28T09:30:00,4,5331271,158805
OK,51,64,910,51,2014-03-28T09:35:00,6,5331720,158805
OK,50,66,910,50,2014-03-28T09:40:00,4,5332169,158805
OK,64,51,910,64,2014-03-28T09:45:00,5,5332618,158805
OK,52,63,910,52,2014-03-28T09:50:00,10,5333067,158805
OK,48,69,910,48,2014-03-28T09:55:00,10,5333516,158805
OK,50,66,910,50,2014-03-28T10:00:00,6,5333965,158805
OK,50,66,910,50,2014-03-28T10:05:00,6,5334414,158805
OK,50,66,910,50,2014-03-28T10:10:00,4,5334863,158805
OK,67,49,910,67,2014-03-28T10:15:00,3,5335312,158805
OK,40,82,910,40,2014-03-28T10:20:00,2,5335761,158805
OK,47,70,910,47,2014-03-28T10:25:00,9,5336210,158805
OK,58,57,910,58,2014-03-28T10:30:00,11,5336659,158805
OK,58,57,910,58,2014-03-28T10:35:00,9,5337108,158805
OK,47,70,910,47,2014-03-28T10:40:00,9,5337557,158805
OK,47,70,910,47,2014-03-28T10:45:00,5,5338006,158805
OK,58,57,910,58,2014-03-28T10:50:00,7,5338455,158805
OK,54,61,910,54,2014-03-28T10:55:00,7,5338904,158805
OK,58,57,910,58,2014-03-28T11:00:00,3,5339353,158805
OK,54,61,910,54,2014-03-28T11:05:00,7,5339802,158805
OK,51,64,910,51,2014-03-28T11:10:00,12,5340251,158805
OK,51,64,910,51,2014-03-28T11:15:00,9,5340700,158805
OK,50,66,910,50,2014-03-28T11:20:00,12,5341149,158805
OK,49,67,910,49,2014-03-28T11:25:00,15,5341598,158805
OK,50,66,910,50,2014-03-28T11:30:00,14,5342047,158805
OK,50,66,910,50,2014-03-28T11:35:00,13,5342496,158805
OK,49,67,910,49,2014-03-28T11:40:00,12,5342945,158805
OK,53,62,910,53,2014-03-28T11:45:00,11,5343394,158805
OK,51,64,910,51,2014-03-28T11:50:00,13,5343843,158805
OK,50,66,910,50,2014-03-28T11:55:00,17,5344292,158805
OK,49,67,910,49,2014-03-28T12:00:00,12,5344741,158805
OK,48,69,910,48,2014-03-28T12:05:00,8,5345190,158805
OK,51,64,910,51,2014-03-28T12:10:00,10,5345639,158805
OK,54,61,910,54,2014-03-28T12:15:00,13,5346088,158805
OK,54,61,910,54,2014-03-28T12:20:00,14,5346537,158805
OK,58,57,910,58,2014-03-28T12:25:00,13,5346986,158805
OK,57,58,910,57,2014-03-28T12:30:00,16,5347435,158805
OK,56,59,910,56,2014-03-28T12:35:00,24,5347884,158805
OK,56,59,910,56,2014-03-28T12:40:00,16,5348333,158805
OK,56,59,910,56,2014-03-28T12:45:00,9,5348782,158805
OK,55,60,910,55,2014-03-28T12:50:00,12,5349231,158805
OK,56,59,910,56,2014-03-28T12:55:00,8,5349680,158805
OK,53,62,910,53,2014-03-28T13:00:00,6,5350129,158805
OK,48,69,910,48,2014-03-28T13:05:00,11,5350578,158805
OK,48,69,910,48,2014-03-28T13:10:00,15,5351027,158805
OK,49,67,910,49,2014-03-28T13:15:00,13,5351476,158805
OK,57,58,910,57,2014-03-28T13:20:00,9,5351925,158805
OK,58,57,910,58,2014-03-28T13:25:00,9,5352374,158805
OK,53,62,910,53,2014-03-28T13:30:00,8,5352823,158805
OK,51,64,910,51,2014-03-28T13:35:00,10,5353272,158805
OK,59,56,910,59,2014-03-28T13:40:00,13,5353721,158805
OK,54,61,910,54,2014-03-28T13:45:00,14,5354170,158805
OK,50,66,910,50,2014-03-28T13:50:00,13,5354619,158805
OK,60,55,910,60,2014-03-28T13:55:00,16,5355068,158805
OK,55,60,910,55,2014-03-28T14:00:00,16,5355517,158805
OK,51,64,910,51,2014-03-28T14:05:00,10,5355966,158805
OK,52,63,910,52,2014-03-28T14:10:00,10,5356415,158805
OK,53,62,910,53,2014-03-28T14:15:00,17,5356864,158805
OK,51,64,910,51,2014-03-28T14:20:00,16,5357313,158805
OK,49,67,910,49,2014-03-28T14:25:00,19,5357762,158805
OK,51,64,910,51,2014-03-28T14:30:00,18,5358211,158805
OK,61,54,910,61,2014-03-28T14:35:00,16,5358660,158805
OK,60,55,910,60,2014-03-28T14:40:00,15,5359109,158805
OK,59,56,910,59,2014-03-28T14:45:00,14,5359558,158805
OK,47,70,910,47,2014-03-28T14:50:00,9,5360007,158805
OK,51,64,910,51,2014-03-28T14:55:00,7,5360456,158805
OK,54,61,910,54,2014-03-28T15:00:00,10,5360905,158805
OK,54,61,910,54,2014-03-28T15:05:00,9,5361354,158805
OK,52,63,910,52,2014-03-28T15:10:00,12,5361803,158805
OK,54,61,910,54,2014-03-28T15:15:00,19,5362252,158805
OK,54,61,910,54,2014-03-28T15:20:00,20,5362701,158805
OK,49,67,910,49,2014-03-28T15:25:00,11,5363150,158805
OK,47,70,910,47,2014-03-28T15:30:00,9,5363599,158805
OK,46,72,910,46,2014-03-28T15:35:00,6,5364048,158805
OK,44,75,910,44,2014-03-28T15:40:00,5,5364497,158805
OK,46,72,910,46,2014-03-28T15:45:00,4,5364946,158805
OK,50,66,910,50,2014-03-28T15:50:00,5,5365395,158805
OK,49,67,910,49,2014-03-28T15:55:00,4,5365844,158805
OK,45,73,910,45,2014-03-28T16:00:00,4,5366293,158805
OK,49,67,910,49,2014-03-28T16:05:00,3,5366742,158805
OK,50,66,910,50,2014-03-28T16:10:00,5,5367191,158805
OK,50,66,910,50,2014-03-28T16:15:00,9,5367640,158805
OK,53,62,910,53,2014-03-28T16:20:00,8,5368089,158805
OK,52,63,910,52,2014-03-28T16:25:00,9,5368538,158805
OK,49,67,910,49,2014-03-28T16:30:00,8,5368987,158805
OK,45,73,910,45,2014-03-28T16:35:00,4,5369436,158805
OK,46,72,910,46,2014-03-28T16:40:00,8,5369885,158805
OK,47,70,910,47,2014-03-28T16:45:00,7,5370334,158805
OK,45,73,910,45,2014-03-28T16:50:00,4,5370783,158805
OK,47,70,910,47,2014-03-28T16:55:00,2,5371232,158805
OK,43,77,910,43,2014-03-28T17:00:00,6,5371681,158805
OK,43,77,910,43,2014-03-28T17:05:00,6,5372130,158805
OK,37,89,910,37,2014-03-28T17:10:00,4,5372579,158805
OK,40,82,910,40,2014-03-28T17:15:00,4,5373028,158805
OK,41,80,910,41,2014-03-28T17:20:00,7,5373477,158805
OK,50,66,910,50,2014-03-28T17:25:00,6,5373926,158805
OK,55,60,910,55,2014-03-28T17:30:00,5,5374375,158805
OK,50,66,910,50,2014-03-28T17:35:00,7,5374824,158805
OK,49,67,910,49,2014-03-28T17:40:00,7,5375273,158805
OK,40,82,910,40,2014-03-28T17:45:00,2,5375722,158805
OK,42,78,910,42,2014-03-28T17:50:00,3,5376171,158805
OK,46,72,910,46,2014-03-28T17:55:00,1,5376620,158805
OK,60,55,910,60,2014-03-28T18:00:00,1,5377069,158805
OK,63,52,910,63,2014-03-28T18:05:00,4,5377518,158805
OK,64,51,910,64,2014-03-28T18:10:00,6,5377967,158805
OK,58,57,910,58,2014-03-28T18:15:00,5,5378416,158805
OK,46,72,910,46,2014-03-28T18:20:00,3,5378865,158805
OK,54,61,910,54,2014-03-28T18:25:00,3,5379314,158805
OK,54,61,910,54,2014-03-28T18:30:00,3,5379763,158805
OK,48,69,910,48,2014-03-28T18:35:00,2,5380212,158805
OK,48,69,910,48,2014-03-28T18:40:00,3,5380661,158805
OK,46,72,910,46,2014-03-28T18:45:00,2,5381110,158805
OK,45,73,910,45,2014-03-28T18:50:00,3,5381559,158805
OK,50,66,910,50,2014-03-28T18:55:00,3,5382008,158805
OK,53,62,910,53,2014-03-28T19:00:00,2,5382457,158805
OK,53,62,910,53,2014-03-28T19:05:00,4,5382906,158805
OK,47,70,910,47,2014-03-28T19:10:00,1,5383355,158805
OK,42,78,910,42,2014-03-28T19:15:00,2,5383804,158805
OK,47,70,910,47,2014-03-28T19:20:00,1,5384253,158805
OK,47,70,910,47,2014-03-28T19:25:00,0,5384702,158805
OK,51,64,910,51,2014-03-28T19:30:00,1,5385151,158805
OK,48,69,910,48,2014-03-28T19:35:00,2,5385600,158805
OK,43,77,910,43,2014-03-28T19:40:00,1,5386049,158805
OK,44,75,910,44,2014-03-28T19:45:00,1,5386498,158805
OK,44,75,910,44,2014-03-28T19:50:00,3,5386947,158805
OK,37,89,910,37,2014-03-28T19:55:00,1,5387396,158805
OK,58,57,910,58,2014-03-28T20:00:00,1,5387845,158805
OK,48,69,910,48,2014-03-28T20:05:00,1,5388294,158805
OK,40,82,910,40,2014-03-28T20:10:00,1,5388743,158805
OK,43,77,910,43,2014-03-28T20:15:00,2,5389192,158805
OK,46,72,910,46,2014-03-28T20:20:00,0,5389641,158805
OK,46,72,910,46,2014-03-28T20:25:00,0,5390090,158805
OK,41,80,910,41,2014-03-28T20:30:00,1,5390539,158805
OK,41,80,910,41,2014-03-28T20:35:00,3,5390988,158805
OK,33,100,910,33,2014-03-28T20:40:00,3,5391437,158805
OK,33,100,910,33,2014-03-28T20:45:00,1,5391886,158805
OK,55,60,910,55,2014-03-28T20:50:00,3,5392335,158805
OK,55,60,910,55,2014-03-28T20:55:00,5,5392784,158805
OK,54,61,910,54,2014-03-28T21:15:00,2,5394277,158805
OK,54,61,910,54,2014-03-28T21:20:00,4,5394671,158805
OK,46,72,910,46,2014-03-28T22:00:00,4,5397841,158805
OK,49,67,910,49,2014-03-28T22:20:00,4,5399471,158805
OK,57,58,910,57,2014-03-28T23:00:00,0,5402637,158805
OK,49,67,910,49,2014-03-28T23:05:00,3,5403086,158805
OK,49,67,910,49,2014-03-28T23:10:00,3,5403535,158805
OK,41,80,910,41,2014-03-29T00:10:00,0,5408239,158805
OK,41,80,910,41,2014-03-29T01:00:00,0,5411948,158805
OK,41,80,910,41,2014-03-29T01:05:00,0,5412397,158805
OK,41,80,910,41,2014-03-29T01:10:00,0,5412846,158805
OK,41,80,910,41,2014-03-29T01:15:00,0,5413295,158805
OK,41,80,910,41,2014-03-29T01:20:00,0,5413744,158805
OK,41,80,910,41,2014-03-29T01:25:00,0,5414193,158805
OK,56,59,910,56,2014-03-29T01:30:00,1,5414642,158805
OK,56,59,910,56,2014-03-29T01:35:00,1,5415091,158805
OK,56,59,910,56,2014-03-29T01:40:00,0,5415540,158805
OK,56,59,910,56,2014-03-29T01:45:00,0,5415989,158805
OK,56,59,910,56,2014-03-29T01:50:00,0,5416438,158805
OK,56,59,910,56,2014-03-29T01:55:00,0,5416887,158805
OK,56,59,910,56,2014-03-29T02:00:00,0,5417336,158805
OK,56,59,910,56,2014-03-29T02:05:00,0,5417785,158805
OK,56,59,910,56,2014-03-29T02:10:00,0,5418234,158805
OK,56,59,910,56,2014-03-29T02:15:00,0,5418683,158805
OK,56,59,910,56,2014-03-29T02:20:00,0,5419132,158805
OK,56,59,910,56,2014-03-29T02:25:00,0,5419581,158805
OK,56,59,910,56,2014-03-29T02:30:00,0,5420030,158805
OK,52,63,910,52,2014-03-29T02:35:00,0,5420479,158805
OK,52,63,910,52,2014-03-29T02:40:00,0,5420928,158805
OK,48,69,910,48,2014-03-29T02:45:00,1,5421377,158805
OK,48,69,910,48,2014-03-29T02:50:00,1,5421826,158805
OK,52,63,910,52,2014-03-29T02:55:00,0,5422275,158805
OK,55,60,910,55,2014-03-29T03:00:00,1,5422724,158805
OK,55,60,910,55,2014-03-29T03:05:00,0,5423173,158805
OK,55,60,910,55,2014-03-29T03:10:00,0,5423622,158805
OK,55,60,910,55,2014-03-29T03:15:00,0,5424071,158805
OK,55,60,910,55,2014-03-29T03:20:00,0,5424520,158805
OK,55,60,910,55,2014-03-29T03:25:00,0,5424969,158805
OK,55,60,910,55,2014-03-29T03:30:00,0,5425418,158805
OK,57,58,910,57,2014-03-29T03:35:00,0,5425867,158805
OK,57,58,910,57,2014-03-29T03:40:00,0,5426316,158805
OK,55,60,910,55,2014-03-29T03:45:00,0,5426765,158805
OK,55,60,910,55,2014-03-29T03:50:00,0,5427214,158805
OK,55,60,910,55,2014-03-29T03:55:00,0,5427663,158805
OK,55,60,910,55,2014-03-29T04:00:00,0,5428112,158805
OK,55,60,910,55,2014-03-29T04:05:00,0,5428561,158805
OK,55,60,910,55,2014-03-29T04:10:00,0,5429010,158805
OK,55,60,910,55,2014-03-29T04:15:00,0,5429459,158805
OK,55,60,910,55,2014-03-29T04:20:00,0,5429908,158805
OK,55,60,910,55,2014-03-29T04:25:00,0,5430357,158805
OK,55,60,910,55,2014-03-29T04:30:00,0,5430806,158805
OK,55,60,910,55,2014-03-29T04:35:00,0,5431255,158805
OK,55,60,910,55,2014-03-29T04:40:00,0,5431704,158805
OK,28,118,910,28,2014-03-29T04:45:00,0,5432153,158805
OK,28,118,910,28,2014-03-29T04:50:00,0,5432602,158805
OK,28,118,910,28,2014-03-29T04:55:00,0,5433051,158805
OK,28,118,910,28,2014-03-29T05:10:00,0,5434398,158805
OK,28,118,910,28,2014-03-29T05:15:00,0,5434800,158805
OK,28,118,910,28,2014-03-29T05:25:00,0,5435633,158805
OK,28,118,910,28,2014-03-29T05:30:00,0,5436055,158805
OK,27,122,910,27,2014-03-29T05:40:00,1,5436953,158805
OK,38,87,910,38,2014-03-29T05:55:00,0,5438300,158805
OK,52,63,910,52,2014-03-29T06:00:00,1,5438659,158805
OK,52,63,910,52,2014-03-29T06:20:00,0,5440270,158805
OK,52,63,910,52,2014-03-29T06:30:00,0,5441168,158805
OK,52,63,910,52,2014-03-29T06:35:00,0,5441617,158805
OK,44,75,910,44,2014-03-29T06:40:00,2,5442005,158805
OK,46,72,910,46,2014-03-29T06:45:00,3,5442454,158805
OK,49,67,910,49,2014-03-29T06:50:00,1,5442837,158805
OK,40,82,910,40,2014-03-29T07:00:00,1,5443735,158805
OK,40,82,910,40,2014-03-29T07:05:00,0,5444184,158805
OK,40,82,910,40,2014-03-29T07:10:00,0,5444633,158805
OK,40,82,910,40,2014-03-29T07:15:00,0,5445082,158805
OK,44,75,910,44,2014-03-29T07:20:00,1,5445531,158805
OK,44,75,910,44,2014-03-29T07:25:00,1,5445980,158805
OK,44,75,910,44,2014-03-29T07:30:00,0,5446429,158805
OK,44,75,910,44,2014-03-29T07:35:00,0,5446878,158805
OK,44,75,910,44,2014-03-29T07:40:00,4,5447327,158805
OK,49,67,910,49,2014-03-29T07:45:00,4,5447776,158805
OK,52,63,910,52,2014-03-29T07:50:00,1,5448225,158805
OK,52,63,910,52,2014-03-29T07:55:00,0,5448674,158805
OK,52,63,910,52,2014-03-29T08:00:00,0,5449123,158805
OK,43,77,910,43,2014-03-29T08:05:00,4,5449572,158805
OK,47,70,910,47,2014-03-29T08:10:00,3,5450021,158805
OK,47,70,910,47,2014-03-29T08:15:00,1,5450470,158805
OK,41,80,910,41,2014-03-29T08:20:00,1,5450919,158805
OK,41,80,910,41,2014-03-29T08:25:00,0,5451368,158805
OK,44,75,910,44,2014-03-29T08:30:00,2,5451817,158805
OK,50,66,910,50,2014-03-29T08:35:00,1,5452266,158805
OK,40,82,910,40,2014-03-29T08:40:00,1,5452715,158805
OK,43,77,910,43,2014-03-29T08:45:00,3,5453164,158805
OK,46,72,910,46,2014-03-29T08:50:00,2,5453613,158805
OK,80,41,910,80,2014-03-29T08:55:00,1,5454062,158805
OK,49,67,910,49,2014-03-29T09:00:00,3,5454511,158805
OK,50,66,910,50,2014-03-29T09:05:00,4,5454960,158805
OK,55,60,910,55,2014-03-29T09:10:00,2,5455409,158805
OK,50,66,910,50,2014-03-29T09:15:00,1,5455858,158805
OK,38,87,910,38,2014-03-29T09:20:00,1,5456307,158805
OK,76,43,910,76,2014-03-29T09:25:00,3,5456756,158805
OK,62,53,910,62,2014-03-29T09:30:00,4,5457205,158805
OK,46,72,910,46,2014-03-29T09:35:00,2,5457654,158805
OK,46,72,910,46,2014-03-29T09:40:00,2,5458103,158805
OK,45,73,910,45,2014-03-29T09:45:00,2,5458552,158805
OK,53,62,910,53,2014-03-29T09:50:00,4,5459001,158805
OK,54,61,910,54,2014-03-29T09:55:00,5,5459450,158805
OK,48,69,910,48,2014-03-29T10:00:00,4,5459899,158805
OK,44,75,910,44,2014-03-29T10:05:00,2,5460348,158805
OK,53,62,910,53,2014-03-29T10:10:00,4,5460797,158805
OK,55,60,910,55,2014-03-29T10:15:00,3,5461246,158805
OK,52,63,910,52,2014-03-29T10:20:00,2,5461695,158805
OK,56,59,910,56,2014-03-29T10:25:00,5,5462144,158805
OK,49,67,910,49,2014-03-29T10:30:00,5,5462593,158805
OK,53,62,910,53,2014-03-29T10:35:00,5,5463042,158805
OK,53,62,910,53,2014-03-29T10:40:00,5,5463491,158805
OK,46,72,910,46,2014-03-29T10:45:00,4,5463940,158805
OK,55,60,910,55,2014-03-29T10:50:00,3,5464389,158805
OK,60,55,910,60,2014-03-29T10:55:00,2,5464838,158805
OK,52,63,910,52,2014-03-29T11:00:00,2,5465287,158805
OK,50,66,910,50,2014-03-29T11:05:00,4,5465736,158805
OK,43,77,910,43,2014-03-29T11:10:00,3,5466185,158805
OK,52,63,910,52,2014-03-29T11:15:00,3,5466634,158805
OK,46,72,910,46,2014-03-29T11:20:00,7,5467083,158805
OK,45,73,910,45,2014-03-29T11:25:00,5,5467532,158805
OK,50,66,910,50,2014-03-29T11:30:00,4,5467981,158805
OK,50,66,910,50,2014-03-29T11:35:00,5,5468430,158805
OK,53,62,910,53,2014-03-29T11:40:00,2,5468879,158805
OK,54,61,910,54,2014-03-29T11:45:00,3,5469328,158805
OK,59,56,910,59,2014-03-29T11:50:00,4,5469777,158805
OK,59,56,910,59,2014-03-29T11:55:00,6,5470226,158805
OK,48,69,910,48,2014-03-29T12:00:00,3,5470675,158805
OK,52,63,910,52,2014-03-29T12:05:00,3,5471124,158805
OK,52,63,910,52,2014-03-29T12:10:00,5,5471573,158805
OK,47,70,910,47,2014-03-29T12:15:00,4,5472022,158805
OK,49,67,910,49,2014-03-29T12:20:00,3,5472471,158805
OK,45,73,910,45,2014-03-29T12:25:00,5,5472920,158805
OK,45,73,910,45,2014-03-29T12:30:00,7,5473369,158805
OK,45,73,910,45,2014-03-29T12:35:00,4,5473818,158805
OK,56,59,910,56,2014-03-29T12:40:00,3,5474267,158805
OK,51,64,910,51,2014-03-29T12:45:00,1,5474716,158805
OK,51,64,910,51,2014-03-29T12:50:00,1,5475165,158805
OK,53,62,910,53,2014-03-29T12:55:00,3,5475614,158805
OK,50,66,910,50,2014-03-29T13:00:00,6,5476063,158805
OK,48,69,910,48,2014-03-29T13:05:00,4,5476512,158805
OK,48,69,910,48,2014-03-29T13:10:00,6,5476961,158805
OK,48,69,910,48,2014-03-29T13:15:00,6,5477410,158805
OK,48,69,910,48,2014-03-29T13:20:00,6,5477859,158805
OK,56,59,910,56,2014-03-29T13:25:00,7,5478308,158805
OK,51,64,910,51,2014-03-29T13:30:00,4,5478757,158805
OK,51,64,910,51,2014-03-29T13:35:00,4,5479206,158805
OK,81,40,910,81,2014-03-29T13:40:00,1,5479655,158805
OK,81,40,910,81,2014-03-29T13:45:00,1,5480104,158805
OK,49,67,910,49,2014-03-29T13:50:00,2,5480553,158805
OK,48,69,910,48,2014-03-29T13:55:00,3,5481002,158805
OK,47,70,910,47,2014-03-29T14:00:00,2,5481451,158805
OK,48,69,910,48,2014-03-29T14:05:00,1,5481900,158805
OK,48,69,910,48,2014-03-29T14:10:00,0,5482349,158805
OK,48,69,910,48,2014-03-29T14:15:00,3,5482798,158805
OK,51,64,910,51,2014-03-29T14:20:00,7,5483247,158805
OK,68,48,910,68,2014-03-29T14:25:00,8,5483696,158805
OK,52,63,910,52,2014-03-29T14:30:00,6,5484145,158805
OK,56,59,910,56,2014-03-29T14:35:00,9,5484594,158805
OK,56,59,910,56,2014-03-29T14:40:00,7,5485043,158805
OK,49,67,910,49,2014-03-29T14:45:00,5,5485492,158805
OK,49,67,910,49,2014-03-29T14:50:00,9,5485941,158805
OK,48,69,910,48,2014-03-29T14:55:00,8,5486390,158805
OK,52,63,910,52,2014-03-29T15:00:00,7,5486839,158805
OK,56,59,910,56,2014-03-29T15:05:00,7,5487288,158805
OK,55,60,910,55,2014-03-29T15:10:00,6,5487737,158805
OK,54,61,910,54,2014-03-29T15:15:00,5,5488186,158805
OK,55,60,910,55,2014-03-29T15:20:00,8,5488635,158805
OK,53,62,910,53,2014-03-29T15:25:00,11,5489084,158805
OK,50,66,910,50,2014-03-29T15:30:00,8,5489533,158805
OK,49,67,910,49,2014-03-29T15:35:00,3,5489982,158805
OK,44,75,910,44,2014-03-29T15:40:00,2,5490431,158805
OK,46,72,910,46,2014-03-29T15:45:00,4,5490880,158805
OK,50,66,910,50,2014-03-29T15:50:00,6,5491329,158805
OK,51,64,910,51,2014-03-29T15:55:00,4,5491778,158805
OK,52,63,910,52,2014-03-29T16:00:00,4,5492227,158805
OK,65,50,910,65,2014-03-29T16:05:00,2,5492676,158805
OK,52,63,910,52,2014-03-29T16:10:00,5,5493125,158805
OK,49,67,910,49,2014-03-29T16:15:00,7,5493574,158805
OK,49,67,910,49,2014-03-29T16:20:00,6,5494023,158805
OK,61,54,910,61,2014-03-29T16:25:00,3,5494472,158805
OK,54,61,910,54,2014-03-29T16:30:00,4,5494921,158805
OK,45,73,910,45,2014-03-29T16:35:00,1,5495370,158805
OK,52,63,910,52,2014-03-29T16:40:00,2,5495819,158805
OK,51,64,910,51,2014-03-29T16:45:00,2,5496268,158805
OK,53,62,910,53,2014-03-29T16:50:00,3,5496717,158805
OK,55,60,910,55,2014-03-29T16:55:00,4,5497166,158805
OK,53,62,910,53,2014-03-29T17:00:00,3,5497615,158805
OK,53,62,910,53,2014-03-29T17:05:00,3,5498064,158805
OK,41,80,910,41,2014-03-29T17:10:00,2,5498513,158805
OK,56,59,910,56,2014-03-29T17:15:00,3,5498962,158805
OK,48,69,910,48,2014-03-29T17:20:00,3,5499411,158805
OK,44,75,910,44,2014-03-29T17:25:00,2,5499860,158805
OK,48,69,910,48,2014-03-29T17:30:00,3,5500309,158805
OK,48,69,910,48,2014-03-29T17:35:00,4,5500758,158805
OK,52,63,910,52,2014-03-29T17:40:00,1,5501207,158805
OK,51,64,910,51,2014-03-29T17:45:00,1,5501656,158805
OK,51,64,910,51,2014-03-29T17:50:00,1,5502105,158805
OK,81,40,910,81,2014-03-29T17:55:00,1,5502554,158805
OK,60,55,910,60,2014-03-29T18:00:00,3,5503003,158805
OK,54,61,910,54,2014-03-29T18:05:00,3,5503452,158805
OK,52,63,910,52,2014-03-29T18:10:00,2,5503901,158805
OK,55,60,910,55,2014-03-29T18:15:00,2,5504350,158805
OK,57,58,910,57,2014-03-29T18:20:00,5,5504799,158805
OK,54,61,910,54,2014-03-29T18:25:00,4,5505248,158805
OK,52,63,910,52,2014-03-29T18:30:00,0,5505697,158805
OK,52,63,910,52,2014-03-29T18:35:00,0,5506146,158805
OK,48,69,910,48,2014-03-29T18:40:00,3,5506595,158805
OK,51,64,910,51,2014-03-29T18:45:00,1,5507044,158805
OK,51,64,910,51,2014-03-29T18:50:00,0,5507493,158805
OK,46,72,910,46,2014-03-29T18:55:00,1,5507942,158805
OK,47,70,910,47,2014-03-29T19:00:00,3,5508391,158805
OK,56,59,910,56,2014-03-29T19:05:00,3,5508840,158805
OK,56,59,910,56,2014-03-29T19:10:00,1,5509289,158805
OK,56,59,910,56,2014-03-29T19:15:00,0,5509738,158805
OK,56,59,910,56,2014-03-29T19:20:00,0,5510187,158805
OK,56,59,910,56,2014-03-29T19:25:00,0,5510636,158805
OK,46,72,910,46,2014-03-29T19:30:00,1,5511085,158805
OK,43,77,910,43,2014-03-29T19:35:00,4,5511534,158805
OK,37,89,910,37,2014-03-29T19:40:00,2,5511983,158805
OK,48,69,910,48,2014-03-29T19:45:00,2,5512432,158805
OK,48,69,910,48,2014-03-29T19:50:00,2,5512881,158805
OK,72,46,910,72,2014-03-29T19:55:00,2,5513330,158805
OK,72,46,910,72,2014-03-29T20:00:00,2,5513779,158805
OK,72,46,910,72,2014-03-29T20:05:00,0,5514228,158805
OK,60,55,910,60,2014-03-29T20:10:00,2,5514677,158805
OK,50,66,910,50,2014-03-29T20:15:00,3,5515126,158805
OK,50,66,910,50,2014-03-29T20:20:00,1,5515575,158805
OK,53,62,910,53,2014-03-29T20:25:00,1,5516024,158805
OK,53,62,910,53,2014-03-29T20:30:00,1,5516473,158805
OK,53,62,910,53,2014-03-29T20:35:00,0,5516922,158805
OK,53,62,910,53,2014-03-29T20:40:00,0,5517371,158805
OK,30,110,910,30,2014-03-29T20:45:00,1,5517820,158805
OK,61,54,910,61,2014-03-29T20:50:00,2,5518269,158805
OK,61,54,910,61,2014-03-29T20:55:00,2,5518718,158805
OK,61,54,910,61,2014-03-29T21:00:00,0,5519167,158805
OK,61,54,910,61,2014-03-29T21:05:00,0,5519616,158805
OK,62,53,910,62,2014-03-29T21:10:00,2,5520065,158805
OK,58,57,910,58,2014-03-29T21:15:00,1,5520514,158805
OK,58,57,910,58,2014-03-29T21:20:00,0,5520963,158805
OK,58,57,910,58,2014-03-29T21:25:00,4,5521412,158805
OK,53,62,910,53,2014-03-29T21:30:00,4,5521861,158805
OK,38,87,910,38,2014-03-29T21:35:00,0,5522310,158805
OK,38,87,910,38,2014-03-29T21:40:00,0,5522759,158805
OK,40,82,910,40,2014-03-29T21:45:00,1,5523208,158805
OK,53,62,910,53,2014-03-29T21:50:00,3,5523657,158805
OK,53,62,910,53,2014-03-29T21:55:00,3,5524106,158805
OK,52,63,910,52,2014-03-29T22:00:00,2,5524555,158805
OK,55,60,910,55,2014-03-29T22:05:00,2,5525004,158805
OK,54,61,910,54,2014-03-29T22:10:00,1,5525453,158805
OK,54,61,910,54,2014-03-29T22:15:00,0,5525902,158805
OK,54,61,910,54,2014-03-29T22:20:00,0,5526351,158805
OK,64,51,910,64,2014-03-29T22:25:00,1,5526800,158805
OK,64,51,910,64,2014-03-29T22:30:00,1,5527249,158805
OK,64,51,910,64,2014-03-29T22:35:00,0,5527698,158805
OK,42,78,910,42,2014-03-29T22:40:00,1,5528147,158805
OK,44,75,910,44,2014-03-29T22:45:00,2,5528596,158805
OK,47,70,910,47,2014-03-29T22:50:00,2,5529045,158805
OK,51,64,910,51,2014-03-29T22:55:00,0,5529494,158805
OK,51,64,910,51,2014-03-29T23:00:00,0,5529943,158805
OK,51,64,910,51,2014-03-29T23:05:00,0,5530392,158805
OK,51,64,910,51,2014-03-29T23:10:00,0,5530841,158805
OK,51,64,910,51,2014-03-29T23:15:00,0,5531290,158805
OK,42,78,910,42,2014-03-29T23:20:00,1,5531739,158805
OK,51,64,910,51,2014-03-29T23:25:00,2,5532188,158805
OK,51,64,910,51,2014-03-29T23:30:00,2,5532637,158805
OK,47,70,910,47,2014-03-29T23:35:00,0,5533086,158805
OK,47,70,910,47,2014-03-29T23:40:00,0,5533535,158805
OK,47,70,910,47,2014-03-29T23:45:00,0,5533984,158805
OK,47,70,910,47,2014-03-29T23:50:00,0,5534433,158805
OK,46,72,910,46,2014-03-29T23:55:00,1,5534882,158805
OK,46,72,910,46,2014-03-30T00:00:00,1,5535331,158805
OK,60,55,910,60,2014-03-30T00:15:00,2,5536416,158805
OK,73,45,910,73,2014-03-30T00:20:00,1,5536865,158805
OK,73,45,910,73,2014-03-30T00:25:00,0,5537314,158805
OK,73,45,910,73,2014-03-30T00:30:00,0,5537763,158805
OK,73,45,910,73,2014-03-30T00:35:00,0,5538212,158805
OK,73,45,910,73,2014-03-30T00:40:00,0,5538661,158805
OK,73,45,910,73,2014-03-30T00:45:00,0,5539110,158805
OK,73,45,910,73,2014-03-30T00:50:00,0,5539559,158805
OK,73,45,910,73,2014-03-30T00:55:00,0,5540008,158805
OK,73,45,910,73,2014-03-30T01:00:00,0,5540457,158805
OK,73,45,910,73,2014-03-30T01:05:00,0,5540906,158805
OK,73,45,910,73,2014-03-30T01:10:00,0,5541355,158805
OK,73,45,910,73,2014-03-30T01:15:00,0,5541804,158805
OK,73,45,910,73,2014-03-30T01:20:00,0,5542253,158805
OK,73,45,910,73,2014-03-30T01:25:00,0,5542702,158805
OK,73,45,910,73,2014-03-30T01:30:00,0,5543151,158805
OK,73,45,910,73,2014-03-30T01:35:00,0,5543600,158805
OK,73,45,910,73,2014-03-30T01:40:00,0,5544049,158805
OK,73,45,910,73,2014-03-30T01:45:00,0,5544498,158805
OK,73,45,910,73,2014-03-30T01:50:00,0,5544947,158805
OK,46,72,910,46,2014-03-30T01:55:00,2,5545396,158805
OK,32,103,910,32,2014-03-30T02:00:00,3,5545845,158805
OK,50,66,910,50,2014-03-30T02:05:00,2,5546294,158805
OK,50,66,910,50,2014-03-30T02:10:00,0,5546743,158805
OK,50,66,910,50,2014-03-30T02:15:00,0,5547192,158805
OK,50,66,910,50,2014-03-30T02:20:00,0,5547641,158805
OK,50,66,910,50,2014-03-30T02:25:00,0,5548090,158805
OK,41,80,910,41,2014-03-30T02:30:00,1,5548539,158805
OK,41,80,910,41,2014-03-30T02:35:00,0,5548988,158805
OK,55,60,910,55,2014-03-30T02:40:00,1,5549437,158805
OK,55,60,910,55,2014-03-30T02:45:00,0,5549886,158805
OK,55,60,910,55,2014-03-30T02:50:00,0,5550335,158805
OK,55,60,910,55,2014-03-30T02:55:00,0,5550784,158805
OK,55,60,910,55,2014-03-30T03:00:00,0,5551233,158805
OK,55,60,910,55,2014-03-30T03:05:00,0,5551682,158805
OK,55,60,910,55,2014-03-30T03:10:00,0,5552131,158805
OK,55,60,910,55,2014-03-30T03:15:00,0,5552580,158805
OK,55,60,910,55,2014-03-30T03:20:00,0,5553029,158805
OK,55,60,910,55,2014-03-30T03:25:00,0,5553478,158805
OK,55,60,910,55,2014-03-30T03:30:00,0,5553927,158805
OK,55,60,910,55,2014-03-30T03:35:00,0,5554376,158805
OK,55,60,910,55,2014-03-30T03:40:00,0,5554825,158805
OK,55,60,910,55,2014-03-30T03:45:00,0,5555274,158805
OK,55,60,910,55,2014-03-30T03:50:00,0,5555723,158805
OK,55,60,910,55,2014-03-30T03:55:00,0,5556172,158805
OK,42,78,910,42,2014-03-30T06:00:00,0,5565274,158805
OK,42,78,910,42,2014-03-30T06:05:00,0,5565723,158805
OK,42,78,910,42,2014-03-30T06:10:00,0,5566172,158805
OK,49,67,910,49,2014-03-30T06:15:00,1,5566621,158805
OK,49,67,910,49,2014-03-30T06:20:00,1,5567070,158805
OK,49,67,910,49,2014-03-30T06:25:00,0,5567519,158805
OK,66,50,910,66,2014-03-30T06:30:00,1,5567968,158805
OK,65,50,910,65,2014-03-30T06:35:00,2,5568417,158805
OK,65,50,910,65,2014-03-30T06:40:00,0,5568866,158805
OK,65,50,910,65,2014-03-30T06:45:00,0,5569315,158805
OK,65,50,910,65,2014-03-30T06:50:00,0,5569764,158805
OK,54,61,910,54,2014-03-30T06:55:00,1,5570213,158805
OK,54,61,910,54,2014-03-30T07:00:00,0,5570662,158805
OK,54,61,910,54,2014-03-30T07:05:00,0,5571111,158805
OK,54,61,910,54,2014-03-30T07:10:00,0,5571560,158805
OK,54,61,910,54,2014-03-30T07:15:00,0,5572009,158805
OK,54,61,910,54,2014-03-30T07:20:00,0,5572458,158805
OK,54,61,910,54,2014-03-30T07:25:00,0,5572907,158805
OK,54,61,910,54,2014-03-30T07:30:00,0,5573356,158805
OK,44,75,910,44,2014-03-30T07:35:00,1,5573805,158805
OK,45,73,910,45,2014-03-30T07:40:00,1,5574254,158805
OK,43,77,910,43,2014-03-30T07:45:00,2,5574703,158805
OK,51,64,910,51,2014-03-30T07:50:00,2,5575152,158805
OK,50,66,910,50,2014-03-30T07:55:00,2,5575601,158805
OK,45,73,910,45,2014-03-30T08:00:00,3,5576050,158805
OK,49,67,910,49,2014-03-30T08:05:00,2,5576499,158805
OK,54,61,910,54,2014-03-30T08:10:00,0,5576948,158805
OK,34,97,910,34,2014-03-30T08:15:00,3,5577397,158805
OK,34,97,910,34,2014-03-30T08:20:00,3,5577846,158805
OK,45,73,910,45,2014-03-30T08:25:00,2,5578295,158805
OK,45,73,910,45,2014-03-30T08:30:00,3,5578744,158805
OK,45,73,910,45,2014-03-30T08:35:00,0,5579193,158805
OK,47,70,910,47,2014-03-30T08:40:00,1,5579642,158805
OK,47,70,910,47,2014-03-30T08:45:00,3,5580091,158805
OK,50,66,910,50,2014-03-30T08:50:00,3,5580540,158805
OK,45,73,910,45,2014-03-30T08:55:00,3,5580989,158805
OK,39,84,910,39,2014-03-30T09:00:00,1,5581438,158805
OK,37,89,910,37,2014-03-30T09:05:00,1,5581887,158805
OK,46,72,910,46,2014-03-30T09:10:00,3,5582336,158805
OK,53,62,910,53,2014-03-30T09:15:00,2,5582785,158805
OK,53,62,910,53,2014-03-30T09:20:00,4,5583234,158805
OK,53,62,910,53,2014-03-30T09:25:00,3,5583683,158805
OK,42,78,910,42,2014-03-30T09:30:00,1,5584132,158805
OK,54,61,910,54,2014-03-30T09:35:00,1,5584581,158805
OK,41,80,910,41,2014-03-30T09:40:00,3,5585030,158805
OK,43,77,910,43,2014-03-30T09:45:00,4,5585478,158805
OK,50,66,910,50,2014-03-30T09:50:00,4,5585927,158805
OK,53,62,910,53,2014-03-30T09:55:00,4,5586376,158805
OK,64,51,910,64,2014-03-30T10:00:00,1,5586825,158805
OK,64,51,910,64,2014-03-30T10:05:00,0,5587274,158805
OK,39,84,910,39,2014-03-30T10:10:00,1,5587723,158805
OK,39,84,910,39,2014-03-30T10:15:00,0,5588172,158805
OK,45,73,910,45,2014-03-30T10:20:00,2,5588621,158805
OK,46,72,910,46,2014-03-30T10:25:00,3,5589070,158805
OK,49,67,910,49,2014-03-30T10:30:00,6,5589519,158805
OK,50,66,910,50,2014-03-30T10:35:00,4,5589968,158805
OK,55,60,910,55,2014-03-30T10:40:00,5,5590417,158805
OK,57,58,910,57,2014-03-30T10:45:00,8,5590866,158805
OK,69,48,910,69,2014-03-30T10:50:00,5,5591315,158805
OK,59,56,910,59,2014-03-30T10:55:00,3,5591764,158805
OK,49,67,910,49,2014-03-30T11:00:00,4,5592213,158805
OK,49,67,910,49,2014-03-30T11:05:00,5,5592662,158805
OK,56,59,910,56,2014-03-30T11:10:00,4,5593111,158805
OK,46,72,910,46,2014-03-30T11:15:00,7,5593560,158805
OK,47,70,910,47,2014-03-30T11:20:00,8,5594009,158805
OK,49,67,910,49,2014-03-30T11:25:00,7,5594458,158805
OK,48,69,910,48,2014-03-30T11:30:00,5,5594907,158805
OK,46,72,910,46,2014-03-30T11:35:00,4,5595356,158805
OK,48,69,910,48,2014-03-30T11:40:00,5,5595805,158805
OK,43,77,910,43,2014-03-30T11:45:00,7,5596254,158805
OK,44,75,910,44,2014-03-30T11:50:00,3,5596703,158805
OK,44,75,910,44,2014-03-30T11:55:00,0,5597152,158805
OK,44,75,910,44,2014-03-30T12:00:00,0,5597601,158805
OK,44,75,910,44,2014-03-30T12:05:00,0,5598050,158805
OK,49,67,910,49,2014-03-30T12:10:00,2,5598499,158805
OK,53,62,910,53,2014-03-30T12:15:00,3,5598948,158805
OK,52,63,910,52,2014-03-30T12:20:00,4,5599397,158805
OK,60,55,910,60,2014-03-30T12:25:00,5,5599846,158805
OK,72,46,910,72,2014-03-30T12:30:00,5,5600295,158805
OK,56,59,910,56,2014-03-30T12:35:00,3,5600744,158805
OK,62,53,910,62,2014-03-30T12:40:00,4,5601193,158805
OK,62,53,910,62,2014-03-30T12:45:00,4,5601642,158805
OK,51,64,910,51,2014-03-30T12:50:00,2,5602091,158805
OK,53,62,910,53,2014-03-30T12:55:00,3,5602540,158805
OK,45,73,910,45,2014-03-30T13:00:00,1,5602989,158805
OK,59,56,910,59,2014-03-30T13:05:00,3,5603438,158805
OK,46,72,910,46,2014-03-30T13:10:00,3,5603887,158805
OK,46,72,910,46,2014-03-30T13:15:00,4,5604336,158805
OK,40,82,910,40,2014-03-30T13:20:00,5,5604785,158805
OK,40,82,910,40,2014-03-30T13:25:00,4,5605234,158805
OK,56,59,910,56,2014-03-30T13:30:00,3,5605683,158805
OK,53,62,910,53,2014-03-30T13:35:00,6,5606132,158805
OK,53,62,910,53,2014-03-30T13:40:00,4,5606581,158805
OK,49,67,910,49,2014-03-30T13:45:00,2,5607030,158805
OK,48,69,910,48,2014-03-30T13:50:00,3,5607478,158805
OK,45,73,910,45,2014-03-30T13:55:00,6,5607927,158805
OK,43,77,910,43,2014-03-30T14:00:00,5,5608376,158805
OK,44,75,910,44,2014-03-30T14:05:00,1,5608825,158805
OK,44,75,910,44,2014-03-30T14:10:00,7,5609274,158805
OK,47,70,910,47,2014-03-30T14:15:00,13,5609723,158805
OK,49,67,910,49,2014-03-30T14:20:00,7,5610172,158805
OK,48,69,910,48,2014-03-30T14:25:00,2,5610621,158805
OK,57,58,910,57,2014-03-30T14:30:00,3,5611070,158805
OK,50,66,910,50,2014-03-30T14:35:00,4,5611519,158805
OK,50,66,910,50,2014-03-30T14:40:00,6,5611968,158805
OK,45,73,910,45,2014-03-30T14:45:00,5,5612417,158805
OK,42,78,910,42,2014-03-30T14:50:00,3,5612866,158805
OK,48,69,910,48,2014-03-30T14:55:00,4,5613315,158805
OK,48,69,910,48,2014-03-30T15:00:00,4,5613764,158805
OK,47,70,910,47,2014-03-30T15:05:00,4,5614213,158805
OK,48,69,910,48,2014-03-30T15:10:00,5,5614662,158805
OK,50,66,910,50,2014-03-30T15:15:00,3,5615111,158805
OK,46,72,910,46,2014-03-30T15:20:00,1,5615560,158805
OK,41,80,910,41,2014-03-30T15:25:00,2,5616009,158805
OK,42,78,910,42,2014-03-30T15:30:00,1,5616458,158805
OK,42,78,910,42,2014-03-30T15:35:00,6,5616907,158805
OK,41,80,910,41,2014-03-30T15:40:00,6,5617356,158805
OK,41,80,910,41,2014-03-30T15:45:00,6,5617805,158805
OK,47,70,910,47,2014-03-30T15:50:00,3,5618254,158805
OK,65,50,910,65,2014-03-30T15:55:00,5,5618703,158805
OK,56,59,910,56,2014-03-30T16:00:00,4,5619152,158805
OK,62,53,910,62,2014-03-30T16:05:00,3,5619601,158805
OK,59,56,910,59,2014-03-30T16:10:00,2,5620050,158805
OK,46,72,910,46,2014-03-30T16:15:00,0,5620499,158805
OK,46,72,910,46,2014-03-30T16:20:00,0,5620948,158805
OK,68,48,910,68,2014-03-30T16:25:00,2,5621397,158805
OK,46,72,910,46,2014-03-30T16:30:00,5,5621846,158805
OK,44,75,910,44,2014-03-30T16:35:00,4,5622295,158805
OK,46,72,910,46,2014-03-30T16:40:00,2,5622744,158805
OK,53,62,910,53,2014-03-30T16:45:00,2,5623193,158805
OK,54,61,910,54,2014-03-30T16:50:00,3,5623642,158805
OK,52,63,910,52,2014-03-30T16:55:00,2,5624091,158805
OK,55,60,910,55,2014-03-30T17:00:00,4,5624540,158805
OK,56,59,910,56,2014-03-30T17:05:00,3,5624989,158805
OK,54,61,910,54,2014-03-30T17:10:00,0,5625438,158805
OK,39,84,910,39,2014-03-30T17:15:00,1,5625887,158805
OK,43,77,910,43,2014-03-30T17:20:00,4,5626336,158805
OK,50,66,910,50,2014-03-30T17:25:00,4,5626785,158805
OK,46,72,910,46,2014-03-30T17:30:00,5,5627234,158805
OK,40,82,910,40,2014-03-30T17:35:00,3,5627683,158805
OK,40,82,910,40,2014-03-30T17:40:00,2,5628132,158805
OK,40,82,910,40,2014-03-30T17:45:00,1,5628581,158805
OK,51,64,910,51,2014-03-30T17:50:00,2,5629030,158805
OK,45,73,910,45,2014-03-30T17:55:00,6,5629479,158805
OK,44,75,910,44,2014-03-30T18:00:00,4,5629928,158805
OK,55,60,910,55,2014-03-30T18:05:00,3,5630377,158805
OK,47,70,910,47,2014-03-30T18:10:00,4,5630826,158805
OK,47,70,910,47,2014-03-30T18:15:00,4,5631275,158805
OK,52,63,910,52,2014-03-30T18:20:00,5,5631724,158805
OK,54,61,910,54,2014-03-30T18:25:00,6,5632173,158805
OK,53,62,910,53,2014-03-30T18:30:00,5,5632622,158805
OK,46,72,910,46,2014-03-30T18:35:00,2,5633071,158805
OK,46,72,910,46,2014-03-30T18:40:00,2,5633520,158805
OK,53,62,910,53,2014-03-30T18:45:00,3,5633969,158805
OK,53,62,910,53,2014-03-30T18:50:00,3,5634418,158805
OK,59,56,910,59,2014-03-30T18:55:00,1,5634867,158805
OK,45,73,910,45,2014-03-30T19:00:00,2,5635316,158805
OK,48,69,910,48,2014-03-30T19:05:00,3,5635765,158805
OK,51,64,910,51,2014-03-30T19:10:00,1,5636214,158805
OK,39,84,910,39,2014-03-30T19:15:00,1,5636663,158805
OK,39,84,910,39,2014-03-30T19:20:00,1,5637112,158805
OK,46,72,910,46,2014-03-30T19:25:00,1,5637561,158805
OK,42,78,910,42,2014-03-30T19:30:00,2,5638010,158805
OK,38,87,910,38,2014-03-30T19:35:00,0,5638459,158805
OK,71,46,910,71,2014-03-30T19:40:00,2,5638908,158805
OK,50,66,910,50,2014-03-30T19:45:00,1,5639357,158805
OK,50,66,910,50,2014-03-30T19:50:00,0,5639806,158805
OK,50,66,910,50,2014-03-30T19:55:00,0,5640255,158805
OK,50,66,910,50,2014-03-30T20:00:00,1,5640704,158805
OK,48,69,910,48,2014-03-30T20:05:00,1,5641153,158805
OK,48,69,910,48,2014-03-30T20:10:00,1,5641602,158805
OK,45,73,910,45,2014-03-30T20:15:00,2,5642051,158805
OK,51,64,910,51,2014-03-30T20:20:00,3,5642500,158805
OK,52,63,910,52,2014-03-30T20:25:00,2,5642949,158805
OK,45,73,910,45,2014-03-30T20:30:00,2,5643398,158805
OK,43,77,910,43,2014-03-30T20:35:00,3,5643847,158805
OK,47,70,910,47,2014-03-30T20:40:00,3,5644296,158805
OK,70,47,910,70,2014-03-30T20:45:00,2,5644745,158805
OK,54,61,910,54,2014-03-30T20:50:00,2,5645194,158805
OK,59,56,910,59,2014-03-30T20:55:00,3,5645643,158805
OK,59,56,910,59,2014-03-30T21:00:00,1,5646092,158805
OK,59,56,910,59,2014-03-30T21:05:00,0,5646541,158805
OK,59,56,910,59,2014-03-30T21:10:00,0,5646990,158805
OK,37,89,910,37,2014-03-30T21:15:00,1,5647439,158805
OK,37,89,910,37,2014-03-30T21:20:00,1,5647888,158805
OK,37,89,910,37,2014-03-30T21:25:00,0,5648337,158805
OK,37,89,910,37,2014-03-30T21:30:00,0,5648786,158805
OK,37,89,910,37,2014-03-30T21:35:00,0,5649235,158805
OK,37,89,910,37,2014-03-30T21:40:00,0,5649684,158805
OK,54,61,910,54,2014-03-30T21:45:00,1,5650133,158805
OK,85,38,910,85,2014-03-30T21:50:00,1,5650582,158805
OK,85,38,910,85,2014-03-30T21:55:00,0,5651031,158805
OK,85,38,910,85,2014-03-30T22:00:00,0,5651480,158805
OK,85,38,910,85,2014-03-30T22:05:00,0,5651929,158805
OK,85,38,910,85,2014-03-30T22:10:00,0,5652378,158805
OK,85,38,910,85,2014-03-30T22:15:00,0,5652827,158805
OK,85,38,910,85,2014-03-30T22:20:00,0,5653276,158805
OK,85,38,910,85,2014-03-30T22:25:00,0,5653725,158805
OK,85,38,910,85,2014-03-30T22:30:00,0,5654174,158805
OK,85,38,910,85,2014-03-30T22:35:00,0,5654623,158805
OK,85,38,910,85,2014-03-30T22:40:00,0,5655072,158805
OK,85,38,910,85,2014-03-30T22:45:00,0,5655521,158805
OK,85,38,910,85,2014-03-30T22:50:00,0,5655970,158805
OK,85,38,910,85,2014-03-30T22:55:00,0,5656419,158805
OK,85,38,910,85,2014-03-30T23:00:00,0,5656868,158805
OK,85,38,910,85,2014-03-30T23:05:00,0,5657317,158805
OK,85,38,910,85,2014-03-30T23:10:00,0,5657766,158805
OK,85,38,910,85,2014-03-30T23:15:00,0,5658215,158805
OK,85,38,910,85,2014-03-30T23:20:00,0,5658664,158805
OK,85,38,910,85,2014-03-30T23:25:00,0,5659113,158805
OK,85,38,910,85,2014-03-30T23:30:00,0,5659562,158805
OK,85,38,910,85,2014-03-30T23:35:00,0,5660011,158805
OK,85,38,910,85,2014-03-30T23:40:00,0,5660460,158805
OK,85,38,910,85,2014-03-30T23:45:00,0,5660909,158805
OK,85,38,910,85,2014-03-30T23:50:00,0,5661358,158805
OK,85,38,910,85,2014-03-30T23:55:00,0,5661807,158805
OK,85,38,910,85,2014-03-31T00:00:00,0,5662256,158805
OK,85,38,910,85,2014-03-31T00:05:00,0,5662705,158805
OK,85,38,910,85,2014-03-31T00:10:00,0,5663154,158805
OK,85,38,910,85,2014-03-31T00:15:00,0,5663603,158805
OK,85,38,910,85,2014-03-31T00:20:00,0,5664052,158805
OK,85,38,910,85,2014-03-31T00:25:00,0,5664501,158805
OK,85,38,910,85,2014-03-31T00:30:00,0,5664950,158805
OK,85,38,910,85,2014-03-31T00:35:00,0,5665399,158805
OK,85,38,910,85,2014-03-31T00:40:00,0,5665848,158805
OK,85,38,910,85,2014-03-31T00:45:00,0,5666297,158805
OK,85,38,910,85,2014-03-31T00:50:00,0,5666746,158805
OK,85,38,910,85,2014-03-31T00:55:00,0,5667195,158805
OK,85,38,910,85,2014-03-31T01:00:00,0,5667644,158805
OK,85,38,910,85,2014-03-31T01:05:00,0,5668093,158805
OK,85,38,910,85,2014-03-31T01:10:00,0,5668542,158805
OK,85,38,910,85,2014-03-31T01:15:00,0,5668991,158805
OK,85,38,910,85,2014-03-31T01:20:00,0,5669440,158805
OK,85,38,910,85,2014-03-31T01:25:00,0,5669889,158805
OK,85,38,910,85,2014-03-31T01:30:00,0,5670338,158805
OK,85,38,910,85,2014-03-31T01:35:00,0,5670787,158805
OK,85,38,910,85,2014-03-31T01:40:00,0,5671236,158805
OK,85,38,910,85,2014-03-31T01:45:00,0,5671685,158805
OK,85,38,910,85,2014-03-31T01:50:00,0,5672134,158805
OK,85,38,910,85,2014-03-31T01:55:00,0,5672583,158805
OK,85,38,910,85,2014-03-31T02:00:00,0,5673032,158805
OK,45,73,910,45,2014-03-31T02:05:00,1,5673481,158805
OK,38,87,910,38,2014-03-31T02:10:00,2,5673930,158805
OK,38,87,910,38,2014-03-31T02:15:00,0,5674379,158805
OK,38,87,910,38,2014-03-31T02:20:00,0,5674828,158805
OK,50,66,910,50,2014-03-31T02:25:00,1,5675277,158805
OK,50,66,910,50,2014-03-31T02:30:00,0,5675726,158805
OK,50,66,910,50,2014-03-31T02:35:00,0,5676175,158805
OK,50,66,910,50,2014-03-31T02:40:00,0,5676624,158805
OK,46,72,910,46,2014-03-31T02:45:00,1,5677073,158805
OK,41,80,910,41,2014-03-31T02:50:00,1,5677522,158805
OK,41,80,910,41,2014-03-31T02:55:00,0,5677971,158805
OK,41,80,910,41,2014-03-31T03:00:00,0,5678420,158805
OK,41,80,910,41,2014-03-31T03:05:00,0,5678869,158805
OK,41,80,910,41,2014-03-31T03:10:00,0,5679318,158805
OK,41,80,910,41,2014-03-31T03:15:00,0,5679767,158805
OK,41,80,910,41,2014-03-31T03:20:00,0,5680216,158805
OK,41,80,910,41,2014-03-31T03:25:00,0,5680665,158805
OK,41,80,910,41,2014-03-31T03:30:00,0,5681114,158805
OK,36,92,910,36,2014-03-31T03:35:00,1,5681563,158805
OK,41,80,910,41,2014-03-31T03:40:00,2,5682012,158805
OK,46,72,910,46,2014-03-31T03:45:00,1,5682461,158805
OK,52,63,910,52,2014-03-31T03:50:00,1,5682910,158805
OK,51,64,910,51,2014-03-31T03:55:00,2,5683359,158805
OK,41,80,910,41,2014-03-31T04:00:00,1,5683808,158805
OK,59,56,910,59,2014-03-31T04:05:00,2,5684257,158805
OK,61,54,910,61,2014-03-31T04:10:00,3,5684706,158805
OK,55,60,910,55,2014-03-31T04:15:00,2,5685155,158805
OK,55,60,910,55,2014-03-31T04:20:00,0,5685604,158805
OK,55,60,910,55,2014-03-31T04:25:00,0,5686053,158805
OK,55,60,910,55,2014-03-31T04:30:00,0,5686502,158805
OK,58,57,910,58,2014-03-31T04:35:00,1,5686951,158805
OK,61,54,910,61,2014-03-31T04:40:00,2,5687400,158805
OK,54,61,910,54,2014-03-31T04:45:00,2,5687849,158805
OK,59,56,910,59,2014-03-31T04:50:00,5,5688298,158805
OK,52,63,910,52,2014-03-31T04:55:00,8,5688747,158805
OK,54,61,910,54,2014-03-31T05:00:00,7,5689196,158805
OK,51,64,910,51,2014-03-31T05:05:00,6,5689645,158805
OK,48,69,910,48,2014-03-31T05:10:00,5,5690094,158805
OK,58,57,910,58,2014-03-31T05:15:00,5,5690543,158805
OK,53,62,910,53,2014-03-31T05:20:00,7,5690992,158805
OK,53,62,910,53,2014-03-31T05:25:00,7,5691441,158805
OK,52,63,910,52,2014-03-31T05:30:00,8,5691890,158805
OK,52,63,910,52,2014-03-31T05:35:00,9,5692339,158805
OK,51,64,910,51,2014-03-31T05:40:00,8,5692788,158805
OK,55,60,910,55,2014-03-31T05:45:00,6,5693237,158805
OK,55,60,910,55,2014-03-31T05:50:00,4,5693686,158805
OK,55,60,910,55,2014-03-31T05:55:00,4,5694135,158805
OK,52,63,910,52,2014-03-31T06:00:00,4,5694584,158805
OK,61,54,910,61,2014-03-31T06:05:00,11,5695033,158805
OK,61,54,910,61,2014-03-31T06:10:00,7,5695482,158805
OK,46,72,910,46,2014-03-31T06:15:00,1,5695931,158805
OK,65,50,910,65,2014-03-31T06:20:00,1,5696380,158805
OK,58,57,910,58,2014-03-31T06:25:00,5,5696829,158805
OK,52,63,910,52,2014-03-31T06:30:00,9,5697278,158805
OK,50,66,910,50,2014-03-31T06:35:00,7,5697727,158805
OK,72,46,910,72,2014-03-31T06:40:00,2,5698176,158805
OK,46,72,910,46,2014-03-31T06:45:00,6,5698625,158805
OK,46,72,910,46,2014-03-31T06:50:00,6,5699074,158805
OK,49,67,910,49,2014-03-31T06:55:00,0,5699523,158805
OK,47,70,910,47,2014-03-31T07:00:00,5,5699972,158805
OK,46,72,910,46,2014-03-31T07:05:00,6,5700421,158805
OK,58,57,910,58,2014-03-31T07:10:00,6,5700870,158805
OK,58,57,910,58,2014-03-31T07:15:00,5,5701319,158805
OK,53,62,910,53,2014-03-31T07:20:00,4,5701768,158805
OK,52,63,910,52,2014-03-31T07:25:00,6,5702217,158805
OK,53,62,910,53,2014-03-31T07:30:00,4,5702666,158805
OK,51,64,910,51,2014-03-31T07:35:00,2,5703115,158805
OK,46,72,910,46,2014-03-31T07:40:00,2,5703564,158805
OK,56,59,910,56,2014-03-31T07:45:00,4,5704013,158805
OK,52,63,910,52,2014-03-31T07:50:00,7,5704462,158805
OK,51,64,910,51,2014-03-31T07:55:00,5,5704911,158805
OK,52,63,910,52,2014-03-31T08:00:00,7,5705360,158805
OK,51,64,910,51,2014-03-31T08:05:00,6,5705809,158805
OK,41,80,910,41,2014-03-31T08:10:00,3,5706258,158805
OK,45,73,910,45,2014-03-31T08:15:00,5,5706707,158805
OK,55,60,910,55,2014-03-31T08:20:00,7,5707156,158805
OK,43,77,910,43,2014-03-31T08:25:00,9,5707605,158805
OK,52,63,910,52,2014-03-31T08:30:00,11,5708054,158805
OK,52,63,910,52,2014-03-31T08:35:00,16,5708503,158805
OK,48,69,910,48,2014-03-31T08:40:00,10,5708952,158805
OK,48,69,910,48,2014-03-31T08:45:00,5,5709401,158805
OK,54,61,910,54,2014-03-31T08:50:00,7,5709850,158805
OK,54,61,910,54,2014-03-31T08:55:00,9,5710299,158805
OK,50,66,910,50,2014-03-31T09:00:00,7,5710748,158805
OK,52,63,910,52,2014-03-31T09:05:00,6,5711197,158805
OK,56,59,910,56,2014-03-31T09:10:00,5,5711620,158805
OK,49,67,910,49,2014-03-31T09:15:00,5,5712069,158805
OK,49,67,910,49,2014-03-31T09:20:00,12,5712518,158805
OK,50,66,910,50,2014-03-31T09:25:00,10,5712967,158805
OK,54,61,910,54,2014-03-31T09:30:00,2,5713416,158805
OK,76,43,910,76,2014-03-31T09:35:00,6,5713865,158805
OK,56,59,910,56,2014-03-31T09:40:00,10,5714314,158805
OK,49,67,910,49,2014-03-31T09:45:00,8,5714763,158805
OK,58,57,910,58,2014-03-31T09:50:00,9,5715212,158805
OK,58,57,910,58,2014-03-31T09:55:00,13,5715661,158805
OK,57,58,910,57,2014-03-31T10:00:00,9,5716110,158805
OK,51,64,910,51,2014-03-31T10:05:00,6,5716559,158805
OK,68,48,910,68,2014-03-31T10:10:00,7,5717008,158805
OK,53,62,910,53,2014-03-31T10:15:00,10,5717457,158805
OK,53,62,910,53,2014-03-31T10:20:00,11,5717906,158805
OK,53,62,910,53,2014-03-31T10:25:00,7,5718355,158805
OK,52,63,910,52,2014-03-31T10:30:00,11,5718804,158805
OK,53,62,910,53,2014-03-31T10:35:00,17,5719253,158805
OK,50,66,910,50,2014-03-31T10:40:00,12,5719702,158805
OK,48,69,910,48,2014-03-31T10:45:00,11,5720151,158805
OK,47,70,910,47,2014-03-31T10:50:00,10,5720600,158805
OK,46,72,910,46,2014-03-31T10:55:00,8,5721049,158805
OK,52,63,910,52,2014-03-31T11:00:00,6,5721498,158805
OK,54,61,910,54,2014-03-31T11:05:00,10,5721947,158805
OK,50,66,910,50,2014-03-31T11:10:00,10,5722396,158805
OK,53,62,910,53,2014-03-31T11:15:00,5,5722845,158805
OK,48,69,910,48,2014-03-31T11:20:00,6,5723294,158805
OK,50,66,910,50,2014-03-31T11:25:00,10,5723743,158805
OK,53,62,910,53,2014-03-31T11:30:00,8,5724192,158805
OK,54,61,910,54,2014-03-31T11:35:00,5,5724641,158805
OK,45,73,910,45,2014-03-31T11:40:00,7,5725090,158805
OK,55,60,910,55,2014-03-31T11:45:00,22,5725539,158805
OK,59,56,910,59,2014-03-31T11:50:00,21,5725988,158805
OK,58,57,910,58,2014-03-31T11:55:00,10,5726437,158805
OK,52,63,910,52,2014-03-31T12:00:00,10,5726886,158805
OK,53,62,910,53,2014-03-31T12:05:00,12,5727335,158805
OK,55,60,910,55,2014-03-31T12:10:00,8,5727784,158805
OK,58,57,910,58,2014-03-31T12:15:00,13,5728233,158805
OK,56,59,910,56,2014-03-31T12:20:00,15,5728682,158805
OK,59,56,910,59,2014-03-31T12:25:00,6,5729131,158805
OK,61,54,910,61,2014-03-31T12:30:00,8,5729580,158805
OK,52,63,910,52,2014-03-31T12:35:00,10,5730029,158805
OK,52,63,910,52,2014-03-31T12:40:00,15,5730478,158805
OK,52,63,910,52,2014-03-31T12:45:00,18,5730927,158805
OK,60,55,910,60,2014-03-31T12:50:00,15,5731376,158805
OK,64,51,910,64,2014-03-31T12:55:00,10,5731825,158805
OK,55,60,910,55,2014-03-31T13:00:00,9,5732274,158805
OK,52,63,910,52,2014-03-31T13:05:00,17,5732723,158805
OK,67,49,910,67,2014-03-31T13:15:00,23,5733621,158805
OK,69,48,910,69,2014-03-31T13:20:00,23,5734070,158805
OK,62,53,910,62,2014-03-31T13:25:00,17,5734519,158805
OK,61,54,910,61,2014-03-31T13:30:00,21,5734968,158805
OK,57,58,910,57,2014-03-31T13:35:00,22,5735417,158805
OK,54,61,910,54,2014-03-31T13:40:00,14,5735866,158805
OK,50,66,910,50,2014-03-31T13:45:00,15,5736315,158805
OK,52,63,910,52,2014-03-31T13:50:00,15,5736764,158805
OK,64,51,910,64,2014-03-31T13:55:00,13,5737213,158805
OK,62,53,910,62,2014-03-31T14:00:00,10,5737662,158805
OK,59,56,910,59,2014-03-31T14:05:00,12,5738111,158805
OK,54,61,910,54,2014-03-31T14:10:00,15,5738560,158805
OK,53,62,910,53,2014-03-31T14:15:00,18,5739009,158805
OK,52,63,910,52,2014-03-31T14:20:00,18,5739458,158805
OK,49,67,910,49,2014-03-31T14:25:00,14,5739907,158805
OK,48,69,910,48,2014-03-31T14:30:00,10,5740356,158805
OK,58,57,910,58,2014-03-31T14:35:00,10,5740805,158805
OK,57,58,910,57,2014-03-31T14:40:00,8,5741254,158805
OK,45,73,910,45,2014-03-31T14:45:00,9,5741703,158805
OK,45,73,910,45,2014-03-31T14:50:00,11,5742152,158805
OK,47,70,910,47,2014-03-31T14:55:00,8,5742601,158805
OK,54,61,910,54,2014-03-31T15:00:00,6,5743050,158805
OK,57,58,910,57,2014-03-31T15:05:00,7,5743499,158805
OK,55,60,910,55,2014-03-31T15:10:00,8,5743948,158805
OK,52,63,910,52,2014-03-31T15:15:00,8,5744397,158805
OK,53,62,910,53,2014-03-31T15:20:00,12,5744846,158805
OK,52,63,910,52,2014-03-31T15:25:00,13,5745295,158805
OK,48,69,910,48,2014-03-31T15:30:00,6,5745744,158805
OK,52,63,910,52,2014-03-31T15:35:00,9,5746193,158805
OK,52,63,910,52,2014-03-31T15:40:00,8,5746642,158805
OK,47,70,910,47,2014-03-31T15:45:00,4,5747091,158805
OK,47,70,910,47,2014-03-31T15:50:00,8,5747540,158805
OK,47,70,910,47,2014-03-31T15:55:00,7,5747989,158805
OK,48,69,910,48,2014-03-31T16:00:00,5,5748438,158805
OK,48,69,910,48,2014-03-31T16:05:00,11,5748887,158805
OK,50,66,910,50,2014-03-31T16:10:00,8,5749336,158805
OK,48,69,910,48,2014-03-31T16:15:00,8,5749785,158805
OK,45,73,910,45,2014-03-31T16:20:00,11,5750234,158805
OK,41,80,910,41,2014-03-31T16:25:00,4,5750683,158805
OK,49,67,910,49,2014-03-31T16:30:00,4,5751132,158805
OK,51,64,910,51,2014-03-31T16:35:00,3,5751581,158805
OK,48,69,910,48,2014-03-31T16:40:00,1,5752030,158805
OK,49,67,910,49,2014-03-31T16:45:00,2,5752479,158805
OK,43,77,910,43,2014-03-31T16:50:00,2,5752928,158805
OK,35,94,910,35,2014-03-31T16:55:00,1,5753377,158805
OK,55,60,910,55,2014-03-31T17:00:00,4,5753826,158805
OK,52,63,910,52,2014-03-31T17:05:00,6,5754275,158805
OK,49,67,910,49,2014-03-31T17:10:00,3,5754724,158805
OK,54,61,910,54,2014-03-31T17:15:00,4,5755173,158805
OK,54,61,910,54,2014-03-31T17:20:00,8,5755622,158805
OK,46,72,910,46,2014-03-31T17:25:00,9,5756071,158805
OK,46,72,910,46,2014-03-31T17:30:00,6,5756520,158805
OK,43,77,910,43,2014-03-31T17:35:00,8,5756969,158805
OK,45,73,910,45,2014-03-31T17:40:00,6,5757418,158805
OK,49,67,910,49,2014-03-31T17:45:00,2,5757867,158805
OK,46,72,910,46,2014-03-31T17:50:00,4,5758316,158805
OK,52,63,910,52,2014-03-31T17:55:00,2,5758765,158805
OK,52,63,910,52,2014-03-31T18:00:00,2,5759214,158805
OK,42,78,910,42,2014-03-31T18:05:00,1,5759663,158805
OK,54,61,910,54,2014-03-31T18:10:00,2,5760112,158805
OK,54,61,910,54,2014-03-31T18:15:00,1,5760561,158805
OK,47,70,910,47,2014-03-31T18:20:00,2,5761010,158805
OK,39,84,910,39,2014-03-31T18:25:00,5,5761459,158805
OK,39,84,910,39,2014-03-31T18:30:00,5,5761908,158805
OK,52,63,910,52,2014-03-31T18:35:00,1,5762357,158805
OK,52,63,910,52,2014-03-31T18:40:00,1,5762806,158805
OK,43,77,910,43,2014-03-31T18:45:00,1,5763255,158805
OK,41,80,910,41,2014-03-31T18:50:00,2,5763704,158805
OK,40,82,910,40,2014-03-31T18:55:00,0,5764153,158805
OK,49,67,910,49,2014-03-31T19:00:00,1,5764602,158805
OK,49,67,910,49,2014-03-31T19:05:00,0,5765051,158805
OK,47,70,910,47,2014-03-31T19:10:00,1,5765500,158805
OK,47,70,910,47,2014-03-31T19:15:00,1,5765949,158805
OK,47,70,910,47,2014-03-31T19:20:00,0,5766398,158805
OK,42,78,910,42,2014-03-31T19:25:00,2,5766847,158805
OK,49,67,910,49,2014-03-31T19:30:00,1,5767296,158805
OK,57,58,910,57,2014-03-31T19:35:00,1,5767745,158805
OK,57,58,910,57,2014-03-31T19:40:00,1,5768194,158805
OK,51,64,910,51,2014-03-31T19:45:00,2,5768643,158805
OK,47,70,910,47,2014-03-31T19:50:00,3,5769092,158805
OK,53,62,910,53,2014-03-31T19:55:00,1,5769541,158805
OK,44,75,910,44,2014-03-31T20:55:00,1,5773900,158805
OK,49,67,910,49,2014-03-31T22:00:00,0,5779111,158805
OK,49,67,910,49,2014-03-31T22:05:00,0,5779560,158805
OK,49,67,910,49,2014-03-31T22:10:00,0,5780009,158805
OK,38,87,910,38,2014-03-31T22:15:00,1,5780458,158805
OK,38,87,910,38,2014-03-31T22:20:00,1,5780907,158805
OK,43,77,910,43,2014-03-31T22:25:00,1,5781356,158805
OK,43,77,910,43,2014-03-31T22:30:00,1,5781805,158805
OK,54,61,910,54,2014-03-31T22:35:00,1,5782254,158805
OK,54,61,910,54,2014-03-31T22:40:00,1,5782703,158805
OK,54,61,910,54,2014-03-31T22:45:00,0,5783152,158805
OK,53,62,910,53,2014-03-31T22:50:00,1,5783601,158805
OK,38,87,910,38,2014-03-31T22:55:00,1,5784050,158805
OK,38,87,910,38,2014-03-31T23:00:00,0,5784499,158805
OK,38,87,910,38,2014-03-31T23:05:00,0,5784948,158805
OK,38,87,910,38,2014-03-31T23:10:00,0,5785397,158805
OK,38,87,910,38,2014-03-31T23:15:00,0,5785846,158805
OK,38,87,910,38,2014-03-31T23:20:00,0,5786295,158805
OK,36,92,910,36,2014-03-31T23:25:00,1,5786744,158805
OK,36,92,910,36,2014-03-31T23:30:00,1,5787193,158805
OK,36,92,910,36,2014-03-31T23:35:00,0,5787642,158805
OK,36,92,910,36,2014-03-31T23:40:00,0,5788091,158805
OK,52,63,910,52,2014-03-31T23:45:00,1,5788540,158805
OK,48,69,910,48,2014-03-31T23:50:00,2,5788989,158805
OK,44,75,910,44,2014-03-31T23:55:00,0,5789438,158805
OK,44,75,910,44,2014-04-01T00:00:00,0,5789887,158805
OK,44,75,910,44,2014-04-01T00:05:00,0,5790336,158805
OK,44,75,910,44,2014-04-01T00:10:00,0,5790785,158805
OK,44,75,910,44,2014-04-01T00:15:00,0,5791234,158805
OK,44,75,910,44,2014-04-01T00:20:00,0,5791683,158805
OK,44,75,910,44,2014-04-01T00:25:00,0,5792132,158805
OK,44,75,910,44,2014-04-01T00:30:00,0,5792581,158805
OK,44,75,910,44,2014-04-01T00:35:00,0,5793030,158805
OK,45,73,910,45,2014-04-01T00:40:00,1,5793479,158805
OK,37,89,910,37,2014-04-01T00:45:00,2,5793928,158805
OK,78,42,910,78,2014-04-01T00:50:00,1,5794377,158805
OK,78,42,910,78,2014-04-01T00:55:00,1,5794826,158805
OK,78,42,910,78,2014-04-01T01:00:00,0,5795275,158805
OK,78,42,910,78,2014-04-01T01:05:00,0,5795724,158805
OK,78,42,910,78,2014-04-01T01:10:00,0,5796173,158805
OK,78,42,910,78,2014-04-01T01:15:00,0,5796622,158805
OK,78,42,910,78,2014-04-01T01:20:00,0,5797071,158805
OK,78,42,910,78,2014-04-01T01:25:00,0,5797520,158805
OK,78,42,910,78,2014-04-01T01:30:00,0,5797969,158805
OK,78,42,910,78,2014-04-01T01:35:00,0,5798418,158805
OK,78,42,910,78,2014-04-01T01:40:00,0,5798867,158805
OK,78,42,910,78,2014-04-01T01:45:00,0,5799316,158805
OK,78,42,910,78,2014-04-01T01:50:00,0,5799765,158805
OK,78,42,910,78,2014-04-01T01:55:00,0,5800214,158805
OK,78,42,910,78,2014-04-01T02:00:00,0,5800663,158805
OK,78,42,910,78,2014-04-01T02:05:00,0,5801112,158805
OK,78,42,910,78,2014-04-01T02:10:00,0,5801560,158805
OK,78,42,910,78,2014-04-01T02:15:00,0,5802009,158805
OK,78,42,910,78,2014-04-01T02:20:00,0,5802458,158805
OK,78,42,910,78,2014-04-01T02:25:00,0,5802907,158805
OK,78,42,910,78,2014-04-01T02:30:00,0,5803356,158805
OK,78,42,910,78,2014-04-01T02:35:00,0,5803805,158805
OK,78,42,910,78,2014-04-01T02:40:00,0,5804254,158805
OK,78,42,910,78,2014-04-01T02:45:00,0,5804703,158805
OK,78,42,910,78,2014-04-01T02:50:00,0,5805152,158805
OK,78,42,910,78,2014-04-01T02:55:00,0,5805601,158805
OK,78,42,910,78,2014-04-01T03:00:00,0,5806050,158805
OK,78,42,910,78,2014-04-01T03:05:00,0,5806499,158805
OK,39,84,910,39,2014-04-01T03:10:00,1,5806948,158805
OK,39,84,910,39,2014-04-01T03:15:00,1,5807397,158805
OK,39,84,910,39,2014-04-01T03:20:00,0,5807846,158805
OK,39,84,910,39,2014-04-01T03:25:00,0,5808295,158805
OK,39,84,910,39,2014-04-01T03:30:00,0,5808744,158805
OK,57,58,910,57,2014-04-01T03:35:00,2,5809193,158805
OK,57,58,910,57,2014-04-01T03:40:00,2,5809642,158805
OK,51,64,910,51,2014-04-01T03:45:00,0,5810091,158805
OK,51,64,910,51,2014-04-01T03:50:00,0,5810540,158805
OK,61,54,910,61,2014-04-01T03:55:00,2,5810989,158805
OK,61,54,910,61,2014-04-01T04:00:00,3,5811438,158805
OK,61,54,910,61,2014-04-01T04:05:00,4,5811887,158805
OK,62,53,910,62,2014-04-01T04:10:00,6,5812336,158805
OK,60,55,910,60,2014-04-01T04:15:00,4,5812785,158805
OK,56,59,910,56,2014-04-01T04:20:00,1,5813234,158805
OK,57,58,910,57,2014-04-01T04:25:00,1,5813683,158805
OK,57,58,910,57,2014-04-01T04:30:00,3,5814132,158805
OK,46,72,910,46,2014-04-01T04:35:00,3,5814581,158805
OK,45,73,910,45,2014-04-01T04:40:00,3,5815030,158805
OK,58,57,910,58,2014-04-01T04:45:00,4,5815479,158805
OK,58,57,910,58,2014-04-01T04:50:00,4,5815928,158805
OK,51,64,910,51,2014-04-01T04:55:00,7,5816377,158805
OK,50,66,910,50,2014-04-01T05:00:00,5,5816826,158805
OK,50,66,910,50,2014-04-01T05:05:00,3,5817275,158805
OK,54,61,910,54,2014-04-01T05:10:00,4,5817724,158805
OK,54,61,910,54,2014-04-01T05:15:00,3,5818173,158805
OK,52,63,910,52,2014-04-01T05:20:00,6,5818622,158805
OK,53,62,910,53,2014-04-01T05:25:00,8,5819071,158805
OK,53,62,910,53,2014-04-01T05:30:00,6,5819520,158805
OK,54,61,910,54,2014-04-01T05:35:00,7,5819969,158805
OK,52,63,910,52,2014-04-01T05:40:00,6,5820418,158805
OK,52,63,910,52,2014-04-01T05:45:00,6,5820867,158805
OK,54,61,910,54,2014-04-01T05:50:00,9,5821316,158805
OK,54,61,910,54,2014-04-01T05:55:00,7,5821765,158805
OK,54,61,910,54,2014-04-01T06:00:00,7,5822214,158805
OK,59,56,910,59,2014-04-01T06:05:00,10,5822663,158805
OK,53,62,910,53,2014-04-01T06:10:00,15,5823112,158805
OK,60,55,910,60,2014-04-01T06:15:00,14,5823561,158805
OK,71,46,910,71,2014-04-01T06:20:00,15,5824010,158805
OK,58,57,910,58,2014-04-01T06:25:00,9,5824459,158805
OK,55,60,910,55,2014-04-01T06:30:00,4,5824908,158805
OK,61,54,910,61,2014-04-01T06:35:00,3,5825357,158805
OK,55,60,910,55,2014-04-01T06:40:00,4,5825806,158805
OK,55,60,910,55,2014-04-01T06:45:00,8,5826255,158805
OK,62,53,910,62,2014-04-01T06:50:00,7,5826704,158805
OK,60,55,910,60,2014-04-01T06:55:00,2,5827153,158805
OK,54,61,910,54,2014-04-01T07:00:00,4,5827602,158805
OK,52,63,910,52,2014-04-01T07:05:00,7,5828051,158805
OK,55,60,910,55,2014-04-01T07:10:00,11,5828500,158805
OK,51,64,910,51,2014-04-01T07:15:00,14,5828949,158805
OK,48,69,910,48,2014-04-01T07:20:00,6,5829398,158805
OK,50,66,910,50,2014-04-01T07:25:00,4,5829847,158805
OK,53,62,910,53,2014-04-01T07:30:00,6,5830296,158805
OK,81,40,910,81,2014-04-01T07:35:00,4,5830745,158805
OK,57,58,910,57,2014-04-01T07:40:00,6,5831194,158805
OK,54,61,910,54,2014-04-01T07:45:00,13,5831643,158805
OK,56,59,910,56,2014-04-01T07:50:00,13,5832092,158805
OK,54,61,910,54,2014-04-01T07:55:00,8,5832541,158805
OK,53,62,910,53,2014-04-01T08:00:00,8,5832990,158805
OK,51,64,910,51,2014-04-01T08:05:00,7,5833439,158805
OK,61,54,910,61,2014-04-01T08:10:00,10,5833888,158805
OK,61,54,910,61,2014-04-01T08:15:00,8,5834337,158805
OK,58,57,910,58,2014-04-01T08:20:00,7,5834786,158805
OK,66,50,910,66,2014-04-01T08:25:00,5,5835235,158805
OK,41,80,910,41,2014-04-01T08:30:00,1,5835684,158805
OK,74,44,910,74,2014-04-01T08:35:00,5,5836133,158805
OK,58,57,910,58,2014-04-01T08:40:00,5,5836582,158805
OK,53,62,910,53,2014-04-01T08:45:00,8,5837031,158805
OK,63,52,910,63,2014-04-01T08:50:00,10,5837480,158805
OK,66,50,910,66,2014-04-01T08:55:00,13,5837929,158805
OK,54,61,910,54,2014-04-01T09:00:00,11,5838378,158805
OK,54,61,910,54,2014-04-01T09:05:00,7,5838827,158805
OK,51,64,910,51,2014-04-01T09:10:00,9,5839276,158805
OK,63,52,910,63,2014-04-01T09:15:00,6,5839725,158805
OK,52,63,910,52,2014-04-01T09:20:00,5,5840174,158805
OK,52,63,910,52,2014-04-01T09:25:00,7,5840623,158805
OK,51,64,910,51,2014-04-01T09:30:00,3,5841072,158805
OK,59,56,910,59,2014-04-01T09:35:00,4,5841521,158805
OK,57,58,910,57,2014-04-01T09:40:00,6,5841970,158805
OK,54,61,910,54,2014-04-01T09:45:00,6,5842419,158805
OK,48,69,910,48,2014-04-01T09:50:00,4,5842868,158805
OK,53,62,910,53,2014-04-01T09:55:00,7,5843317,158805
OK,56,59,910,56,2014-04-01T10:00:00,13,5843766,158805
OK,60,55,910,60,2014-04-01T10:05:00,9,5844215,158805
OK,52,63,910,52,2014-04-01T10:15:00,12,5844664,158805
OK,52,63,910,52,2014-04-01T10:20:00,7,5845112,158805
OK,46,72,910,46,2014-04-01T10:25:00,8,5845561,158805
OK,50,66,910,50,2014-04-01T10:30:00,11,5846010,158805
OK,55,60,910,55,2014-04-01T10:35:00,6,5846459,158805
OK,57,58,910,57,2014-04-01T10:40:00,2,5846908,158805
OK,50,66,910,50,2014-04-01T10:45:00,7,5847357,158805
OK,51,64,910,51,2014-04-01T10:50:00,10,5847806,158805
OK,67,49,910,67,2014-04-01T10:55:00,6,5848255,158805
OK,58,57,910,58,2014-04-01T11:00:00,2,5848704,158805
OK,58,57,910,58,2014-04-01T11:05:00,4,5849153,158805
OK,58,57,910,58,2014-04-01T11:10:00,9,5849602,158805
OK,58,57,910,58,2014-04-01T11:15:00,15,5850051,158805
OK,51,64,910,51,2014-04-01T11:20:00,13,5850500,158805
OK,61,54,910,61,2014-04-01T11:25:00,9,5850949,158805
OK,59,56,910,59,2014-04-01T11:30:00,10,5851398,158805
OK,67,49,910,67,2014-04-01T11:35:00,4,5851847,158805
OK,49,67,910,49,2014-04-01T11:40:00,6,5852296,158805
OK,57,58,910,57,2014-04-01T11:45:00,14,5852745,158805
OK,58,57,910,58,2014-04-01T11:50:00,15,5853194,158805
OK,60,55,910,60,2014-04-01T11:55:00,17,5853643,158805
OK,56,59,910,56,2014-04-01T12:00:00,18,5854092,158805
OK,47,70,910,47,2014-04-01T12:05:00,10,5854541,158805
OK,62,53,910,62,2014-04-01T12:10:00,8,5854990,158805
OK,57,58,910,57,2014-04-01T12:15:00,11,5855439,158805
OK,52,63,910,52,2014-04-01T12:20:00,12,5855888,158805
OK,50,66,910,50,2014-04-01T12:25:00,8,5856337,158805
OK,56,59,910,56,2014-04-01T12:30:00,11,5856786,158805
OK,61,54,910,61,2014-04-01T12:35:00,8,5857235,158805
OK,77,43,910,77,2014-04-01T12:40:00,11,5857684,158805
OK,73,45,910,73,2014-04-01T12:45:00,16,5858133,158805
OK,52,63,910,52,2014-04-01T12:50:00,14,5858582,158805
OK,53,62,910,53,2014-04-01T12:55:00,18,5859031,158805
OK,52,63,910,52,2014-04-01T13:00:00,17,5859480,158805
OK,53,62,910,53,2014-04-01T13:05:00,16,5859929,158805
OK,57,58,910,57,2014-04-01T13:10:00,21,5860378,158805
OK,60,55,910,60,2014-04-01T13:15:00,15,5860827,158805
OK,56,59,910,56,2014-04-01T13:20:00,16,5861276,158805
OK,59,56,910,59,2014-04-01T13:25:00,23,5861725,158805
OK,64,51,910,64,2014-04-01T13:30:00,26,5862174,158805
OK,61,54,910,61,2014-04-01T13:35:00,19,5862623,158805
OK,75,44,910,75,2014-04-01T13:40:00,19,5863072,158805
OK,76,43,910,76,2014-04-01T13:45:00,17,5863521,158805
OK,75,44,910,75,2014-04-01T13:50:00,18,5863970,158805
OK,63,52,910,63,2014-04-01T13:55:00,18,5864419,158805
OK,58,57,910,58,2014-04-01T14:00:00,15,5864868,158805
OK,70,47,910,70,2014-04-01T14:05:00,18,5865317,158805
OK,78,42,910,78,2014-04-01T14:10:00,19,5865766,158805
OK,74,44,910,74,2014-04-01T14:15:00,21,5866215,158805
OK,58,57,910,58,2014-04-01T14:20:00,20,5866664,158805
OK,58,57,910,58,2014-04-01T14:25:00,17,5867113,158805
OK,58,57,910,58,2014-04-01T14:30:00,11,5867562,158805
OK,58,57,910,58,2014-04-01T14:35:00,12,5868011,158805
OK,55,60,910,55,2014-04-01T14:40:00,18,5868460,158805
OK,55,60,910,55,2014-04-01T14:45:00,21,5868909,158805
OK,62,53,910,62,2014-04-01T14:50:00,16,5869358,158805
OK,55,60,910,55,2014-04-01T14:55:00,8,5869807,158805
OK,50,66,910,50,2014-04-01T15:00:00,7,5870256,158805
OK,52,63,910,52,2014-04-01T15:05:00,6,5870705,158805
OK,51,64,910,51,2014-04-01T15:10:00,6,5871154,158805
OK,46,72,910,46,2014-04-01T15:15:00,4,5871603,158805
OK,44,75,910,44,2014-04-01T15:20:00,7,5872052,158805
OK,45,73,910,45,2014-04-01T15:25:00,9,5872501,158805
OK,44,75,910,44,2014-04-01T15:30:00,9,5872950,158805
OK,44,75,910,44,2014-04-01T15:35:00,7,5873399,158805
OK,53,62,910,53,2014-04-01T15:40:00,4,5873848,158805
OK,49,67,910,49,2014-04-01T15:45:00,5,5874297,158805
OK,45,73,910,45,2014-04-01T15:50:00,4,5874746,158805
OK,45,73,910,45,2014-04-01T15:55:00,8,5875195,158805
OK,43,77,910,43,2014-04-01T16:00:00,5,5875644,158805
OK,47,70,910,47,2014-04-01T16:05:00,2,5876093,158805
OK,57,58,910,57,2014-04-01T16:10:00,3,5876542,158805
OK,59,56,910,59,2014-04-01T16:15:00,4,5876991,158805
OK,55,60,910,55,2014-04-01T16:20:00,4,5877440,158805
OK,52,63,910,52,2014-04-01T16:25:00,9,5877889,158805
OK,52,63,910,52,2014-04-01T16:30:00,7,5878338,158805
OK,48,69,910,48,2014-04-01T16:35:00,2,5878787,158805
OK,43,77,910,43,2014-04-01T16:40:00,1,5879236,158805
OK,43,77,910,43,2014-04-01T16:45:00,1,5879685,158805
OK,54,61,910,54,2014-04-01T16:50:00,3,5880134,158805
OK,53,62,910,53,2014-04-01T16:55:00,4,5880583,158805
OK,51,64,910,51,2014-04-01T17:00:00,7,5881032,158805
OK,53,62,910,53,2014-04-01T17:05:00,8,5881481,158805
OK,50,66,910,50,2014-04-01T17:10:00,7,5881930,158805
OK,50,66,910,50,2014-04-01T17:15:00,4,5882379,158805
OK,49,67,910,49,2014-04-01T17:20:00,3,5882828,158805
OK,59,56,910,59,2014-04-01T17:25:00,3,5883277,158805
OK,54,61,910,54,2014-04-01T17:30:00,4,5883726,158805
OK,47,70,910,47,2014-04-01T17:35:00,3,5884175,158805
OK,48,69,910,48,2014-04-01T17:40:00,2,5884624,158805
OK,48,69,910,48,2014-04-01T17:45:00,4,5885073,158805
OK,44,75,910,44,2014-04-01T17:50:00,7,5885522,158805
OK,44,75,910,44,2014-04-01T17:55:00,5,5885971,158805
OK,51,64,910,51,2014-04-01T18:00:00,2,5886420,158805
OK,31,106,910,31,2014-04-01T18:05:00,1,5886869,158805
OK,43,77,910,43,2014-04-01T18:10:00,2,5887318,158805
OK,56,59,910,56,2014-04-01T18:15:00,1,5887767,158805
OK,47,70,910,47,2014-04-01T18:20:00,3,5888216,158805
OK,45,73,910,45,2014-04-01T18:25:00,5,5888665,158805
OK,36,92,910,36,2014-04-01T18:30:00,1,5889114,158805
OK,39,84,910,39,2014-04-01T18:35:00,1,5889563,158805
OK,42,78,910,42,2014-04-01T18:40:00,1,5890012,158805
OK,47,70,910,47,2014-04-01T18:45:00,3,5890461,158805
OK,54,61,910,54,2014-04-01T18:50:00,4,5890910,158805
OK,47,70,910,47,2014-04-01T18:55:00,4,5891359,158805
OK,41,80,910,41,2014-04-01T19:00:00,3,5891808,158805
OK,53,62,910,53,2014-04-01T19:05:00,0,5892257,158805
OK,43,77,910,43,2014-04-01T19:10:00,1,5892706,158805
OK,44,75,910,44,2014-04-01T19:15:00,1,5893155,158805
OK,44,75,910,44,2014-04-01T19:20:00,3,5893604,158805
OK,46,72,910,46,2014-04-01T19:25:00,2,5894053,158805
OK,52,63,910,52,2014-04-01T19:30:00,4,5894502,158805
OK,49,67,910,49,2014-04-01T19:35:00,3,5894951,158805
OK,52,63,910,52,2014-04-01T19:40:00,0,5895400,158805
OK,41,80,910,41,2014-04-01T19:45:00,4,5895849,158805
OK,41,80,910,41,2014-04-01T19:50:00,3,5896298,158805
OK,57,58,910,57,2014-04-01T19:55:00,2,5896747,158805
OK,45,73,910,45,2014-04-01T21:55:00,2,5906426,158805
OK,45,73,910,45,2014-04-01T22:00:00,0,5906841,158805
OK,45,73,910,45,2014-04-01T22:05:00,0,5907290,158805
OK,33,100,910,33,2014-04-01T23:50:00,0,5915536,158805
OK,33,100,910,33,2014-04-02T00:00:00,0,5916268,158805
OK,33,100,910,33,2014-04-02T00:05:00,0,5916717,158805
OK,33,100,910,33,2014-04-02T00:10:00,0,5917166,158805
OK,33,100,910,33,2014-04-02T00:15:00,0,5917615,158805
OK,33,100,910,33,2014-04-02T00:20:00,0,5918064,158805
OK,33,100,910,33,2014-04-02T00:25:00,0,5918513,158805
OK,33,100,910,33,2014-04-02T00:30:00,0,5918962,158805
OK,33,100,910,33,2014-04-02T00:35:00,0,5919411,158805
OK,33,100,910,33,2014-04-02T00:40:00,0,5919860,158805
OK,33,100,910,33,2014-04-02T00:45:00,0,5920309,158805
OK,33,100,910,33,2014-04-02T00:50:00,0,5920758,158805
OK,33,100,910,33,2014-04-02T00:55:00,0,5921207,158805
OK,33,100,910,33,2014-04-02T01:00:00,0,5921656,158805
OK,33,100,910,33,2014-04-02T01:05:00,0,5922105,158805
OK,34,97,910,34,2014-04-02T01:10:00,1,5922554,158805
OK,34,97,910,34,2014-04-02T01:15:00,0,5923003,158805
OK,34,97,910,34,2014-04-02T01:20:00,0,5923452,158805
OK,34,97,910,34,2014-04-02T01:25:00,0,5923901,158805
OK,34,97,910,34,2014-04-02T01:30:00,0,5924350,158805
OK,34,97,910,34,2014-04-02T01:35:00,0,5924799,158805
OK,34,97,910,34,2014-04-02T01:40:00,0,5925248,158805
OK,34,97,910,34,2014-04-02T01:45:00,0,5925697,158805
OK,34,97,910,34,2014-04-02T01:50:00,0,5926146,158805
OK,47,70,910,47,2014-04-02T01:55:00,1,5926595,158805
OK,47,70,910,47,2014-04-02T02:00:00,1,5927044,158805
OK,47,70,910,47,2014-04-02T02:05:00,0,5927493,158805
OK,47,70,910,47,2014-04-02T02:10:00,0,5927942,158805
OK,47,70,910,47,2014-04-02T02:15:00,0,5928391,158805
OK,47,70,910,47,2014-04-02T02:20:00,0,5928840,158805
OK,47,70,910,47,2014-04-02T02:25:00,0,5929289,158805
OK,47,70,910,47,2014-04-02T02:30:00,0,5929738,158805
OK,47,70,910,47,2014-04-02T02:35:00,0,5930187,158805
OK,47,70,910,47,2014-04-02T02:40:00,0,5930636,158805
OK,47,70,910,47,2014-04-02T02:45:00,0,5931085,158805
OK,47,70,910,47,2014-04-02T02:50:00,0,5931533,158805
OK,37,89,910,37,2014-04-02T02:55:00,1,5931982,158805
OK,37,89,910,37,2014-04-02T03:00:00,0,5932431,158805
OK,37,89,910,37,2014-04-02T03:05:00,0,5932880,158805
OK,37,89,910,37,2014-04-02T03:10:00,0,5933329,158805
OK,47,70,910,47,2014-04-02T03:15:00,1,5933778,158805
OK,55,60,910,55,2014-04-02T03:20:00,2,5934227,158805
OK,63,52,910,63,2014-04-02T03:25:00,0,5934676,158805
OK,36,92,910,36,2014-04-02T03:30:00,1,5935125,158805
OK,38,87,910,38,2014-04-02T03:35:00,2,5935574,158805
OK,44,75,910,44,2014-04-02T03:40:00,3,5936023,158805
OK,47,70,910,47,2014-04-02T03:45:00,2,5936472,158805
OK,50,66,910,50,2014-04-02T03:50:00,1,5936921,158805
OK,50,66,910,50,2014-04-02T03:55:00,1,5937370,158805
OK,50,66,910,50,2014-04-02T04:00:00,0,5937819,158805
OK,65,50,910,65,2014-04-02T04:05:00,2,5938268,158805
OK,65,50,910,65,2014-04-02T04:10:00,3,5938717,158805
OK,55,60,910,55,2014-04-02T04:15:00,1,5939166,158805
OK,71,46,910,71,2014-04-02T04:20:00,2,5939615,158805
OK,69,48,910,69,2014-04-02T04:25:00,3,5940063,158805
OK,60,55,910,60,2014-04-02T04:30:00,1,5940512,158805
OK,54,61,910,54,2014-04-02T04:35:00,3,5940961,158805
OK,54,61,910,54,2014-04-02T04:40:00,1,5941410,158805
OK,50,66,910,50,2014-04-02T04:45:00,3,5941859,158805
OK,49,67,910,49,2014-04-02T04:50:00,4,5942308,158805
OK,52,63,910,52,2014-04-02T04:55:00,4,5942757,158805
OK,52,63,910,52,2014-04-02T05:00:00,2,5943206,158805
OK,46,72,910,46,2014-04-02T05:05:00,4,5943655,158805
OK,46,72,910,46,2014-04-02T05:10:00,10,5944104,158805
OK,46,72,910,46,2014-04-02T05:15:00,6,5944553,158805
OK,49,67,910,49,2014-04-02T05:20:00,3,5945002,158805
OK,57,58,910,57,2014-04-02T05:25:00,3,5945451,158805
OK,54,61,910,54,2014-04-02T05:30:00,10,5945900,158805
OK,54,61,910,54,2014-04-02T05:35:00,10,5946349,158805
OK,51,64,910,51,2014-04-02T05:40:00,6,5946798,158805
OK,47,70,910,47,2014-04-02T05:45:00,5,5947247,158805
OK,51,64,910,51,2014-04-02T05:50:00,7,5947696,158805
OK,53,62,910,53,2014-04-02T05:55:00,8,5948145,158805
OK,54,61,910,54,2014-04-02T06:00:00,7,5948594,158805
OK,55,60,910,55,2014-04-02T06:05:00,5,5949043,158805
OK,57,58,910,57,2014-04-02T06:10:00,5,5949492,158805
OK,57,58,910,57,2014-04-02T06:15:00,5,5949941,158805
OK,66,50,910,66,2014-04-02T06:20:00,1,5950390,158805
OK,46,72,910,46,2014-04-02T06:25:00,3,5950839,158805
OK,53,62,910,53,2014-04-02T06:30:00,9,5951288,158805
OK,54,61,910,54,2014-04-02T06:35:00,9,5951737,158805
OK,52,63,910,52,2014-04-02T06:40:00,8,5952186,158805
OK,51,64,910,51,2014-04-02T06:45:00,8,5952635,158805
OK,59,56,910,59,2014-04-02T06:50:00,10,5953084,158805
OK,59,56,910,59,2014-04-02T06:55:00,9,5953533,158805
OK,54,61,910,54,2014-04-02T07:00:00,8,5953982,158805
OK,53,62,910,53,2014-04-02T07:05:00,7,5954431,158805
OK,51,64,910,51,2014-04-02T07:10:00,5,5954880,158805
OK,59,56,910,59,2014-04-02T07:15:00,2,5955329,158805
OK,53,62,910,53,2014-04-02T07:20:00,7,5955778,158805
OK,52,63,910,52,2014-04-02T07:25:00,10,5956227,158805
OK,49,67,910,49,2014-04-02T07:30:00,3,5956676,158805
OK,55,60,910,55,2014-04-02T07:35:00,4,5957125,158805
OK,55,60,910,55,2014-04-02T07:40:00,5,5957574,158805
OK,54,61,910,54,2014-04-02T07:45:00,2,5958023,158805
OK,46,72,910,46,2014-04-02T07:50:00,5,5958472,158805
OK,46,72,910,46,2014-04-02T07:55:00,9,5958921,158805
OK,49,67,910,49,2014-04-02T08:00:00,7,5959370,158805
OK,46,72,910,46,2014-04-02T08:05:00,5,5959819,158805
OK,49,67,910,49,2014-04-02T08:10:00,7,5960268,158805
OK,49,67,910,49,2014-04-02T08:15:00,11,5960717,158805
OK,48,69,910,48,2014-04-02T08:20:00,9,5961166,158805
OK,53,62,910,53,2014-04-02T08:25:00,10,5961615,158805
OK,53,62,910,53,2014-04-02T08:30:00,10,5962064,158805
OK,49,67,910,49,2014-04-02T08:35:00,8,5962513,158805
OK,65,50,910,65,2014-04-02T08:40:00,5,5962962,158805
OK,65,50,910,65,2014-04-02T08:45:00,3,5963411,158805
OK,54,61,910,54,2014-04-02T08:50:00,3,5963860,158805
OK,48,69,910,48,2014-04-02T08:55:00,4,5964309,158805
OK,45,73,910,45,2014-04-02T09:00:00,3,5964758,158805
OK,48,69,910,48,2014-04-02T09:05:00,3,5965207,158805
OK,48,69,910,48,2014-04-02T09:10:00,7,5965656,158805
OK,57,58,910,57,2014-04-02T09:15:00,16,5966105,158805
OK,64,51,910,64,2014-04-02T09:20:00,16,5966554,158805
OK,52,63,910,52,2014-04-02T09:25:00,9,5967003,158805
OK,55,60,910,55,2014-04-02T09:30:00,8,5967452,158805
OK,46,72,910,46,2014-04-02T09:35:00,3,5967901,158805
OK,51,64,910,51,2014-04-02T09:40:00,4,5968350,158805
OK,49,67,910,49,2014-04-02T09:45:00,7,5968799,158805
OK,49,67,910,49,2014-04-02T09:50:00,3,5969248,158805
OK,54,61,910,54,2014-04-02T09:55:00,7,5969697,158805
OK,54,61,910,54,2014-04-02T10:00:00,7,5970146,158805
OK,50,66,910,50,2014-04-02T10:05:00,4,5970595,158805
OK,49,67,910,49,2014-04-02T10:10:00,4,5971044,158805
OK,48,69,910,48,2014-04-02T10:15:00,7,5971493,158805
OK,51,64,910,51,2014-04-02T10:20:00,4,5971942,158805
OK,48,69,910,48,2014-04-02T10:25:00,8,5972391,158805
OK,49,67,910,49,2014-04-02T10:30:00,11,5972840,158805
OK,51,64,910,51,2014-04-02T10:35:00,8,5973289,158805
OK,55,60,910,55,2014-04-02T10:40:00,10,5973738,158805
OK,56,59,910,56,2014-04-02T10:45:00,8,5974187,158805
OK,63,52,910,63,2014-04-02T10:50:00,11,5974636,158805
OK,56,59,910,56,2014-04-02T10:55:00,11,5975085,158805
OK,56,59,910,56,2014-04-02T11:00:00,12,5975534,158805
OK,60,55,910,60,2014-04-02T11:05:00,12,5975983,158805
OK,55,60,910,55,2014-04-02T11:10:00,5,5976432,158805
OK,62,53,910,62,2014-04-02T11:15:00,12,5976881,158805
OK,61,54,910,61,2014-04-02T11:20:00,19,5977330,158805
OK,54,61,910,54,2014-04-02T11:25:00,14,5977779,158805
OK,60,55,910,60,2014-04-02T11:30:00,15,5978228,158805
OK,69,48,910,69,2014-04-02T11:35:00,18,5978677,158805
OK,65,50,910,65,2014-04-02T11:40:00,15,5979126,158805
OK,59,56,910,59,2014-04-02T11:45:00,15,5979575,158805
OK,63,52,910,63,2014-04-02T11:50:00,21,5980024,158805
OK,67,49,910,67,2014-04-02T11:55:00,17,5980473,158805
OK,61,54,910,61,2014-04-02T12:00:00,14,5980922,158805
OK,62,53,910,62,2014-04-02T12:05:00,12,5981371,158805
OK,63,52,910,63,2014-04-02T12:10:00,8,5981820,158805
OK,73,45,910,73,2014-04-02T12:15:00,9,5982269,158805
OK,67,49,910,67,2014-04-02T12:20:00,8,5982718,158805
OK,68,48,910,68,2014-04-02T12:25:00,10,5983167,158805
OK,67,49,910,67,2014-04-02T12:30:00,12,5983616,158805
OK,59,56,910,59,2014-04-02T12:35:00,13,5984065,158805
OK,59,56,910,59,2014-04-02T12:40:00,16,5984514,158805
OK,59,56,910,59,2014-04-02T12:45:00,16,5984963,158805
OK,55,60,910,55,2014-04-02T12:50:00,16,5985412,158805
OK,55,60,910,55,2014-04-02T12:55:00,9,5985861,158805
OK,51,64,910,51,2014-04-02T13:00:00,13,5986310,158805
OK,55,60,910,55,2014-04-02T13:05:00,17,5986759,158805
OK,70,47,910,70,2014-04-02T13:15:00,13,5987208,158805
OK,75,44,910,75,2014-04-02T13:20:00,14,5987657,158805
OK,53,62,910,53,2014-04-02T13:25:00,8,5988106,158805
OK,58,57,910,58,2014-04-02T13:30:00,15,5988555,158805
OK,57,58,910,57,2014-04-02T13:35:00,22,5989004,158805
OK,59,56,910,59,2014-04-02T13:40:00,14,5989453,158805
OK,57,58,910,57,2014-04-02T13:45:00,11,5989902,158805
OK,54,61,910,54,2014-04-02T13:50:00,15,5990351,158805
OK,63,52,910,63,2014-04-02T13:55:00,24,5990800,158805
OK,59,56,910,59,2014-04-02T14:00:00,20,5991249,158805
OK,66,50,910,66,2014-04-02T14:05:00,17,5991698,158805
OK,62,53,910,62,2014-04-02T14:10:00,24,5992147,158805
OK,53,62,910,53,2014-04-02T14:15:00,19,5992596,158805
OK,69,48,910,69,2014-04-02T14:20:00,22,5993045,158805
OK,70,47,910,70,2014-04-02T14:25:00,27,5993494,158805
OK,60,55,910,60,2014-04-02T14:30:00,17,5993943,158805
OK,51,64,910,51,2014-04-02T14:35:00,10,5994392,158805
OK,50,66,910,50,2014-04-02T14:40:00,15,5994841,158805
OK,48,69,910,48,2014-04-02T14:45:00,18,5995290,158805
OK,51,64,910,51,2014-04-02T14:50:00,16,5995739,158805
OK,59,56,910,59,2014-04-02T14:55:00,11,5996188,158805
OK,53,62,910,53,2014-04-02T15:00:00,9,5996637,158805
OK,47,70,910,47,2014-04-02T15:05:00,10,5997086,158805
OK,49,67,910,49,2014-04-02T15:10:00,8,5997535,158805
OK,50,66,910,50,2014-04-02T15:15:00,8,5997984,158805
OK,49,67,910,49,2014-04-02T15:20:00,9,5998433,158805
OK,50,66,910,50,2014-04-02T15:25:00,12,5998882,158805
OK,49,67,910,49,2014-04-02T15:30:00,11,5999331,158805
OK,46,72,910,46,2014-04-02T15:35:00,10,5999780,158805
OK,46,72,910,46,2014-04-02T15:40:00,7,6000229,158805
OK,47,70,910,47,2014-04-02T15:45:00,2,6000678,158805
OK,42,78,910,42,2014-04-02T15:50:00,4,6001127,158805
OK,42,78,910,42,2014-04-02T15:55:00,5,6001576,158805
OK,44,75,910,44,2014-04-02T16:00:00,4,6002025,158805
OK,51,64,910,51,2014-04-02T16:05:00,4,6002474,158805
OK,56,59,910,56,2014-04-02T16:10:00,3,6002923,158805
OK,46,72,910,46,2014-04-02T16:15:00,3,6003372,158805
OK,40,82,910,40,2014-04-02T16:20:00,3,6003821,158805
OK,50,66,910,50,2014-04-02T16:25:00,2,6004270,158805
OK,50,66,910,50,2014-04-02T16:30:00,3,6004719,158805
OK,51,64,910,51,2014-04-02T16:35:00,6,6005168,158805
OK,53,62,910,53,2014-04-02T16:40:00,5,6005617,158805
OK,48,69,910,48,2014-04-02T16:45:00,2,6006066,158805
OK,44,75,910,44,2014-04-02T16:50:00,1,6006515,158805
OK,48,69,910,48,2014-04-02T16:55:00,1,6006964,158805
OK,47,70,910,47,2014-04-02T17:00:00,6,6007413,158805
OK,51,64,910,51,2014-04-02T17:05:00,7,6007862,158805
OK,55,60,910,55,2014-04-02T17:10:00,4,6008311,158805
OK,41,80,910,41,2014-04-02T17:15:00,3,6008760,158805
OK,46,72,910,46,2014-04-02T17:20:00,5,6009209,158805
OK,46,72,910,46,2014-04-02T17:25:00,5,6009658,158805
OK,50,66,910,50,2014-04-02T17:30:00,2,6010107,158805
OK,46,72,910,46,2014-04-02T17:35:00,1,6010556,158805
OK,45,73,910,45,2014-04-02T17:40:00,2,6011005,158805
OK,49,67,910,49,2014-04-02T17:45:00,5,6011454,158805
OK,50,66,910,50,2014-04-02T17:50:00,4,6011903,158805
OK,38,87,910,38,2014-04-02T17:55:00,1,6012352,158805
OK,71,46,910,71,2014-04-02T18:00:00,1,6012801,158805
OK,71,46,910,71,2014-04-02T18:05:00,0,6013250,158805
OK,49,67,910,49,2014-04-02T18:10:00,4,6013699,158805
OK,46,72,910,46,2014-04-02T18:15:00,4,6014148,158805
OK,46,72,910,46,2014-04-02T18:20:00,3,6014597,158805
OK,54,61,910,54,2014-04-02T18:25:00,1,6015046,158805
OK,54,61,910,54,2014-04-02T18:30:00,0,6015495,158805
OK,71,46,910,71,2014-04-02T18:35:00,1,6015944,158805
OK,71,46,910,71,2014-04-02T18:40:00,1,6016393,158805
OK,71,46,910,71,2014-04-02T18:45:00,0,6016842,158805
OK,71,46,910,71,2014-04-02T18:50:00,0,6017291,158805
OK,71,46,910,71,2014-04-02T18:55:00,0,6017740,158805
OK,52,63,910,52,2014-04-02T19:00:00,1,6018189,158805
OK,52,63,910,52,2014-04-02T19:05:00,3,6018638,158805
OK,43,77,910,43,2014-04-02T19:10:00,2,6019087,158805
OK,63,52,910,63,2014-04-02T19:15:00,1,6019536,158805
OK,63,52,910,63,2014-04-02T19:20:00,0,6019985,158805
OK,63,52,910,63,2014-04-02T19:25:00,0,6020434,158805
OK,50,66,910,50,2014-04-02T19:30:00,1,6020883,158805
OK,50,66,910,50,2014-04-02T19:35:00,2,6021332,158805
OK,51,64,910,51,2014-04-02T19:40:00,0,6021781,158805
OK,43,77,910,43,2014-04-02T19:45:00,4,6022230,158805
OK,43,77,910,43,2014-04-02T19:50:00,4,6022679,158805
OK,41,80,910,41,2014-04-02T19:55:00,1,6023128,158805
OK,41,80,910,41,2014-04-02T20:00:00,0,6023577,158805
OK,57,58,910,57,2014-04-02T20:10:00,3,6024416,158805
OK,56,59,910,56,2014-04-02T20:20:00,3,6025123,158805
OK,49,67,910,49,2014-04-02T20:30:00,3,6026021,158805
OK,53,62,910,53,2014-04-02T20:40:00,3,6026919,158805
OK,68,48,910,68,2014-04-02T20:50:00,1,6027817,158805
OK,40,82,910,40,2014-04-02T20:55:00,1,6028266,158805
OK,44,75,910,44,2014-04-02T21:00:00,2,6028715,158805
OK,50,66,910,50,2014-04-02T21:10:00,2,6029613,158805
OK,35,94,910,35,2014-04-02T21:15:00,1,6030062,158805
OK,46,72,910,46,2014-04-02T21:20:00,2,6030511,158805
OK,43,77,910,43,2014-04-02T21:25:00,2,6030960,158805
OK,45,73,910,45,2014-04-02T21:30:00,0,6031409,158805
OK,45,73,910,45,2014-04-02T21:35:00,0,6031858,158805
OK,41,80,910,41,2014-04-02T21:55:00,0,6033595,158805
OK,41,80,910,41,2014-04-02T22:00:00,0,6034044,158805
OK,41,80,910,41,2014-04-02T22:05:00,0,6034493,158805
OK,48,69,910,48,2014-04-02T22:10:00,3,6034942,158805
OK,48,69,910,48,2014-04-02T22:15:00,3,6035391,158805
OK,48,69,910,48,2014-04-02T22:20:00,0,6035840,158805
OK,48,69,910,48,2014-04-02T22:25:00,0,6036289,158805
OK,48,69,910,48,2014-04-02T22:30:00,0,6036738,158805
OK,48,69,910,48,2014-04-02T22:35:00,0,6037187,158805
OK,48,69,910,48,2014-04-02T22:50:00,0,6038417,158805
OK,48,69,910,48,2014-04-02T22:55:00,0,6038866,158805
OK,48,69,910,48,2014-04-02T23:05:00,0,6039764,158805
OK,48,69,910,48,2014-04-02T23:10:00,0,6040193,158805
OK,48,69,910,48,2014-04-02T23:15:00,0,6040608,158805
OK,48,69,910,48,2014-04-02T23:25:00,0,6041469,158805
OK,48,69,910,48,2014-04-02T23:30:00,0,6041918,158805
OK,48,69,910,48,2014-04-03T00:00:00,0,6044516,158805
OK,48,69,910,48,2014-04-03T00:10:00,0,6045190,158805
OK,48,69,910,48,2014-04-03T00:15:00,0,6045639,158805
OK,48,69,910,48,2014-04-03T00:20:00,0,6046088,158805
OK,48,69,910,48,2014-04-03T00:25:00,0,6046537,158805
OK,48,69,910,48,2014-04-03T00:30:00,0,6046986,158805
OK,48,69,910,48,2014-04-03T00:35:00,0,6047435,158805
OK,48,69,910,48,2014-04-03T00:40:00,0,6047884,158805
OK,48,69,910,48,2014-04-03T00:45:00,0,6048333,158805
OK,48,69,910,48,2014-04-03T00:50:00,0,6048782,158805
OK,48,69,910,48,2014-04-03T00:55:00,0,6049231,158805
OK,48,69,910,48,2014-04-03T01:00:00,0,6049680,158805
OK,48,69,910,48,2014-04-03T01:05:00,0,6050129,158805
OK,48,69,910,48,2014-04-03T01:10:00,0,6050578,158805
OK,48,69,910,48,2014-04-03T01:15:00,0,6051027,158805
OK,48,69,910,48,2014-04-03T01:20:00,0,6051476,158805
OK,48,69,910,48,2014-04-03T01:25:00,0,6051925,158805
OK,48,69,910,48,2014-04-03T01:30:00,0,6052374,158805
OK,48,69,910,48,2014-04-03T01:35:00,0,6052823,158805
OK,48,69,910,48,2014-04-03T01:40:00,0,6053272,158805
OK,48,69,910,48,2014-04-03T01:45:00,0,6053721,158805
OK,48,69,910,48,2014-04-03T01:50:00,0,6054170,158805
OK,48,69,910,48,2014-04-03T01:55:00,0,6054619,158805
OK,48,69,910,48,2014-04-03T02:00:00,0,6055068,158805
OK,48,69,910,48,2014-04-03T02:05:00,0,6055517,158805
OK,52,63,910,52,2014-04-03T02:10:00,1,6055966,158805
OK,52,63,910,52,2014-04-03T02:15:00,0,6056415,158805
OK,52,63,910,52,2014-04-03T02:20:00,0,6056864,158805
OK,52,63,910,52,2014-04-03T02:25:00,0,6057313,158805
OK,52,63,910,52,2014-04-03T02:30:00,0,6057762,158805
OK,52,63,910,52,2014-04-03T02:35:00,0,6058211,158805
OK,52,63,910,52,2014-04-03T02:40:00,0,6058660,158805
OK,52,63,910,52,2014-04-03T02:45:00,0,6059109,158805
OK,52,63,910,52,2014-04-03T02:50:00,0,6059558,158805
OK,52,63,910,52,2014-04-03T02:55:00,0,6060007,158805
OK,52,63,910,52,2014-04-03T03:00:00,0,6060456,158805
OK,52,63,910,52,2014-04-03T03:05:00,0,6060905,158805
OK,52,63,910,52,2014-04-03T03:10:00,0,6061354,158805
OK,52,63,910,52,2014-04-03T03:15:00,1,6061803,158805
OK,52,63,910,52,2014-04-03T03:20:00,0,6062252,158805
OK,52,63,910,52,2014-04-03T03:25:00,0,6062701,158805
OK,52,63,910,52,2014-04-03T03:30:00,0,6063150,158805
OK,52,63,910,52,2014-04-03T03:35:00,0,6063599,158805
OK,52,63,910,52,2014-04-03T03:40:00,0,6064048,158805
OK,61,54,910,61,2014-04-03T03:45:00,2,6064497,158805
OK,52,63,910,52,2014-04-03T03:50:00,1,6064946,158805
OK,52,63,910,52,2014-04-03T03:55:00,0,6065395,158805
OK,52,63,910,52,2014-04-03T04:00:00,0,6065844,158805
OK,63,52,910,63,2014-04-03T04:05:00,1,6066293,158805
OK,46,72,910,46,2014-04-03T04:10:00,3,6066742,158805
OK,50,66,910,50,2014-04-03T04:15:00,2,6067191,158805
OK,64,51,910,64,2014-04-03T04:20:00,2,6067640,158805
OK,68,48,910,68,2014-04-03T04:25:00,4,6068089,158805
OK,64,51,910,64,2014-04-03T04:30:00,1,6068538,158805
OK,61,54,910,61,2014-04-03T04:35:00,1,6068987,158805
OK,61,54,910,61,2014-04-03T04:40:00,1,6069436,158805
OK,76,43,910,76,2014-04-03T04:45:00,5,6069885,158805
OK,63,52,910,63,2014-04-03T04:50:00,7,6070334,158805
OK,43,77,910,43,2014-04-03T04:55:00,3,6070783,158805
OK,50,66,910,50,2014-04-03T05:00:00,2,6071232,158805
OK,55,60,910,55,2014-04-03T05:05:00,8,6071681,158805
OK,53,62,910,53,2014-04-03T05:10:00,8,6072130,158805
OK,42,78,910,42,2014-04-03T05:15:00,2,6072579,158805
OK,52,63,910,52,2014-04-03T05:20:00,7,6073028,158805
OK,56,59,910,56,2014-04-03T05:25:00,11,6073477,158805
OK,53,62,910,53,2014-04-03T05:30:00,9,6073926,158805
OK,51,64,910,51,2014-04-03T05:35:00,7,6074375,158805
OK,55,60,910,55,2014-04-03T05:40:00,6,6074824,158805
OK,59,56,910,59,2014-04-03T05:45:00,11,6075273,158805
OK,54,61,910,54,2014-04-03T05:50:00,13,6075722,158805
OK,52,63,910,52,2014-04-03T05:55:00,7,6076171,158805
OK,47,70,910,47,2014-04-03T06:00:00,10,6076620,158805
OK,46,72,910,46,2014-04-03T06:05:00,7,6077069,158805
OK,49,67,910,49,2014-04-03T06:10:00,5,6077518,158805
OK,47,70,910,47,2014-04-03T06:15:00,4,6077967,158805
OK,47,70,910,47,2014-04-03T06:20:00,2,6078416,158805
OK,48,69,910,48,2014-04-03T06:25:00,5,6078865,158805
OK,51,64,910,51,2014-04-03T06:30:00,9,6079314,158805
OK,62,53,910,62,2014-04-03T06:35:00,4,6079763,158805
OK,58,57,910,58,2014-04-03T06:40:00,3,6080212,158805
OK,57,58,910,57,2014-04-03T06:45:00,6,6080661,158805
OK,53,62,910,53,2014-04-03T06:50:00,8,6081110,158805
OK,53,62,910,53,2014-04-03T06:55:00,10,6081559,158805
OK,54,61,910,54,2014-04-03T07:00:00,7,6082008,158805
OK,51,64,910,51,2014-04-03T07:05:00,5,6082457,158805
OK,57,58,910,57,2014-04-03T07:10:00,4,6082906,158805
OK,55,60,910,55,2014-04-03T07:15:00,4,6083355,158805
OK,54,61,910,54,2014-04-03T07:20:00,5,6083804,158805
OK,45,73,910,45,2014-04-03T07:25:00,3,6084253,158805
OK,52,63,910,52,2014-04-03T07:30:00,4,6084702,158805
OK,54,61,910,54,2014-04-03T07:35:00,5,6085151,158805
OK,56,59,910,56,2014-04-03T07:40:00,6,6085600,158805
OK,48,69,910,48,2014-04-03T07:45:00,10,6086049,158805
OK,53,62,910,53,2014-04-03T07:50:00,10,6086498,158805
OK,60,55,910,60,2014-04-03T07:55:00,5,6086947,158805
OK,51,64,910,51,2014-04-03T08:00:00,5,6087396,158805
OK,47,70,910,47,2014-04-03T08:05:00,7,6087845,158805
OK,42,78,910,42,2014-04-03T08:10:00,7,6088294,158805
OK,56,59,910,56,2014-04-03T08:15:00,8,6088743,158805
OK,59,56,910,59,2014-04-03T08:20:00,5,6089192,158805
OK,47,70,910,47,2014-04-03T08:25:00,6,6089641,158805
OK,61,54,910,61,2014-04-03T08:30:00,7,6090090,158805
OK,61,54,910,61,2014-04-03T08:35:00,7,6090539,158805
OK,56,59,910,56,2014-04-03T08:40:00,7,6090988,158805
OK,54,61,910,54,2014-04-03T08:45:00,8,6091437,158805
OK,52,63,910,52,2014-04-03T08:50:00,4,6091886,158805
OK,54,61,910,54,2014-04-03T08:55:00,5,6092335,158805
OK,46,72,910,46,2014-04-03T09:00:00,3,6092784,158805
OK,49,67,910,49,2014-04-03T09:05:00,4,6093233,158805
OK,55,60,910,55,2014-04-03T09:10:00,5,6093682,158805
OK,50,66,910,50,2014-04-03T09:15:00,7,6094131,158805
OK,50,66,910,50,2014-04-03T09:20:00,7,6094580,158805
OK,49,67,910,49,2014-04-03T09:25:00,9,6095029,158805
OK,48,69,910,48,2014-04-03T09:30:00,8,6095478,158805
OK,51,64,910,51,2014-04-03T09:35:00,9,6095927,158805
OK,52,63,910,52,2014-04-03T09:40:00,12,6096376,158805
OK,54,61,910,54,2014-04-03T09:45:00,12,6096825,158805
OK,52,63,910,52,2014-04-03T09:50:00,6,6097274,158805
OK,49,67,910,49,2014-04-03T09:55:00,8,6097723,158805
OK,49,67,910,49,2014-04-03T10:00:00,8,6098172,158805
OK,48,69,910,48,2014-04-03T10:05:00,2,6098621,158805
OK,66,50,910,66,2014-04-03T10:10:00,4,6099070,158805
OK,58,57,910,58,2014-04-03T10:15:00,8,6099519,158805
OK,53,62,910,53,2014-04-03T10:20:00,6,6099968,158805
OK,53,62,910,53,2014-04-03T10:25:00,6,6100417,158805
OK,60,55,910,60,2014-04-03T10:30:00,8,6100866,158805
OK,58,57,910,58,2014-04-03T10:35:00,9,6101315,158805
OK,45,73,910,45,2014-04-03T10:40:00,5,6101764,158805
OK,57,58,910,57,2014-04-03T10:45:00,3,6102213,158805
OK,51,64,910,51,2014-04-03T10:50:00,8,6102662,158805
OK,48,69,910,48,2014-04-03T10:55:00,13,6103111,158805
OK,55,60,910,55,2014-04-03T11:00:00,16,6103560,158805
OK,53,62,910,53,2014-04-03T11:10:00,8,6104458,158805
OK,53,62,910,53,2014-04-03T11:15:00,6,6104907,158805
OK,52,63,910,52,2014-04-03T11:20:00,5,6105356,158805
OK,51,64,910,51,2014-04-03T11:25:00,10,6105805,158805
OK,52,63,910,52,2014-04-03T11:30:00,8,6106254,158805
OK,49,67,910,49,2014-04-03T11:35:00,6,6106703,158805
OK,50,66,910,50,2014-04-03T11:40:00,9,6107152,158805
OK,51,64,910,51,2014-04-03T11:45:00,10,6107601,158805
OK,50,66,910,50,2014-04-03T11:50:00,8,6108050,158805
OK,56,59,910,56,2014-04-03T11:55:00,13,6108499,158805
OK,56,59,910,56,2014-04-03T12:00:00,13,6108948,158805
OK,54,61,910,54,2014-04-03T12:05:00,6,6109397,158805
OK,48,69,910,48,2014-04-03T12:10:00,5,6109846,158805
OK,65,50,910,65,2014-04-03T12:15:00,10,6110295,158805
OK,65,50,910,65,2014-04-03T12:20:00,16,6110744,158805
OK,54,61,910,54,2014-04-03T12:25:00,17,6111193,158805
OK,54,61,910,54,2014-04-03T12:30:00,15,6111642,158805
OK,63,52,910,63,2014-04-03T12:35:00,19,6112091,158805
OK,59,56,910,59,2014-04-03T12:40:00,14,6112540,158805
OK,53,62,910,53,2014-04-03T12:45:00,16,6112989,158805
OK,53,62,910,53,2014-04-03T12:50:00,19,6113438,158805
OK,53,62,910,53,2014-04-03T12:55:00,12,6113887,158805
OK,55,60,910,55,2014-04-03T13:00:00,11,6114336,158805
OK,55,60,910,55,2014-04-03T13:05:00,9,6114785,158805
OK,58,57,910,58,2014-04-03T13:10:00,14,6115234,158805
OK,61,54,910,61,2014-04-03T13:15:00,16,6115683,158805
OK,66,50,910,66,2014-04-03T13:20:00,20,6116132,158805
OK,66,50,910,66,2014-04-03T13:25:00,20,6116581,158805
OK,54,61,910,54,2014-04-03T13:30:00,13,6117030,158805
OK,49,67,910,49,2014-04-03T13:35:00,15,6117479,158805
OK,50,66,910,50,2014-04-03T13:40:00,14,6117928,158805
OK,56,59,910,56,2014-04-03T13:45:00,21,6118377,158805
OK,59,56,910,59,2014-04-03T13:50:00,19,6118826,158805
OK,59,56,910,59,2014-04-03T13:55:00,16,6119275,158805
OK,60,55,910,60,2014-04-03T14:00:00,21,6119724,158805
OK,58,57,910,58,2014-04-03T14:05:00,23,6120173,158805
OK,56,59,910,56,2014-04-03T14:10:00,22,6120622,158805
OK,61,54,910,61,2014-04-03T14:15:00,18,6121071,158805
OK,56,59,910,56,2014-04-03T14:20:00,18,6121520,158805
OK,54,61,910,54,2014-04-03T14:25:00,14,6121969,158805
OK,56,59,910,56,2014-04-03T14:30:00,17,6122418,158805
OK,63,52,910,63,2014-04-03T14:35:00,20,6122867,158805
OK,62,53,910,62,2014-04-03T14:40:00,19,6123316,158805
OK,54,61,910,54,2014-04-03T14:45:00,13,6123765,158805
OK,54,61,910,54,2014-04-03T14:50:00,15,6124214,158805
OK,53,62,910,53,2014-04-03T14:55:00,9,6124663,158805
OK,53,62,910,53,2014-04-03T15:00:00,9,6125112,158805
OK,48,69,910,48,2014-04-03T15:05:00,9,6125561,158805
OK,46,72,910,46,2014-04-03T15:10:00,7,6126010,158805
OK,50,66,910,50,2014-04-03T15:15:00,6,6126459,158805
OK,55,60,910,55,2014-04-03T15:20:00,9,6126908,158805
OK,52,63,910,52,2014-04-03T15:25:00,8,6127357,158805
OK,52,63,910,52,2014-04-03T15:30:00,9,6127806,158805
OK,53,62,910,53,2014-04-03T15:35:00,9,6128255,158805
OK,50,66,910,50,2014-04-03T15:40:00,8,6128704,158805
OK,47,70,910,47,2014-04-03T15:45:00,5,6129153,158805
OK,48,69,910,48,2014-04-03T15:50:00,6,6129602,158805
OK,48,69,910,48,2014-04-03T15:55:00,12,6130051,158805
OK,51,64,910,51,2014-04-03T16:00:00,11,6130500,158805
OK,56,59,910,56,2014-04-03T16:05:00,3,6130949,158805
OK,65,50,910,65,2014-04-03T16:10:00,3,6131398,158805
OK,48,69,910,48,2014-04-03T16:15:00,3,6131847,158805
OK,54,61,910,54,2014-04-03T16:20:00,7,6132296,158805
OK,55,60,910,55,2014-04-03T16:25:00,8,6132745,158805
OK,56,59,910,56,2014-04-03T16:30:00,5,6133194,158805
OK,47,70,910,47,2014-04-03T16:35:00,5,6133643,158805
OK,51,64,910,51,2014-04-03T16:40:00,12,6134092,158805
OK,54,61,910,54,2014-04-03T16:45:00,8,6134541,158805
OK,44,75,910,44,2014-04-03T16:50:00,6,6134990,158805
OK,46,72,910,46,2014-04-03T16:55:00,9,6135439,158805
OK,46,72,910,46,2014-04-03T17:00:00,5,6135888,158805
OK,54,61,910,54,2014-04-03T17:05:00,2,6136337,158805
OK,63,52,910,63,2014-04-03T17:10:00,1,6136786,158805
OK,58,57,910,58,2014-04-03T17:15:00,3,6137235,158805
OK,48,69,910,48,2014-04-03T17:20:00,9,6137684,158805
OK,45,73,910,45,2014-04-03T17:25:00,9,6138133,158805
OK,53,62,910,53,2014-04-03T17:30:00,4,6138582,158805
OK,44,75,910,44,2014-04-03T17:35:00,3,6139031,158805
OK,45,73,910,45,2014-04-03T17:40:00,4,6139480,158805
OK,48,69,910,48,2014-04-03T17:45:00,3,6139929,158805
OK,49,67,910,49,2014-04-03T17:50:00,2,6140378,158805
OK,48,69,910,48,2014-04-03T17:55:00,3,6140827,158805
OK,51,64,910,51,2014-04-03T18:00:00,6,6141276,158805
OK,65,50,910,65,2014-04-03T18:05:00,2,6141725,158805
OK,36,92,910,36,2014-04-03T18:10:00,1,6142174,158805
OK,36,92,910,36,2014-04-03T18:15:00,1,6142623,158805
OK,42,78,910,42,2014-04-03T18:20:00,1,6143072,158805
OK,42,78,910,42,2014-04-03T18:25:00,1,6143521,158805
OK,48,69,910,48,2014-04-03T18:30:00,2,6143970,158805
OK,48,69,910,48,2014-04-03T18:35:00,4,6144419,158805
OK,51,64,910,51,2014-04-03T18:40:00,3,6144868,158805
OK,63,52,910,63,2014-04-03T18:45:00,4,6145317,158805
OK,63,52,910,63,2014-04-03T18:50:00,4,6145766,158805
OK,46,72,910,46,2014-04-03T18:55:00,2,6146215,158805
OK,38,87,910,38,2014-04-03T19:00:00,1,6146664,158805
OK,38,87,910,38,2014-04-03T19:05:00,1,6147113,158805
OK,44,75,910,44,2014-04-03T19:10:00,4,6147562,158805
OK,45,73,910,45,2014-04-03T19:15:00,3,6148011,158805
OK,48,69,910,48,2014-04-03T19:20:00,3,6148460,158805
OK,51,64,910,51,2014-04-03T19:25:00,4,6148909,158805
OK,29,114,910,29,2014-04-03T19:30:00,3,6149358,158805
OK,29,114,910,29,2014-04-03T19:35:00,3,6149807,158805
OK,56,59,910,56,2014-04-03T19:40:00,1,6150256,158805
OK,48,69,910,48,2014-04-03T19:45:00,2,6150705,158805
OK,48,69,910,48,2014-04-03T19:50:00,2,6151154,158805
OK,67,49,910,67,2014-04-03T19:55:00,2,6151603,158805
OK,51,64,910,51,2014-04-03T20:05:00,2,6152501,158805
OK,48,69,910,48,2014-04-03T20:20:00,3,6153848,158805
OK,45,73,910,45,2014-04-03T20:30:00,2,6154746,158805
OK,45,73,910,45,2014-04-03T20:35:00,2,6155195,158805
OK,58,57,910,58,2014-04-03T20:45:00,1,6156093,158805
OK,51,64,910,51,2014-04-03T20:50:00,3,6156542,158805
OK,51,64,910,51,2014-04-03T20:55:00,3,6156991,158805
OK,39,84,910,39,2014-04-03T21:00:00,1,6157440,158805
OK,39,84,910,39,2014-04-03T21:10:00,0,6158338,158805
OK,49,67,910,49,2014-04-03T21:20:00,2,6159236,158805
OK,55,60,910,55,2014-04-03T21:25:00,1,6159685,158805
OK,46,72,910,46,2014-04-03T21:30:00,2,6160134,158805
OK,41,80,910,41,2014-04-03T21:40:00,2,6161032,158805
OK,46,72,910,46,2014-04-03T21:45:00,2,6161481,158805
OK,53,62,910,53,2014-04-03T21:50:00,0,6161930,158805
OK,30,110,910,30,2014-04-03T22:00:00,0,6162828,158805
OK,30,110,910,30,2014-04-03T22:05:00,0,6163277,158805
OK,30,110,910,30,2014-04-03T22:10:00,0,6163726,158805
OK,30,110,910,30,2014-04-03T22:15:00,0,6164175,158805
OK,30,110,910,30,2014-04-03T22:20:00,0,6164624,158805
OK,58,57,910,58,2014-04-03T22:25:00,1,6165073,158805
OK,58,57,910,58,2014-04-03T22:30:00,0,6165522,158805
OK,58,57,910,58,2014-04-03T22:40:00,0,6166420,158805
OK,58,57,910,58,2014-04-03T22:45:00,0,6166869,158805
OK,58,57,910,58,2014-04-03T22:50:00,0,6167318,158805
OK,58,57,910,58,2014-04-03T22:55:00,0,6167721,158805
OK,58,57,910,58,2014-04-03T23:00:00,0,6168139,158805
OK,58,57,910,58,2014-04-03T23:05:00,0,6168584,158805
OK,58,57,910,58,2014-04-03T23:10:00,0,6169033,158805
OK,58,57,910,58,2014-04-03T23:15:00,0,6169482,158805
OK,58,57,910,58,2014-04-03T23:20:00,0,6169931,158805
OK,58,57,910,58,2014-04-03T23:30:00,0,6170797,158805
OK,58,57,910,58,2014-04-03T23:35:00,0,6171216,158805
OK,58,57,910,58,2014-04-03T23:40:00,0,6171637,158805
OK,58,57,910,58,2014-04-03T23:45:00,0,6172086,158805
OK,58,57,910,58,2014-04-03T23:55:00,0,6172984,158805
OK,58,57,910,58,2014-04-04T00:00:00,0,6173433,158805
OK,58,57,910,58,2014-04-04T00:10:00,0,6174206,158805
OK,58,57,910,58,2014-04-04T00:15:00,0,6174655,158805
OK,58,57,910,58,2014-04-04T00:20:00,0,6175104,158805
OK,58,57,910,58,2014-04-04T00:25:00,0,6175553,158805
OK,58,57,910,58,2014-04-04T00:30:00,0,6176002,158805
OK,58,57,910,58,2014-04-04T00:35:00,0,6176451,158805
OK,58,57,910,58,2014-04-04T00:40:00,0,6176900,158805
OK,58,57,910,58,2014-04-04T00:45:00,0,6177349,158805
OK,58,57,910,58,2014-04-04T00:50:00,0,6177798,158805
OK,58,57,910,58,2014-04-04T00:55:00,0,6178247,158805
OK,58,57,910,58,2014-04-04T01:00:00,0,6178696,158805
OK,58,57,910,58,2014-04-04T01:05:00,0,6179145,158805
OK,58,57,910,58,2014-04-04T01:10:00,0,6179594,158805
OK,58,57,910,58,2014-04-04T01:15:00,1,6180043,158805
OK,58,57,910,58,2014-04-04T01:20:00,1,6180492,158805
OK,58,57,910,58,2014-04-04T01:25:00,0,6180941,158805
OK,58,57,910,58,2014-04-04T01:30:00,0,6181390,158805
OK,58,57,910,58,2014-04-04T01:35:00,0,6181839,158805
OK,58,57,910,58,2014-04-04T01:40:00,0,6182288,158805
OK,58,57,910,58,2014-04-04T01:45:00,0,6182737,158805
OK,58,57,910,58,2014-04-04T01:50:00,0,6183186,158805
OK,58,57,910,58,2014-04-04T01:55:00,0,6183635,158805
OK,58,57,910,58,2014-04-04T02:00:00,0,6184084,158805
OK,58,57,910,58,2014-04-04T02:05:00,0,6184533,158805
OK,58,57,910,58,2014-04-04T02:10:00,0,6184982,158805
OK,58,57,910,58,2014-04-04T02:15:00,0,6185431,158805
OK,58,57,910,58,2014-04-04T02:20:00,0,6185880,158805
OK,58,57,910,58,2014-04-04T02:25:00,0,6186329,158805
OK,58,57,910,58,2014-04-04T02:30:00,0,6186778,158805
OK,58,57,910,58,2014-04-04T02:35:00,0,6187227,158805
OK,58,57,910,58,2014-04-04T02:40:00,0,6187676,158805
OK,58,57,910,58,2014-04-04T02:45:00,0,6188125,158805
OK,58,57,910,58,2014-04-04T02:50:00,0,6188574,158805
OK,58,57,910,58,2014-04-04T02:55:00,0,6189023,158805
OK,58,57,910,58,2014-04-04T03:00:00,0,6189472,158805
OK,58,57,910,58,2014-04-04T03:05:00,0,6189921,158805
OK,58,57,910,58,2014-04-04T03:10:00,0,6190370,158805
OK,58,57,910,58,2014-04-04T03:15:00,0,6190819,158805
OK,58,57,910,58,2014-04-04T03:20:00,0,6191268,158805
OK,58,57,910,58,2014-04-04T03:25:00,0,6191717,158805
OK,58,57,910,58,2014-04-04T03:30:00,0,6192166,158805
OK,47,70,910,47,2014-04-04T03:35:00,2,6192615,158805
OK,51,64,910,51,2014-04-04T03:40:00,4,6193064,158805
OK,51,64,910,51,2014-04-04T03:45:00,1,6193513,158805
OK,51,64,910,51,2014-04-04T03:50:00,0,6193962,158805
OK,51,64,910,51,2014-04-04T03:55:00,0,6194411,158805
OK,47,70,910,47,2014-04-04T04:00:00,1,6194860,158805
OK,42,78,910,42,2014-04-04T04:05:00,2,6195309,158805
OK,38,87,910,38,2014-04-04T04:10:00,0,6195758,158805
OK,56,59,910,56,2014-04-04T04:15:00,1,6196207,158805
OK,54,61,910,54,2014-04-04T04:20:00,2,6196656,158805
OK,46,72,910,46,2014-04-04T04:25:00,2,6197105,158805
OK,39,84,910,39,2014-04-04T04:30:00,2,6197554,158805
OK,71,46,910,71,2014-04-04T04:35:00,5,6198003,158805
OK,71,46,910,71,2014-04-04T04:40:00,5,6198452,158805
OK,40,82,910,40,2014-04-04T04:45:00,3,6198901,158805
OK,43,77,910,43,2014-04-04T04:50:00,4,6199350,158805
OK,43,77,910,43,2014-04-04T04:55:00,6,6199799,158805
OK,47,70,910,47,2014-04-04T05:00:00,6,6200248,158805
OK,62,53,910,62,2014-04-04T05:05:00,4,6200697,158805
OK,59,56,910,59,2014-04-04T05:10:00,5,6201146,158805
OK,51,64,910,51,2014-04-04T05:15:00,2,6201595,158805
OK,51,64,910,51,2014-04-04T05:20:00,3,6202044,158805
OK,47,70,910,47,2014-04-04T05:25:00,3,6202493,158805
OK,51,64,910,51,2014-04-04T05:30:00,7,6202942,158805
OK,54,61,910,54,2014-04-04T05:35:00,4,6203391,158805
OK,46,72,910,46,2014-04-04T05:40:00,4,6203840,158805
OK,46,72,910,46,2014-04-04T05:45:00,8,6204289,158805
OK,78,42,910,78,2014-04-04T05:50:00,5,6204738,158805
OK,60,55,910,60,2014-04-04T05:55:00,6,6205187,158805
OK,61,54,910,61,2014-04-04T06:00:00,4,6205636,158805
OK,60,55,910,60,2014-04-04T06:05:00,4,6206085,158805
OK,56,59,910,56,2014-04-04T06:10:00,4,6206534,158805
OK,43,77,910,43,2014-04-04T06:15:00,8,6206983,158805
OK,46,72,910,46,2014-04-04T06:20:00,8,6207432,158805
OK,54,61,910,54,2014-04-04T06:25:00,7,6207881,158805
OK,47,70,910,47,2014-04-04T06:30:00,6,6208330,158805
OK,75,44,910,75,2014-04-04T06:35:00,8,6208779,158805
OK,59,56,910,59,2014-04-04T06:40:00,10,6209228,158805
OK,50,66,910,50,2014-04-04T06:45:00,7,6209677,158805
OK,49,67,910,49,2014-04-04T06:50:00,4,6210126,158805
OK,48,69,910,48,2014-04-04T06:55:00,4,6210575,158805
OK,50,66,910,50,2014-04-04T07:00:00,5,6211024,158805
OK,48,69,910,48,2014-04-04T07:05:00,4,6211473,158805
OK,47,70,910,47,2014-04-04T07:10:00,7,6211922,158805
OK,46,72,910,46,2014-04-04T07:15:00,6,6212371,158805
OK,49,67,910,49,2014-04-04T07:20:00,3,6212820,158805
OK,49,67,910,49,2014-04-04T07:25:00,4,6213269,158805
OK,50,66,910,50,2014-04-04T07:30:00,6,6213718,158805
OK,48,69,910,48,2014-04-04T07:35:00,6,6214167,158805
OK,46,72,910,46,2014-04-04T07:40:00,7,6214616,158805
OK,51,64,910,51,2014-04-04T07:45:00,11,6215065,158805
OK,51,64,910,51,2014-04-04T07:50:00,9,6215514,158805
OK,42,78,910,42,2014-04-04T07:55:00,3,6215963,158805
OK,48,69,910,48,2014-04-04T08:00:00,2,6216412,158805
OK,49,67,910,49,2014-04-04T08:05:00,4,6216861,158805
OK,54,61,910,54,2014-04-04T08:10:00,7,6217310,158805
OK,51,64,910,51,2014-04-04T08:15:00,9,6217759,158805
OK,49,67,910,49,2014-04-04T08:20:00,7,6218208,158805
OK,51,64,910,51,2014-04-04T08:25:00,3,6218657,158805
OK,57,58,910,57,2014-04-04T08:30:00,5,6219106,158805
OK,50,66,910,50,2014-04-04T08:35:00,5,6219555,158805
OK,49,67,910,49,2014-04-04T08:40:00,6,6220004,158805
OK,54,61,910,54,2014-04-04T08:45:00,6,6220453,158805
OK,53,62,910,53,2014-04-04T08:50:00,7,6220902,158805
OK,57,58,910,57,2014-04-04T08:55:00,10,6221351,158805
OK,56,59,910,56,2014-04-04T09:00:00,11,6221800,158805
OK,45,73,910,45,2014-04-04T09:05:00,8,6222249,158805
OK,48,69,910,48,2014-04-04T09:10:00,11,6222698,158805
OK,53,62,910,53,2014-04-04T09:15:00,11,6223147,158805
OK,45,73,910,45,2014-04-04T09:20:00,7,6223596,158805
OK,41,80,910,41,2014-04-04T09:25:00,7,6224045,158805
OK,52,63,910,52,2014-04-04T09:30:00,8,6224494,158805
OK,51,64,910,51,2014-04-04T09:35:00,7,6224943,158805
OK,51,64,910,51,2014-04-04T09:40:00,6,6225392,158805
OK,49,67,910,49,2014-04-04T09:45:00,9,6225841,158805
OK,48,69,910,48,2014-04-04T09:50:00,10,6226290,158805
OK,48,69,910,48,2014-04-04T09:55:00,12,6226739,158805
OK,47,70,910,47,2014-04-04T10:00:00,8,6227188,158805
OK,51,64,910,51,2014-04-04T10:05:00,4,6227637,158805
OK,59,56,910,59,2014-04-04T10:10:00,8,6228086,158805
OK,48,69,910,48,2014-04-04T10:15:00,14,6228535,158805
OK,47,70,910,47,2014-04-04T10:20:00,14,6228984,158805
OK,50,66,910,50,2014-04-04T10:25:00,15,6229433,158805
OK,51,64,910,51,2014-04-04T10:30:00,11,6229882,158805
OK,51,64,910,51,2014-04-04T10:35:00,11,6230331,158805
OK,51,64,910,51,2014-04-04T10:40:00,7,6230780,158805
OK,65,50,910,65,2014-04-04T10:45:00,5,6231229,158805
OK,54,61,910,54,2014-04-04T10:50:00,15,6231678,158805
OK,51,64,910,51,2014-04-04T10:55:00,12,6232127,158805
OK,52,63,910,52,2014-04-04T11:00:00,6,6232576,158805
OK,50,66,910,50,2014-04-04T11:05:00,5,6233025,158805
OK,65,50,910,65,2014-04-04T11:10:00,7,6233474,158805
OK,52,63,910,52,2014-04-04T11:15:00,14,6233923,158805
OK,50,66,910,50,2014-04-04T11:20:00,18,6234372,158805
OK,53,62,910,53,2014-04-04T11:25:00,13,6234821,158805
OK,53,62,910,53,2014-04-04T11:30:00,13,6235270,158805
OK,51,64,910,51,2014-04-04T11:35:00,12,6235719,158805
OK,55,60,910,55,2014-04-04T11:40:00,13,6236168,158805
OK,57,58,910,57,2014-04-04T11:45:00,13,6236617,158805
OK,56,59,910,56,2014-04-04T11:50:00,11,6237066,158805
OK,58,57,910,58,2014-04-04T11:55:00,12,6237515,158805
OK,56,59,910,56,2014-04-04T12:00:00,13,6237964,158805
OK,54,61,910,54,2014-04-04T12:05:00,12,6238413,158805
OK,47,70,910,47,2014-04-04T12:10:00,11,6238862,158805
OK,48,69,910,48,2014-04-04T12:15:00,10,6239311,158805
OK,51,64,910,51,2014-04-04T12:20:00,16,6239760,158805
OK,46,72,910,46,2014-04-04T12:25:00,17,6240209,158805
OK,45,73,910,45,2014-04-04T12:30:00,10,6240658,158805
OK,56,59,910,56,2014-04-04T12:35:00,16,6241107,158805
OK,56,59,910,56,2014-04-04T12:40:00,20,6241556,158805
OK,54,61,910,54,2014-04-04T12:45:00,19,6242005,158805
OK,60,55,910,60,2014-04-04T12:50:00,19,6242454,158805
OK,59,56,910,59,2014-04-04T12:55:00,14,6242903,158805
OK,51,64,910,51,2014-04-04T13:00:00,21,6243352,158805
OK,53,62,910,53,2014-04-04T13:05:00,22,6243801,158805
OK,45,73,910,45,2014-04-04T13:10:00,8,6244250,158805
OK,50,66,910,50,2014-04-04T13:15:00,13,6244699,158805
OK,45,73,910,45,2014-04-04T13:20:00,12,6245148,158805
OK,52,63,910,52,2014-04-04T13:25:00,11,6245597,158805
OK,54,61,910,54,2014-04-04T13:30:00,11,6246046,158805
OK,54,61,910,54,2014-04-04T13:35:00,13,6246495,158805
OK,57,58,910,57,2014-04-04T13:40:00,20,6246944,158805
OK,59,56,910,59,2014-04-04T13:45:00,16,6247393,158805
OK,52,63,910,52,2014-04-04T13:50:00,13,6247842,158805
OK,51,64,910,51,2014-04-04T13:55:00,12,6248291,158805
OK,48,69,910,48,2014-04-04T14:00:00,12,6248740,158805
OK,48,69,910,48,2014-04-04T14:05:00,13,6249189,158805
OK,50,66,910,50,2014-04-04T14:10:00,9,6249638,158805
OK,68,48,910,68,2014-04-04T14:15:00,13,6250087,158805
OK,63,52,910,63,2014-04-04T14:20:00,15,6250536,158805
OK,52,63,910,52,2014-04-04T14:25:00,11,6250985,158805
OK,46,72,910,46,2014-04-04T14:30:00,7,6251434,158805
OK,47,70,910,47,2014-04-04T14:35:00,18,6251883,158805
OK,46,72,910,46,2014-04-04T14:40:00,17,6252332,158805
OK,43,77,910,43,2014-04-04T14:45:00,7,6252781,158805
OK,50,66,910,50,2014-04-04T14:50:00,11,6253230,158805
OK,49,67,910,49,2014-04-04T14:55:00,11,6253679,158805
OK,49,67,910,49,2014-04-04T15:00:00,8,6254128,158805
OK,50,66,910,50,2014-04-04T15:05:00,7,6254577,158805
OK,48,69,910,48,2014-04-04T15:10:00,11,6255026,158805
OK,47,70,910,47,2014-04-04T15:15:00,13,6255475,158805
OK,47,70,910,47,2014-04-04T15:20:00,9,6255924,158805
OK,44,75,910,44,2014-04-04T15:25:00,3,6256373,158805
OK,54,61,910,54,2014-04-04T15:30:00,3,6256822,158805
OK,45,73,910,45,2014-04-04T15:35:00,2,6257271,158805
OK,53,62,910,53,2014-04-04T15:40:00,5,6257720,158805
OK,53,62,910,53,2014-04-04T15:45:00,7,6258169,158805
OK,46,72,910,46,2014-04-04T15:50:00,5,6258618,158805
OK,47,70,910,47,2014-04-04T15:55:00,3,6259067,158805
OK,47,70,910,47,2014-04-04T16:00:00,3,6259516,158805
OK,53,62,910,53,2014-04-04T16:05:00,3,6259965,158805
OK,63,52,910,63,2014-04-04T16:10:00,4,6260414,158805
OK,47,70,910,47,2014-04-04T16:15:00,3,6260863,158805
OK,48,69,910,48,2014-04-04T16:20:00,5,6261312,158805
OK,47,70,910,47,2014-04-04T16:25:00,4,6261761,158805
OK,45,73,910,45,2014-04-04T16:30:00,8,6262210,158805
OK,53,62,910,53,2014-04-04T16:35:00,9,6262659,158805
OK,58,57,910,58,2014-04-04T16:40:00,4,6263108,158805
OK,57,58,910,57,2014-04-04T16:45:00,6,6263557,158805
OK,70,47,910,70,2014-04-04T16:50:00,3,6264006,158805
OK,48,69,910,48,2014-04-04T16:55:00,0,6264455,158805
OK,48,69,910,48,2014-04-04T17:00:00,0,6264904,158805
OK,45,73,910,45,2014-04-04T17:05:00,3,6265353,158805
OK,48,69,910,48,2014-04-04T17:10:00,3,6265802,158805
OK,52,63,910,52,2014-04-04T17:15:00,2,6266251,158805
OK,54,61,910,54,2014-04-04T17:20:00,1,6266700,158805
OK,52,63,910,52,2014-04-04T17:25:00,4,6267149,158805
OK,51,64,910,51,2014-04-04T17:30:00,3,6267598,158805
OK,42,78,910,42,2014-04-04T17:35:00,2,6268047,158805
OK,39,84,910,39,2014-04-04T17:40:00,1,6268496,158805
OK,52,63,910,52,2014-04-04T17:45:00,1,6268945,158805
OK,57,58,910,57,2014-04-04T17:50:00,4,6269394,158805
OK,55,60,910,55,2014-04-04T17:55:00,5,6269843,158805
OK,46,72,910,46,2014-04-04T18:00:00,3,6270292,158805
OK,39,84,910,39,2014-04-04T18:05:00,2,6270741,158805
OK,37,89,910,37,2014-04-04T18:10:00,2,6271190,158805
OK,47,70,910,47,2014-04-04T18:15:00,2,6271639,158805
OK,57,58,910,57,2014-04-04T18:20:00,4,6272088,158805
OK,61,54,910,61,2014-04-04T18:25:00,2,6272537,158805
OK,53,62,910,53,2014-04-04T18:30:00,1,6272986,158805
OK,38,87,910,38,2014-04-04T18:35:00,1,6273435,158805
OK,48,69,910,48,2014-04-04T18:40:00,5,6273884,158805
OK,47,70,910,47,2014-04-04T18:45:00,3,6274333,158805
OK,46,72,910,46,2014-04-04T18:50:00,3,6274782,158805
OK,47,70,910,47,2014-04-04T18:55:00,4,6275231,158805
OK,49,67,910,49,2014-04-04T19:00:00,4,6275680,158805
OK,49,67,910,49,2014-04-04T19:05:00,3,6276129,158805
OK,47,70,910,47,2014-04-04T19:10:00,5,6276578,158805
OK,52,63,910,52,2014-04-04T19:15:00,3,6277027,158805
OK,57,58,910,57,2014-04-04T19:20:00,2,6277476,158805
OK,63,52,910,63,2014-04-04T19:25:00,2,6277925,158805
OK,75,44,910,75,2014-04-04T19:30:00,1,6278374,158805
OK,75,44,910,75,2014-04-04T19:35:00,0,6278823,158805
OK,52,63,910,52,2014-04-04T19:40:00,3,6279272,158805
OK,49,67,910,49,2014-04-04T19:45:00,8,6279721,158805
OK,42,78,910,42,2014-04-04T19:50:00,5,6280170,158805
OK,41,80,910,41,2014-04-04T19:55:00,2,6280619,158805
OK,41,80,910,41,2014-04-04T20:05:00,0,6281517,158805
OK,41,80,910,41,2014-04-04T20:10:00,0,6281966,158805
OK,28,118,910,28,2014-04-04T20:40:00,2,6284660,158805
OK,24,138,910,24,2014-04-04T20:50:00,0,6285558,158805
OK,24,138,910,24,2014-04-04T20:55:00,0,6286007,158805
OK,24,138,910,24,2014-04-04T21:00:00,0,6286456,158805
OK,46,72,910,46,2014-04-04T21:10:00,2,6287354,158805
OK,46,72,910,46,2014-04-04T21:25:00,0,6288701,158805
OK,32,103,910,32,2014-04-04T21:30:00,1,6289132,158805
OK,50,66,910,50,2014-04-04T21:45:00,1,6290479,158805
OK,50,66,910,50,2014-04-04T21:50:00,1,6290928,158805
OK,50,66,910,50,2014-04-04T21:55:00,0,6291377,158805
OK,50,66,910,50,2014-04-04T22:00:00,0,6291826,158805
OK,50,66,910,50,2014-04-04T22:05:00,0,6292275,158805
OK,50,66,910,50,2014-04-04T22:10:00,0,6292724,158805
OK,42,78,910,42,2014-04-04T22:15:00,2,6293173,158805
OK,56,59,910,56,2014-04-04T22:20:00,1,6293622,158805
OK,56,59,910,56,2014-04-04T22:25:00,1,6294071,158805
OK,56,59,910,56,2014-04-04T22:30:00,0,6294520,158805
OK,39,84,910,39,2014-04-04T22:40:00,0,6295418,158805
OK,30,110,910,30,2014-04-04T23:20:00,0,6298789,158805
OK,30,110,910,30,2014-04-04T23:25:00,0,6299238,158805
OK,30,110,910,30,2014-04-04T23:30:00,0,6299686,158805
OK,30,110,910,30,2014-04-04T23:40:00,0,6300584,158805
OK,30,110,910,30,2014-04-04T23:45:00,0,6301028,158805
OK,30,110,910,30,2014-04-04T23:50:00,0,6301477,158805
OK,30,110,910,30,2014-04-05T00:00:00,0,6302354,158805
OK,30,110,910,30,2014-04-05T00:05:00,0,6302803,158805
OK,30,110,910,30,2014-04-05T00:10:00,0,6303252,158805
OK,30,110,910,30,2014-04-05T00:15:00,0,6303701,158805
OK,44,75,910,44,2014-04-05T00:20:00,1,6304150,158805
OK,44,75,910,44,2014-04-05T00:25:00,0,6304599,158805
OK,44,75,910,44,2014-04-05T00:30:00,0,6305048,158805
OK,44,75,910,44,2014-04-05T00:35:00,0,6305497,158805
OK,54,61,910,54,2014-04-05T00:40:00,1,6305946,158805
OK,54,61,910,54,2014-04-05T00:45:00,1,6306395,158805
OK,54,61,910,54,2014-04-05T00:50:00,0,6306844,158805
OK,54,61,910,54,2014-04-05T00:55:00,0,6307293,158805
OK,54,61,910,54,2014-04-05T01:00:00,0,6307742,158805
OK,54,61,910,54,2014-04-05T01:05:00,0,6308191,158805
OK,54,61,910,54,2014-04-05T01:10:00,0,6308640,158805
OK,61,54,910,61,2014-04-05T01:15:00,1,6309089,158805
OK,61,54,910,61,2014-04-05T01:20:00,0,6309538,158805
OK,61,54,910,61,2014-04-05T01:25:00,0,6309987,158805
OK,61,54,910,61,2014-04-05T01:30:00,0,6310436,158805
OK,61,54,910,61,2014-04-05T01:35:00,0,6310885,158805
OK,61,54,910,61,2014-04-05T01:40:00,0,6311334,158805
OK,61,54,910,61,2014-04-05T01:45:00,0,6311783,158805
OK,61,54,910,61,2014-04-05T01:50:00,0,6312232,158805
OK,61,54,910,61,2014-04-05T01:55:00,0,6312681,158805
OK,61,54,910,61,2014-04-05T02:00:00,0,6313130,158805
OK,61,54,910,61,2014-04-05T02:05:00,0,6313579,158805
OK,61,54,910,61,2014-04-05T02:10:00,0,6314028,158805
OK,61,54,910,61,2014-04-05T02:15:00,0,6314477,158805
OK,61,54,910,61,2014-04-05T02:20:00,0,6314926,158805
OK,60,55,910,60,2014-04-05T02:25:00,1,6315375,158805
OK,60,55,910,60,2014-04-05T02:30:00,1,6315824,158805
OK,36,92,910,36,2014-04-05T02:35:00,1,6316273,158805
OK,36,92,910,36,2014-04-05T02:40:00,0,6316722,158805
OK,33,100,910,33,2014-04-05T02:45:00,1,6317171,158805
OK,42,78,910,42,2014-04-05T02:50:00,2,6317620,158805
OK,51,64,910,51,2014-04-05T02:55:00,1,6318069,158805
OK,49,67,910,49,2014-04-05T03:00:00,1,6318518,158805
OK,49,67,910,49,2014-04-05T03:05:00,0,6318967,158805
OK,49,67,910,49,2014-04-05T03:10:00,0,6319416,158805
OK,49,67,910,49,2014-04-05T03:15:00,0,6319865,158805
OK,49,67,910,49,2014-04-05T03:20:00,0,6320314,158805
OK,49,67,910,49,2014-04-05T03:25:00,0,6320763,158805
OK,45,73,910,45,2014-04-05T03:30:00,1,6321212,158805
OK,52,63,910,52,2014-04-05T03:35:00,2,6321661,158805
OK,59,56,910,59,2014-04-05T03:40:00,0,6322110,158805
OK,38,87,910,38,2014-04-05T03:45:00,2,6322559,158805
OK,46,72,910,46,2014-04-05T03:50:00,1,6323008,158805
OK,46,72,910,46,2014-04-05T03:55:00,0,6323457,158805
OK,46,72,910,46,2014-04-05T04:00:00,0,6323906,158805
OK,35,94,910,35,2014-04-05T04:05:00,1,6324355,158805
OK,35,94,910,35,2014-04-05T04:10:00,0,6324804,158805
OK,35,94,910,35,2014-04-05T04:15:00,0,6325253,158805
OK,35,94,910,35,2014-04-05T04:20:00,0,6325702,158805
OK,35,94,910,35,2014-04-05T04:25:00,0,6326151,158805
OK,35,94,910,35,2014-04-05T04:30:00,0,6326600,158805
OK,35,94,910,35,2014-04-05T04:35:00,0,6327049,158805
OK,52,63,910,52,2014-04-05T04:40:00,1,6327498,158805
OK,59,56,910,59,2014-04-05T04:45:00,2,6327947,158805
OK,66,50,910,66,2014-04-05T04:50:00,1,6328396,158805
OK,66,50,910,66,2014-04-05T04:55:00,0,6328845,158805
OK,66,50,910,66,2014-04-05T05:00:00,0,6329294,158805
OK,66,50,910,66,2014-04-05T05:05:00,0,6329743,158805
OK,66,50,910,66,2014-04-05T05:10:00,0,6330192,158805
OK,66,50,910,66,2014-04-05T05:15:00,0,6330641,158805
OK,45,73,910,45,2014-04-05T05:20:00,1,6331090,158805
OK,45,73,910,45,2014-04-05T05:25:00,1,6331539,158805
OK,45,73,910,45,2014-04-05T05:30:00,0,6331988,158805
OK,45,73,910,45,2014-04-05T05:35:00,0,6332437,158805
OK,45,73,910,45,2014-04-05T05:40:00,0,6332886,158805
OK,47,70,910,47,2014-04-05T05:45:00,1,6333335,158805
OK,47,70,910,47,2014-04-05T05:50:00,1,6333784,158805
OK,47,70,910,47,2014-04-05T05:55:00,0,6334233,158805
OK,56,59,910,56,2014-04-05T06:00:00,1,6334682,158805
OK,52,63,910,52,2014-04-05T06:05:00,1,6335131,158805
OK,52,63,910,52,2014-04-05T06:10:00,0,6335580,158805
OK,52,63,910,52,2014-04-05T06:15:00,0,6336029,158805
OK,52,63,910,52,2014-04-05T06:20:00,0,6336478,158805
OK,52,63,910,52,2014-04-05T06:25:00,0,6336927,158805
OK,49,67,910,49,2014-04-05T06:30:00,1,6337376,158805
OK,49,67,910,49,2014-04-05T06:35:00,0,6337825,158805
OK,49,67,910,49,2014-04-05T06:40:00,0,6338274,158805
OK,48,69,910,48,2014-04-05T06:45:00,5,6338723,158805
OK,52,63,910,52,2014-04-05T06:50:00,6,6339172,158805
OK,57,58,910,57,2014-04-05T06:55:00,0,6339621,158805
OK,57,58,910,57,2014-04-05T07:00:00,1,6340070,158805
OK,55,60,910,55,2014-04-05T07:05:00,2,6340519,158805
OK,53,62,910,53,2014-04-05T07:10:00,3,6340968,158805
OK,50,66,910,50,2014-04-05T07:15:00,4,6341417,158805
OK,54,61,910,54,2014-04-05T07:20:00,1,6341866,158805
OK,54,61,910,54,2014-04-05T07:25:00,0,6342315,158805
OK,49,67,910,49,2014-04-05T07:30:00,3,6342764,158805
OK,56,59,910,56,2014-04-05T07:35:00,4,6343213,158805
OK,63,52,910,63,2014-04-05T07:40:00,1,6343662,158805
OK,63,52,910,63,2014-04-05T07:45:00,0,6344111,158805
OK,55,60,910,55,2014-04-05T07:50:00,1,6344560,158805
OK,66,50,910,66,2014-04-05T07:55:00,4,6345009,158805
OK,63,52,910,63,2014-04-05T08:00:00,4,6345458,158805
OK,74,44,910,74,2014-04-05T08:05:00,4,6345907,158805
OK,65,50,910,65,2014-04-05T08:10:00,4,6346356,158805
OK,66,50,910,66,2014-04-05T08:15:00,3,6346805,158805
OK,62,53,910,62,2014-04-05T08:20:00,5,6347254,158805
OK,57,58,910,57,2014-04-05T08:25:00,4,6347703,158805
OK,68,48,910,68,2014-04-05T08:30:00,0,6348152,158805
OK,59,56,910,59,2014-04-05T08:35:00,4,6348601,158805
OK,53,62,910,53,2014-04-05T08:40:00,4,6349050,158805
OK,53,62,910,53,2014-04-05T08:45:00,6,6349499,158805
OK,56,59,910,56,2014-04-05T08:50:00,4,6349948,158805
OK,76,43,910,76,2014-04-05T08:55:00,4,6350397,158805
OK,75,44,910,75,2014-04-05T09:00:00,6,6350846,158805
OK,52,63,910,52,2014-04-05T09:05:00,10,6351295,158805
OK,50,66,910,50,2014-04-05T09:10:00,4,6351744,158805
OK,45,73,910,45,2014-04-05T09:15:00,2,6352193,158805
OK,47,70,910,47,2014-04-05T09:20:00,5,6352642,158805
OK,50,66,910,50,2014-04-05T09:25:00,5,6353091,158805
OK,48,69,910,48,2014-04-05T09:30:00,3,6353540,158805
OK,48,69,910,48,2014-04-05T09:35:00,3,6353989,158805
OK,46,72,910,46,2014-04-05T09:40:00,2,6354438,158805
OK,47,70,910,47,2014-04-05T09:45:00,4,6354887,158805
OK,51,64,910,51,2014-04-05T09:50:00,2,6355336,158805
OK,52,63,910,52,2014-04-05T09:55:00,3,6355785,158805
OK,51,64,910,51,2014-04-05T10:00:00,4,6356234,158805
OK,43,77,910,43,2014-04-05T10:05:00,3,6356683,158805
OK,45,73,910,45,2014-04-05T10:10:00,2,6357132,158805
OK,47,70,910,47,2014-04-05T10:15:00,3,6357581,158805
OK,48,69,910,48,2014-04-05T10:20:00,0,6358030,158805
OK,54,61,910,54,2014-04-05T10:25:00,5,6358479,158805
OK,55,60,910,55,2014-04-05T10:30:00,7,6358928,158805
OK,49,67,910,49,2014-04-05T10:35:00,3,6359377,158805
OK,48,69,910,48,2014-04-05T10:40:00,7,6359826,158805
OK,48,69,910,48,2014-04-05T10:45:00,9,6360275,158805
OK,46,72,910,46,2014-04-05T10:50:00,6,6360724,158805
OK,47,70,910,47,2014-04-05T10:55:00,6,6361173,158805
OK,48,69,910,48,2014-04-05T11:00:00,4,6361622,158805
OK,50,66,910,50,2014-04-05T11:05:00,3,6362071,158805
OK,47,70,910,47,2014-04-05T11:10:00,4,6362520,158805
OK,45,73,910,45,2014-04-05T11:15:00,9,6362969,158805
OK,42,78,910,42,2014-04-05T11:20:00,11,6363418,158805
OK,44,75,910,44,2014-04-05T11:25:00,4,6363867,158805
OK,44,75,910,44,2014-04-05T11:30:00,3,6364316,158805
OK,46,72,910,46,2014-04-05T11:35:00,5,6364765,158805
OK,50,66,910,50,2014-04-05T11:40:00,3,6365214,158805
OK,57,58,910,57,2014-04-05T11:45:00,6,6365663,158805
OK,67,49,910,67,2014-04-05T11:50:00,7,6366112,158805
OK,67,49,910,67,2014-04-05T11:55:00,5,6366561,158805
OK,55,60,910,55,2014-04-05T12:00:00,6,6367010,158805
OK,49,67,910,49,2014-04-05T12:05:00,6,6367459,158805
OK,51,64,910,51,2014-04-05T12:10:00,5,6367908,158805
OK,51,64,910,51,2014-04-05T12:15:00,6,6368357,158805
OK,48,69,910,48,2014-04-05T12:20:00,6,6368806,158805
OK,46,72,910,46,2014-04-05T12:25:00,5,6369255,158805
OK,47,70,910,47,2014-04-05T12:30:00,5,6369704,158805
OK,46,72,910,46,2014-04-05T12:35:00,8,6370153,158805
OK,52,63,910,52,2014-04-05T12:40:00,7,6370602,158805
OK,58,57,910,58,2014-04-05T12:45:00,6,6371051,158805
OK,54,61,910,54,2014-04-05T12:50:00,4,6371500,158805
OK,53,62,910,53,2014-04-05T12:55:00,3,6371949,158805
OK,51,64,910,51,2014-04-05T13:00:00,4,6372398,158805
OK,48,69,910,48,2014-04-05T13:05:00,8,6372847,158805
OK,44,75,910,44,2014-04-05T13:10:00,10,6373296,158805
OK,42,78,910,42,2014-04-05T13:15:00,8,6373745,158805
OK,45,73,910,45,2014-04-05T13:20:00,6,6374194,158805
OK,45,73,910,45,2014-04-05T13:25:00,3,6374643,158805
OK,49,67,910,49,2014-04-05T13:30:00,4,6375092,158805
OK,49,67,910,49,2014-04-05T13:35:00,3,6375541,158805
OK,51,64,910,51,2014-04-05T13:40:00,1,6375990,158805
OK,47,70,910,47,2014-04-05T13:45:00,6,6376439,158805
OK,48,69,910,48,2014-04-05T13:50:00,7,6376888,158805
OK,53,62,910,53,2014-04-05T13:55:00,7,6377337,158805
OK,52,63,910,52,2014-04-05T14:00:00,10,6377786,158805
OK,49,67,910,49,2014-04-05T14:05:00,7,6378235,158805
OK,53,62,910,53,2014-04-05T14:10:00,5,6378684,158805
OK,53,62,910,53,2014-04-05T14:15:00,5,6379133,158805
OK,46,72,910,46,2014-04-05T14:20:00,5,6379582,158805
OK,47,70,910,47,2014-04-05T14:25:00,4,6380031,158805
OK,46,72,910,46,2014-04-05T14:30:00,2,6380480,158805
OK,45,73,910,45,2014-04-05T14:35:00,1,6380929,158805
OK,48,69,910,48,2014-04-05T14:40:00,3,6381378,158805
OK,50,66,910,50,2014-04-05T14:45:00,5,6381827,158805
OK,43,77,910,43,2014-04-05T14:50:00,3,6382276,158805
OK,44,75,910,44,2014-04-05T14:55:00,3,6382725,158805
OK,41,80,910,41,2014-04-05T15:00:00,2,6383174,158805
OK,44,75,910,44,2014-04-05T15:05:00,5,6383623,158805
OK,50,66,910,50,2014-04-05T15:10:00,5,6384072,158805
OK,41,80,910,41,2014-04-05T15:15:00,3,6384521,158805
OK,39,84,910,39,2014-04-05T15:20:00,3,6384970,158805
OK,39,84,910,39,2014-04-05T15:25:00,5,6385419,158805
OK,41,80,910,41,2014-04-05T15:30:00,3,6385868,158805
OK,53,62,910,53,2014-04-05T15:35:00,3,6386317,158805
OK,47,70,910,47,2014-04-05T15:40:00,2,6386766,158805
OK,46,72,910,46,2014-04-05T15:45:00,1,6387215,158805
OK,46,72,910,46,2014-04-05T15:50:00,4,6387664,158805
OK,49,67,910,49,2014-04-05T15:55:00,5,6388113,158805
OK,48,69,910,48,2014-04-05T16:00:00,4,6388562,158805
OK,47,70,910,47,2014-04-05T16:05:00,6,6389011,158805
OK,49,67,910,49,2014-04-05T16:10:00,5,6389460,158805
OK,52,63,910,52,2014-04-05T16:15:00,3,6389909,158805
OK,52,63,910,52,2014-04-05T16:20:00,1,6390358,158805
OK,40,82,910,40,2014-04-05T16:25:00,1,6390807,158805
OK,40,82,910,40,2014-04-05T16:30:00,3,6391256,158805
OK,52,63,910,52,2014-04-05T16:35:00,2,6391705,158805
OK,53,62,910,53,2014-04-05T16:40:00,4,6392154,158805
OK,58,57,910,58,2014-04-05T16:45:00,2,6392603,158805
OK,65,50,910,65,2014-04-05T16:50:00,0,6393052,158805
OK,55,60,910,55,2014-04-05T16:55:00,4,6393501,158805
OK,51,64,910,51,2014-04-05T17:00:00,2,6393950,158805
OK,35,94,910,35,2014-04-05T17:05:00,2,6394399,158805
OK,42,78,910,42,2014-04-05T17:10:00,1,6394848,158805
OK,44,75,910,44,2014-04-05T17:15:00,2,6395297,158805
OK,48,69,910,48,2014-04-05T17:20:00,4,6395746,158805
OK,45,73,910,45,2014-04-05T17:25:00,8,6396195,158805
OK,46,72,910,46,2014-04-05T17:30:00,5,6396644,158805
OK,49,67,910,49,2014-04-05T17:35:00,0,6397093,158805
OK,38,87,910,38,2014-04-05T17:40:00,1,6397542,158805
OK,47,70,910,47,2014-04-05T17:45:00,2,6397991,158805
OK,52,63,910,52,2014-04-05T17:50:00,3,6398440,158805
OK,47,70,910,47,2014-04-05T17:55:00,0,6398889,158805
OK,47,70,910,47,2014-04-05T18:00:00,1,6399338,158805
OK,44,75,910,44,2014-04-05T18:05:00,3,6399787,158805
OK,40,82,910,40,2014-04-05T18:10:00,2,6400236,158805
OK,48,69,910,48,2014-04-05T18:15:00,1,6400685,158805
OK,48,69,910,48,2014-04-05T18:20:00,1,6401134,158805
OK,48,69,910,48,2014-04-05T18:25:00,0,6401583,158805
OK,44,75,910,44,2014-04-05T18:30:00,2,6402032,158805
OK,44,75,910,44,2014-04-05T18:35:00,2,6402481,158805
OK,44,75,910,44,2014-04-05T18:40:00,0,6402930,158805
OK,56,59,910,56,2014-04-05T18:45:00,1,6403379,158805
OK,48,69,910,48,2014-04-05T18:50:00,1,6403828,158805
OK,46,72,910,46,2014-04-05T18:55:00,2,6404277,158805
OK,45,73,910,45,2014-04-05T19:00:00,0,6404726,158805
OK,56,59,910,56,2014-04-05T19:05:00,1,6405175,158805
OK,60,55,910,60,2014-04-05T19:10:00,1,6405624,158805
OK,38,87,910,38,2014-04-05T19:15:00,1,6406073,158805
OK,37,89,910,37,2014-04-05T19:20:00,2,6406522,158805
OK,44,75,910,44,2014-04-05T19:25:00,1,6406971,158805
OK,44,75,910,44,2014-04-05T19:30:00,0,6407420,158805
OK,44,75,910,44,2014-04-05T19:35:00,0,6407869,158805
OK,47,70,910,47,2014-04-05T19:40:00,1,6408318,158805
OK,47,70,910,47,2014-04-05T19:45:00,0,6408767,158805
OK,47,70,910,47,2014-04-05T19:50:00,0,6409216,158805
OK,45,73,910,45,2014-04-05T19:55:00,1,6409665,158805
OK,45,73,910,45,2014-04-05T20:00:00,1,6410114,158805
OK,45,73,910,45,2014-04-05T20:05:00,0,6410563,158805
OK,45,73,910,45,2014-04-05T20:10:00,0,6411012,158805
OK,45,73,910,45,2014-04-05T20:15:00,0,6411461,158805
OK,46,72,910,46,2014-04-05T20:20:00,1,6411910,158805
OK,49,67,910,49,2014-04-05T20:25:00,3,6412359,158805
OK,49,67,910,49,2014-04-05T20:30:00,3,6412808,158805
OK,51,64,910,51,2014-04-05T20:35:00,1,6413257,158805
OK,45,73,910,45,2014-04-05T20:40:00,1,6413706,158805
OK,45,73,910,45,2014-04-05T20:45:00,0,6414155,158805
OK,49,67,910,49,2014-04-05T20:50:00,1,6414604,158805
OK,59,56,910,59,2014-04-05T20:55:00,4,6415053,158805
OK,59,56,910,59,2014-04-05T21:00:00,1,6415502,158805
OK,59,56,910,59,2014-04-05T21:05:00,0,6415951,158805
OK,52,63,910,52,2014-04-05T21:10:00,1,6416400,158805
OK,53,62,910,53,2014-04-05T21:15:00,1,6416849,158805
OK,53,62,910,53,2014-04-05T21:20:00,1,6417298,158805
OK,53,62,910,53,2014-04-05T21:25:00,0,6417747,158805
OK,53,62,910,53,2014-04-05T21:30:00,0,6418196,158805
OK,53,62,910,53,2014-04-05T21:35:00,0,6418645,158805
OK,37,89,910,37,2014-04-05T21:40:00,1,6419094,158805
OK,37,89,910,37,2014-04-05T21:45:00,0,6419543,158805
OK,37,89,910,37,2014-04-05T21:50:00,0,6419992,158805
OK,37,89,910,37,2014-04-05T21:55:00,0,6420441,158805
OK,37,89,910,37,2014-04-05T22:00:00,0,6420890,158805
OK,37,89,910,37,2014-04-05T22:05:00,0,6421339,158805
OK,37,89,910,37,2014-04-05T22:10:00,0,6421788,158805
OK,37,89,910,37,2014-04-05T22:15:00,0,6422237,158805
OK,42,78,910,42,2014-04-05T22:20:00,2,6422686,158805
OK,35,94,910,35,2014-04-05T22:25:00,1,6423135,158805
OK,35,94,910,35,2014-04-05T22:30:00,0,6423584,158805
OK,35,94,910,35,2014-04-05T22:35:00,0,6424033,158805
OK,35,94,910,35,2014-04-05T22:40:00,0,6424482,158805
OK,51,64,910,51,2014-04-05T22:45:00,1,6424931,158805
OK,45,73,910,45,2014-04-05T22:50:00,3,6425380,158805
OK,42,78,910,42,2014-04-05T22:55:00,2,6425829,158805
OK,37,89,910,37,2014-04-05T23:00:00,3,6426278,158805
OK,36,92,910,36,2014-04-05T23:05:00,3,6426727,158805
OK,36,92,910,36,2014-04-05T23:10:00,3,6427176,158805
OK,46,72,910,46,2014-04-05T23:15:00,1,6427625,158805
OK,46,72,910,46,2014-04-05T23:20:00,1,6428074,158805
OK,46,72,910,46,2014-04-05T23:25:00,0,6428523,158805
OK,46,72,910,46,2014-04-05T23:30:00,0,6428972,158805
OK,31,106,910,31,2014-04-05T23:35:00,1,6429421,158805
OK,35,94,910,35,2014-04-05T23:40:00,2,6429870,158805
OK,39,84,910,39,2014-04-05T23:45:00,0,6430319,158805
OK,39,84,910,39,2014-04-05T23:50:00,0,6430768,158805
OK,39,84,910,39,2014-04-05T23:55:00,0,6431217,158805
OK,39,84,910,39,2014-04-06T00:00:00,0,6431666,158805
OK,39,84,910,39,2014-04-06T00:05:00,0,6432115,158805
OK,39,84,910,39,2014-04-06T00:10:00,0,6432564,158805
OK,39,84,910,39,2014-04-06T00:15:00,0,6433013,158805
OK,39,84,910,39,2014-04-06T00:20:00,0,6433462,158805
OK,39,84,910,39,2014-04-06T00:25:00,0,6433911,158805
OK,39,84,910,39,2014-04-06T00:30:00,0,6434360,158805
OK,39,84,910,39,2014-04-06T00:35:00,0,6434808,158805
OK,39,84,910,39,2014-04-06T00:40:00,0,6435257,158805
OK,39,84,910,39,2014-04-06T00:45:00,0,6435706,158805
OK,39,84,910,39,2014-04-06T00:50:00,0,6436155,158805
OK,39,84,910,39,2014-04-06T00:55:00,0,6436604,158805
OK,39,84,910,39,2014-04-06T01:00:00,0,6437053,158805
OK,39,84,910,39,2014-04-06T01:05:00,0,6437502,158805
OK,39,84,910,39,2014-04-06T01:10:00,0,6437951,158805
OK,39,84,910,39,2014-04-06T01:15:00,0,6438400,158805
OK,44,75,910,44,2014-04-06T01:20:00,1,6438849,158805
OK,44,75,910,44,2014-04-06T01:25:00,1,6439298,158805
OK,44,75,910,44,2014-04-06T01:30:00,0,6439747,158805
OK,44,75,910,44,2014-04-06T01:35:00,3,6440196,158805
OK,44,75,910,44,2014-04-06T01:40:00,3,6440645,158805
OK,42,78,910,42,2014-04-06T01:45:00,0,6441094,158805
OK,38,87,910,38,2014-04-06T01:50:00,1,6441543,158805
OK,38,87,910,38,2014-04-06T01:55:00,0,6441992,158805
OK,38,87,910,38,2014-04-06T02:00:00,0,6442441,158805
OK,38,87,910,38,2014-04-06T02:05:00,0,6442890,158805
OK,38,87,910,38,2014-04-06T02:10:00,0,6443339,158805
OK,38,87,910,38,2014-04-06T02:15:00,0,6443788,158805
OK,38,87,910,38,2014-04-06T02:20:00,0,6444237,158805
OK,38,87,910,38,2014-04-06T02:25:00,0,6444686,158805
OK,38,87,910,38,2014-04-06T02:30:00,0,6445135,158805
OK,38,87,910,38,2014-04-06T02:35:00,0,6445584,158805
OK,38,87,910,38,2014-04-06T02:40:00,0,6446033,158805
OK,38,87,910,38,2014-04-06T02:45:00,0,6446482,158805
OK,38,87,910,38,2014-04-06T02:50:00,0,6446931,158805
OK,38,87,910,38,2014-04-06T02:55:00,0,6447380,158805
OK,38,87,910,38,2014-04-06T03:00:00,0,6447829,158805
OK,38,87,910,38,2014-04-06T03:05:00,0,6448278,158805
OK,38,87,910,38,2014-04-06T03:10:00,0,6448726,158805
OK,38,87,910,38,2014-04-06T03:15:00,0,6449175,158805
OK,38,87,910,38,2014-04-06T03:20:00,0,6449624,158805
OK,38,87,910,38,2014-04-06T03:25:00,0,6450073,158805
OK,38,87,910,38,2014-04-06T03:30:00,0,6450522,158805
OK,38,87,910,38,2014-04-06T03:35:00,0,6450971,158805
OK,38,87,910,38,2014-04-06T03:40:00,0,6451420,158805
OK,38,87,910,38,2014-04-06T03:45:00,0,6451869,158805
OK,38,87,910,38,2014-04-06T03:50:00,0,6452318,158805
OK,38,87,910,38,2014-04-06T03:55:00,0,6452767,158805
OK,38,87,910,38,2014-04-06T04:00:00,0,6453216,158805
OK,38,87,910,38,2014-04-06T04:05:00,0,6453665,158805
OK,38,87,910,38,2014-04-06T04:10:00,0,6454114,158805
OK,38,87,910,38,2014-04-06T04:15:00,0,6454563,158805
OK,38,87,910,38,2014-04-06T04:20:00,0,6455012,158805
OK,38,87,910,38,2014-04-06T04:25:00,0,6455461,158805
OK,38,87,910,38,2014-04-06T04:30:00,0,6455910,158805
OK,38,87,910,38,2014-04-06T04:35:00,0,6456359,158805
OK,38,87,910,38,2014-04-06T04:40:00,0,6456808,158805
OK,38,87,910,38,2014-04-06T04:45:00,0,6457257,158805
OK,38,87,910,38,2014-04-06T04:50:00,0,6457706,158805
OK,38,87,910,38,2014-04-06T04:55:00,0,6458155,158805
OK,38,87,910,38,2014-04-06T05:00:00,0,6458604,158805
OK,38,87,910,38,2014-04-06T05:05:00,0,6459053,158805
OK,38,87,910,38,2014-04-06T05:10:00,0,6459502,158805
OK,38,87,910,38,2014-04-06T05:15:00,0,6459951,158805
OK,40,82,910,40,2014-04-06T05:20:00,1,6460400,158805
OK,83,39,910,83,2014-04-06T05:25:00,1,6460849,158805
OK,43,77,910,43,2014-04-06T05:30:00,1,6461298,158805
OK,43,77,910,43,2014-04-06T05:35:00,0,6461747,158805
OK,43,77,910,43,2014-04-06T05:40:00,0,6462196,158805
OK,43,77,910,43,2014-04-06T05:45:00,0,6462645,158805
OK,43,77,910,43,2014-04-06T05:50:00,0,6463094,158805
OK,43,77,910,43,2014-04-06T05:55:00,0,6463543,158805
OK,43,77,910,43,2014-04-06T06:00:00,0,6463992,158805
OK,43,77,910,43,2014-04-06T06:05:00,0,6464441,158805
OK,43,77,910,43,2014-04-06T06:10:00,0,6464890,158805
OK,43,77,910,43,2014-04-06T06:15:00,0,6465339,158805
OK,43,77,910,43,2014-04-06T06:20:00,0,6465788,158805
OK,43,77,910,43,2014-04-06T06:25:00,0,6466237,158805
OK,43,77,910,43,2014-04-06T06:30:00,0,6466686,158805
OK,43,77,910,43,2014-04-06T06:35:00,0,6467135,158805
OK,34,97,910,34,2014-04-06T06:40:00,1,6467584,158805
OK,34,97,910,34,2014-04-06T06:45:00,0,6468033,158805
OK,34,97,910,34,2014-04-06T06:50:00,0,6468482,158805
OK,34,97,910,34,2014-04-06T06:55:00,0,6468931,158805
OK,50,66,910,50,2014-04-06T07:00:00,1,6469380,158805
OK,48,69,910,48,2014-04-06T07:05:00,1,6469829,158805
OK,50,66,910,50,2014-04-06T07:10:00,2,6470278,158805
OK,52,63,910,52,2014-04-06T07:15:00,1,6470727,158805
OK,52,63,910,52,2014-04-06T07:20:00,0,6471176,158805
OK,52,63,910,52,2014-04-06T07:25:00,0,6471625,158805
OK,49,67,910,49,2014-04-06T07:30:00,1,6472074,158805
OK,51,64,910,51,2014-04-06T07:35:00,2,6472523,158805
OK,45,73,910,45,2014-04-06T07:40:00,2,6472972,158805
OK,45,73,910,45,2014-04-06T07:45:00,3,6473421,158805
OK,49,67,910,49,2014-04-06T07:50:00,2,6473870,158805
OK,51,64,910,51,2014-04-06T07:55:00,2,6474319,158805
OK,42,78,910,42,2014-04-06T08:00:00,3,6474768,158805
OK,45,73,910,45,2014-04-06T08:05:00,2,6475217,158805
OK,44,75,910,44,2014-04-06T08:10:00,4,6475666,158805
OK,47,70,910,47,2014-04-06T08:15:00,6,6476115,158805
OK,48,69,910,48,2014-04-06T08:20:00,0,6476564,158805
OK,48,69,910,48,2014-04-06T08:25:00,0,6477013,158805
OK,48,69,910,48,2014-04-06T08:30:00,0,6477462,158805
OK,44,75,910,44,2014-04-06T08:35:00,2,6477911,158805
OK,44,75,910,44,2014-04-06T08:40:00,2,6478360,158805
OK,42,78,910,42,2014-04-06T08:45:00,0,6478809,158805
OK,48,69,910,48,2014-04-06T08:50:00,2,6479258,158805
OK,48,69,910,48,2014-04-06T08:55:00,2,6479707,158805
OK,48,69,910,48,2014-04-06T09:00:00,1,6480156,158805
OK,48,69,910,48,2014-04-06T09:05:00,1,6480605,158805
OK,61,54,910,61,2014-04-06T09:10:00,2,6481054,158805
OK,66,50,910,66,2014-04-06T09:15:00,2,6481503,158805
OK,64,51,910,64,2014-04-06T09:20:00,4,6481952,158805
OK,66,50,910,66,2014-04-06T09:25:00,7,6482401,158805
OK,62,53,910,62,2014-04-06T09:30:00,4,6482850,158805
OK,59,56,910,59,2014-04-06T09:35:00,3,6483299,158805
OK,54,61,910,54,2014-04-06T09:40:00,3,6483748,158805
OK,53,62,910,53,2014-04-06T09:45:00,4,6484197,158805
OK,69,48,910,69,2014-04-06T09:50:00,3,6484646,158805
OK,62,53,910,62,2014-04-06T09:55:00,5,6485095,158805
OK,46,72,910,46,2014-04-06T10:00:00,4,6485544,158805
OK,47,70,910,47,2014-04-06T10:05:00,3,6485993,158805
OK,53,62,910,53,2014-04-06T10:10:00,4,6486442,158805
OK,50,66,910,50,2014-04-06T10:15:00,2,6486891,158805
OK,78,42,910,78,2014-04-06T10:20:00,3,6487340,158805
OK,53,62,910,53,2014-04-06T10:25:00,10,6487789,158805
OK,52,63,910,52,2014-04-06T10:30:00,7,6488238,158805
OK,45,73,910,45,2014-04-06T10:35:00,4,6488687,158805
OK,41,80,910,41,2014-04-06T10:40:00,6,6489136,158805
OK,55,60,910,55,2014-04-06T10:45:00,7,6489585,158805
OK,55,60,910,55,2014-04-06T10:50:00,5,6490034,158805
OK,55,60,910,55,2014-04-06T10:55:00,4,6490483,158805
OK,48,69,910,48,2014-04-06T11:00:00,3,6490932,158805
OK,43,77,910,43,2014-04-06T11:05:00,3,6491381,158805
OK,46,72,910,46,2014-04-06T11:10:00,2,6491830,158805
OK,50,66,910,50,2014-04-06T11:15:00,3,6492279,158805
OK,67,49,910,67,2014-04-06T11:20:00,1,6492728,158805
OK,66,50,910,66,2014-04-06T11:25:00,2,6493177,158805
OK,57,58,910,57,2014-04-06T11:30:00,2,6493626,158805
OK,56,59,910,56,2014-04-06T11:35:00,3,6494075,158805
OK,49,67,910,49,2014-04-06T11:40:00,4,6494524,158805
OK,47,70,910,47,2014-04-06T11:45:00,4,6494973,158805
OK,51,64,910,51,2014-04-06T11:50:00,1,6495422,158805
OK,54,61,910,54,2014-04-06T11:55:00,2,6495871,158805
OK,46,72,910,46,2014-04-06T12:00:00,5,6496320,158805
OK,52,63,910,52,2014-04-06T12:05:00,5,6496769,158805
OK,73,45,910,73,2014-04-06T12:10:00,5,6497218,158805
OK,65,50,910,65,2014-04-06T12:15:00,4,6497667,158805
OK,55,60,910,55,2014-04-06T12:20:00,8,6498116,158805
OK,46,72,910,46,2014-04-06T12:25:00,7,6498565,158805
OK,46,72,910,46,2014-04-06T12:30:00,6,6499014,158805
OK,49,67,910,49,2014-04-06T12:35:00,6,6499463,158805
OK,58,57,910,58,2014-04-06T12:40:00,2,6499912,158805
OK,58,57,910,58,2014-04-06T12:45:00,2,6500361,158805
OK,47,70,910,47,2014-04-06T12:50:00,6,6500810,158805
OK,65,50,910,65,2014-04-06T12:55:00,4,6501259,158805
OK,67,49,910,67,2014-04-06T13:00:00,4,6501708,158805
OK,54,61,910,54,2014-04-06T13:05:00,2,6502157,158805
OK,51,64,910,51,2014-04-06T13:10:00,3,6502606,158805
OK,51,64,910,51,2014-04-06T13:15:00,4,6503055,158805
OK,85,38,910,85,2014-04-06T13:20:00,1,6503504,158805
OK,61,54,910,61,2014-04-06T13:25:00,3,6503953,158805
OK,44,75,910,44,2014-04-06T13:30:00,5,6504402,158805
OK,44,75,910,44,2014-04-06T13:35:00,3,6504851,158805
OK,59,56,910,59,2014-04-06T13:40:00,1,6505300,158805
OK,58,57,910,58,2014-04-06T13:45:00,1,6505749,158805
OK,49,67,910,49,2014-04-06T13:50:00,3,6506198,158805
OK,46,72,910,46,2014-04-06T13:55:00,2,6506647,158805
OK,52,63,910,52,2014-04-06T14:00:00,7,6507096,158805
OK,50,66,910,50,2014-04-06T14:05:00,9,6507545,158805
OK,47,70,910,47,2014-04-06T14:10:00,9,6507994,158805
OK,47,70,910,47,2014-04-06T14:15:00,5,6508443,158805
OK,58,57,910,58,2014-04-06T14:20:00,2,6508892,158805
OK,68,48,910,68,2014-04-06T14:25:00,4,6509341,158805
OK,66,50,910,66,2014-04-06T14:30:00,3,6509790,158805
OK,60,55,910,60,2014-04-06T14:35:00,3,6510239,158805
OK,63,52,910,63,2014-04-06T14:40:00,2,6510688,158805
OK,63,52,910,63,2014-04-06T14:45:00,0,6511137,158805
OK,75,44,910,75,2014-04-06T14:50:00,1,6511586,158805
OK,59,56,910,59,2014-04-06T14:55:00,3,6512035,158805
OK,56,59,910,56,2014-04-06T15:00:00,5,6512484,158805
OK,56,59,910,56,2014-04-06T15:05:00,3,6512933,158805
OK,68,48,910,68,2014-04-06T15:10:00,3,6513382,158805
OK,62,53,910,62,2014-04-06T15:15:00,5,6513831,158805
OK,62,53,910,62,2014-04-06T15:20:00,5,6514280,158805
OK,54,61,910,54,2014-04-06T15:25:00,4,6514729,158805
OK,69,48,910,69,2014-04-06T15:30:00,8,6515178,158805
OK,63,52,910,63,2014-04-06T15:35:00,8,6515627,158805
OK,60,55,910,60,2014-04-06T15:40:00,2,6516076,158805
OK,42,78,910,42,2014-04-06T15:45:00,2,6516525,158805
OK,66,50,910,66,2014-04-06T15:50:00,4,6516974,158805
OK,72,46,910,72,2014-04-06T15:55:00,4,6517423,158805
OK,58,57,910,58,2014-04-06T16:00:00,3,6517872,158805
OK,109,30,910,109,2014-04-06T16:05:00,2,6518321,158805
OK,58,57,910,58,2014-04-06T16:10:00,2,6518770,158805
OK,50,66,910,50,2014-04-06T16:15:00,3,6519219,158805
OK,55,60,910,55,2014-04-06T16:20:00,4,6519668,158805
OK,60,55,910,60,2014-04-06T16:25:00,4,6520117,158805
OK,48,69,910,48,2014-04-06T16:30:00,2,6520566,158805
OK,34,97,910,34,2014-04-06T16:35:00,0,6521015,158805
OK,58,57,910,58,2014-04-06T16:40:00,1,6521464,158805
OK,52,63,910,52,2014-04-06T16:45:00,2,6521913,158805
OK,46,72,910,46,2014-04-06T16:50:00,1,6522362,158805
OK,63,52,910,63,2014-04-06T16:55:00,2,6522811,158805
OK,81,40,910,81,2014-04-06T17:00:00,0,6523260,158805
OK,53,62,910,53,2014-04-06T17:05:00,1,6523709,158805
OK,53,62,910,53,2014-04-06T17:10:00,1,6524158,158805
OK,38,87,910,38,2014-04-06T17:15:00,1,6524607,158805
OK,38,87,910,38,2014-04-06T17:20:00,1,6525056,158805
OK,69,48,910,69,2014-04-06T17:25:00,0,6525505,158805
OK,69,48,910,69,2014-04-06T17:30:00,0,6525954,158805
OK,69,48,910,69,2014-04-06T17:35:00,3,6526403,158805
OK,69,48,910,69,2014-04-06T17:40:00,3,6526852,158805
OK,75,44,910,75,2014-04-06T17:45:00,0,6527301,158805
OK,56,59,910,56,2014-04-06T17:50:00,2,6527750,158805
OK,69,48,910,69,2014-04-06T17:55:00,2,6528199,158805
OK,88,37,910,88,2014-04-06T18:00:00,0,6528648,158805
OK,54,61,910,54,2014-04-06T18:05:00,1,6529097,158805
OK,49,67,910,49,2014-04-06T18:10:00,2,6529546,158805
OK,53,62,910,53,2014-04-06T18:15:00,5,6529995,158805
OK,52,63,910,52,2014-04-06T18:20:00,6,6530444,158805
OK,43,77,910,43,2014-04-06T18:25:00,4,6530893,158805
OK,24,138,910,24,2014-04-06T18:30:00,0,6531342,158805
OK,53,62,910,53,2014-04-06T18:35:00,3,6531791,158805
OK,43,77,910,43,2014-04-06T18:40:00,1,6532240,158805
OK,43,77,910,43,2014-04-06T18:45:00,1,6532689,158805
OK,55,60,910,55,2014-04-06T18:50:00,2,6533138,158805
OK,59,56,910,59,2014-04-06T18:55:00,3,6533587,158805
OK,38,87,910,38,2014-04-06T19:00:00,1,6534036,158805
OK,52,63,910,52,2014-04-06T19:05:00,1,6534485,158805
OK,63,52,910,63,2014-04-06T19:10:00,2,6534934,158805
OK,64,51,910,64,2014-04-06T19:15:00,2,6535383,158805
OK,55,60,910,55,2014-04-06T19:20:00,1,6535832,158805
OK,59,56,910,59,2014-04-06T19:25:00,2,6536281,158805
OK,58,57,910,58,2014-04-06T19:30:00,4,6536730,158805
OK,56,59,910,56,2014-04-06T19:35:00,3,6537179,158805
OK,58,57,910,58,2014-04-06T19:40:00,2,6537628,158805
OK,58,57,910,58,2014-04-06T19:45:00,0,6538077,158805
OK,58,57,910,58,2014-04-06T19:50:00,0,6538526,158805
OK,47,70,910,47,2014-04-06T19:55:00,0,6538975,158805
OK,44,75,910,44,2014-04-06T20:00:00,1,6539424,158805
OK,44,75,910,44,2014-04-06T20:05:00,1,6539873,158805
OK,44,75,910,44,2014-04-06T20:10:00,0,6540322,158805
OK,44,75,910,44,2014-04-06T20:15:00,0,6540771,158805
OK,56,59,910,56,2014-04-06T20:20:00,1,6541220,158805
OK,57,58,910,57,2014-04-06T20:25:00,2,6541669,158805
OK,52,63,910,52,2014-04-06T20:30:00,2,6542118,158805
OK,49,67,910,49,2014-04-06T20:35:00,2,6542567,158805
OK,52,63,910,52,2014-04-06T20:40:00,1,6543016,158805
OK,50,66,910,50,2014-04-06T20:45:00,2,6543465,158805
OK,46,72,910,46,2014-04-06T20:50:00,3,6543914,158805
OK,45,73,910,45,2014-04-06T20:55:00,1,6544363,158805
OK,45,73,910,45,2014-04-06T21:00:00,0,6544812,158805
OK,45,73,910,45,2014-04-06T21:05:00,0,6545261,158805
OK,45,73,910,45,2014-04-06T21:10:00,0,6545710,158805
OK,45,73,910,45,2014-04-06T21:15:00,0,6546159,158805
OK,45,73,910,45,2014-04-06T21:20:00,0,6546608,158805
OK,45,73,910,45,2014-04-06T21:25:00,0,6547057,158805
OK,55,60,910,55,2014-04-06T21:30:00,1,6547506,158805
OK,55,60,910,55,2014-04-06T21:35:00,0,6547955,158805
OK,55,60,910,55,2014-04-06T21:40:00,0,6548404,158805
OK,55,60,910,55,2014-04-06T21:45:00,0,6548853,158805
OK,55,60,910,55,2014-04-06T21:50:00,0,6549302,158805
OK,55,60,910,55,2014-04-06T21:55:00,0,6549751,158805
OK,55,60,910,55,2014-04-06T22:00:00,0,6550200,158805
OK,55,60,910,55,2014-04-06T22:05:00,0,6550649,158805
OK,54,61,910,54,2014-04-06T22:10:00,1,6551098,158805
OK,54,61,910,54,2014-04-06T22:15:00,1,6551547,158805
OK,54,61,910,54,2014-04-06T22:20:00,0,6551996,158805
OK,54,61,910,54,2014-04-06T22:25:00,0,6552445,158805
OK,54,61,910,54,2014-04-06T22:30:00,0,6552894,158805
OK,54,61,910,54,2014-04-06T22:35:00,0,6553343,158805
OK,54,61,910,54,2014-04-06T22:40:00,0,6553792,158805
OK,54,61,910,54,2014-04-06T22:45:00,0,6554241,158805
OK,54,61,910,54,2014-04-06T22:50:00,0,6554690,158805
OK,54,61,910,54,2014-04-06T22:55:00,0,6555139,158805
OK,54,61,910,54,2014-04-06T23:00:00,0,6555588,158805
OK,54,61,910,54,2014-04-06T23:05:00,0,6556037,158805
OK,54,61,910,54,2014-04-06T23:10:00,0,6556486,158805
OK,54,61,910,54,2014-04-06T23:15:00,0,6556935,158805
OK,54,61,910,54,2014-04-06T23:20:00,0,6557384,158805
OK,54,61,910,54,2014-04-06T23:25:00,0,6557833,158805
OK,54,61,910,54,2014-04-06T23:30:00,0,6558282,158805
OK,54,61,910,54,2014-04-06T23:35:00,0,6558731,158805
OK,54,61,910,54,2014-04-06T23:40:00,0,6559180,158805
OK,54,61,910,54,2014-04-06T23:45:00,0,6559629,158805
OK,54,61,910,54,2014-04-06T23:50:00,0,6560078,158805
OK,54,61,910,54,2014-04-06T23:55:00,0,6560527,158805
OK,54,61,910,54,2014-04-07T00:00:00,0,6560976,158805
OK,54,61,910,54,2014-04-07T00:05:00,0,6561425,158805
OK,54,61,910,54,2014-04-07T00:10:00,0,6561874,158805
OK,54,61,910,54,2014-04-07T00:15:00,0,6562323,158805
OK,54,61,910,54,2014-04-07T00:20:00,0,6562772,158805
OK,54,61,910,54,2014-04-07T00:25:00,0,6563221,158805
OK,54,61,910,54,2014-04-07T00:30:00,0,6563670,158805
OK,54,61,910,54,2014-04-07T00:35:00,0,6564119,158805
OK,54,61,910,54,2014-04-07T00:40:00,0,6564568,158805
OK,54,61,910,54,2014-04-07T00:45:00,0,6565017,158805
OK,54,61,910,54,2014-04-07T00:50:00,0,6565466,158805
OK,54,61,910,54,2014-04-07T00:55:00,0,6565915,158805
OK,54,61,910,54,2014-04-07T01:00:00,0,6566364,158805
OK,54,61,910,54,2014-04-07T01:05:00,0,6566813,158805
OK,54,61,910,54,2014-04-07T01:10:00,0,6567262,158805
OK,54,61,910,54,2014-04-07T01:15:00,0,6567711,158805
OK,54,61,910,54,2014-04-07T01:20:00,0,6568160,158805
OK,54,61,910,54,2014-04-07T01:25:00,0,6568609,158805
OK,54,61,910,54,2014-04-07T01:30:00,0,6569058,158805
OK,54,61,910,54,2014-04-07T01:35:00,0,6569507,158805
OK,54,61,910,54,2014-04-07T01:40:00,0,6569956,158805
OK,41,80,910,41,2014-04-07T01:45:00,2,6570405,158805
OK,41,80,910,41,2014-04-07T01:50:00,0,6570854,158805
OK,41,80,910,41,2014-04-07T01:55:00,0,6571303,158805
OK,41,80,910,41,2014-04-07T02:00:00,0,6571752,158805
OK,41,80,910,41,2014-04-07T02:05:00,0,6572201,158805
OK,41,80,910,41,2014-04-07T02:10:00,0,6572650,158805
OK,41,80,910,41,2014-04-07T02:15:00,0,6573099,158805
OK,41,80,910,41,2014-04-07T02:20:00,0,6573548,158805
OK,41,80,910,41,2014-04-07T02:25:00,0,6573997,158805
OK,41,80,910,41,2014-04-07T02:30:00,0,6574446,158805
OK,41,80,910,41,2014-04-07T02:35:00,0,6574895,158805
OK,41,80,910,41,2014-04-07T02:40:00,0,6575344,158805
OK,41,80,910,41,2014-04-07T02:45:00,0,6575793,158805
OK,41,80,910,41,2014-04-07T02:50:00,0,6576242,158805
OK,41,80,910,41,2014-04-07T02:55:00,0,6576691,158805
OK,41,80,910,41,2014-04-07T03:00:00,0,6577140,158805
OK,41,80,910,41,2014-04-07T03:05:00,0,6577589,158805
OK,41,80,910,41,2014-04-07T03:10:00,0,6578038,158805
OK,41,80,910,41,2014-04-07T03:15:00,0,6578487,158805
OK,41,80,910,41,2014-04-07T03:20:00,0,6578936,158805
OK,41,80,910,41,2014-04-07T03:25:00,0,6579385,158805
OK,41,80,910,41,2014-04-07T03:30:00,0,6579834,158805
OK,41,80,910,41,2014-04-07T03:35:00,0,6580283,158805
OK,46,72,910,46,2014-04-07T03:40:00,1,6580732,158805
OK,46,72,910,46,2014-04-07T03:45:00,1,6581181,158805
OK,65,50,910,65,2014-04-07T03:50:00,1,6581630,158805
OK,65,50,910,65,2014-04-07T03:55:00,3,6582079,158805
OK,58,57,910,58,2014-04-07T04:00:00,2,6582528,158805
OK,67,49,910,67,2014-04-07T04:05:00,1,6582977,158805
OK,62,53,910,62,2014-04-07T04:10:00,2,6583426,158805
OK,60,55,910,60,2014-04-07T04:15:00,3,6583875,158805
OK,60,55,910,60,2014-04-07T04:20:00,3,6584324,158805
OK,61,54,910,61,2014-04-07T04:25:00,1,6584773,158805
OK,60,55,910,60,2014-04-07T04:30:00,2,6585222,158805
OK,60,55,910,60,2014-04-07T04:35:00,1,6585671,158805
OK,60,55,910,60,2014-04-07T04:40:00,0,6586120,158805
OK,88,37,910,88,2014-04-07T04:45:00,1,6586569,158805
OK,56,59,910,56,2014-04-07T04:50:00,5,6587018,158805
OK,53,62,910,53,2014-04-07T04:55:00,4,6587467,158805
OK,51,64,910,51,2014-04-07T05:00:00,3,6587916,158805
OK,52,63,910,52,2014-04-07T05:05:00,4,6588365,158805
OK,71,46,910,71,2014-04-07T05:10:00,1,6588814,158805
OK,46,72,910,46,2014-04-07T05:15:00,3,6589263,158805
OK,47,70,910,47,2014-04-07T05:20:00,4,6589712,158805
OK,50,66,910,50,2014-04-07T05:25:00,3,6590161,158805
OK,53,62,910,53,2014-04-07T05:30:00,8,6590610,158805
OK,53,62,910,53,2014-04-07T05:35:00,7,6591059,158805
OK,54,61,910,54,2014-04-07T05:40:00,9,6591508,158805
OK,58,57,910,58,2014-04-07T05:45:00,10,6591957,158805
OK,56,59,910,56,2014-04-07T05:50:00,5,6592406,158805
OK,53,62,910,53,2014-04-07T05:55:00,6,6592855,158805
OK,53,62,910,53,2014-04-07T06:00:00,7,6593304,158805
OK,53,62,910,53,2014-04-07T06:05:00,7,6593753,158805
OK,51,64,910,51,2014-04-07T06:10:00,11,6594202,158805
OK,50,66,910,50,2014-04-07T06:15:00,9,6594651,158805
OK,44,75,910,44,2014-04-07T06:20:00,4,6595100,158805
OK,51,64,910,51,2014-04-07T06:25:00,3,6595549,158805
OK,56,59,910,56,2014-04-07T06:30:00,2,6595998,158805
OK,56,59,910,56,2014-04-07T06:35:00,5,6596447,158805
OK,54,61,910,54,2014-04-07T06:40:00,4,6596896,158805
OK,43,77,910,43,2014-04-07T06:45:00,3,6597345,158805
OK,52,63,910,52,2014-04-07T06:50:00,8,6597794,158805
OK,56,59,910,56,2014-04-07T06:55:00,15,6598243,158805
OK,54,61,910,54,2014-04-07T07:00:00,11,6598692,158805
OK,50,66,910,50,2014-04-07T07:05:00,2,6599141,158805
OK,46,72,910,46,2014-04-07T07:10:00,4,6599590,158805
OK,47,70,910,47,2014-04-07T07:15:00,4,6600039,158805
OK,51,64,910,51,2014-04-07T07:20:00,3,6600488,158805
OK,52,63,910,52,2014-04-07T07:25:00,7,6600937,158805
OK,56,59,910,56,2014-04-07T07:30:00,9,6601386,158805
OK,55,60,910,55,2014-04-07T07:35:00,7,6601835,158805
OK,53,62,910,53,2014-04-07T07:40:00,12,6602284,158805
OK,53,62,910,53,2014-04-07T07:45:00,11,6602733,158805
OK,69,48,910,69,2014-04-07T07:50:00,6,6603182,158805
OK,62,53,910,62,2014-04-07T07:55:00,10,6603631,158805
OK,60,55,910,60,2014-04-07T08:00:00,9,6604080,158805
OK,53,62,910,53,2014-04-07T08:05:00,10,6604529,158805
OK,55,60,910,55,2014-04-07T08:10:00,9,6604978,158805
OK,61,54,910,61,2014-04-07T08:15:00,4,6605427,158805
OK,55,60,910,55,2014-04-07T08:20:00,8,6605876,158805
OK,66,50,910,66,2014-04-07T08:25:00,11,6606325,158805
OK,74,44,910,74,2014-04-07T08:30:00,4,6606774,158805
OK,53,62,910,53,2014-04-07T08:35:00,4,6607223,158805
OK,54,61,910,54,2014-04-07T08:40:00,6,6607672,158805
OK,53,62,910,53,2014-04-07T08:45:00,8,6608121,158805
OK,48,69,910,48,2014-04-07T08:50:00,6,6608570,158805
OK,50,66,910,50,2014-04-07T08:55:00,5,6609019,158805
OK,54,61,910,54,2014-04-07T09:00:00,12,6609468,158805
OK,56,59,910,56,2014-04-07T09:05:00,9,6609917,158805
OK,51,64,910,51,2014-04-07T09:10:00,11,6610366,158805
OK,49,67,910,49,2014-04-07T09:15:00,14,6610815,158805
OK,51,64,910,51,2014-04-07T09:20:00,10,6611264,158805
OK,55,60,910,55,2014-04-07T09:25:00,9,6611713,158805
OK,51,64,910,51,2014-04-07T09:30:00,11,6612162,158805
OK,47,70,910,47,2014-04-07T09:35:00,10,6612611,158805
OK,47,70,910,47,2014-04-07T09:40:00,10,6613060,158805
OK,50,66,910,50,2014-04-07T09:45:00,11,6613509,158805
OK,49,67,910,49,2014-04-07T09:50:00,13,6613958,158805
OK,49,67,910,49,2014-04-07T09:55:00,11,6614407,158805
OK,44,75,910,44,2014-04-07T10:00:00,6,6614856,158805
OK,52,63,910,52,2014-04-07T10:05:00,7,6615305,158805
OK,53,62,910,53,2014-04-07T10:10:00,7,6615754,158805
OK,49,67,910,49,2014-04-07T10:15:00,9,6616203,158805
OK,49,67,910,49,2014-04-07T10:20:00,13,6616652,158805
OK,50,66,910,50,2014-04-07T10:25:00,11,6617101,158805
OK,51,64,910,51,2014-04-07T10:30:00,12,6617550,158805
OK,51,64,910,51,2014-04-07T10:35:00,8,6617999,158805
OK,51,64,910,51,2014-04-07T10:40:00,5,6618448,158805
OK,52,63,910,52,2014-04-07T10:45:00,7,6618897,158805
OK,50,66,910,50,2014-04-07T10:50:00,7,6619346,158805
OK,51,64,910,51,2014-04-07T10:55:00,3,6619795,158805
OK,52,63,910,52,2014-04-07T11:00:00,6,6620244,158805
OK,52,63,910,52,2014-04-07T11:05:00,6,6620693,158805
OK,52,63,910,52,2014-04-07T11:10:00,9,6621142,158805
OK,52,63,910,52,2014-04-07T11:15:00,9,6621591,158805
OK,52,63,910,52,2014-04-07T11:20:00,3,6622040,158805
OK,52,63,910,52,2014-04-07T11:25:00,7,6622489,158805
OK,52,63,910,52,2014-04-07T11:30:00,9,6622938,158805
OK,49,67,910,49,2014-04-07T11:35:00,4,6623387,158805
OK,56,59,910,56,2014-04-07T11:40:00,4,6623836,158805
OK,49,67,910,49,2014-04-07T11:45:00,13,6624285,158805
OK,49,67,910,49,2014-04-07T11:50:00,11,6624734,158805
OK,51,64,910,51,2014-04-07T11:55:00,6,6625183,158805
OK,60,55,910,60,2014-04-07T12:00:00,10,6625632,158805
OK,57,58,910,57,2014-04-07T12:05:00,8,6626081,158805
OK,52,63,910,52,2014-04-07T12:10:00,10,6626530,158805
OK,52,63,910,52,2014-04-07T12:15:00,12,6626979,158805
OK,50,66,910,50,2014-04-07T12:20:00,8,6627428,158805
OK,59,56,910,59,2014-04-07T12:25:00,12,6627877,158805
OK,59,56,910,59,2014-04-07T12:30:00,10,6628326,158805
OK,52,63,910,52,2014-04-07T12:35:00,12,6628775,158805
OK,58,57,910,58,2014-04-07T12:40:00,15,6629224,158805
OK,61,54,910,61,2014-04-07T12:45:00,19,6629673,158805
OK,57,58,910,57,2014-04-07T12:50:00,13,6630122,158805
OK,55,60,910,55,2014-04-07T12:55:00,13,6630571,158805
OK,54,61,910,54,2014-04-07T13:00:00,11,6631020,158805
OK,51,64,910,51,2014-04-07T13:05:00,9,6631469,158805
OK,57,58,910,57,2014-04-07T13:10:00,20,6631918,158805
OK,58,57,910,58,2014-04-07T13:15:00,21,6632367,158805
OK,56,59,910,56,2014-04-07T13:20:00,19,6632816,158805
OK,55,60,910,55,2014-04-07T13:25:00,23,6633265,158805
OK,57,58,910,57,2014-04-07T13:30:00,22,6633714,158805
OK,62,53,910,62,2014-04-07T13:35:00,22,6634163,158805
OK,60,55,910,60,2014-04-07T13:40:00,14,6634612,158805
OK,65,50,910,65,2014-04-07T13:45:00,15,6635061,158805
OK,60,55,910,60,2014-04-07T13:50:00,23,6635510,158805
OK,56,59,910,56,2014-04-07T13:55:00,23,6635959,158805
OK,55,60,910,55,2014-04-07T14:00:00,11,6636408,158805
OK,61,54,910,61,2014-04-07T14:05:00,12,6636857,158805
OK,58,57,910,58,2014-04-07T14:10:00,18,6637306,158805
OK,59,56,910,59,2014-04-07T14:15:00,17,6637755,158805
OK,60,55,910,60,2014-04-07T14:20:00,23,6638204,158805
OK,65,50,910,65,2014-04-07T14:25:00,17,6638653,158805
OK,61,54,910,61,2014-04-07T14:30:00,17,6639102,158805
OK,56,59,910,56,2014-04-07T14:35:00,20,6639551,158805
OK,51,64,910,51,2014-04-07T14:40:00,12,6640000,158805
OK,50,66,910,50,2014-04-07T14:45:00,12,6640449,158805
OK,49,67,910,49,2014-04-07T14:50:00,11,6640898,158805
OK,50,66,910,50,2014-04-07T14:55:00,9,6641347,158805
OK,53,62,910,53,2014-04-07T15:00:00,11,6641796,158805
OK,51,64,910,51,2014-04-07T15:05:00,13,6642245,158805
OK,51,64,910,51,2014-04-07T15:10:00,16,6642694,158805
OK,53,62,910,53,2014-04-07T15:15:00,11,6643143,158805
OK,49,67,910,49,2014-04-07T15:20:00,6,6643592,158805
OK,46,72,910,46,2014-04-07T15:25:00,6,6644041,158805
OK,49,67,910,49,2014-04-07T15:30:00,5,6644490,158805
OK,49,67,910,49,2014-04-07T15:35:00,7,6644939,158805
OK,51,64,910,51,2014-04-07T15:40:00,5,6645388,158805
OK,48,69,910,48,2014-04-07T15:45:00,4,6645837,158805
OK,59,56,910,59,2014-04-07T15:50:00,5,6646286,158805
OK,58,57,910,58,2014-04-07T15:55:00,6,6646735,158805
OK,44,75,910,44,2014-04-07T16:00:00,2,6647184,158805
OK,47,70,910,47,2014-04-07T16:05:00,4,6647633,158805
OK,51,64,910,51,2014-04-07T16:10:00,5,6648082,158805
OK,51,64,910,51,2014-04-07T16:15:00,5,6648531,158805
OK,45,73,910,45,2014-04-07T16:20:00,2,6648980,158805
OK,58,57,910,58,2014-04-07T16:25:00,2,6649429,158805
OK,57,58,910,57,2014-04-07T16:30:00,3,6649878,158805
OK,47,70,910,47,2014-04-07T16:35:00,3,6650327,158805
OK,47,70,910,47,2014-04-07T16:40:00,5,6650776,158805
OK,48,69,910,48,2014-04-07T16:45:00,3,6651225,158805
OK,47,70,910,47,2014-04-07T16:50:00,4,6651674,158805
OK,44,75,910,44,2014-04-07T16:55:00,5,6652123,158805
OK,44,75,910,44,2014-04-07T17:00:00,6,6652572,158805
OK,51,64,910,51,2014-04-07T17:05:00,8,6653021,158805
OK,49,67,910,49,2014-04-07T17:10:00,4,6653470,158805
OK,54,61,910,54,2014-04-07T17:15:00,1,6653919,158805
OK,54,61,910,54,2014-04-07T17:20:00,3,6654368,158805
OK,53,62,910,53,2014-04-07T17:25:00,4,6654817,158805
OK,54,61,910,54,2014-04-07T17:30:00,1,6655266,158805
OK,44,75,910,44,2014-04-07T17:35:00,1,6655715,158805
OK,42,78,910,42,2014-04-07T17:40:00,4,6656164,158805
OK,50,66,910,50,2014-04-07T17:45:00,6,6656613,158805
OK,64,51,910,64,2014-04-07T17:50:00,4,6657062,158805
OK,49,67,910,49,2014-04-07T17:55:00,3,6657511,158805
OK,54,61,910,54,2014-04-07T18:00:00,4,6657960,158805
OK,51,64,910,51,2014-04-07T18:05:00,3,6658409,158805
OK,44,75,910,44,2014-04-07T18:10:00,3,6658858,158805
OK,50,66,910,50,2014-04-07T18:15:00,3,6659307,158805
OK,58,57,910,58,2014-04-07T18:20:00,0,6659756,158805
OK,51,64,910,51,2014-04-07T18:25:00,1,6660205,158805
OK,50,66,910,50,2014-04-07T18:30:00,2,6660654,158805
OK,44,75,910,44,2014-04-07T18:35:00,4,6661103,158805
OK,46,72,910,46,2014-04-07T18:40:00,6,6661552,158805
OK,55,60,910,55,2014-04-07T18:45:00,6,6662001,158805
OK,54,61,910,54,2014-04-07T18:50:00,5,6662450,158805
OK,45,73,910,45,2014-04-07T18:55:00,3,6662899,158805
OK,47,70,910,47,2014-04-07T19:00:00,4,6663348,158805
OK,42,78,910,42,2014-04-07T19:05:00,5,6663797,158805
OK,45,73,910,45,2014-04-07T19:10:00,2,6664246,158805
OK,53,62,910,53,2014-04-07T19:15:00,0,6664695,158805
OK,63,52,910,63,2014-04-07T19:20:00,1,6665144,158805
OK,60,55,910,60,2014-04-07T19:25:00,3,6665593,158805
OK,37,89,910,37,2014-04-07T19:30:00,3,6666042,158805
OK,39,84,910,39,2014-04-07T19:35:00,2,6666491,158805
OK,43,77,910,43,2014-04-07T19:40:00,4,6666940,158805
OK,44,75,910,44,2014-04-07T19:45:00,4,6667389,158805
OK,42,78,910,42,2014-04-07T19:50:00,0,6667838,158805
OK,61,54,910,61,2014-04-07T19:55:00,0,6668287,158805
OK,50,66,910,50,2014-04-07T20:05:00,1,6669185,158805
OK,51,64,910,51,2014-04-07T20:10:00,1,6669634,158805
OK,49,67,910,49,2014-04-07T20:20:00,4,6670532,158805
OK,52,63,910,52,2014-04-07T20:25:00,2,6670981,158805
OK,60,55,910,60,2014-04-07T20:30:00,1,6671430,158805
OK,60,55,910,60,2014-04-07T20:35:00,1,6671879,158805
OK,75,44,910,75,2014-04-07T20:50:00,0,6673226,158805
OK,57,58,910,57,2014-04-07T20:55:00,1,6673675,158805
OK,50,66,910,50,2014-04-07T21:00:00,3,6674124,158805
OK,45,73,910,45,2014-04-07T21:05:00,0,6674573,158805
OK,45,73,910,45,2014-04-07T21:10:00,0,6675022,158805
OK,88,37,910,88,2014-04-07T21:20:00,2,6675920,158805
OK,60,55,910,60,2014-04-07T21:25:00,3,6676369,158805
OK,42,78,910,42,2014-04-07T21:30:00,2,6676818,158805
OK,49,67,910,49,2014-04-07T21:40:00,0,6677716,158805
OK,64,51,910,64,2014-04-07T21:45:00,0,6678165,158805
OK,64,51,910,64,2014-04-07T21:50:00,0,6678614,158805
OK,64,51,910,64,2014-04-07T21:55:00,0,6679063,158805
OK,64,51,910,64,2014-04-07T22:00:00,0,6679512,158805
OK,64,51,910,64,2014-04-07T22:05:00,0,6679961,158805
OK,64,51,910,64,2014-04-07T22:10:00,0,6680410,158805
OK,42,78,910,42,2014-04-07T22:15:00,1,6680859,158805
OK,42,78,910,42,2014-04-07T22:20:00,0,6681308,158805
OK,42,78,910,42,2014-04-07T22:25:00,0,6681757,158805
OK,42,78,910,42,2014-04-07T22:30:00,0,6682206,158805
OK,42,78,910,42,2014-04-07T22:35:00,0,6682655,158805
OK,42,78,910,42,2014-04-07T22:40:00,0,6683104,158805
OK,42,78,910,42,2014-04-07T22:45:00,0,6683553,158805
OK,42,78,910,42,2014-04-07T22:50:00,0,6684002,158805
OK,42,78,910,42,2014-04-07T22:55:00,0,6684451,158805
OK,42,78,910,42,2014-04-07T23:00:00,0,6684900,158805
OK,42,78,910,42,2014-04-07T23:05:00,0,6685349,158805
OK,42,78,910,42,2014-04-07T23:10:00,0,6685798,158805
OK,42,78,910,42,2014-04-07T23:15:00,0,6686247,158805
OK,42,78,910,42,2014-04-07T23:20:00,0,6686696,158805
OK,42,78,910,42,2014-04-07T23:25:00,0,6687145,158805
OK,42,78,910,42,2014-04-07T23:30:00,0,6687594,158805
OK,42,78,910,42,2014-04-07T23:35:00,0,6688043,158805
OK,42,78,910,42,2014-04-07T23:40:00,0,6688492,158805
OK,42,78,910,42,2014-04-07T23:45:00,0,6688941,158805
OK,42,78,910,42,2014-04-07T23:50:00,0,6689390,158805
OK,45,73,910,45,2014-04-07T23:55:00,0,6689839,158805
OK,45,73,910,45,2014-04-08T00:00:00,0,6690288,158805
OK,45,73,910,45,2014-04-08T00:05:00,0,6690737,158805
OK,45,73,910,45,2014-04-08T00:10:00,0,6691186,158805
OK,45,73,910,45,2014-04-08T00:15:00,0,6691635,158805
OK,45,73,910,45,2014-04-08T00:20:00,0,6692084,158805
OK,45,73,910,45,2014-04-08T00:25:00,0,6692533,158805
OK,45,73,910,45,2014-04-08T00:30:00,0,6692982,158805
OK,45,73,910,45,2014-04-08T00:35:00,0,6693431,158805
OK,45,73,910,45,2014-04-08T00:40:00,0,6693880,158805
OK,45,73,910,45,2014-04-08T00:45:00,0,6694329,158805
OK,45,73,910,45,2014-04-08T00:50:00,0,6694778,158805
OK,45,73,910,45,2014-04-08T00:55:00,0,6695227,158805
OK,45,73,910,45,2014-04-08T01:00:00,0,6695676,158805
OK,45,73,910,45,2014-04-08T01:05:00,0,6696125,158805
OK,45,73,910,45,2014-04-08T01:10:00,0,6696574,158805
OK,45,73,910,45,2014-04-08T01:15:00,0,6697023,158805
OK,45,73,910,45,2014-04-08T01:20:00,0,6697472,158805
OK,45,73,910,45,2014-04-08T01:25:00,0,6697921,158805
OK,45,73,910,45,2014-04-08T01:30:00,0,6698370,158805
OK,45,73,910,45,2014-04-08T01:35:00,0,6698819,158805
OK,45,73,910,45,2014-04-08T01:40:00,0,6699268,158805
OK,45,73,910,45,2014-04-08T01:45:00,0,6699717,158805
OK,45,73,910,45,2014-04-08T01:50:00,0,6700166,158805
OK,45,73,910,45,2014-04-08T01:55:00,0,6700615,158805
OK,45,73,910,45,2014-04-08T02:00:00,0,6701064,158805
OK,45,73,910,45,2014-04-08T02:05:00,0,6701513,158805
OK,45,73,910,45,2014-04-08T02:10:00,0,6701962,158805
OK,45,73,910,45,2014-04-08T02:15:00,0,6702411,158805
OK,45,73,910,45,2014-04-08T02:20:00,0,6702860,158805
OK,45,73,910,45,2014-04-08T02:25:00,0,6703309,158805
OK,45,73,910,45,2014-04-08T02:30:00,0,6703758,158805
OK,45,73,910,45,2014-04-08T02:35:00,0,6704207,158805
OK,45,73,910,45,2014-04-08T02:40:00,0,6704656,158805
OK,45,73,910,45,2014-04-08T02:45:00,0,6705105,158805
OK,45,73,910,45,2014-04-08T02:50:00,0,6705554,158805
OK,45,73,910,45,2014-04-08T02:55:00,0,6706003,158805
OK,42,78,910,42,2014-04-08T03:00:00,1,6706452,158805
OK,42,78,910,42,2014-04-08T03:05:00,1,6706901,158805
OK,42,78,910,42,2014-04-08T03:10:00,0,6707350,158805
OK,43,77,910,43,2014-04-08T03:15:00,1,6707799,158805
OK,43,77,910,43,2014-04-08T03:20:00,1,6708248,158805
OK,43,77,910,43,2014-04-08T03:25:00,0,6708697,158805
OK,43,77,910,43,2014-04-08T03:30:00,0,6709146,158805
OK,40,82,910,40,2014-04-08T03:35:00,1,6709595,158805
OK,40,82,910,40,2014-04-08T03:40:00,1,6710044,158805
OK,46,72,910,46,2014-04-08T03:45:00,2,6710493,158805
OK,46,72,910,46,2014-04-08T03:50:00,2,6710942,158805
OK,51,64,910,51,2014-04-08T03:55:00,3,6711391,158805
OK,51,64,910,51,2014-04-08T04:00:00,1,6711840,158805
OK,65,50,910,65,2014-04-08T04:05:00,2,6712289,158805
OK,65,50,910,65,2014-04-08T04:10:00,2,6712738,158805
OK,72,46,910,72,2014-04-08T04:15:00,0,6713187,158805
OK,49,67,910,49,2014-04-08T04:20:00,2,6713636,158805
OK,49,67,910,49,2014-04-08T04:25:00,2,6714085,158805
OK,59,56,910,59,2014-04-08T04:30:00,1,6714534,158805
OK,56,59,910,56,2014-04-08T04:35:00,2,6714983,158805
OK,54,61,910,54,2014-04-08T04:40:00,2,6715432,158805
OK,51,64,910,51,2014-04-08T04:45:00,5,6715881,158805
OK,51,64,910,51,2014-04-08T04:50:00,5,6716330,158805
OK,72,46,910,72,2014-04-08T04:55:00,1,6716779,158805
OK,39,84,910,39,2014-04-08T05:00:00,1,6717228,158805
OK,57,58,910,57,2014-04-08T05:05:00,5,6717677,158805
OK,54,61,910,54,2014-04-08T05:10:00,6,6718126,158805
OK,49,67,910,49,2014-04-08T05:15:00,3,6718575,158805
OK,48,69,910,48,2014-04-08T05:20:00,3,6719024,158805
OK,46,72,910,46,2014-04-08T05:25:00,4,6719473,158805
OK,50,66,910,50,2014-04-08T05:30:00,4,6719922,158805
OK,52,63,910,52,2014-04-08T05:35:00,5,6720371,158805
OK,53,62,910,53,2014-04-08T05:40:00,8,6720820,158805
OK,50,66,910,50,2014-04-08T05:45:00,10,6721269,158805
OK,56,59,910,56,2014-04-08T05:50:00,5,6721718,158805
OK,65,50,910,65,2014-04-08T05:55:00,7,6722167,158805
OK,60,55,910,60,2014-04-08T06:00:00,4,6722616,158805
OK,54,61,910,54,2014-04-08T06:05:00,2,6723065,158805
OK,54,61,910,54,2014-04-08T06:10:00,2,6723514,158805
OK,52,63,910,52,2014-04-08T06:15:00,3,6723963,158805
OK,48,69,910,48,2014-04-08T06:20:00,4,6724412,158805
OK,48,69,910,48,2014-04-08T06:25:00,7,6724861,158805
OK,51,64,910,51,2014-04-08T06:30:00,4,6725310,158805
OK,51,64,910,51,2014-04-08T06:35:00,2,6725759,158805
OK,50,66,910,50,2014-04-08T06:40:00,2,6726208,158805
OK,47,70,910,47,2014-04-08T06:45:00,1,6726657,158805
OK,52,63,910,52,2014-04-08T06:50:00,6,6727106,158805
OK,52,63,910,52,2014-04-08T06:55:00,8,6727555,158805
OK,54,61,910,54,2014-04-08T07:00:00,8,6728004,158805
OK,54,61,910,54,2014-04-08T07:05:00,8,6728453,158805
OK,48,69,910,48,2014-04-08T07:10:00,8,6728902,158805
OK,50,66,910,50,2014-04-08T07:15:00,6,6729351,158805
OK,53,62,910,53,2014-04-08T07:20:00,0,6729800,158805
OK,57,58,910,57,2014-04-08T07:25:00,6,6730249,158805
OK,53,62,910,53,2014-04-08T07:30:00,5,6730698,158805
OK,53,62,910,53,2014-04-08T07:35:00,5,6731147,158805
OK,57,58,910,57,2014-04-08T07:40:00,3,6731596,158805
OK,54,61,910,54,2014-04-08T07:45:00,6,6732045,158805
OK,51,64,910,51,2014-04-08T07:50:00,4,6732494,158805
OK,53,62,910,53,2014-04-08T07:55:00,5,6732943,158805
OK,58,57,910,58,2014-04-08T08:00:00,4,6733392,158805
OK,63,52,910,63,2014-04-08T08:05:00,1,6733841,158805
OK,54,61,910,54,2014-04-08T08:10:00,4,6734290,158805
OK,45,73,910,45,2014-04-08T08:15:00,8,6734739,158805
OK,44,75,910,44,2014-04-08T08:20:00,7,6735188,158805
OK,60,55,910,60,2014-04-08T08:25:00,5,6735637,158805
OK,55,60,910,55,2014-04-08T08:30:00,4,6736086,158805
OK,49,67,910,49,2014-04-08T08:35:00,5,6736535,158805
OK,56,59,910,56,2014-04-08T08:40:00,6,6736984,158805
OK,52,63,910,52,2014-04-08T08:45:00,7,6737433,158805
OK,54,61,910,54,2014-04-08T08:50:00,6,6737882,158805
OK,52,63,910,52,2014-04-08T08:55:00,5,6738331,158805
OK,51,64,910,51,2014-04-08T09:00:00,10,6738780,158805
OK,46,72,910,46,2014-04-08T09:05:00,9,6739229,158805
OK,57,58,910,57,2014-04-08T09:10:00,5,6739678,158805
OK,49,67,910,49,2014-04-08T09:15:00,3,6740127,158805
OK,52,63,910,52,2014-04-08T09:20:00,4,6740576,158805
OK,55,60,910,55,2014-04-08T09:25:00,6,6741025,158805
OK,46,72,910,46,2014-04-08T09:30:00,4,6741474,158805
OK,47,70,910,47,2014-04-08T09:35:00,5,6741923,158805
OK,56,59,910,56,2014-04-08T09:40:00,5,6742372,158805
OK,51,64,910,51,2014-04-08T09:45:00,5,6742821,158805
OK,51,64,910,51,2014-04-08T09:50:00,3,6743270,158805
OK,52,63,910,52,2014-04-08T09:55:00,4,6743719,158805
OK,54,61,910,54,2014-04-08T10:00:00,4,6744168,158805
OK,56,59,910,56,2014-04-08T10:05:00,5,6744617,158805
OK,49,67,910,49,2014-04-08T10:10:00,4,6745066,158805
OK,54,61,910,54,2014-04-08T10:15:00,4,6745515,158805
OK,52,63,910,52,2014-04-08T10:20:00,11,6745964,158805
OK,51,64,910,51,2014-04-08T10:25:00,12,6746413,158805
OK,50,66,910,50,2014-04-08T10:30:00,8,6746862,158805
OK,67,49,910,67,2014-04-08T10:35:00,2,6747311,158805
OK,54,61,910,54,2014-04-08T11:10:00,2,6747760,158805
OK,60,55,910,60,2014-04-08T11:15:00,6,6748209,158805
OK,52,63,910,52,2014-04-08T11:20:00,7,6748658,158805
OK,52,63,910,52,2014-04-08T11:25:00,8,6749107,158805
OK,58,57,910,58,2014-04-08T11:30:00,9,6749556,158805
OK,52,63,910,52,2014-04-08T11:35:00,11,6750005,158805
OK,49,67,910,49,2014-04-08T11:40:00,10,6750454,158805
OK,53,62,910,53,2014-04-08T11:45:00,10,6750903,158805
OK,52,63,910,52,2014-04-08T11:50:00,12,6751352,158805
OK,52,63,910,52,2014-04-08T11:55:00,9,6751801,158805
OK,58,57,910,58,2014-04-08T12:00:00,9,6752250,158805
OK,56,59,910,56,2014-04-08T12:05:00,15,6752699,158805
OK,56,59,910,56,2014-04-08T12:10:00,15,6753148,158805
OK,56,59,910,56,2014-04-08T12:15:00,14,6753597,158805
OK,60,55,910,60,2014-04-08T12:20:00,10,6754046,158805
OK,63,52,910,63,2014-04-08T12:25:00,4,6754495,158805
OK,54,61,910,54,2014-04-08T12:30:00,8,6754944,158805
OK,55,60,910,55,2014-04-08T12:35:00,9,6755393,158805
OK,54,61,910,54,2014-04-08T12:40:00,15,6755842,158805
OK,52,63,910,52,2014-04-08T12:45:00,24,6756291,158805
OK,54,61,910,54,2014-04-08T12:50:00,23,6756740,158805
OK,54,61,910,54,2014-04-08T12:55:00,19,6757189,158805
OK,52,63,910,52,2014-04-08T13:00:00,12,6757638,158805
OK,52,63,910,52,2014-04-08T13:05:00,18,6758087,158805
OK,66,50,910,66,2014-04-08T13:10:00,26,6758536,158805
OK,75,44,910,75,2014-04-08T13:15:00,21,6758985,158805
OK,68,48,910,68,2014-04-08T13:20:00,20,6759434,158805
OK,65,50,910,65,2014-04-08T13:25:00,22,6759883,158805
OK,75,44,910,75,2014-04-08T13:30:00,16,6760332,158805
OK,61,54,910,61,2014-04-08T13:35:00,15,6760781,158805
OK,60,55,910,60,2014-04-08T13:40:00,16,6761230,158805
OK,60,55,910,60,2014-04-08T13:45:00,20,6761679,158805
OK,56,59,910,56,2014-04-08T13:50:00,15,6762128,158805
OK,70,47,910,70,2014-04-08T13:55:00,17,6762577,158805
OK,69,48,910,69,2014-04-08T14:00:00,21,6763026,158805
OK,55,60,910,55,2014-04-08T14:05:00,14,6763475,158805
OK,55,60,910,55,2014-04-08T14:10:00,15,6763924,158805
OK,64,51,910,64,2014-04-08T14:15:00,17,6764373,158805
OK,69,48,910,69,2014-04-08T14:20:00,17,6764822,158805
OK,63,52,910,63,2014-04-08T14:25:00,16,6765271,158805
OK,56,59,910,56,2014-04-08T14:30:00,17,6765720,158805
OK,54,61,910,54,2014-04-08T14:35:00,13,6766169,158805
OK,65,50,910,65,2014-04-08T14:40:00,10,6766618,158805
OK,70,47,910,70,2014-04-08T14:45:00,11,6767067,158805
OK,52,63,910,52,2014-04-08T14:50:00,6,6767516,158805
OK,53,62,910,53,2014-04-08T14:55:00,5,6767965,158805
OK,47,70,910,47,2014-04-08T15:00:00,10,6768414,158805
OK,43,77,910,43,2014-04-08T15:05:00,7,6768863,158805
OK,46,72,910,46,2014-04-08T15:10:00,3,6769312,158805
OK,50,66,910,50,2014-04-08T15:15:00,8,6769761,158805
OK,50,66,910,50,2014-04-08T15:20:00,8,6770210,158805
OK,43,77,910,43,2014-04-08T15:25:00,4,6770659,158805
OK,45,73,910,45,2014-04-08T15:30:00,5,6771108,158805
OK,44,75,910,44,2014-04-08T15:35:00,4,6771557,158805
OK,49,67,910,49,2014-04-08T15:40:00,5,6772006,158805
OK,49,67,910,49,2014-04-08T15:45:00,8,6772455,158805
OK,48,69,910,48,2014-04-08T15:50:00,5,6772904,158805
OK,49,67,910,49,2014-04-08T15:55:00,2,6773353,158805
OK,48,69,910,48,2014-04-08T16:00:00,3,6773802,158805
OK,59,56,910,59,2014-04-08T16:05:00,2,6774251,158805
OK,53,62,910,53,2014-04-08T16:10:00,5,6774700,158805
OK,51,64,910,51,2014-04-08T16:15:00,7,6775149,158805
OK,42,78,910,42,2014-04-08T16:20:00,6,6775598,158805
OK,48,69,910,48,2014-04-08T16:40:00,6,6776047,158805
OK,48,69,910,48,2014-04-08T16:45:00,4,6776496,158805
OK,49,67,910,49,2014-04-08T16:50:00,4,6776945,158805
OK,47,70,910,47,2014-04-08T16:55:00,5,6777394,158805
OK,47,70,910,47,2014-04-08T17:00:00,7,6777843,158805
OK,49,67,910,49,2014-04-08T17:05:00,8,6778292,158805
OK,48,69,910,48,2014-04-08T17:10:00,5,6778741,158805
OK,45,73,910,45,2014-04-08T17:15:00,3,6779190,158805
OK,42,78,910,42,2014-04-08T17:25:00,5,6779639,158805
OK,42,78,910,42,2014-04-08T17:30:00,3,6780088,158805
OK,66,50,910,66,2014-04-08T17:35:00,1,6780537,158805
OK,60,55,910,60,2014-04-08T17:40:00,2,6780986,158805
OK,55,60,910,55,2014-04-08T17:45:00,1,6781435,158805
OK,48,69,910,48,2014-04-08T17:50:00,2,6781884,158805
OK,43,77,910,43,2014-04-08T17:55:00,1,6782333,158805
OK,43,77,910,43,2014-04-08T18:00:00,0,6782782,158805
OK,52,63,910,52,2014-04-08T18:05:00,1,6783231,158805
OK,53,62,910,53,2014-04-08T18:10:00,4,6783680,158805
OK,55,60,910,55,2014-04-08T18:15:00,5,6784129,158805
OK,45,73,910,45,2014-04-08T18:20:00,4,6784578,158805
OK,50,66,910,50,2014-04-08T18:25:00,5,6785027,158805
OK,40,82,910,40,2014-04-08T18:30:00,3,6785476,158805
OK,41,80,910,41,2014-04-08T18:35:00,1,6785925,158805
OK,45,73,910,45,2014-04-08T18:40:00,2,6786374,158805
OK,49,67,910,49,2014-04-08T18:45:00,3,6786823,158805
OK,41,80,910,41,2014-04-08T18:50:00,3,6787272,158805
OK,47,70,910,47,2014-04-08T18:55:00,3,6787721,158805
OK,48,69,910,48,2014-04-08T19:00:00,2,6788170,158805
OK,54,61,910,54,2014-04-08T19:05:00,1,6788619,158805
OK,54,61,910,54,2014-04-08T19:10:00,4,6789068,158805
OK,55,60,910,55,2014-04-08T19:15:00,3,6789517,158805
OK,48,69,910,48,2014-04-08T19:20:00,1,6789966,158805
OK,48,69,910,48,2014-04-08T19:25:00,0,6790415,158805
OK,51,64,910,51,2014-04-08T19:30:00,1,6790864,158805
OK,52,63,910,52,2014-04-08T19:35:00,2,6791313,158805
OK,54,61,910,54,2014-04-08T19:40:00,2,6791762,158805
OK,45,73,910,45,2014-04-08T19:45:00,5,6792211,158805
OK,46,72,910,46,2014-04-08T19:50:00,4,6792660,158805
OK,43,77,910,43,2014-04-08T19:55:00,5,6793109,158805
OK,58,57,910,58,2014-04-08T20:05:00,4,6794007,158805
OK,52,63,910,52,2014-04-08T20:10:00,2,6794456,158805
OK,47,70,910,47,2014-04-08T20:15:00,2,6794905,158805
OK,47,70,910,47,2014-04-08T20:20:00,2,6795354,158805
OK,45,73,910,45,2014-04-08T20:30:00,2,6796252,158805
OK,44,75,910,44,2014-04-08T20:40:00,1,6797150,158805
OK,41,80,910,41,2014-04-08T20:50:00,2,6798048,158805
OK,52,63,910,52,2014-04-08T20:55:00,3,6798497,158805
OK,52,63,910,52,2014-04-08T21:00:00,3,6798946,158805
OK,54,61,910,54,2014-04-08T21:05:00,1,6799395,158805
OK,54,61,910,54,2014-04-08T21:10:00,1,6799844,158805
OK,42,78,910,42,2014-04-08T21:15:00,1,6800293,158805
OK,58,57,910,58,2014-04-08T21:20:00,1,6800742,158805
OK,58,57,910,58,2014-04-08T21:30:00,0,6801640,158805
OK,58,57,910,58,2014-04-08T21:40:00,0,6802538,158805
OK,58,57,910,58,2014-04-08T21:45:00,0,6802987,158805
OK,58,57,910,58,2014-04-08T21:50:00,0,6803436,158805
OK,58,57,910,58,2014-04-08T21:55:00,0,6803885,158805
OK,58,57,910,58,2014-04-08T22:00:00,0,6804334,158805
OK,58,57,910,58,2014-04-08T22:05:00,0,6804783,158805
OK,58,57,910,58,2014-04-08T22:10:00,0,6805232,158805
OK,58,57,910,58,2014-04-08T22:15:00,0,6805681,158805
OK,58,57,910,58,2014-04-08T22:20:00,0,6806130,158805
OK,45,73,910,45,2014-04-08T22:25:00,1,6806579,158805
OK,45,73,910,45,2014-04-08T22:30:00,0,6807028,158805
OK,45,73,910,45,2014-04-08T22:35:00,0,6807477,158805
OK,45,73,910,45,2014-04-08T22:40:00,0,6807896,158805
OK,45,73,910,45,2014-04-08T22:45:00,0,6808345,158805
OK,45,73,910,45,2014-04-08T22:50:00,0,6808780,158805
OK,45,73,910,45,2014-04-08T23:00:00,0,6809599,158805
OK,45,73,910,45,2014-04-08T23:05:00,0,6810048,158805
OK,45,73,910,45,2014-04-08T23:10:00,0,6810497,158805
OK,45,73,910,45,2014-04-08T23:15:00,0,6810946,158805
OK,45,73,910,45,2014-04-08T23:20:00,0,6811395,158805
OK,45,73,910,45,2014-04-08T23:25:00,0,6811806,158805
OK,45,73,910,45,2014-04-08T23:30:00,0,6812255,158805
OK,45,73,910,45,2014-04-08T23:35:00,0,6812704,158805
OK,45,73,910,45,2014-04-08T23:40:00,0,6813119,158805
OK,45,73,910,45,2014-04-09T00:00:00,0,6814915,158805
OK,45,73,910,45,2014-04-09T00:05:00,0,6815364,158805
OK,45,73,910,45,2014-04-09T00:10:00,0,6815813,158805
OK,45,73,910,45,2014-04-09T00:15:00,0,6816262,158805
OK,45,73,910,45,2014-04-09T00:20:00,0,6816711,158805
OK,45,73,910,45,2014-04-09T00:25:00,0,6817160,158805
OK,45,73,910,45,2014-04-09T00:30:00,0,6817609,158805
OK,45,73,910,45,2014-04-09T00:35:00,0,6818058,158805
OK,45,73,910,45,2014-04-09T00:40:00,0,6818507,158805
OK,45,73,910,45,2014-04-09T00:45:00,0,6818956,158805
OK,45,73,910,45,2014-04-09T00:50:00,0,6819405,158805
OK,45,73,910,45,2014-04-09T00:55:00,0,6819854,158805
OK,45,73,910,45,2014-04-09T01:00:00,0,6820303,158805
OK,45,73,910,45,2014-04-09T01:05:00,0,6820752,158805
OK,45,73,910,45,2014-04-09T01:10:00,0,6821201,158805
OK,45,73,910,45,2014-04-09T01:15:00,0,6821650,158805
OK,45,73,910,45,2014-04-09T01:20:00,0,6822099,158805
OK,45,73,910,45,2014-04-09T01:25:00,0,6822548,158805
OK,45,73,910,45,2014-04-09T01:30:00,0,6822997,158805
OK,45,73,910,45,2014-04-09T01:35:00,0,6823446,158805
OK,45,73,910,45,2014-04-09T01:40:00,0,6823895,158805
OK,45,73,910,45,2014-04-09T01:45:00,0,6824344,158805
OK,45,73,910,45,2014-04-09T01:50:00,0,6824793,158805
OK,45,73,910,45,2014-04-09T01:55:00,0,6825242,158805
OK,45,73,910,45,2014-04-09T02:00:00,0,6825691,158805
OK,41,80,910,41,2014-04-09T02:05:00,0,6826140,158805
OK,41,80,910,41,2014-04-09T02:10:00,0,6826589,158805
OK,41,80,910,41,2014-04-09T02:15:00,0,6827038,158805
OK,41,80,910,41,2014-04-09T02:20:00,0,6827487,158805
OK,41,80,910,41,2014-04-09T02:25:00,0,6827936,158805
OK,41,80,910,41,2014-04-09T02:30:00,0,6828385,158805
OK,41,80,910,41,2014-04-09T02:35:00,0,6828834,158805
OK,41,80,910,41,2014-04-09T02:40:00,0,6829283,158805
OK,41,80,910,41,2014-04-09T02:45:00,0,6829732,158805
OK,41,80,910,41,2014-04-09T02:50:00,0,6830181,158805
OK,41,80,910,41,2014-04-09T02:55:00,0,6830630,158805
OK,41,80,910,41,2014-04-09T03:00:00,0,6831079,158805
OK,41,80,910,41,2014-04-09T03:05:00,0,6831528,158805
OK,41,80,910,41,2014-04-09T03:10:00,0,6831977,158805
OK,41,80,910,41,2014-04-09T03:15:00,0,6832426,158805
OK,41,80,910,41,2014-04-09T03:20:00,0,6832875,158805
OK,41,80,910,41,2014-04-09T03:25:00,0,6833324,158805
OK,41,80,910,41,2014-04-09T03:30:00,1,6833773,158805
OK,78,42,910,78,2014-04-09T03:35:00,1,6834222,158805
OK,78,42,910,78,2014-04-09T03:40:00,1,6834671,158805
OK,60,55,910,60,2014-04-09T03:45:00,1,6835120,158805
OK,60,55,910,60,2014-04-09T03:50:00,1,6835569,158805
OK,53,62,910,53,2014-04-09T03:55:00,2,6836018,158805
OK,52,63,910,52,2014-04-09T04:00:00,4,6836467,158805
OK,53,62,910,53,2014-04-09T04:05:00,3,6836916,158805
OK,56,59,910,56,2014-04-09T04:10:00,1,6837365,158805
OK,65,50,910,65,2014-04-09T04:15:00,2,6837814,158805
OK,54,61,910,54,2014-04-09T04:20:00,4,6838263,158805
OK,47,70,910,47,2014-04-09T04:25:00,2,6838712,158805
OK,47,70,910,47,2014-04-09T04:30:00,0,6839161,158805
OK,51,64,910,51,2014-04-09T04:35:00,6,6839610,158805
OK,50,66,910,50,2014-04-09T04:40:00,9,6840059,158805
OK,47,70,910,47,2014-04-09T04:45:00,5,6840508,158805
OK,54,61,910,54,2014-04-09T04:50:00,5,6840957,158805
OK,84,39,910,84,2014-04-09T04:55:00,3,6841406,158805
OK,54,61,910,54,2014-04-09T05:00:00,3,6841855,158805
OK,52,63,910,52,2014-04-09T05:05:00,5,6842304,158805
OK,55,60,910,55,2014-04-09T05:10:00,7,6842753,158805
OK,55,60,910,55,2014-04-09T05:15:00,7,6843202,158805
OK,47,70,910,47,2014-04-09T05:20:00,8,6843651,158805
OK,47,70,910,47,2014-04-09T05:25:00,9,6844100,158805
OK,49,67,910,49,2014-04-09T05:30:00,6,6844549,158805
OK,48,69,910,48,2014-04-09T05:35:00,4,6844998,158805
OK,65,50,910,65,2014-04-09T05:40:00,10,6845447,158805
OK,62,53,910,62,2014-04-09T05:45:00,12,6845896,158805
OK,71,46,910,71,2014-04-09T05:50:00,11,6846345,158805
OK,58,57,910,58,2014-04-09T05:55:00,17,6846794,158805
OK,56,59,910,56,2014-04-09T06:00:00,11,6847243,158805
OK,54,61,910,54,2014-04-09T06:05:00,7,6847692,158805
OK,56,59,910,56,2014-04-09T06:10:00,5,6848141,158805
OK,56,59,910,56,2014-04-09T06:15:00,3,6848590,158805
OK,60,55,910,60,2014-04-09T06:20:00,3,6849039,158805
OK,57,58,910,57,2014-04-09T06:25:00,8,6849488,158805
OK,57,58,910,57,2014-04-09T06:30:00,9,6849937,158805
OK,53,62,910,53,2014-04-09T06:35:00,10,6850386,158805
OK,54,61,910,54,2014-04-09T06:40:00,9,6850835,158805
OK,58,57,910,58,2014-04-09T06:45:00,11,6851284,158805
OK,57,58,910,57,2014-04-09T06:50:00,6,6851733,158805
OK,69,48,910,69,2014-04-09T06:55:00,4,6852182,158805
OK,65,50,910,65,2014-04-09T07:00:00,3,6852631,158805
OK,48,69,910,48,2014-04-09T07:05:00,4,6853080,158805
OK,52,63,910,52,2014-04-09T07:10:00,11,6853529,158805
OK,56,59,910,56,2014-04-09T07:15:00,10,6853978,158805
OK,56,59,910,56,2014-04-09T07:20:00,7,6854427,158805
OK,55,60,910,55,2014-04-09T07:25:00,8,6854876,158805
OK,52,63,910,52,2014-04-09T07:30:00,6,6855325,158805
OK,60,55,910,60,2014-04-09T07:35:00,10,6855774,158805
OK,63,52,910,63,2014-04-09T07:40:00,12,6856223,158805
OK,56,59,910,56,2014-04-09T07:45:00,13,6856672,158805
OK,62,53,910,62,2014-04-09T07:50:00,11,6857121,158805
OK,56,59,910,56,2014-04-09T07:55:00,8,6857570,158805
OK,53,62,910,53,2014-04-09T08:00:00,8,6858019,158805
OK,49,67,910,49,2014-04-09T08:05:00,7,6858468,158805
OK,48,69,910,48,2014-04-09T08:10:00,6,6858917,158805
OK,53,62,910,53,2014-04-09T08:15:00,6,6859366,158805
OK,54,61,910,54,2014-04-09T08:20:00,8,6859815,158805
OK,53,62,910,53,2014-04-09T08:25:00,7,6860264,158805
OK,65,50,910,65,2014-04-09T08:30:00,12,6860713,158805
OK,62,53,910,62,2014-04-09T08:35:00,15,6861162,158805
OK,54,61,910,54,2014-04-09T08:40:00,7,6861611,158805
OK,49,67,910,49,2014-04-09T08:45:00,4,6862060,158805
OK,51,64,910,51,2014-04-09T08:50:00,5,6862509,158805
OK,53,62,910,53,2014-04-09T08:55:00,9,6862958,158805
OK,53,62,910,53,2014-04-09T09:00:00,7,6863407,158805
OK,52,63,910,52,2014-04-09T09:05:00,8,6863856,158805
OK,55,60,910,55,2014-04-09T09:10:00,6,6864305,158805
OK,56,59,910,56,2014-04-09T09:15:00,5,6864754,158805
OK,54,61,910,54,2014-04-09T09:20:00,9,6865203,158805
OK,53,62,910,53,2014-04-09T09:25:00,10,6865652,158805
OK,53,62,910,53,2014-04-09T09:30:00,3,6866101,158805
OK,47,70,910,47,2014-04-09T09:35:00,3,6866550,158805
OK,68,48,910,68,2014-04-09T09:40:00,3,6866999,158805
OK,48,69,910,48,2014-04-09T09:45:00,7,6867448,158805
OK,49,67,910,49,2014-04-09T09:50:00,10,6867897,158805
OK,53,62,910,53,2014-04-09T09:55:00,10,6868346,158805
OK,53,62,910,53,2014-04-09T10:00:00,9,6868795,158805
OK,56,59,910,56,2014-04-09T10:05:00,12,6869244,158805
OK,63,52,910,63,2014-04-09T10:10:00,14,6869693,158805
OK,51,64,910,51,2014-04-09T10:15:00,11,6870142,158805
OK,55,60,910,55,2014-04-09T10:20:00,9,6870591,158805
OK,55,60,910,55,2014-04-09T10:25:00,6,6871040,158805
OK,53,62,910,53,2014-04-09T10:30:00,7,6871489,158805
OK,53,62,910,53,2014-04-09T10:35:00,9,6871938,158805
OK,52,63,910,52,2014-04-09T10:40:00,8,6872387,158805
OK,49,67,910,49,2014-04-09T10:45:00,15,6872836,158805
OK,53,62,910,53,2014-04-09T10:50:00,13,6873285,158805
OK,55,60,910,55,2014-04-09T10:55:00,11,6873734,158805
OK,55,60,910,55,2014-04-09T11:00:00,10,6874183,158805
OK,51,64,910,51,2014-04-09T11:05:00,5,6874632,158805
OK,52,63,910,52,2014-04-09T11:10:00,4,6875081,158805
OK,55,60,910,55,2014-04-09T11:15:00,8,6875530,158805
OK,50,66,910,50,2014-04-09T11:20:00,8,6875979,158805
OK,49,67,910,49,2014-04-09T11:25:00,8,6876428,158805
OK,51,64,910,51,2014-04-09T11:30:00,11,6876877,158805
OK,52,63,910,52,2014-04-09T11:35:00,12,6877326,158805
OK,54,61,910,54,2014-04-09T11:40:00,10,6877775,158805
OK,60,55,910,60,2014-04-09T11:45:00,6,6878224,158805
OK,63,52,910,63,2014-04-09T11:50:00,7,6878673,158805
OK,55,60,910,55,2014-04-09T11:55:00,8,6879122,158805
OK,51,64,910,51,2014-04-09T12:00:00,3,6879571,158805
OK,66,50,910,66,2014-04-09T12:05:00,9,6880020,158805
OK,64,51,910,64,2014-04-09T12:10:00,12,6880469,158805
OK,59,56,910,59,2014-04-09T12:15:00,11,6880918,158805
OK,55,60,910,55,2014-04-09T12:20:00,11,6881367,158805
OK,59,56,910,59,2014-04-09T12:25:00,12,6881816,158805
OK,54,61,910,54,2014-04-09T12:30:00,12,6882265,158805
OK,55,60,910,55,2014-04-09T12:35:00,11,6882714,158805
OK,56,59,910,56,2014-04-09T12:40:00,11,6883163,158805
OK,57,58,910,57,2014-04-09T12:45:00,11,6883612,158805
OK,58,57,910,58,2014-04-09T12:50:00,11,6884061,158805
OK,58,57,910,58,2014-04-09T12:55:00,17,6884510,158805
OK,58,57,910,58,2014-04-09T13:00:00,15,6884959,158805
OK,51,64,910,51,2014-04-09T13:05:00,5,6885408,158805
OK,57,58,910,57,2014-04-09T13:10:00,6,6885857,158805
OK,67,49,910,67,2014-04-09T13:15:00,16,6886306,158805
OK,71,46,910,71,2014-04-09T13:20:00,23,6886755,158805
OK,56,59,910,56,2014-04-09T13:25:00,17,6887204,158805
OK,57,58,910,57,2014-04-09T13:30:00,13,6887653,158805
OK,55,60,910,55,2014-04-09T13:35:00,14,6888102,158805
OK,54,61,910,54,2014-04-09T13:40:00,20,6888551,158805
OK,52,63,910,52,2014-04-09T13:45:00,18,6889000,158805
OK,52,63,910,52,2014-04-09T13:50:00,16,6889449,158805
OK,53,62,910,53,2014-04-09T13:55:00,17,6889898,158805
OK,62,53,910,62,2014-04-09T14:00:00,17,6890347,158805
OK,62,53,910,62,2014-04-09T14:05:00,11,6890796,158805
OK,60,55,910,60,2014-04-09T14:10:00,16,6891245,158805
OK,67,49,910,67,2014-04-09T14:15:00,23,6891694,158805
OK,60,55,910,60,2014-04-09T14:20:00,20,6892143,158805
OK,50,66,910,50,2014-04-09T14:25:00,17,6892592,158805
OK,51,64,910,51,2014-04-09T14:30:00,16,6893041,158805
OK,51,64,910,51,2014-04-09T14:35:00,14,6893490,158805
OK,48,69,910,48,2014-04-09T14:40:00,17,6893939,158805
OK,48,69,910,48,2014-04-09T14:45:00,14,6894388,158805
OK,53,62,910,53,2014-04-09T14:50:00,12,6894837,158805
OK,52,63,910,52,2014-04-09T14:55:00,11,6895286,158805
OK,46,72,910,46,2014-04-09T15:00:00,8,6895735,158805
OK,50,66,910,50,2014-04-09T15:05:00,12,6896184,158805
OK,54,61,910,54,2014-04-09T15:10:00,13,6896633,158805
OK,53,62,910,53,2014-04-09T15:15:00,11,6897082,158805
OK,45,73,910,45,2014-04-09T15:20:00,7,6897531,158805
OK,47,70,910,47,2014-04-09T15:25:00,7,6897980,158805
OK,52,63,910,52,2014-04-09T15:30:00,8,6898429,158805
OK,49,67,910,49,2014-04-09T15:35:00,6,6898878,158805
OK,48,69,910,48,2014-04-09T15:40:00,6,6899327,158805
OK,52,63,910,52,2014-04-09T15:45:00,8,6899776,158805
OK,51,64,910,51,2014-04-09T15:50:00,6,6900225,158805
OK,52,63,910,52,2014-04-09T15:55:00,5,6900674,158805
OK,51,64,910,51,2014-04-09T16:00:00,6,6901123,158805
OK,46,72,910,46,2014-04-09T16:05:00,6,6901572,158805
OK,47,70,910,47,2014-04-09T16:10:00,9,6902021,158805
OK,48,69,910,48,2014-04-09T16:15:00,6,6902470,158805
OK,41,80,910,41,2014-04-09T16:20:00,3,6902919,158805
OK,65,50,910,65,2014-04-09T16:25:00,1,6903368,158805
OK,48,69,910,48,2014-04-09T16:30:00,5,6903817,158805
OK,45,73,910,45,2014-04-09T16:35:00,6,6904266,158805
OK,55,60,910,55,2014-04-09T16:40:00,2,6904715,158805
OK,48,69,910,48,2014-04-09T16:45:00,3,6905164,158805
OK,48,69,910,48,2014-04-09T16:50:00,1,6905613,158805
OK,55,60,910,55,2014-04-09T16:55:00,1,6906062,158805
OK,48,69,910,48,2014-04-09T17:00:00,3,6906511,158805
OK,43,77,910,43,2014-04-09T17:05:00,5,6906960,158805
OK,53,62,910,53,2014-04-09T17:10:00,3,6907409,158805
OK,49,67,910,49,2014-04-09T17:15:00,3,6907858,158805
OK,44,75,910,44,2014-04-09T17:20:00,2,6908307,158805
OK,50,66,910,50,2014-04-09T17:25:00,1,6908756,158805
OK,45,73,910,45,2014-04-09T17:30:00,2,6909205,158805
OK,41,80,910,41,2014-04-09T17:35:00,0,6909654,158805
OK,52,63,910,52,2014-04-09T17:40:00,2,6910103,158805
OK,48,69,910,48,2014-04-09T17:45:00,8,6910552,158805
OK,49,67,910,49,2014-04-09T17:50:00,7,6911001,158805
OK,53,62,910,53,2014-04-09T17:55:00,1,6911450,158805
OK,53,62,910,53,2014-04-09T18:00:00,0,6911899,158805
OK,49,67,910,49,2014-04-09T18:05:00,3,6912348,158805
OK,49,67,910,49,2014-04-09T18:10:00,2,6912797,158805
OK,49,67,910,49,2014-04-09T18:15:00,0,6913246,158805
OK,50,66,910,50,2014-04-09T18:20:00,1,6913695,158805
OK,53,62,910,53,2014-04-09T18:25:00,2,6914144,158805
OK,57,58,910,57,2014-04-09T18:30:00,3,6914593,158805
OK,49,67,910,49,2014-04-09T18:35:00,3,6915042,158805
OK,50,66,910,50,2014-04-09T18:40:00,3,6915491,158805
OK,58,57,910,58,2014-04-09T18:45:00,2,6915940,158805
OK,50,66,910,50,2014-04-09T18:50:00,0,6916389,158805
OK,41,80,910,41,2014-04-09T18:55:00,1,6916838,158805
OK,41,80,910,41,2014-04-09T19:00:00,0,6917287,158805
OK,41,80,910,41,2014-04-09T19:05:00,0,6917736,158805
OK,51,64,910,51,2014-04-09T19:10:00,1,6918185,158805
OK,51,64,910,51,2014-04-09T19:15:00,0,6918634,158805
OK,46,72,910,46,2014-04-09T19:20:00,2,6919083,158805
OK,46,72,910,46,2014-04-09T19:25:00,2,6919532,158805
OK,37,89,910,37,2014-04-09T19:30:00,1,6919981,158805
OK,50,66,910,50,2014-04-09T19:35:00,3,6920430,158805
OK,53,62,910,53,2014-04-09T19:40:00,2,6920879,158805
OK,50,66,910,50,2014-04-09T19:45:00,1,6921328,158805
OK,35,94,910,35,2014-04-09T19:50:00,1,6921777,158805
OK,35,94,910,35,2014-04-09T19:55:00,1,6922226,158805
OK,47,70,910,47,2014-04-09T20:00:00,2,6922675,158805
OK,47,70,910,47,2014-04-09T20:05:00,2,6923124,158805
OK,45,73,910,45,2014-04-09T20:35:00,1,6925818,158805
OK,44,75,910,44,2014-04-09T20:40:00,2,6926267,158805
OK,43,77,910,43,2014-04-09T20:45:00,3,6926716,158805
OK,48,69,910,48,2014-04-09T21:00:00,2,6928052,158805
OK,53,62,910,53,2014-04-09T21:05:00,3,6928501,158805
OK,48,69,910,48,2014-04-09T21:15:00,2,6929385,158805
OK,48,69,910,48,2014-04-09T21:20:00,2,6929834,158805
OK,48,69,910,48,2014-04-09T21:25:00,0,6930283,158805
OK,50,66,910,50,2014-04-09T21:30:00,2,6930732,158805
OK,61,54,910,61,2014-04-09T21:40:00,2,6931630,158805
OK,61,54,910,61,2014-04-09T21:45:00,2,6932079,158805
OK,64,51,910,64,2014-04-09T21:50:00,0,6932528,158805
OK,64,51,910,64,2014-04-09T22:00:00,0,6933426,158805
OK,64,51,910,64,2014-04-09T22:05:00,0,6933875,158805
OK,46,72,910,46,2014-04-09T22:10:00,1,6934324,158805
OK,46,72,910,46,2014-04-09T22:15:00,1,6934773,158805
OK,46,72,910,46,2014-04-09T22:20:00,0,6935222,158805
OK,45,73,910,45,2014-04-09T22:25:00,0,6935671,158805
OK,45,73,910,45,2014-04-09T22:30:00,0,6936120,158805
OK,45,73,910,45,2014-04-09T22:40:00,0,6937018,158805
OK,45,73,910,45,2014-04-09T22:45:00,0,6937432,158805
OK,45,73,910,45,2014-04-09T22:50:00,0,6937881,158805
OK,45,73,910,45,2014-04-09T23:00:00,0,6938754,158805
OK,45,73,910,45,2014-04-09T23:05:00,0,6939203,158805
OK,45,73,910,45,2014-04-09T23:10:00,0,6939651,158805
OK,45,73,910,45,2014-04-09T23:15:00,0,6940100,158805
OK,45,73,910,45,2014-04-09T23:20:00,0,6940549,158805
OK,45,73,910,45,2014-04-09T23:30:00,0,6941430,158805
OK,45,73,910,45,2014-04-09T23:40:00,0,6942328,158805
OK,45,73,910,45,2014-04-09T23:45:00,0,6942776,158805
OK,45,73,910,45,2014-04-09T23:50:00,0,6943180,158805
OK,45,73,910,45,2014-04-09T23:55:00,0,6943629,158805
OK,45,73,910,45,2014-04-10T00:00:00,0,6944078,158805
OK,45,73,910,45,2014-04-10T00:05:00,0,6944527,158805
OK,45,73,910,45,2014-04-10T00:10:00,0,6944976,158805
OK,45,73,910,45,2014-04-10T00:15:00,0,6945425,158805
OK,45,73,910,45,2014-04-10T00:20:00,0,6945874,158805
OK,45,73,910,45,2014-04-10T00:25:00,0,6946323,158805
OK,45,73,910,45,2014-04-10T00:30:00,0,6946772,158805
OK,43,77,910,43,2014-04-10T00:35:00,0,6947221,158805
OK,43,77,910,43,2014-04-10T00:40:00,0,6947670,158805
OK,43,77,910,43,2014-04-10T00:45:00,0,6948119,158805
OK,43,77,910,43,2014-04-10T00:50:00,0,6948568,158805
OK,43,77,910,43,2014-04-10T00:55:00,0,6949017,158805
OK,43,77,910,43,2014-04-10T01:00:00,0,6949466,158805
OK,43,77,910,43,2014-04-10T01:05:00,0,6949915,158805
OK,43,77,910,43,2014-04-10T01:10:00,0,6950364,158805
OK,43,77,910,43,2014-04-10T01:15:00,0,6950813,158805
OK,43,77,910,43,2014-04-10T01:20:00,0,6951262,158805
OK,43,77,910,43,2014-04-10T01:25:00,0,6951711,158805
OK,33,100,910,33,2014-04-10T01:30:00,1,6952160,158805
OK,42,78,910,42,2014-04-10T01:35:00,2,6952609,158805
OK,52,63,910,52,2014-04-10T01:40:00,1,6953058,158805
OK,52,63,910,52,2014-04-10T01:45:00,0,6953507,158805
OK,52,63,910,52,2014-04-10T01:50:00,0,6953956,158805
OK,36,92,910,36,2014-04-10T01:55:00,1,6954405,158805
OK,36,92,910,36,2014-04-10T02:00:00,1,6954854,158805
OK,36,92,910,36,2014-04-10T02:05:00,0,6955303,158805
OK,36,92,910,36,2014-04-10T02:10:00,0,6955752,158805
OK,36,92,910,36,2014-04-10T02:15:00,0,6956201,158805
OK,36,92,910,36,2014-04-10T02:20:00,0,6956650,158805
OK,36,92,910,36,2014-04-10T02:25:00,0,6957099,158805
OK,36,92,910,36,2014-04-10T02:30:00,0,6957548,158805
OK,36,92,910,36,2014-04-10T02:35:00,0,6957997,158805
OK,36,92,910,36,2014-04-10T02:40:00,0,6958446,158805
OK,36,92,910,36,2014-04-10T02:45:00,0,6958895,158805
OK,36,92,910,36,2014-04-10T02:50:00,0,6959344,158805
OK,36,92,910,36,2014-04-10T02:55:00,0,6959793,158805
OK,36,92,910,36,2014-04-10T03:00:00,0,6960242,158805
OK,36,92,910,36,2014-04-10T03:05:00,0,6960691,158805
OK,36,92,910,36,2014-04-10T03:10:00,0,6961140,158805
OK,36,92,910,36,2014-04-10T03:15:00,0,6961589,158805
OK,54,61,910,54,2014-04-10T03:20:00,2,6962038,158805
OK,55,60,910,55,2014-04-10T03:25:00,3,6962487,158805
OK,55,60,910,55,2014-04-10T03:30:00,1,6962936,158805
OK,55,60,910,55,2014-04-10T03:35:00,0,6963385,158805
OK,55,60,910,55,2014-04-10T03:40:00,0,6963834,158805
OK,67,49,910,67,2014-04-10T03:45:00,1,6964283,158805
OK,53,62,910,53,2014-04-10T03:50:00,1,6964732,158805
OK,102,32,910,102,2014-04-10T03:55:00,1,6965181,158805
OK,102,32,910,102,2014-04-10T04:00:00,1,6965630,158805
OK,102,32,910,102,2014-04-10T04:05:00,0,6966079,158805
OK,45,73,910,45,2014-04-10T04:10:00,2,6966528,158805
OK,42,78,910,42,2014-04-10T04:15:00,2,6966977,158805
OK,44,75,910,44,2014-04-10T04:20:00,1,6967426,158805
OK,53,62,910,53,2014-04-10T04:25:00,1,6967875,158805
OK,53,62,910,53,2014-04-10T04:30:00,1,6968324,158805
OK,51,64,910,51,2014-04-10T04:35:00,4,6968773,158805
OK,48,69,910,48,2014-04-10T04:40:00,8,6969222,158805
OK,45,73,910,45,2014-04-10T04:45:00,9,6969671,158805
OK,48,69,910,48,2014-04-10T04:50:00,6,6970120,158805
OK,42,78,910,42,2014-04-10T04:55:00,2,6970569,158805
OK,43,77,910,43,2014-04-10T05:00:00,3,6971018,158805
OK,43,77,910,43,2014-04-10T05:05:00,3,6971467,158805
OK,43,77,910,43,2014-04-10T05:10:00,3,6971916,158805
OK,53,62,910,53,2014-04-10T05:15:00,6,6972365,158805
OK,55,60,910,55,2014-04-10T05:20:00,6,6972814,158805
OK,67,49,910,67,2014-04-10T05:25:00,5,6973263,158805
OK,66,50,910,66,2014-04-10T05:30:00,10,6973712,158805
OK,66,50,910,66,2014-04-10T05:35:00,7,6974161,158805
OK,45,73,910,45,2014-04-10T05:40:00,3,6974610,158805
OK,56,59,910,56,2014-04-10T05:45:00,9,6975059,158805
OK,56,59,910,56,2014-04-10T05:50:00,16,6975508,158805
OK,57,58,910,57,2014-04-10T05:55:00,10,6975957,158805
OK,64,51,910,64,2014-04-10T06:00:00,9,6976406,158805
OK,62,53,910,62,2014-04-10T06:05:00,12,6976855,158805
OK,50,66,910,50,2014-04-10T06:10:00,10,6977304,158805
OK,52,63,910,52,2014-04-10T06:15:00,7,6977753,158805
OK,57,58,910,57,2014-04-10T06:20:00,7,6978202,158805
OK,57,58,910,57,2014-04-10T06:25:00,7,6978651,158805
OK,59,56,910,59,2014-04-10T06:30:00,5,6979100,158805
OK,53,62,910,53,2014-04-10T06:35:00,8,6979549,158805
OK,50,66,910,50,2014-04-10T06:40:00,6,6979998,158805
OK,54,61,910,54,2014-04-10T06:45:00,4,6980447,158805
OK,51,64,910,51,2014-04-10T06:50:00,7,6980896,158805
OK,51,64,910,51,2014-04-10T06:55:00,12,6981345,158805
OK,48,69,910,48,2014-04-10T07:00:00,9,6981794,158805
OK,48,69,910,48,2014-04-10T07:05:00,7,6982243,158805
OK,55,60,910,55,2014-04-10T07:10:00,8,6982692,158805
OK,58,57,910,58,2014-04-10T07:15:00,8,6983141,158805
OK,61,54,910,61,2014-04-10T07:20:00,9,6983590,158805
OK,53,62,910,53,2014-04-10T07:25:00,10,6984039,158805
OK,50,66,910,50,2014-04-10T07:30:00,10,6984488,158805
OK,50,66,910,50,2014-04-10T07:35:00,10,6984937,158805
OK,44,75,910,44,2014-04-10T07:40:00,7,6985386,158805
OK,54,61,910,54,2014-04-10T07:45:00,7,6985835,158805
OK,54,61,910,54,2014-04-10T07:50:00,7,6986284,158805
OK,56,59,910,56,2014-04-10T07:55:00,8,6986733,158805
OK,56,59,910,56,2014-04-10T08:00:00,11,6987182,158805
OK,55,60,910,55,2014-04-10T08:05:00,11,6987631,158805
OK,55,60,910,55,2014-04-10T08:10:00,13,6988080,158805
OK,46,72,910,46,2014-04-10T08:15:00,6,6988529,158805
OK,48,69,910,48,2014-04-10T08:20:00,2,6988978,158805
OK,68,48,910,68,2014-04-10T08:25:00,5,6989427,158805
OK,61,54,910,61,2014-04-10T08:30:00,6,6989876,158805
OK,53,62,910,53,2014-04-10T08:35:00,8,6990325,158805
OK,53,62,910,53,2014-04-10T08:40:00,8,6990774,158805
OK,65,50,910,65,2014-04-10T08:45:00,4,6991223,158805
OK,55,60,910,55,2014-04-10T08:50:00,5,6991672,158805
OK,54,61,910,54,2014-04-10T08:55:00,12,6992121,158805
OK,53,62,910,53,2014-04-10T09:00:00,16,6992570,158805
OK,60,55,910,60,2014-04-10T09:05:00,14,6993019,158805
OK,60,55,910,60,2014-04-10T09:10:00,10,6993468,158805
OK,53,62,910,53,2014-04-10T09:15:00,8,6993917,158805
OK,49,67,910,49,2014-04-10T09:20:00,17,6994366,158805
OK,48,69,910,48,2014-04-10T09:25:00,12,6994815,158805
OK,46,72,910,46,2014-04-10T09:30:00,7,6995264,158805
OK,44,75,910,44,2014-04-10T09:35:00,6,6995713,158805
OK,55,60,910,55,2014-04-10T09:40:00,5,6996162,158805
OK,60,55,910,60,2014-04-10T09:45:00,7,6996611,158805
OK,51,64,910,51,2014-04-10T09:50:00,10,6997060,158805
OK,54,61,910,54,2014-04-10T09:55:00,9,6997509,158805
OK,45,73,910,45,2014-04-10T10:00:00,5,6997958,158805
OK,51,64,910,51,2014-04-10T10:05:00,7,6998407,158805
OK,50,66,910,50,2014-04-10T10:10:00,8,6998856,158805
OK,56,59,910,56,2014-04-10T10:15:00,6,6999305,158805
OK,59,56,910,59,2014-04-10T10:20:00,12,6999754,158805
OK,62,53,910,62,2014-04-10T10:25:00,10,7000203,158805
OK,68,48,910,68,2014-04-10T10:30:00,9,7000652,158805
OK,53,62,910,53,2014-04-10T10:35:00,10,7001101,158805
OK,69,48,910,69,2014-04-10T10:40:00,9,7001550,158805
OK,69,48,910,69,2014-04-10T10:45:00,9,7001999,158805
OK,51,64,910,51,2014-04-10T10:50:00,9,7002448,158805
OK,51,64,910,51,2014-04-10T10:55:00,9,7002897,158805
OK,48,69,910,48,2014-04-10T11:00:00,9,7003346,158805
OK,60,55,910,60,2014-04-10T11:05:00,11,7003795,158805
OK,56,59,910,56,2014-04-10T11:10:00,7,7004244,158805
OK,49,67,910,49,2014-04-10T11:15:00,5,7004693,158805
OK,49,67,910,49,2014-04-10T11:20:00,4,7005142,158805
OK,52,63,910,52,2014-04-10T11:25:00,14,7005591,158805
OK,51,64,910,51,2014-04-10T11:30:00,16,7006040,158805
OK,54,61,910,54,2014-04-10T11:35:00,7,7006489,158805
OK,54,61,910,54,2014-04-10T11:40:00,7,7006938,158805
OK,53,62,910,53,2014-04-10T11:45:00,8,7007387,158805
OK,56,59,910,56,2014-04-10T11:50:00,11,7007836,158805
OK,52,63,910,52,2014-04-10T11:55:00,8,7008285,158805
OK,47,70,910,47,2014-04-10T12:00:00,7,7008734,158805
OK,51,64,910,51,2014-04-10T12:05:00,13,7009183,158805
OK,51,64,910,51,2014-04-10T12:10:00,9,7009632,158805
OK,59,56,910,59,2014-04-10T12:15:00,8,7010081,158805
OK,58,57,910,58,2014-04-10T12:20:00,13,7010530,158805
OK,54,61,910,54,2014-04-10T12:25:00,13,7010979,158805
OK,54,61,910,54,2014-04-10T12:30:00,14,7011428,158805
OK,55,60,910,55,2014-04-10T12:35:00,20,7011877,158805
OK,54,61,910,54,2014-04-10T12:40:00,19,7012326,158805
OK,55,60,910,55,2014-04-10T12:45:00,15,7012775,158805
OK,59,56,910,59,2014-04-10T12:50:00,14,7013224,158805
OK,67,49,910,67,2014-04-10T12:55:00,15,7013673,158805
OK,73,45,910,73,2014-04-10T13:00:00,11,7014122,158805
OK,56,59,910,56,2014-04-10T13:05:00,16,7014571,158805
OK,53,62,910,53,2014-04-10T13:10:00,19,7015020,158805
OK,54,61,910,54,2014-04-10T13:15:00,17,7015469,158805
OK,60,55,910,60,2014-04-10T13:20:00,17,7015918,158805
OK,64,51,910,64,2014-04-10T13:25:00,21,7016367,158805
OK,64,51,910,64,2014-04-10T13:30:00,15,7016816,158805
OK,63,52,910,63,2014-04-10T13:35:00,19,7017265,158805
OK,52,63,910,52,2014-04-10T13:40:00,27,7017714,158805
OK,50,66,910,50,2014-04-10T13:45:00,24,7018163,158805
OK,51,64,910,51,2014-04-10T13:50:00,22,7018612,158805
OK,57,58,910,57,2014-04-10T13:55:00,12,7019061,158805
OK,56,59,910,56,2014-04-10T14:00:00,9,7019510,158805
OK,52,63,910,52,2014-04-10T14:05:00,13,7019959,158805
OK,53,62,910,53,2014-04-10T14:10:00,19,7020408,158805
OK,59,56,910,59,2014-04-10T14:15:00,28,7020857,158805
OK,59,56,910,59,2014-04-10T14:20:00,22,7021306,158805
OK,51,64,910,51,2014-04-10T14:25:00,17,7021755,158805
OK,53,62,910,53,2014-04-10T14:30:00,14,7022204,158805
OK,54,61,910,54,2014-04-10T14:35:00,15,7022653,158805
OK,54,61,910,54,2014-04-10T14:40:00,12,7023102,158805
OK,59,56,910,59,2014-04-10T14:45:00,18,7023551,158805
OK,59,56,910,59,2014-04-10T14:50:00,18,7024000,158805
OK,51,64,910,51,2014-04-10T14:55:00,12,7024449,158805
OK,52,63,910,52,2014-04-10T15:00:00,11,7024898,158805
OK,52,63,910,52,2014-04-10T15:05:00,10,7025347,158805
OK,56,59,910,56,2014-04-10T15:10:00,10,7025796,158805
OK,61,54,910,61,2014-04-10T15:15:00,11,7026245,158805
OK,61,54,910,61,2014-04-10T15:20:00,6,7026694,158805
OK,52,63,910,52,2014-04-10T15:25:00,3,7027143,158805
OK,64,51,910,64,2014-04-10T15:30:00,8,7027592,158805
OK,60,55,910,60,2014-04-10T15:35:00,16,7028041,158805
OK,57,58,910,57,2014-04-10T15:40:00,14,7028490,158805
OK,50,66,910,50,2014-04-10T15:45:00,10,7028939,158805
OK,49,67,910,49,2014-04-10T15:50:00,6,7029388,158805
OK,59,56,910,59,2014-04-10T15:55:00,6,7029837,158805
OK,44,75,910,44,2014-04-10T16:00:00,7,7030286,158805
OK,47,70,910,47,2014-04-10T16:05:00,8,7030735,158805
OK,52,63,910,52,2014-04-10T16:10:00,5,7031184,158805
OK,50,66,910,50,2014-04-10T16:15:00,4,7031633,158805
OK,49,67,910,49,2014-04-10T16:20:00,6,7032082,158805
OK,50,66,910,50,2014-04-10T16:25:00,7,7032531,158805
OK,41,80,910,41,2014-04-10T16:30:00,3,7032980,158805
OK,44,75,910,44,2014-04-10T16:35:00,4,7033429,158805
OK,48,69,910,48,2014-04-10T16:40:00,6,7033878,158805
OK,51,64,910,51,2014-04-10T16:45:00,6,7034327,158805
OK,50,66,910,50,2014-04-10T16:50:00,5,7034776,158805
OK,50,66,910,50,2014-04-10T16:55:00,3,7035225,158805
OK,48,69,910,48,2014-04-10T17:00:00,6,7035674,158805
OK,44,75,910,44,2014-04-10T17:05:00,8,7036123,158805
OK,42,78,910,42,2014-04-10T17:10:00,4,7036572,158805
OK,42,78,910,42,2014-04-10T17:15:00,2,7037021,158805
OK,46,72,910,46,2014-04-10T17:20:00,4,7037470,158805
OK,46,72,910,46,2014-04-10T17:25:00,5,7037919,158805
OK,44,75,910,44,2014-04-10T17:30:00,3,7038368,158805
OK,48,69,910,48,2014-04-10T17:35:00,4,7038817,158805
OK,48,69,910,48,2014-04-10T17:40:00,3,7039266,158805
OK,51,64,910,51,2014-04-10T17:45:00,2,7039715,158805
OK,42,78,910,42,2014-04-10T17:50:00,3,7040164,158805
OK,40,82,910,40,2014-04-10T17:55:00,3,7040613,158805
OK,40,82,910,40,2014-04-10T18:00:00,1,7041062,158805
OK,40,82,910,40,2014-04-10T18:05:00,0,7041511,158805
OK,40,82,910,40,2014-04-10T18:10:00,0,7041960,158805
OK,47,70,910,47,2014-04-10T18:15:00,1,7042409,158805
OK,47,70,910,47,2014-04-10T18:20:00,3,7042858,158805
OK,52,63,910,52,2014-04-10T18:25:00,4,7043307,158805
OK,48,69,910,48,2014-04-10T18:30:00,4,7043756,158805
OK,45,73,910,45,2014-04-10T18:35:00,2,7044205,158805
OK,38,87,910,38,2014-04-10T18:40:00,1,7044654,158805
OK,38,87,910,38,2014-04-10T18:45:00,1,7045102,158805
OK,43,77,910,43,2014-04-10T18:50:00,1,7045551,158805
OK,43,77,910,43,2014-04-10T18:55:00,4,7046000,158805
OK,43,77,910,43,2014-04-10T19:00:00,3,7046449,158805
OK,43,77,910,43,2014-04-10T19:05:00,0,7046898,158805
OK,44,75,910,44,2014-04-10T19:10:00,3,7047347,158805
OK,47,70,910,47,2014-04-10T19:15:00,5,7047796,158805
OK,53,62,910,53,2014-04-10T19:20:00,2,7048245,158805
OK,49,67,910,49,2014-04-10T19:25:00,0,7048694,158805
OK,61,54,910,61,2014-04-10T19:30:00,1,7049143,158805
OK,59,56,910,59,2014-04-10T19:35:00,3,7049592,158805
OK,52,63,910,52,2014-04-10T19:40:00,3,7050041,158805
OK,51,64,910,51,2014-04-10T19:45:00,1,7050490,158805
OK,46,72,910,46,2014-04-10T19:50:00,3,7050939,158805
OK,43,77,910,43,2014-04-10T19:55:00,3,7051388,158805
OK,43,77,910,43,2014-04-10T20:00:00,4,7051837,158805
OK,43,77,910,43,2014-04-10T20:05:00,3,7052286,158805
OK,42,78,910,42,2014-04-10T20:20:00,3,7053633,158805
OK,49,67,910,49,2014-04-10T20:35:00,1,7054980,158805
OK,49,67,910,49,2014-04-10T20:40:00,0,7055416,158805
OK,56,59,910,56,2014-04-10T21:00:00,2,7057212,158805
OK,56,59,910,56,2014-04-10T21:05:00,0,7057661,158805
OK,47,70,910,47,2014-04-10T21:10:00,1,7058110,158805
OK,47,70,910,47,2014-04-10T21:15:00,1,7058559,158805
OK,47,70,910,47,2014-04-10T21:20:00,0,7059008,158805
OK,45,73,910,45,2014-04-10T21:30:00,0,7059906,158805
OK,45,73,910,45,2014-04-10T21:35:00,0,7060354,158805
OK,40,82,910,40,2014-04-10T21:45:00,0,7061252,158805
OK,61,54,910,61,2014-04-10T21:50:00,1,7061701,158805
OK,61,54,910,61,2014-04-10T22:00:00,0,7062599,158805
OK,61,54,910,61,2014-04-10T22:05:00,0,7063048,158805
OK,61,54,910,61,2014-04-10T22:10:00,0,7063497,158805
OK,61,54,910,61,2014-04-10T22:15:00,0,7063946,158805
OK,61,54,910,61,2014-04-10T22:20:00,0,7064395,158805
OK,61,54,910,61,2014-04-10T22:25:00,0,7064844,158805
OK,48,69,910,48,2014-04-10T22:40:00,0,7066191,158805
OK,41,80,910,41,2014-04-10T22:50:00,0,7067088,158805
OK,41,80,910,41,2014-04-10T22:55:00,0,7067537,158805
OK,41,80,910,41,2014-04-10T23:00:00,0,7067986,158805
OK,41,80,910,41,2014-04-10T23:15:00,0,7069307,158805
OK,41,80,910,41,2014-04-10T23:20:00,0,7069741,158805
OK,41,80,910,41,2014-04-10T23:25:00,0,7070174,158805
OK,41,80,910,41,2014-04-10T23:30:00,0,7070623,158805
OK,41,80,910,41,2014-04-10T23:35:00,0,7071071,158805
OK,41,80,910,41,2014-04-10T23:40:00,0,7071504,158805
OK,41,80,910,41,2014-04-10T23:45:00,0,7071953,158805
OK,41,80,910,41,2014-04-10T23:50:00,0,7072402,158805
OK,41,80,910,41,2014-04-10T23:55:00,0,7072816,158805
OK,41,80,910,41,2014-04-11T00:00:00,0,7073231,158805
OK,43,77,910,43,2014-04-11T00:05:00,1,7073680,158805
OK,44,75,910,44,2014-04-11T00:10:00,1,7074129,158805
OK,44,75,910,44,2014-04-11T00:15:00,0,7074578,158805
OK,44,75,910,44,2014-04-11T00:20:00,0,7075027,158805
OK,44,75,910,44,2014-04-11T00:25:00,0,7075476,158805
OK,44,75,910,44,2014-04-11T00:30:00,0,7075925,158805
OK,44,75,910,44,2014-04-11T00:35:00,0,7076374,158805
OK,44,75,910,44,2014-04-11T00:40:00,0,7076823,158805
OK,44,75,910,44,2014-04-11T00:45:00,0,7077272,158805
OK,44,75,910,44,2014-04-11T00:50:00,0,7077721,158805
OK,44,75,910,44,2014-04-11T00:55:00,0,7078170,158805
OK,44,75,910,44,2014-04-11T01:00:00,0,7078619,158805
OK,44,75,910,44,2014-04-11T01:05:00,0,7079068,158805
OK,44,75,910,44,2014-04-11T01:10:00,0,7079517,158805
OK,44,75,910,44,2014-04-11T01:15:00,0,7079966,158805
OK,39,84,910,39,2014-04-11T01:20:00,1,7080415,158805
OK,44,75,910,44,2014-04-11T01:25:00,0,7080864,158805
OK,44,75,910,44,2014-04-11T01:30:00,0,7081313,158805
OK,44,75,910,44,2014-04-11T01:35:00,0,7081762,158805
OK,44,75,910,44,2014-04-11T01:40:00,0,7082211,158805
OK,44,75,910,44,2014-04-11T01:45:00,0,7082660,158805
OK,44,75,910,44,2014-04-11T01:50:00,0,7083109,158805
OK,44,75,910,44,2014-04-11T01:55:00,0,7083558,158805
OK,44,75,910,44,2014-04-11T02:00:00,0,7084007,158805
OK,44,75,910,44,2014-04-11T02:05:00,0,7084456,158805
OK,44,75,910,44,2014-04-11T02:10:00,0,7084905,158805
OK,44,75,910,44,2014-04-11T02:15:00,0,7085354,158805
OK,44,75,910,44,2014-04-11T02:20:00,0,7085803,158805
OK,44,75,910,44,2014-04-11T02:25:00,0,7086252,158805
OK,44,75,910,44,2014-04-11T02:30:00,0,7086701,158805
OK,44,75,910,44,2014-04-11T02:35:00,0,7087150,158805
OK,44,75,910,44,2014-04-11T02:40:00,0,7087599,158805
OK,44,75,910,44,2014-04-11T02:45:00,0,7088048,158805
OK,44,75,910,44,2014-04-11T02:50:00,0,7088497,158805
OK,44,75,910,44,2014-04-11T02:55:00,0,7088946,158805
OK,44,75,910,44,2014-04-11T03:00:00,0,7089395,158805
OK,44,75,910,44,2014-04-11T03:05:00,0,7089844,158805
OK,44,75,910,44,2014-04-11T03:10:00,0,7090293,158805
OK,64,51,910,64,2014-04-11T03:15:00,3,7090742,158805
OK,64,51,910,64,2014-04-11T03:20:00,3,7091191,158805
OK,64,51,910,64,2014-04-11T03:25:00,0,7091640,158805
OK,42,78,910,42,2014-04-11T03:30:00,1,7092089,158805
OK,42,78,910,42,2014-04-11T03:35:00,0,7092538,158805
OK,42,78,910,42,2014-04-11T03:40:00,0,7092987,158805
OK,59,56,910,59,2014-04-11T03:45:00,2,7093436,158805
OK,54,61,910,54,2014-04-11T03:50:00,2,7093885,158805
OK,53,62,910,53,2014-04-11T03:55:00,0,7094334,158805
OK,48,69,910,48,2014-04-11T04:00:00,1,7094783,158805
OK,48,69,910,48,2014-04-11T04:05:00,0,7095232,158805
OK,36,92,910,36,2014-04-11T04:10:00,1,7095681,158805
OK,36,92,910,36,2014-04-11T04:15:00,1,7096130,158805
OK,55,60,910,55,2014-04-11T04:20:00,2,7096579,158805
OK,55,60,910,55,2014-04-11T04:25:00,2,7097028,158805
OK,51,64,910,51,2014-04-11T04:30:00,2,7097477,158805
OK,52,63,910,52,2014-04-11T04:35:00,3,7097926,158805
OK,45,73,910,45,2014-04-11T04:40:00,4,7098375,158805
OK,46,72,910,46,2014-04-11T04:45:00,5,7098824,158805
OK,47,70,910,47,2014-04-11T04:50:00,5,7099273,158805
OK,41,80,910,41,2014-04-11T04:55:00,4,7099722,158805
OK,42,78,910,42,2014-04-11T05:00:00,2,7100171,158805
OK,45,73,910,45,2014-04-11T05:05:00,2,7100620,158805
OK,47,70,910,47,2014-04-11T05:10:00,3,7101069,158805
OK,46,72,910,46,2014-04-11T05:15:00,4,7101518,158805
OK,44,75,910,44,2014-04-11T05:20:00,4,7101967,158805
OK,56,59,910,56,2014-04-11T05:25:00,6,7102416,158805
OK,56,59,910,56,2014-04-11T05:30:00,9,7102865,158805
OK,54,61,910,54,2014-04-11T05:35:00,8,7103314,158805
OK,55,60,910,55,2014-04-11T05:40:00,7,7103763,158805
OK,53,62,910,53,2014-04-11T05:45:00,6,7104212,158805
OK,52,63,910,52,2014-04-11T05:50:00,5,7104661,158805
OK,53,62,910,53,2014-04-11T05:55:00,6,7105110,158805
OK,52,63,910,52,2014-04-11T06:00:00,5,7105559,158805
OK,57,58,910,57,2014-04-11T06:05:00,2,7106008,158805
OK,64,51,910,64,2014-04-11T06:10:00,3,7106457,158805
OK,65,50,910,65,2014-04-11T06:15:00,6,7106906,158805
OK,64,51,910,64,2014-04-11T06:20:00,5,7107355,158805
OK,51,64,910,51,2014-04-11T06:25:00,5,7107804,158805
OK,51,64,910,51,2014-04-11T06:30:00,5,7108253,158805
OK,58,57,910,58,2014-04-11T06:35:00,5,7108702,158805
OK,58,57,910,58,2014-04-11T06:40:00,7,7109151,158805
OK,65,50,910,65,2014-04-11T06:45:00,7,7109600,158805
OK,63,52,910,63,2014-04-11T06:50:00,4,7110049,158805
OK,62,53,910,62,2014-04-11T06:55:00,5,7110498,158805
OK,57,58,910,57,2014-04-11T07:00:00,8,7110947,158805
OK,63,52,910,63,2014-04-11T07:05:00,7,7111396,158805
OK,45,73,910,45,2014-04-11T07:10:00,7,7111845,158805
OK,47,70,910,47,2014-04-11T07:15:00,9,7112294,158805
OK,54,61,910,54,2014-04-11T07:20:00,5,7112743,158805
OK,68,48,910,68,2014-04-11T07:25:00,2,7113192,158805
OK,65,50,910,65,2014-04-11T07:30:00,6,7113641,158805
OK,64,51,910,64,2014-04-11T07:35:00,7,7114090,158805
OK,58,57,910,58,2014-04-11T07:40:00,3,7114539,158805
OK,59,56,910,59,2014-04-11T07:45:00,7,7114988,158805
OK,44,75,910,44,2014-04-11T07:50:00,3,7115437,158805
OK,51,64,910,51,2014-04-11T07:55:00,8,7115886,158805
OK,57,58,910,57,2014-04-11T08:00:00,6,7116335,158805
OK,48,69,910,48,2014-04-11T08:05:00,11,7116784,158805
OK,48,69,910,48,2014-04-11T08:10:00,11,7117233,158805
OK,51,64,910,51,2014-04-11T08:15:00,5,7117682,158805
OK,48,69,910,48,2014-04-11T08:20:00,5,7118131,158805
OK,48,69,910,48,2014-04-11T08:25:00,6,7118580,158805
OK,53,62,910,53,2014-04-11T08:30:00,7,7119029,158805
OK,55,60,910,55,2014-04-11T08:35:00,8,7119478,158805
OK,56,59,910,56,2014-04-11T08:40:00,12,7119927,158805
OK,55,60,910,55,2014-04-11T08:45:00,13,7120376,158805
OK,48,69,910,48,2014-04-11T08:50:00,11,7120825,158805
OK,54,61,910,54,2014-04-11T08:55:00,8,7121274,158805
OK,59,56,910,59,2014-04-11T09:00:00,4,7121723,158805
OK,69,48,910,69,2014-04-11T09:05:00,4,7122172,158805
OK,54,61,910,54,2014-04-11T09:10:00,7,7122621,158805
OK,52,63,910,52,2014-04-11T09:15:00,7,7123070,158805
OK,52,63,910,52,2014-04-11T09:20:00,9,7123519,158805
OK,53,62,910,53,2014-04-11T09:25:00,12,7123968,158805
OK,55,60,910,55,2014-04-11T09:30:00,10,7124417,158805
OK,50,66,910,50,2014-04-11T09:35:00,7,7124866,158805
OK,50,66,910,50,2014-04-11T09:40:00,13,7125315,158805
OK,49,67,910,49,2014-04-11T09:45:00,13,7125764,158805
OK,50,66,910,50,2014-04-11T09:50:00,9,7126213,158805
OK,52,63,910,52,2014-04-11T09:55:00,11,7126662,158805
OK,54,61,910,54,2014-04-11T10:00:00,10,7127111,158805
OK,54,61,910,54,2014-04-11T10:05:00,10,7127560,158805
OK,59,56,910,59,2014-04-11T10:10:00,9,7128009,158805
OK,56,59,910,56,2014-04-11T10:15:00,12,7128458,158805
OK,54,61,910,54,2014-04-11T10:20:00,12,7128907,158805
OK,56,59,910,56,2014-04-11T10:25:00,15,7129356,158805
OK,49,67,910,49,2014-04-11T10:30:00,15,7129805,158805
OK,64,51,910,64,2014-04-11T10:35:00,8,7130254,158805
OK,63,52,910,63,2014-04-11T10:40:00,9,7130703,158805
OK,57,58,910,57,2014-04-11T10:45:00,7,7131152,158805
OK,53,62,910,53,2014-04-11T10:50:00,6,7131601,158805
OK,46,72,910,46,2014-04-11T10:55:00,11,7132050,158805
OK,46,72,910,46,2014-04-11T11:00:00,11,7132499,158805
OK,51,64,910,51,2014-04-11T11:05:00,5,7132948,158805
OK,64,51,910,64,2014-04-11T11:10:00,1,7133397,158805
OK,65,50,910,65,2014-04-11T11:15:00,2,7133846,158805
OK,54,61,910,54,2014-04-11T11:20:00,6,7134295,158805
OK,48,69,910,48,2014-04-11T11:25:00,8,7134744,158805
OK,52,63,910,52,2014-04-11T11:30:00,10,7135193,158805
OK,55,60,910,55,2014-04-11T11:35:00,9,7135642,158805
OK,58,57,910,58,2014-04-11T11:40:00,5,7136091,158805
OK,56,59,910,56,2014-04-11T11:45:00,14,7136540,158805
OK,56,59,910,56,2014-04-11T11:50:00,15,7136989,158805
OK,52,63,910,52,2014-04-11T11:55:00,10,7137438,158805
OK,57,58,910,57,2014-04-11T12:00:00,15,7137887,158805
OK,56,59,910,56,2014-04-11T12:05:00,15,7138336,158805
OK,47,70,910,47,2014-04-11T12:10:00,11,7138785,158805
OK,55,60,910,55,2014-04-11T12:15:00,12,7139234,158805
OK,58,57,910,58,2014-04-11T12:20:00,8,7139683,158805
OK,51,64,910,51,2014-04-11T12:25:00,6,7140132,158805
OK,54,61,910,54,2014-04-11T12:30:00,16,7140581,158805
OK,70,47,910,70,2014-04-11T12:35:00,15,7141030,158805
OK,53,62,910,53,2014-04-11T12:40:00,9,7141479,158805
OK,55,60,910,55,2014-04-11T12:45:00,10,7141928,158805
OK,55,60,910,55,2014-04-11T12:50:00,15,7142377,158805
OK,52,63,910,52,2014-04-11T12:55:00,14,7142826,158805
OK,51,64,910,51,2014-04-11T13:00:00,16,7143275,158805
OK,55,60,910,55,2014-04-11T13:05:00,15,7143724,158805
OK,53,62,910,53,2014-04-11T13:10:00,14,7144173,158805
OK,65,50,910,65,2014-04-11T13:15:00,19,7144622,158805
OK,69,48,910,69,2014-04-11T13:20:00,12,7145071,158805
OK,59,56,910,59,2014-04-11T13:25:00,15,7145520,158805
OK,59,56,910,59,2014-04-11T13:30:00,18,7145969,158805
OK,64,51,910,64,2014-04-11T13:35:00,12,7146418,158805
OK,64,51,910,64,2014-04-11T13:40:00,11,7146867,158805
OK,56,59,910,56,2014-04-11T13:45:00,14,7147316,158805
OK,53,62,910,53,2014-04-11T13:50:00,13,7147765,158805
OK,49,67,910,49,2014-04-11T13:55:00,9,7148214,158805
OK,49,67,910,49,2014-04-11T14:00:00,14,7148663,158805
OK,48,69,910,48,2014-04-11T14:05:00,15,7149112,158805
OK,49,67,910,49,2014-04-11T14:10:00,8,7149561,158805
OK,55,60,910,55,2014-04-11T14:15:00,10,7150010,158805
OK,52,63,910,52,2014-04-11T14:20:00,14,7150459,158805
OK,52,63,910,52,2014-04-11T14:25:00,11,7150908,158805
OK,50,66,910,50,2014-04-11T14:30:00,6,7151357,158805
OK,48,69,910,48,2014-04-11T14:35:00,10,7151806,158805
OK,46,72,910,46,2014-04-11T14:40:00,9,7152255,158805
OK,43,77,910,43,2014-04-11T14:45:00,3,7152704,158805
OK,48,69,910,48,2014-04-11T14:50:00,3,7153153,158805
OK,52,63,910,52,2014-04-11T14:55:00,2,7153602,158805
OK,48,69,910,48,2014-04-11T15:00:00,3,7154051,158805
OK,48,69,910,48,2014-04-11T15:05:00,1,7154500,158805
OK,56,59,910,56,2014-04-11T15:10:00,3,7154949,158805
OK,45,73,910,45,2014-04-11T15:15:00,6,7155398,158805
OK,51,64,910,51,2014-04-11T15:20:00,10,7155847,158805
OK,51,64,910,51,2014-04-11T15:25:00,8,7156296,158805
OK,47,70,910,47,2014-04-11T15:30:00,5,7156745,158805
OK,47,70,910,47,2014-04-11T15:35:00,9,7157194,158805
OK,47,70,910,47,2014-04-11T15:40:00,8,7157643,158805
OK,49,67,910,49,2014-04-11T15:45:00,3,7158092,158805
OK,49,67,910,49,2014-04-11T15:50:00,3,7158541,158805
OK,57,58,910,57,2014-04-11T15:55:00,2,7158990,158805
OK,48,69,910,48,2014-04-11T16:00:00,4,7159439,158805
OK,48,69,910,48,2014-04-11T16:05:00,6,7159888,158805
OK,52,63,910,52,2014-04-11T16:10:00,3,7160337,158805
OK,52,63,910,52,2014-04-11T16:15:00,0,7160786,158805
OK,47,70,910,47,2014-04-11T16:20:00,2,7161235,158805
OK,49,67,910,49,2014-04-11T16:25:00,2,7161684,158805
OK,51,64,910,51,2014-04-11T16:30:00,3,7162133,158805
OK,36,92,910,36,2014-04-11T16:35:00,3,7162582,158805
OK,42,78,910,42,2014-04-11T16:40:00,8,7163031,158805
OK,53,62,910,53,2014-04-11T16:45:00,8,7163480,158805
OK,52,63,910,52,2014-04-11T16:50:00,4,7163929,158805
OK,48,69,910,48,2014-04-11T16:55:00,4,7164378,158805
OK,49,67,910,49,2014-04-11T17:00:00,6,7164827,158805
OK,46,72,910,46,2014-04-11T17:05:00,3,7165276,158805
OK,47,70,910,47,2014-04-11T17:10:00,4,7165725,158805
OK,49,67,910,49,2014-04-11T17:15:00,7,7166174,158805
OK,49,67,910,49,2014-04-11T17:20:00,4,7166623,158805
OK,52,63,910,52,2014-04-11T17:25:00,3,7167072,158805
OK,46,72,910,46,2014-04-11T17:30:00,7,7167521,158805
OK,42,78,910,42,2014-04-11T17:35:00,2,7167970,158805
OK,39,84,910,39,2014-04-11T17:40:00,2,7168419,158805
OK,39,84,910,39,2014-04-11T17:45:00,4,7168868,158805
OK,64,51,910,64,2014-04-11T17:50:00,3,7169317,158805
OK,64,51,910,64,2014-04-11T17:55:00,0,7169766,158805
OK,44,75,910,44,2014-04-11T18:00:00,1,7170215,158805
OK,42,78,910,42,2014-04-11T18:05:00,2,7170664,158805
OK,40,82,910,40,2014-04-11T18:10:00,0,7171113,158805
OK,40,82,910,40,2014-04-11T18:15:00,1,7171562,158805
OK,40,82,910,40,2014-04-11T18:20:00,1,7172011,158805
OK,68,48,910,68,2014-04-11T18:25:00,1,7172460,158805
OK,68,48,910,68,2014-04-11T18:30:00,1,7172909,158805
OK,68,48,910,68,2014-04-11T18:35:00,0,7173358,158805
OK,68,48,910,68,2014-04-11T18:40:00,0,7173807,158805
OK,68,48,910,68,2014-04-11T18:45:00,0,7174256,158805
OK,57,58,910,57,2014-04-11T18:50:00,2,7174705,158805
OK,57,58,910,57,2014-04-11T18:55:00,2,7175154,158805
OK,56,59,910,56,2014-04-11T19:00:00,0,7175603,158805
OK,56,59,910,56,2014-04-11T19:05:00,1,7176052,158805
OK,51,64,910,51,2014-04-11T19:10:00,4,7176501,158805
OK,47,70,910,47,2014-04-11T19:15:00,2,7176950,158805
OK,53,62,910,53,2014-04-11T19:20:00,3,7177399,158805
OK,48,69,910,48,2014-04-11T19:25:00,3,7177848,158805
OK,46,72,910,46,2014-04-11T19:30:00,0,7178297,158805
OK,53,62,910,53,2014-04-11T19:35:00,1,7178746,158805
OK,53,62,910,53,2014-04-11T19:40:00,0,7179195,158805
OK,53,62,910,53,2014-04-11T19:45:00,0,7179644,158805
OK,53,62,910,53,2014-04-11T19:50:00,0,7180093,158805
OK,53,62,910,53,2014-04-11T19:55:00,0,7180542,158805
OK,44,75,910,44,2014-04-11T20:10:00,1,7181889,158805
OK,42,78,910,42,2014-04-11T20:25:00,3,7183236,158805
OK,42,78,910,42,2014-04-11T20:30:00,0,7183684,158805
OK,36,92,910,36,2014-04-11T20:45:00,1,7185017,158805
OK,36,92,910,36,2014-04-11T20:50:00,1,7185465,158805
OK,46,72,910,46,2014-04-11T21:10:00,1,7187177,158805
OK,46,72,910,46,2014-04-11T21:15:00,0,7187626,158805
OK,46,72,910,46,2014-04-11T21:20:00,0,7188075,158805
OK,45,73,910,45,2014-04-11T21:25:00,2,7188524,158805
OK,54,61,910,54,2014-04-11T21:30:00,3,7188973,158805
OK,49,67,910,49,2014-04-11T21:40:00,2,7189871,158805
OK,50,66,910,50,2014-04-11T21:50:00,0,7190769,158805
OK,50,66,910,50,2014-04-11T21:55:00,0,7191218,158805
OK,50,66,910,50,2014-04-11T22:00:00,0,7191667,158805
OK,50,66,910,50,2014-04-11T22:05:00,0,7192116,158805
OK,50,66,910,50,2014-04-11T22:10:00,0,7192565,158805
OK,50,66,910,50,2014-04-11T22:15:00,0,7193014,158805
OK,50,66,910,50,2014-04-11T22:20:00,0,7193463,158805
OK,62,53,910,62,2014-04-11T22:35:00,0,7194683,158805
OK,62,53,910,62,2014-04-11T22:40:00,0,7195132,158805
OK,42,78,910,42,2014-04-11T22:45:00,2,7195581,158805
OK,43,77,910,43,2014-04-11T22:50:00,2,7196030,158805
OK,42,78,910,42,2014-04-11T23:00:00,0,7196893,158805
OK,52,63,910,52,2014-04-11T23:05:00,0,7197342,158805
OK,52,63,910,52,2014-04-11T23:15:00,0,7198229,158805
OK,52,63,910,52,2014-04-11T23:30:00,0,7199576,158805
OK,52,63,910,52,2014-04-11T23:40:00,0,7200449,158805
OK,52,63,910,52,2014-04-11T23:50:00,0,7201338,158805
OK,52,63,910,52,2014-04-12T00:00:00,0,7202235,158805
OK,52,63,910,52,2014-04-12T00:10:00,0,7203133,158805
OK,52,63,910,52,2014-04-12T00:15:00,0,7203582,158805
OK,52,63,910,52,2014-04-12T00:20:00,0,7204031,158805
OK,52,63,910,52,2014-04-12T00:25:00,0,7204480,158805
OK,57,58,910,57,2014-04-12T00:30:00,2,7204929,158805
OK,57,58,910,57,2014-04-12T00:35:00,0,7205378,158805
OK,35,94,910,35,2014-04-12T00:40:00,1,7205827,158805
OK,35,94,910,35,2014-04-12T00:45:00,0,7206276,158805
OK,35,94,910,35,2014-04-12T00:50:00,0,7206725,158805
OK,35,94,910,35,2014-04-12T00:55:00,0,7207174,158805
OK,40,82,910,40,2014-04-12T01:00:00,1,7207623,158805
OK,46,72,910,46,2014-04-12T01:05:00,2,7208072,158805
OK,52,63,910,52,2014-04-12T01:10:00,1,7208521,158805
OK,52,63,910,52,2014-04-12T01:15:00,0,7208970,158805
OK,52,63,910,52,2014-04-12T01:20:00,0,7209419,158805
OK,52,63,910,52,2014-04-12T01:25:00,0,7209868,158805
OK,52,63,910,52,2014-04-12T01:30:00,0,7210317,158805
OK,52,63,910,52,2014-04-12T01:35:00,0,7210766,158805
OK,52,63,910,52,2014-04-12T01:40:00,0,7211215,158805
OK,52,63,910,52,2014-04-12T01:45:00,0,7211664,158805
OK,52,63,910,52,2014-04-12T01:50:00,0,7212113,158805
OK,52,63,910,52,2014-04-12T01:55:00,0,7212562,158805
OK,52,63,910,52,2014-04-12T02:00:00,0,7213011,158805
OK,52,63,910,52,2014-04-12T02:05:00,0,7213460,158805
OK,52,63,910,52,2014-04-12T02:10:00,0,7213909,158805
OK,52,63,910,52,2014-04-12T02:15:00,0,7214358,158805
OK,52,63,910,52,2014-04-12T02:20:00,0,7214807,158805
OK,52,63,910,52,2014-04-12T02:25:00,0,7215256,158805
OK,52,63,910,52,2014-04-12T02:30:00,0,7215705,158805
OK,45,73,910,45,2014-04-12T02:35:00,0,7216154,158805
OK,45,73,910,45,2014-04-12T02:40:00,0,7216603,158805
OK,45,73,910,45,2014-04-12T02:45:00,0,7217052,158805
OK,45,73,910,45,2014-04-12T02:50:00,0,7217501,158805
OK,45,73,910,45,2014-04-12T02:55:00,0,7217950,158805
OK,45,73,910,45,2014-04-12T03:00:00,0,7218399,158805
OK,45,73,910,45,2014-04-12T03:05:00,0,7218848,158805
OK,45,73,910,45,2014-04-12T03:10:00,0,7219297,158805
OK,45,73,910,45,2014-04-12T03:15:00,0,7219746,158805
OK,45,73,910,45,2014-04-12T03:20:00,0,7220195,158805
OK,45,73,910,45,2014-04-12T03:25:00,0,7220644,158805
OK,45,73,910,45,2014-04-12T03:30:00,0,7221093,158805
OK,45,73,910,45,2014-04-12T03:35:00,0,7221542,158805
OK,45,73,910,45,2014-04-12T03:40:00,0,7221991,158805
OK,45,73,910,45,2014-04-12T03:45:00,0,7222440,158805
OK,45,73,910,45,2014-04-12T03:50:00,0,7222889,158805
OK,45,73,910,45,2014-04-12T03:55:00,0,7223338,158805
OK,45,73,910,45,2014-04-12T04:00:00,0,7223787,158805
OK,45,73,910,45,2014-04-12T04:05:00,0,7224236,158805
OK,45,73,910,45,2014-04-12T04:10:00,0,7224685,158805
OK,45,73,910,45,2014-04-12T04:15:00,0,7225134,158805
OK,45,73,910,45,2014-04-12T04:20:00,0,7225583,158805
OK,45,73,910,45,2014-04-12T04:25:00,0,7226032,158805
OK,45,73,910,45,2014-04-12T04:30:00,0,7226481,158805
OK,45,73,910,45,2014-04-12T04:35:00,0,7226930,158805
OK,45,73,910,45,2014-04-12T04:40:00,0,7227379,158805
OK,45,73,910,45,2014-04-12T04:45:00,0,7227828,158805
OK,45,73,910,45,2014-04-12T04:50:00,0,7228277,158805
OK,57,58,910,57,2014-04-12T04:55:00,1,7228726,158805
OK,57,58,910,57,2014-04-12T05:00:00,1,7229175,158805
OK,57,58,910,57,2014-04-12T05:05:00,0,7229624,158805
OK,43,77,910,43,2014-04-12T05:10:00,1,7230073,158805
OK,50,66,910,50,2014-04-12T05:15:00,3,7230522,158805
OK,50,66,910,50,2014-04-12T05:20:00,3,7230971,158805
OK,47,70,910,47,2014-04-12T05:25:00,0,7231420,158805
OK,47,70,910,47,2014-04-12T05:30:00,0,7231869,158805
OK,47,70,910,47,2014-04-12T05:35:00,0,7232318,158805
OK,49,67,910,49,2014-04-12T05:40:00,2,7232767,158805
OK,45,73,910,45,2014-04-12T05:45:00,3,7233216,158805
OK,44,75,910,44,2014-04-12T05:50:00,2,7233665,158805
OK,50,66,910,50,2014-04-12T05:55:00,1,7234114,158805
OK,50,66,910,50,2014-04-12T06:00:00,0,7234563,158805
OK,50,66,910,50,2014-04-12T06:05:00,0,7235012,158805
OK,50,66,910,50,2014-04-12T06:10:00,0,7235461,158805
OK,50,66,910,50,2014-04-12T06:15:00,0,7235910,158805
OK,40,82,910,40,2014-04-12T06:20:00,2,7236359,158805
OK,37,89,910,37,2014-04-12T06:25:00,1,7236808,158805
OK,37,89,910,37,2014-04-12T06:30:00,0,7237257,158805
OK,37,89,910,37,2014-04-12T06:35:00,0,7237706,158805
OK,37,89,910,37,2014-04-12T06:40:00,0,7238155,158805
OK,52,63,910,52,2014-04-12T06:45:00,1,7238604,158805
OK,52,63,910,52,2014-04-12T06:50:00,3,7239053,158805
OK,50,66,910,50,2014-04-12T06:55:00,3,7239502,158805
OK,45,73,910,45,2014-04-12T07:00:00,1,7239951,158805
OK,51,64,910,51,2014-04-12T07:05:00,2,7240400,158805
OK,51,64,910,51,2014-04-12T07:10:00,2,7240849,158805
OK,42,78,910,42,2014-04-12T07:15:00,2,7241298,158805
OK,57,58,910,57,2014-04-12T07:20:00,4,7241747,158805
OK,55,60,910,55,2014-04-12T07:25:00,6,7242196,158805
OK,50,66,910,50,2014-04-12T07:30:00,3,7242645,158805
OK,54,61,910,54,2014-04-12T07:35:00,4,7243094,158805
OK,54,61,910,54,2014-04-12T07:40:00,3,7243543,158805
OK,53,62,910,53,2014-04-12T07:45:00,0,7243992,158805
OK,57,58,910,57,2014-04-12T07:50:00,2,7244441,158805
OK,41,80,910,41,2014-04-12T07:55:00,3,7244890,158805
OK,41,80,910,41,2014-04-12T08:00:00,4,7245339,158805
OK,48,69,910,48,2014-04-12T08:05:00,0,7245788,158805
OK,48,69,910,48,2014-04-12T08:10:00,0,7246237,158805
OK,50,66,910,50,2014-04-12T08:15:00,1,7246686,158805
OK,50,66,910,50,2014-04-12T08:20:00,4,7247135,158805
OK,50,66,910,50,2014-04-12T08:25:00,3,7247584,158805
OK,38,87,910,38,2014-04-12T08:30:00,1,7248033,158805
OK,41,80,910,41,2014-04-12T08:35:00,3,7248482,158805
OK,41,80,910,41,2014-04-12T08:40:00,3,7248931,158805
OK,52,63,910,52,2014-04-12T08:45:00,3,7249380,158805
OK,52,63,910,52,2014-04-12T08:50:00,4,7249829,158805
OK,47,70,910,47,2014-04-12T08:55:00,6,7250278,158805
OK,45,73,910,45,2014-04-12T09:00:00,6,7250727,158805
OK,48,69,910,48,2014-04-12T09:05:00,3,7251176,158805
OK,55,60,910,55,2014-04-12T09:10:00,4,7251625,158805
OK,61,54,910,61,2014-04-12T09:15:00,1,7252074,158805
OK,70,47,910,70,2014-04-12T09:20:00,4,7252523,158805
OK,55,60,910,55,2014-04-12T09:25:00,8,7252972,158805
OK,45,73,910,45,2014-04-12T09:30:00,4,7253421,158805
OK,42,78,910,42,2014-04-12T09:35:00,1,7253870,158805
OK,50,66,910,50,2014-04-12T09:40:00,1,7254319,158805
OK,50,66,910,50,2014-04-12T09:45:00,3,7254768,158805
OK,47,70,910,47,2014-04-12T09:50:00,6,7255217,158805
OK,46,72,910,46,2014-04-12T09:55:00,7,7255666,158805
OK,51,64,910,51,2014-04-12T10:00:00,6,7256115,158805
OK,46,72,910,46,2014-04-12T10:05:00,4,7256564,158805
OK,48,69,910,48,2014-04-12T10:10:00,7,7257013,158805
OK,48,69,910,48,2014-04-12T10:15:00,10,7257462,158805
OK,48,69,910,48,2014-04-12T10:20:00,8,7257911,158805
OK,50,66,910,50,2014-04-12T10:25:00,6,7258360,158805
OK,50,66,910,50,2014-04-12T10:30:00,7,7258809,158805
OK,50,66,910,50,2014-04-12T10:35:00,9,7259258,158805
OK,57,58,910,57,2014-04-12T10:40:00,11,7259707,158805
OK,57,58,910,57,2014-04-12T10:45:00,5,7260156,158805
OK,66,50,910,66,2014-04-12T10:50:00,3,7260605,158805
OK,52,63,910,52,2014-04-12T10:55:00,2,7261054,158805
OK,49,67,910,49,2014-04-12T11:00:00,3,7261503,158805
OK,48,69,910,48,2014-04-12T11:05:00,4,7261952,158805
OK,49,67,910,49,2014-04-12T11:10:00,9,7262401,158805
OK,47,70,910,47,2014-04-12T11:15:00,9,7262850,158805
OK,46,72,910,46,2014-04-12T11:20:00,5,7263299,158805
OK,44,75,910,44,2014-04-12T11:25:00,4,7263748,158805
OK,39,84,910,39,2014-04-12T11:30:00,1,7264197,158805
OK,38,87,910,38,2014-04-12T11:35:00,2,7264646,158805
OK,43,77,910,43,2014-04-12T11:40:00,5,7265095,158805
OK,62,53,910,62,2014-04-12T11:45:00,4,7265544,158805
OK,92,36,910,92,2014-04-12T11:50:00,1,7265993,158805
OK,56,59,910,56,2014-04-12T11:55:00,3,7266442,158805
OK,56,59,910,56,2014-04-12T12:00:00,3,7266891,158805
OK,57,58,910,57,2014-04-12T12:05:00,2,7267340,158805
OK,60,55,910,60,2014-04-12T12:10:00,1,7267789,158805
OK,60,55,910,60,2014-04-12T12:15:00,1,7268238,158805
OK,53,62,910,53,2014-04-12T12:20:00,1,7268687,158805
OK,60,55,910,60,2014-04-12T12:25:00,5,7269136,158805
OK,65,50,910,65,2014-04-12T12:30:00,5,7269585,158805
OK,58,57,910,58,2014-04-12T12:35:00,2,7270034,158805
OK,44,75,910,44,2014-04-12T12:40:00,2,7270483,158805
OK,50,66,910,50,2014-04-12T12:45:00,3,7270932,158805
OK,50,66,910,50,2014-04-12T12:50:00,5,7271381,158805
OK,48,69,910,48,2014-04-12T12:55:00,6,7271830,158805
OK,55,60,910,55,2014-04-12T13:00:00,9,7272279,158805
OK,53,62,910,53,2014-04-12T13:05:00,9,7272728,158805
OK,41,80,910,41,2014-04-12T13:10:00,6,7273177,158805
OK,46,72,910,46,2014-04-12T13:15:00,9,7273626,158805
OK,46,72,910,46,2014-04-12T13:20:00,9,7274075,158805
OK,48,69,910,48,2014-04-12T13:25:00,5,7274524,158805
OK,50,66,910,50,2014-04-12T13:30:00,4,7274973,158805
OK,50,66,910,50,2014-04-12T13:35:00,6,7275422,158805
OK,59,56,910,59,2014-04-12T13:40:00,3,7275871,158805
OK,46,72,910,46,2014-04-12T13:45:00,4,7276320,158805
OK,43,77,910,43,2014-04-12T13:50:00,4,7276769,158805
OK,61,54,910,61,2014-04-12T13:55:00,1,7277218,158805
OK,54,61,910,54,2014-04-12T14:00:00,2,7277667,158805
OK,52,63,910,52,2014-04-12T14:05:00,5,7278116,158805
OK,46,72,910,46,2014-04-12T14:10:00,5,7278565,158805
OK,49,67,910,49,2014-04-12T14:15:00,6,7279014,158805
OK,51,64,910,51,2014-04-12T14:20:00,8,7279463,158805
OK,52,63,910,52,2014-04-12T14:25:00,9,7279912,158805
OK,44,75,910,44,2014-04-12T14:30:00,7,7280361,158805
OK,52,63,910,52,2014-04-12T14:35:00,5,7280810,158805
OK,51,64,910,51,2014-04-12T14:40:00,6,7281259,158805
OK,51,64,910,51,2014-04-12T14:45:00,6,7281708,158805
OK,54,61,910,54,2014-04-12T14:50:00,4,7282157,158805
OK,52,63,910,52,2014-04-12T14:55:00,1,7282606,158805
OK,55,60,910,55,2014-04-12T15:00:00,1,7283055,158805
OK,52,63,910,52,2014-04-12T15:05:00,3,7283504,158805
OK,48,69,910,48,2014-04-12T15:10:00,4,7283953,158805
OK,51,64,910,51,2014-04-12T15:15:00,5,7284402,158805
OK,54,61,910,54,2014-04-12T15:20:00,1,7284851,158805
OK,46,72,910,46,2014-04-12T15:25:00,4,7285300,158805
OK,49,67,910,49,2014-04-12T15:30:00,7,7285749,158805
OK,47,70,910,47,2014-04-12T15:35:00,6,7286198,158805
OK,46,72,910,46,2014-04-12T15:40:00,5,7286647,158805
OK,48,69,910,48,2014-04-12T15:45:00,8,7287096,158805
OK,47,70,910,47,2014-04-12T15:50:00,8,7287545,158805
OK,78,42,910,78,2014-04-12T15:55:00,3,7287994,158805
OK,65,50,910,65,2014-04-12T16:00:00,4,7288443,158805
OK,52,63,910,52,2014-04-12T16:05:00,5,7288892,158805
OK,44,75,910,44,2014-04-12T16:10:00,5,7289341,158805
OK,46,72,910,46,2014-04-12T16:15:00,4,7289790,158805
OK,49,67,910,49,2014-04-12T16:20:00,1,7290239,158805
OK,48,69,910,48,2014-04-12T16:25:00,1,7290688,158805
OK,54,61,910,54,2014-04-12T16:30:00,1,7291137,158805
OK,53,62,910,53,2014-04-12T16:35:00,2,7291586,158805
OK,52,63,910,52,2014-04-12T16:40:00,1,7292035,158805
OK,52,63,910,52,2014-04-12T16:45:00,0,7292484,158805
OK,44,75,910,44,2014-04-12T16:50:00,1,7292933,158805
OK,46,72,910,46,2014-04-12T16:55:00,3,7293382,158805
OK,49,67,910,49,2014-04-12T17:00:00,4,7293831,158805
OK,47,70,910,47,2014-04-12T17:05:00,3,7294280,158805
OK,50,66,910,50,2014-04-12T17:10:00,3,7294729,158805
OK,51,64,910,51,2014-04-12T17:15:00,3,7295178,158805
OK,51,64,910,51,2014-04-12T17:20:00,0,7295627,158805
OK,51,64,910,51,2014-04-12T17:25:00,0,7296076,158805
OK,51,64,910,51,2014-04-12T17:45:00,4,7296525,158805
OK,46,72,910,46,2014-04-12T17:50:00,2,7296974,158805
OK,46,72,910,46,2014-04-12T17:55:00,0,7297423,158805
OK,46,72,910,46,2014-04-12T18:00:00,0,7297872,158805
OK,46,72,910,46,2014-04-12T18:05:00,0,7298321,158805
OK,46,72,910,46,2014-04-12T18:10:00,0,7298770,158805
OK,46,72,910,46,2014-04-12T18:15:00,0,7299219,158805
OK,40,82,910,40,2014-04-12T18:20:00,2,7299668,158805
OK,43,77,910,43,2014-04-12T18:25:00,4,7300117,158805
OK,51,64,910,51,2014-04-12T18:30:00,3,7300566,158805
OK,51,64,910,51,2014-04-12T18:35:00,0,7301015,158805
OK,51,64,910,51,2014-04-12T18:40:00,0,7301464,158805
OK,51,64,910,51,2014-04-12T18:45:00,0,7301913,158805
OK,51,64,910,51,2014-04-12T18:50:00,0,7302362,158805
OK,51,64,910,51,2014-04-12T18:55:00,0,7302811,158805
OK,53,62,910,53,2014-04-12T19:00:00,1,7303260,158805
OK,54,61,910,54,2014-04-12T19:05:00,2,7303709,158805
OK,54,61,910,54,2014-04-12T19:10:00,4,7304158,158805
OK,49,67,910,49,2014-04-12T19:15:00,1,7304607,158805
OK,49,67,910,49,2014-04-12T19:20:00,0,7305056,158805
OK,49,67,910,49,2014-04-12T19:25:00,0,7305505,158805
OK,43,77,910,43,2014-04-12T19:30:00,5,7305954,158805
OK,43,77,910,43,2014-04-12T19:35:00,3,7306403,158805
OK,50,66,910,50,2014-04-12T19:40:00,1,7306852,158805
OK,47,70,910,47,2014-04-12T19:45:00,2,7307301,158805
OK,52,63,910,52,2014-04-12T19:50:00,2,7307750,158805
OK,54,61,910,54,2014-04-12T19:55:00,3,7308199,158805
OK,57,58,910,57,2014-04-12T20:00:00,1,7308648,158805
OK,57,58,910,57,2014-04-12T20:05:00,0,7309097,158805
OK,44,75,910,44,2014-04-12T20:10:00,4,7309546,158805
OK,44,75,910,44,2014-04-12T20:15:00,4,7309995,158805
OK,44,75,910,44,2014-04-12T20:20:00,0,7310444,158805
OK,44,75,910,44,2014-04-12T20:25:00,0,7310893,158805
OK,44,75,910,44,2014-04-12T20:30:00,0,7311342,158805
OK,44,75,910,44,2014-04-12T20:35:00,0,7311791,158805
OK,37,89,910,37,2014-04-12T20:40:00,1,7312240,158805
OK,47,70,910,47,2014-04-12T20:45:00,3,7312689,158805
OK,47,70,910,47,2014-04-12T20:50:00,3,7313138,158805
OK,47,70,910,47,2014-04-12T20:55:00,0,7313587,158805
OK,47,70,910,47,2014-04-12T21:00:00,0,7314036,158805
OK,51,64,910,51,2014-04-12T21:05:00,1,7314485,158805
OK,49,67,910,49,2014-04-12T21:10:00,1,7314934,158805
OK,48,69,910,48,2014-04-12T21:15:00,2,7315383,158805
OK,47,70,910,47,2014-04-12T21:20:00,0,7315832,158805
OK,47,70,910,47,2014-04-12T21:25:00,0,7316281,158805
OK,47,70,910,47,2014-04-12T21:30:00,0,7316730,158805
OK,47,70,910,47,2014-04-12T21:35:00,0,7317179,158805
OK,47,70,910,47,2014-04-12T21:40:00,0,7317628,158805
OK,47,70,910,47,2014-04-12T21:45:00,0,7318077,158805
OK,47,70,910,47,2014-04-12T21:50:00,0,7318526,158805
OK,47,70,910,47,2014-04-12T21:55:00,0,7318975,158805
OK,47,70,910,47,2014-04-12T22:00:00,0,7319424,158805
OK,47,70,910,47,2014-04-12T22:05:00,0,7319873,158805
OK,47,70,910,47,2014-04-12T22:10:00,0,7320322,158805
OK,41,80,910,41,2014-04-12T22:15:00,3,7320771,158805
OK,44,75,910,44,2014-04-12T22:20:00,1,7321220,158805
OK,53,62,910,53,2014-04-12T22:25:00,1,7321669,158805
OK,54,61,910,54,2014-04-12T22:30:00,3,7322118,158805
OK,53,62,910,53,2014-04-12T22:35:00,3,7322567,158805
OK,44,75,910,44,2014-04-12T22:40:00,0,7323016,158805
OK,44,75,910,44,2014-04-12T22:45:00,0,7323465,158805
OK,44,75,910,44,2014-04-12T22:50:00,0,7323914,158805
OK,44,75,910,44,2014-04-12T22:55:00,0,7324363,158805
OK,44,75,910,44,2014-04-12T23:00:00,0,7324812,158805
OK,44,75,910,44,2014-04-12T23:10:00,0,7325491,158805
OK,44,75,910,44,2014-04-12T23:15:00,0,7325940,158805
OK,44,75,910,44,2014-04-12T23:20:00,0,7326389,158805
OK,44,75,910,44,2014-04-12T23:25:00,0,7326838,158805
OK,56,59,910,56,2014-04-12T23:30:00,1,7327287,158805
OK,56,59,910,56,2014-04-12T23:35:00,0,7327736,158805
OK,56,59,910,56,2014-04-12T23:40:00,0,7328185,158805
OK,44,75,910,44,2014-04-12T23:45:00,1,7328634,158805
OK,44,75,910,44,2014-04-12T23:50:00,0,7329083,158805
OK,38,87,910,38,2014-04-12T23:55:00,0,7329532,158805
OK,38,87,910,38,2014-04-13T00:00:00,0,7329981,158805
OK,44,75,910,44,2014-04-13T00:05:00,0,7330430,158805
OK,44,75,910,44,2014-04-13T00:10:00,0,7330879,158805
OK,42,78,910,42,2014-04-13T00:15:00,1,7331328,158805
OK,42,78,910,42,2014-04-13T00:20:00,0,7331777,158805
OK,42,78,910,42,2014-04-13T00:25:00,0,7332226,158805
OK,42,78,910,42,2014-04-13T00:30:00,0,7332675,158805
OK,42,78,910,42,2014-04-13T00:35:00,0,7333124,158805
OK,42,78,910,42,2014-04-13T00:40:00,0,7333573,158805
OK,42,78,910,42,2014-04-13T00:45:00,0,7334022,158805
OK,42,78,910,42,2014-04-13T00:50:00,0,7334471,158805
OK,42,78,910,42,2014-04-13T00:55:00,0,7334920,158805
OK,42,78,910,42,2014-04-13T01:00:00,0,7335369,158805
OK,42,78,910,42,2014-04-13T01:05:00,0,7335818,158805
OK,42,78,910,42,2014-04-13T01:10:00,0,7336267,158805
OK,46,72,910,46,2014-04-13T01:15:00,1,7336716,158805
OK,50,66,910,50,2014-04-13T01:20:00,2,7337165,158805
OK,54,61,910,54,2014-04-13T01:25:00,0,7337614,158805
OK,54,61,910,54,2014-04-13T01:30:00,0,7338063,158805
OK,54,61,910,54,2014-04-13T01:35:00,0,7338512,158805
OK,54,61,910,54,2014-04-13T01:40:00,0,7338961,158805
OK,54,61,910,54,2014-04-13T01:45:00,0,7339410,158805
OK,54,61,910,54,2014-04-13T01:50:00,0,7339859,158805
OK,54,61,910,54,2014-04-13T01:55:00,0,7340308,158805
OK,54,61,910,54,2014-04-13T02:00:00,0,7340757,158805
OK,54,61,910,54,2014-04-13T02:05:00,0,7341206,158805
OK,54,61,910,54,2014-04-13T02:10:00,0,7341655,158805
OK,54,61,910,54,2014-04-13T02:15:00,0,7342104,158805
OK,54,61,910,54,2014-04-13T02:20:00,0,7342553,158805
OK,54,61,910,54,2014-04-13T02:25:00,0,7343002,158805
OK,54,61,910,54,2014-04-13T02:30:00,0,7343451,158805
OK,54,61,910,54,2014-04-13T02:35:00,0,7343900,158805
OK,54,61,910,54,2014-04-13T02:40:00,0,7344349,158805
OK,54,61,910,54,2014-04-13T02:45:00,0,7344798,158805
OK,54,61,910,54,2014-04-13T02:50:00,0,7345247,158805
OK,54,61,910,54,2014-04-13T02:55:00,0,7345696,158805
OK,54,61,910,54,2014-04-13T03:00:00,0,7346145,158805
OK,54,61,910,54,2014-04-13T03:05:00,0,7346594,158805
OK,54,61,910,54,2014-04-13T03:10:00,0,7347043,158805
OK,54,61,910,54,2014-04-13T03:15:00,0,7347492,158805
OK,54,61,910,54,2014-04-13T03:20:00,0,7347941,158805
OK,54,61,910,54,2014-04-13T03:25:00,0,7348390,158805
OK,54,61,910,54,2014-04-13T03:30:00,0,7348839,158805
OK,54,61,910,54,2014-04-13T03:35:00,0,7349288,158805
OK,54,61,910,54,2014-04-13T03:40:00,0,7349737,158805
OK,54,61,910,54,2014-04-13T03:45:00,0,7350186,158805
OK,54,61,910,54,2014-04-13T03:50:00,0,7350635,158805
OK,54,61,910,54,2014-04-13T03:55:00,0,7351084,158805
OK,54,61,910,54,2014-04-13T04:00:00,0,7351533,158805
OK,54,61,910,54,2014-04-13T04:05:00,0,7351982,158805
OK,54,61,910,54,2014-04-13T04:10:00,0,7352431,158805
OK,54,61,910,54,2014-04-13T04:15:00,0,7352880,158805
OK,54,61,910,54,2014-04-13T04:20:00,0,7353329,158805
OK,54,61,910,54,2014-04-13T04:25:00,0,7353778,158805
OK,54,61,910,54,2014-04-13T04:30:00,0,7354227,158805
OK,54,61,910,54,2014-04-13T04:35:00,0,7354676,158805
OK,54,61,910,54,2014-04-13T04:40:00,0,7355125,158805
OK,47,70,910,47,2014-04-13T04:45:00,1,7355574,158805
OK,47,70,910,47,2014-04-13T04:50:00,1,7356023,158805
OK,47,70,910,47,2014-04-13T04:55:00,0,7356472,158805
OK,47,70,910,47,2014-04-13T05:00:00,0,7356921,158805
OK,47,70,910,47,2014-04-13T05:05:00,0,7357370,158805
OK,47,70,910,47,2014-04-13T05:10:00,0,7357819,158805
OK,45,73,910,45,2014-04-13T05:15:00,1,7358268,158805
OK,45,73,910,45,2014-04-13T05:20:00,0,7358717,158805
OK,48,69,910,48,2014-04-13T05:25:00,2,7359166,158805
OK,48,69,910,48,2014-04-13T05:30:00,2,7359615,158805
OK,54,61,910,54,2014-04-13T05:35:00,0,7360064,158805
OK,54,61,910,54,2014-04-13T05:40:00,0,7360513,158805
OK,54,61,910,54,2014-04-13T05:45:00,0,7360962,158805
OK,54,61,910,54,2014-04-13T05:50:00,0,7361411,158805
OK,54,61,910,54,2014-04-13T05:55:00,0,7361860,158805
OK,42,78,910,42,2014-04-13T06:00:00,2,7362309,158805
OK,42,78,910,42,2014-04-13T06:05:00,0,7362758,158805
OK,42,78,910,42,2014-04-13T06:10:00,0,7363207,158805
OK,49,67,910,49,2014-04-13T06:15:00,2,7363656,158805
OK,46,72,910,46,2014-04-13T06:20:00,0,7364105,158805
OK,49,67,910,49,2014-04-13T06:25:00,1,7364554,158805
OK,49,67,910,49,2014-04-13T06:30:00,3,7365003,158805
OK,49,67,910,49,2014-04-13T06:35:00,2,7365451,158805
OK,58,57,910,58,2014-04-13T06:40:00,1,7365900,158805
OK,58,57,910,58,2014-04-13T06:45:00,0,7366349,158805
OK,46,72,910,46,2014-04-13T06:50:00,2,7366798,158805
OK,39,84,910,39,2014-04-13T06:55:00,1,7367247,158805
OK,41,80,910,41,2014-04-13T07:00:00,3,7367696,158805
OK,41,80,910,41,2014-04-13T07:05:00,0,7368145,158805
OK,41,80,910,41,2014-04-13T07:10:00,0,7368594,158805
OK,41,80,910,41,2014-04-13T07:15:00,0,7369043,158805
OK,49,67,910,49,2014-04-13T07:20:00,2,7369492,158805
OK,53,62,910,53,2014-04-13T07:25:00,1,7369941,158805
OK,44,75,910,44,2014-04-13T07:30:00,1,7370390,158805
OK,44,75,910,44,2014-04-13T07:35:00,1,7370839,158805
OK,44,75,910,44,2014-04-13T07:40:00,0,7371288,158805
OK,45,73,910,45,2014-04-13T07:45:00,4,7371737,158805
OK,42,78,910,42,2014-04-13T07:50:00,2,7372186,158805
OK,42,78,910,42,2014-04-13T07:55:00,0,7372635,158805
OK,42,78,910,42,2014-04-13T08:00:00,0,7373084,158805
OK,43,77,910,43,2014-04-13T08:05:00,1,7373533,158805
OK,44,75,910,44,2014-04-13T08:10:00,2,7373982,158805
OK,51,64,910,51,2014-04-13T08:15:00,5,7374431,158805
OK,51,64,910,51,2014-04-13T08:20:00,7,7374880,158805
OK,40,82,910,40,2014-04-13T08:25:00,3,7375329,158805
OK,49,67,910,49,2014-04-13T08:30:00,3,7375778,158805
OK,46,72,910,46,2014-04-13T08:35:00,3,7376227,158805
OK,48,69,910,48,2014-04-13T08:40:00,2,7376676,158805
OK,46,72,910,46,2014-04-13T08:45:00,3,7377125,158805
OK,53,62,910,53,2014-04-13T08:50:00,2,7377574,158805
OK,76,43,910,76,2014-04-13T08:55:00,3,7378023,158805
OK,56,59,910,56,2014-04-13T09:00:00,5,7378472,158805
OK,56,59,910,56,2014-04-13T09:05:00,7,7378921,158805
OK,75,44,910,75,2014-04-13T09:10:00,4,7379370,158805
OK,51,64,910,51,2014-04-13T09:15:00,3,7379819,158805
OK,53,62,910,53,2014-04-13T09:20:00,5,7380268,158805
OK,56,59,910,56,2014-04-13T09:25:00,4,7380717,158805
OK,92,36,910,92,2014-04-13T09:30:00,1,7381166,158805
OK,92,36,910,92,2014-04-13T09:35:00,1,7381615,158805
OK,47,70,910,47,2014-04-13T09:40:00,4,7382064,158805
OK,48,69,910,48,2014-04-13T09:45:00,7,7382513,158805
OK,49,67,910,49,2014-04-13T09:50:00,4,7382962,158805
OK,53,62,910,53,2014-04-13T09:55:00,2,7383411,158805
OK,52,63,910,52,2014-04-13T10:00:00,2,7383860,158805
OK,51,64,910,51,2014-04-13T10:05:00,5,7384309,158805
OK,50,66,910,50,2014-04-13T10:10:00,4,7384758,158805
OK,49,67,910,49,2014-04-13T10:15:00,2,7385207,158805
OK,52,63,910,52,2014-04-13T10:20:00,10,7385656,158805
OK,54,61,910,54,2014-04-13T10:25:00,10,7386105,158805
OK,53,62,910,53,2014-04-13T10:30:00,7,7386554,158805
OK,51,64,910,51,2014-04-13T10:35:00,8,7387003,158805
OK,52,63,910,52,2014-04-13T10:40:00,4,7387452,158805
OK,52,63,910,52,2014-04-13T10:45:00,9,7387901,158805
OK,53,62,910,53,2014-04-13T10:50:00,10,7388350,158805
OK,50,66,910,50,2014-04-13T10:55:00,8,7388799,158805
OK,47,70,910,47,2014-04-13T11:00:00,7,7389248,158805
OK,53,62,910,53,2014-04-13T11:05:00,6,7389697,158805
OK,50,66,910,50,2014-04-13T11:10:00,5,7390146,158805
OK,49,67,910,49,2014-04-13T11:15:00,2,7390595,158805
OK,58,57,910,58,2014-04-13T11:20:00,1,7391044,158805
OK,45,73,910,45,2014-04-13T11:25:00,3,7391493,158805
OK,45,73,910,45,2014-04-13T11:30:00,5,7391942,158805
OK,50,66,910,50,2014-04-13T11:35:00,7,7392391,158805
OK,48,69,910,48,2014-04-13T11:40:00,5,7392840,158805
OK,45,73,910,45,2014-04-13T11:45:00,1,7393289,158805
OK,45,73,910,45,2014-04-13T11:50:00,1,7393738,158805
OK,42,78,910,42,2014-04-13T11:55:00,2,7394187,158805
OK,47,70,910,47,2014-04-13T12:00:00,5,7394636,158805
OK,51,64,910,51,2014-04-13T12:05:00,5,7395085,158805
OK,46,72,910,46,2014-04-13T12:10:00,3,7395534,158805
OK,48,69,910,48,2014-04-13T12:15:00,3,7395983,158805
OK,48,69,910,48,2014-04-13T12:20:00,9,7396432,158805
OK,50,66,910,50,2014-04-13T12:25:00,7,7396881,158805
OK,44,75,910,44,2014-04-13T12:30:00,6,7397330,158805
OK,43,77,910,43,2014-04-13T12:35:00,7,7397779,158805
OK,47,70,910,47,2014-04-13T12:40:00,6,7398228,158805
OK,56,59,910,56,2014-04-13T12:45:00,4,7398677,158805
OK,64,51,910,64,2014-04-13T12:50:00,5,7399126,158805
OK,66,50,910,66,2014-04-13T12:55:00,4,7399575,158805
OK,60,55,910,60,2014-04-13T13:00:00,2,7400024,158805
OK,43,77,910,43,2014-04-13T13:05:00,1,7400473,158805
OK,49,67,910,49,2014-04-13T13:10:00,4,7400922,158805
OK,50,66,910,50,2014-04-13T13:15:00,5,7401371,158805
OK,48,69,910,48,2014-04-13T13:20:00,7,7401820,158805
OK,52,63,910,52,2014-04-13T13:25:00,7,7402269,158805
OK,68,48,910,68,2014-04-13T13:30:00,2,7402718,158805
OK,80,41,910,80,2014-04-13T13:35:00,1,7403167,158805
OK,73,45,910,73,2014-04-13T13:40:00,2,7403616,158805
OK,66,50,910,66,2014-04-13T13:45:00,3,7404065,158805
OK,73,45,910,73,2014-04-13T13:50:00,3,7404514,158805
OK,52,63,910,52,2014-04-13T13:55:00,3,7404963,158805
OK,49,67,910,49,2014-04-13T14:00:00,4,7405412,158805
OK,53,62,910,53,2014-04-13T14:05:00,5,7405861,158805
OK,53,62,910,53,2014-04-13T14:10:00,1,7406310,158805
OK,62,53,910,62,2014-04-13T14:15:00,2,7406759,158805
OK,52,63,910,52,2014-04-13T14:20:00,2,7407208,158805
OK,59,56,910,59,2014-04-13T14:25:00,3,7407657,158805
OK,59,56,910,59,2014-04-13T14:30:00,5,7408106,158805
OK,67,49,910,67,2014-04-13T14:35:00,5,7408555,158805
OK,72,46,910,72,2014-04-13T14:40:00,3,7409004,158805
OK,49,67,910,49,2014-04-13T14:45:00,1,7409453,158805
OK,49,67,910,49,2014-04-13T14:50:00,1,7409902,158805
OK,55,60,910,55,2014-04-13T14:55:00,3,7410351,158805
OK,54,61,910,54,2014-04-13T15:00:00,5,7410800,158805
OK,48,69,910,48,2014-04-13T15:05:00,4,7411249,158805
OK,49,67,910,49,2014-04-13T15:10:00,5,7411698,158805
OK,49,67,910,49,2014-04-13T15:15:00,5,7412147,158805
OK,53,62,910,53,2014-04-13T15:20:00,2,7412596,158805
OK,71,46,910,71,2014-04-13T15:25:00,2,7413045,158805
OK,72,46,910,72,2014-04-13T15:30:00,2,7413494,158805
OK,50,66,910,50,2014-04-13T15:35:00,3,7413943,158805
OK,48,69,910,48,2014-04-13T15:40:00,4,7414392,158805
OK,51,64,910,51,2014-04-13T15:45:00,3,7414841,158805
OK,51,64,910,51,2014-04-13T15:50:00,3,7415290,158805
OK,49,67,910,49,2014-04-13T15:55:00,2,7415739,158805
OK,48,69,910,48,2014-04-13T16:00:00,2,7416188,158805
OK,46,72,910,46,2014-04-13T16:05:00,2,7416637,158805
OK,45,73,910,45,2014-04-13T16:10:00,4,7417086,158805
OK,49,67,910,49,2014-04-13T16:15:00,1,7417535,158805
OK,48,69,910,48,2014-04-13T16:20:00,2,7417984,158805
OK,48,69,910,48,2014-04-13T16:25:00,2,7418433,158805
OK,48,69,910,48,2014-04-13T16:30:00,0,7418882,158805
OK,48,69,910,48,2014-04-13T16:35:00,0,7419331,158805
OK,54,61,910,54,2014-04-13T16:40:00,1,7419780,158805
OK,47,70,910,47,2014-04-13T16:45:00,3,7420229,158805
OK,41,80,910,41,2014-04-13T16:50:00,2,7420678,158805
OK,45,73,910,45,2014-04-13T16:55:00,5,7421127,158805
OK,44,75,910,44,2014-04-13T17:00:00,4,7421576,158805
OK,50,66,910,50,2014-04-13T17:05:00,0,7422025,158805
OK,50,66,910,50,2014-04-13T17:10:00,0,7422474,158805
OK,50,66,910,50,2014-04-13T17:15:00,0,7422923,158805
OK,50,66,910,50,2014-04-13T17:20:00,0,7423372,158805
OK,50,66,910,50,2014-04-13T17:25:00,0,7423821,158805
OK,50,66,910,50,2014-04-13T17:30:00,0,7424270,158805
OK,50,66,910,50,2014-04-13T17:35:00,0,7424719,158805
OK,49,67,910,49,2014-04-13T17:40:00,2,7425168,158805
OK,46,72,910,46,2014-04-13T17:45:00,2,7425617,158805
OK,41,80,910,41,2014-04-13T17:50:00,0,7426066,158805
OK,41,80,910,41,2014-04-13T17:55:00,0,7426515,158805
OK,49,67,910,49,2014-04-13T18:00:00,2,7426964,158805
OK,51,64,910,51,2014-04-13T18:05:00,3,7427413,158805
OK,45,73,910,45,2014-04-13T18:10:00,1,7427862,158805
OK,48,69,910,48,2014-04-13T18:15:00,0,7428311,158805
OK,54,61,910,54,2014-04-13T18:20:00,1,7428760,158805
OK,54,61,910,54,2014-04-13T18:25:00,1,7429209,158805
OK,37,89,910,37,2014-04-13T18:30:00,1,7429658,158805
OK,37,89,910,37,2014-04-13T18:35:00,0,7430107,158805
OK,37,89,910,37,2014-04-13T18:40:00,0,7430556,158805
OK,53,62,910,53,2014-04-13T18:45:00,1,7431005,158805
OK,53,62,910,53,2014-04-13T18:50:00,4,7431454,158805
OK,51,64,910,51,2014-04-13T18:55:00,5,7431903,158805
OK,36,92,910,36,2014-04-13T19:00:00,1,7432352,158805
OK,36,92,910,36,2014-04-13T19:05:00,0,7432801,158805
OK,49,67,910,49,2014-04-13T19:10:00,1,7433250,158805
OK,49,67,910,49,2014-04-13T19:15:00,0,7433699,158805
OK,49,67,910,49,2014-04-13T19:20:00,2,7434148,158805
OK,49,67,910,49,2014-04-13T19:25:00,2,7434597,158805
OK,49,67,910,49,2014-04-13T19:30:00,0,7435046,158805
OK,44,75,910,44,2014-04-13T19:35:00,2,7435495,158805
OK,51,64,910,51,2014-04-13T19:40:00,4,7435944,158805
OK,60,55,910,60,2014-04-13T19:45:00,2,7436393,158805
OK,59,56,910,59,2014-04-13T19:50:00,0,7436842,158805
OK,44,75,910,44,2014-04-13T19:55:00,3,7437291,158805
OK,44,75,910,44,2014-04-13T20:00:00,2,7437740,158805
OK,45,73,910,45,2014-04-13T20:05:00,0,7438189,158805
OK,41,80,910,41,2014-04-13T20:10:00,1,7438638,158805
OK,41,80,910,41,2014-04-13T20:15:00,0,7439086,158805
OK,41,80,910,41,2014-04-13T20:20:00,0,7439535,158805
OK,41,80,910,41,2014-04-13T20:25:00,0,7439984,158805
OK,33,100,910,33,2014-04-13T20:30:00,1,7440433,158805
OK,41,80,910,41,2014-04-13T20:35:00,2,7440882,158805
OK,50,66,910,50,2014-04-13T20:40:00,1,7441331,158805
OK,50,66,910,50,2014-04-13T20:45:00,0,7441780,158805
OK,50,66,910,50,2014-04-13T20:50:00,0,7442229,158805
OK,50,66,910,50,2014-04-13T20:55:00,0,7442678,158805
OK,46,72,910,46,2014-04-13T21:00:00,1,7443127,158805
OK,50,66,910,50,2014-04-13T21:05:00,1,7443576,158805
OK,44,75,910,44,2014-04-13T21:10:00,2,7444025,158805
OK,44,75,910,44,2014-04-13T21:15:00,0,7444474,158805
OK,44,75,910,44,2014-04-13T21:20:00,0,7444923,158805
OK,44,75,910,44,2014-04-13T21:25:00,0,7445372,158805
OK,44,75,910,44,2014-04-13T21:30:00,0,7445821,158805
OK,44,75,910,44,2014-04-13T21:35:00,0,7446270,158805
OK,44,75,910,44,2014-04-13T21:40:00,0,7446719,158805
OK,44,75,910,44,2014-04-13T21:45:00,0,7447168,158805
OK,44,75,910,44,2014-04-13T21:50:00,0,7447617,158805
OK,44,75,910,44,2014-04-13T21:55:00,0,7448066,158805
OK,44,75,910,44,2014-04-13T22:00:00,0,7448515,158805
OK,44,75,910,44,2014-04-13T22:05:00,0,7448964,158805
OK,60,55,910,60,2014-04-13T22:10:00,1,7449413,158805
OK,60,55,910,60,2014-04-13T22:15:00,1,7449862,158805
OK,60,55,910,60,2014-04-13T22:20:00,0,7450311,158805
OK,60,55,910,60,2014-04-13T22:25:00,0,7450760,158805
OK,60,55,910,60,2014-04-13T22:30:00,0,7451209,158805
OK,60,55,910,60,2014-04-13T22:35:00,0,7451658,158805
OK,60,55,910,60,2014-04-13T22:40:00,0,7452107,158805
OK,60,55,910,60,2014-04-13T22:45:00,0,7452556,158805
OK,60,55,910,60,2014-04-13T22:50:00,0,7453005,158805
OK,50,66,910,50,2014-04-13T22:55:00,1,7453454,158805
OK,50,66,910,50,2014-04-13T23:00:00,1,7453903,158805
OK,50,66,910,50,2014-04-13T23:05:00,0,7454352,158805
OK,50,66,910,50,2014-04-13T23:10:00,0,7454801,158805
OK,50,66,910,50,2014-04-13T23:15:00,0,7455250,158805
OK,50,66,910,50,2014-04-13T23:20:00,0,7455699,158805
OK,50,66,910,50,2014-04-13T23:25:00,0,7456148,158805
OK,50,66,910,50,2014-04-13T23:30:00,0,7456597,158805
OK,50,66,910,50,2014-04-13T23:35:00,0,7457046,158805
OK,50,66,910,50,2014-04-13T23:40:00,0,7457495,158805
OK,50,66,910,50,2014-04-13T23:45:00,0,7457944,158805
OK,50,66,910,50,2014-04-13T23:50:00,0,7458393,158805
OK,50,66,910,50,2014-04-13T23:55:00,0,7458842,158805
OK,50,66,910,50,2014-04-14T00:00:00,0,7459291,158805
OK,50,66,910,50,2014-04-14T00:10:00,0,7459783,158805
OK,50,66,910,50,2014-04-14T00:15:00,0,7460232,158805
OK,50,66,910,50,2014-04-14T00:20:00,0,7460681,158805
OK,50,66,910,50,2014-04-14T00:25:00,0,7461130,158805
OK,50,66,910,50,2014-04-14T00:30:00,0,7461579,158805
OK,50,66,910,50,2014-04-14T00:35:00,0,7462028,158805
OK,50,66,910,50,2014-04-14T00:40:00,0,7462477,158805
OK,50,66,910,50,2014-04-14T00:45:00,0,7462926,158805
OK,50,66,910,50,2014-04-14T00:50:00,0,7463375,158805
OK,50,66,910,50,2014-04-14T00:55:00,0,7463824,158805
OK,50,66,910,50,2014-04-14T01:00:00,0,7464273,158805
OK,50,66,910,50,2014-04-14T01:05:00,0,7464722,158805
OK,50,66,910,50,2014-04-14T01:10:00,0,7465171,158805
OK,50,66,910,50,2014-04-14T01:15:00,0,7465620,158805
OK,50,66,910,50,2014-04-14T01:20:00,0,7466069,158805
OK,50,66,910,50,2014-04-14T01:25:00,0,7466518,158805
OK,50,66,910,50,2014-04-14T01:30:00,0,7466967,158805
OK,50,66,910,50,2014-04-14T01:35:00,0,7467416,158805
OK,50,66,910,50,2014-04-14T01:40:00,0,7467865,158805
OK,50,66,910,50,2014-04-14T01:45:00,0,7468314,158805
OK,50,66,910,50,2014-04-14T01:50:00,0,7468763,158805
OK,50,66,910,50,2014-04-14T01:55:00,0,7469212,158805
OK,50,66,910,50,2014-04-14T02:00:00,0,7469661,158805
OK,50,66,910,50,2014-04-14T02:05:00,0,7470110,158805
OK,38,87,910,38,2014-04-14T02:10:00,1,7470559,158805
OK,38,87,910,38,2014-04-14T02:15:00,1,7471008,158805
OK,38,87,910,38,2014-04-14T02:20:00,0,7471457,158805
OK,38,87,910,38,2014-04-14T02:25:00,0,7471906,158805
OK,38,87,910,38,2014-04-14T02:30:00,0,7472355,158805
OK,38,87,910,38,2014-04-14T02:35:00,0,7472804,158805
OK,38,87,910,38,2014-04-14T02:40:00,0,7473253,158805
OK,54,61,910,54,2014-04-14T02:45:00,1,7473702,158805
OK,54,61,910,54,2014-04-14T02:50:00,1,7474151,158805
OK,54,61,910,54,2014-04-14T02:55:00,0,7474600,158805
OK,54,61,910,54,2014-04-14T03:00:00,0,7475049,158805
OK,54,61,910,54,2014-04-14T03:05:00,0,7475498,158805
OK,54,61,910,54,2014-04-14T03:10:00,0,7475947,158805
OK,54,61,910,54,2014-04-14T03:15:00,0,7476396,158805
OK,54,61,910,54,2014-04-14T03:20:00,0,7476845,158805
OK,54,61,910,54,2014-04-14T03:25:00,0,7477294,158805
OK,48,69,910,48,2014-04-14T03:30:00,2,7477743,158805
OK,48,69,910,48,2014-04-14T03:35:00,2,7478192,158805
OK,44,75,910,44,2014-04-14T03:40:00,2,7478641,158805
OK,46,72,910,46,2014-04-14T03:45:00,1,7479090,158805
OK,46,72,910,46,2014-04-14T03:50:00,0,7479539,158805
OK,46,72,910,46,2014-04-14T03:55:00,0,7479988,158805
OK,46,72,910,46,2014-04-14T04:00:00,1,7480437,158805
OK,46,72,910,46,2014-04-14T04:05:00,0,7480886,158805
OK,54,61,910,54,2014-04-14T04:10:00,1,7481335,158805
OK,54,61,910,54,2014-04-14T04:15:00,1,7481784,158805
OK,67,49,910,67,2014-04-14T04:20:00,1,7482233,158805
OK,68,48,910,68,2014-04-14T04:25:00,2,7482682,158805
OK,70,47,910,70,2014-04-14T04:30:00,1,7483131,158805
OK,45,73,910,45,2014-04-14T04:35:00,1,7483580,158805
OK,45,73,910,45,2014-04-14T04:40:00,1,7484029,158805
OK,58,57,910,58,2014-04-14T04:45:00,4,7484478,158805
OK,52,63,910,52,2014-04-14T04:50:00,6,7484927,158805
OK,45,73,910,45,2014-04-14T04:55:00,3,7485376,158805
OK,54,61,910,54,2014-04-14T05:00:00,2,7485825,158805
OK,58,57,910,58,2014-04-14T05:05:00,4,7486274,158805
OK,47,70,910,47,2014-04-14T05:10:00,6,7486723,158805
OK,37,89,910,37,2014-04-14T05:15:00,2,7487172,158805
OK,45,73,910,45,2014-04-14T05:20:00,3,7487621,158805
OK,45,73,910,45,2014-04-14T05:25:00,3,7488070,158805
OK,48,69,910,48,2014-04-14T05:30:00,1,7488519,158805
OK,41,80,910,41,2014-04-14T05:35:00,2,7488968,158805
OK,43,77,910,43,2014-04-14T05:40:00,3,7489417,158805
OK,47,70,910,47,2014-04-14T05:45:00,3,7489866,158805
OK,53,62,910,53,2014-04-14T05:50:00,7,7490315,158805
OK,55,60,910,55,2014-04-14T05:55:00,6,7490764,158805
OK,55,60,910,55,2014-04-14T06:00:00,6,7491213,158805
OK,52,63,910,52,2014-04-14T06:05:00,7,7491662,158805
OK,47,70,910,47,2014-04-14T06:10:00,6,7492111,158805
OK,45,73,910,45,2014-04-14T06:15:00,10,7492560,158805
OK,48,69,910,48,2014-04-14T06:20:00,7,7493009,158805
OK,53,62,910,53,2014-04-14T06:25:00,8,7493458,158805
OK,53,62,910,53,2014-04-14T06:30:00,9,7493907,158805
OK,64,51,910,64,2014-04-14T06:35:00,3,7494356,158805
OK,53,62,910,53,2014-04-14T06:40:00,2,7494805,158805
OK,56,59,910,56,2014-04-14T06:45:00,4,7495254,158805
OK,49,67,910,49,2014-04-14T06:50:00,3,7495703,158805
OK,60,55,910,60,2014-04-14T06:55:00,11,7496152,158805
OK,69,48,910,69,2014-04-14T07:00:00,9,7496601,158805
OK,61,54,910,61,2014-04-14T07:05:00,4,7497050,158805
OK,55,60,910,55,2014-04-14T07:10:00,8,7497499,158805
OK,53,62,910,53,2014-04-14T07:15:00,8,7497948,158805
OK,58,57,910,58,2014-04-14T07:20:00,5,7498397,158805
OK,54,61,910,54,2014-04-14T07:25:00,3,7498846,158805
OK,47,70,910,47,2014-04-14T07:30:00,3,7499295,158805
OK,50,66,910,50,2014-04-14T07:35:00,6,7499744,158805
OK,45,73,910,45,2014-04-14T07:40:00,6,7500193,158805
OK,49,67,910,49,2014-04-14T07:45:00,4,7500642,158805
OK,53,62,910,53,2014-04-14T07:50:00,4,7501091,158805
OK,53,62,910,53,2014-04-14T07:55:00,4,7501540,158805
OK,58,57,910,58,2014-04-14T08:00:00,5,7501989,158805
OK,55,60,910,55,2014-04-14T08:05:00,10,7502438,158805
OK,53,62,910,53,2014-04-14T08:10:00,15,7502887,158805
OK,52,63,910,52,2014-04-14T08:15:00,12,7503336,158805
OK,59,56,910,59,2014-04-14T08:20:00,7,7503785,158805
OK,58,57,910,58,2014-04-14T08:25:00,6,7504234,158805
OK,54,61,910,54,2014-04-14T08:30:00,3,7504683,158805
OK,52,63,910,52,2014-04-14T08:35:00,3,7505132,158805
OK,56,59,910,56,2014-04-14T08:40:00,7,7505581,158805
OK,52,63,910,52,2014-04-14T08:45:00,6,7506030,158805
OK,85,38,910,85,2014-04-14T08:50:00,5,7506479,158805
OK,56,59,910,56,2014-04-14T08:55:00,8,7506928,158805
OK,52,63,910,52,2014-04-14T09:00:00,5,7507377,158805
OK,43,77,910,43,2014-04-14T09:05:00,6,7507826,158805
OK,49,67,910,49,2014-04-14T09:10:00,10,7508275,158805
OK,52,63,910,52,2014-04-14T09:15:00,7,7508724,158805
OK,50,66,910,50,2014-04-14T09:20:00,8,7509173,158805
OK,51,64,910,51,2014-04-14T09:25:00,12,7509622,158805
OK,54,61,910,54,2014-04-14T09:30:00,11,7510071,158805
OK,58,57,910,58,2014-04-14T09:35:00,13,7510520,158805
OK,57,58,910,57,2014-04-14T09:40:00,9,7510969,158805
OK,58,57,910,58,2014-04-14T09:45:00,12,7511418,158805
OK,58,57,910,58,2014-04-14T09:50:00,11,7511867,158805
OK,55,60,910,55,2014-04-14T09:55:00,7,7512316,158805
OK,55,60,910,55,2014-04-14T10:00:00,9,7512765,158805
OK,53,62,910,53,2014-04-14T10:05:00,8,7513214,158805
OK,53,62,910,53,2014-04-14T10:10:00,6,7513663,158805
OK,54,61,910,54,2014-04-14T10:15:00,5,7514112,158805
OK,48,69,910,48,2014-04-14T10:20:00,5,7514561,158805
OK,49,67,910,49,2014-04-14T10:25:00,6,7515010,158805
OK,61,54,910,61,2014-04-14T10:30:00,11,7515459,158805
OK,61,54,910,61,2014-04-14T10:35:00,9,7515908,158805
OK,54,61,910,54,2014-04-14T10:40:00,2,7516357,158805
OK,52,63,910,52,2014-04-14T10:45:00,7,7516806,158805
OK,54,61,910,54,2014-04-14T10:50:00,8,7517255,158805
OK,51,64,910,51,2014-04-14T10:55:00,9,7517704,158805
OK,53,62,910,53,2014-04-14T11:00:00,12,7518153,158805
OK,54,61,910,54,2014-04-14T11:05:00,10,7518602,158805
OK,51,64,910,51,2014-04-14T11:10:00,8,7519051,158805
OK,51,64,910,51,2014-04-14T11:15:00,8,7519500,158805
OK,53,62,910,53,2014-04-14T11:20:00,7,7519949,158805
OK,51,64,910,51,2014-04-14T11:25:00,8,7520398,158805
OK,55,60,910,55,2014-04-14T11:30:00,10,7520847,158805
OK,53,62,910,53,2014-04-14T11:35:00,10,7521296,158805
OK,71,46,910,71,2014-04-14T11:40:00,7,7521745,158805
OK,68,48,910,68,2014-04-14T11:45:00,6,7522194,158805
OK,66,50,910,66,2014-04-14T11:50:00,8,7522643,158805
OK,50,66,910,50,2014-04-14T11:55:00,7,7523092,158805
OK,48,69,910,48,2014-04-14T12:00:00,7,7523541,158805
OK,48,69,910,48,2014-04-14T12:05:00,8,7523990,158805
OK,48,69,910,48,2014-04-14T12:10:00,7,7524439,158805
OK,54,61,910,54,2014-04-14T12:15:00,9,7524888,158805
OK,57,58,910,57,2014-04-14T12:20:00,11,7525337,158805
OK,51,64,910,51,2014-04-14T12:25:00,10,7525786,158805
OK,54,61,910,54,2014-04-14T12:30:00,11,7526235,158805
OK,54,61,910,54,2014-04-14T12:35:00,8,7526684,158805
OK,52,63,910,52,2014-04-14T12:40:00,10,7527133,158805
OK,52,63,910,52,2014-04-14T12:45:00,12,7527582,158805
OK,57,58,910,57,2014-04-14T12:50:00,6,7528031,158805
OK,56,59,910,56,2014-04-14T12:55:00,6,7528480,158805
OK,52,63,910,52,2014-04-14T13:00:00,7,7528929,158805
OK,58,57,910,58,2014-04-14T13:05:00,10,7529378,158805
OK,61,54,910,61,2014-04-14T13:10:00,11,7529827,158805
OK,56,59,910,56,2014-04-14T13:15:00,9,7530276,158805
OK,58,57,910,58,2014-04-14T13:20:00,11,7530725,158805
OK,58,57,910,58,2014-04-14T13:25:00,12,7531174,158805
OK,63,52,910,63,2014-04-14T13:30:00,14,7531623,158805
OK,63,52,910,63,2014-04-14T13:35:00,13,7532072,158805
OK,56,59,910,56,2014-04-14T13:40:00,11,7532521,158805
OK,57,58,910,57,2014-04-14T13:45:00,15,7532970,158805
OK,56,59,910,56,2014-04-14T13:50:00,16,7533419,158805
OK,57,58,910,57,2014-04-14T13:55:00,14,7533868,158805
OK,53,62,910,53,2014-04-14T14:00:00,15,7534317,158805
OK,55,60,910,55,2014-04-14T14:05:00,12,7534766,158805
OK,51,64,910,51,2014-04-14T14:10:00,17,7535215,158805
OK,50,66,910,50,2014-04-14T14:15:00,16,7535664,158805
OK,55,60,910,55,2014-04-14T14:20:00,10,7536113,158805
OK,57,58,910,57,2014-04-14T14:25:00,10,7536562,158805
OK,76,43,910,76,2014-04-14T14:30:00,9,7537011,158805
OK,57,58,910,57,2014-04-14T14:35:00,8,7537460,158805
OK,55,60,910,55,2014-04-14T14:40:00,13,7537909,158805
OK,50,66,910,50,2014-04-14T14:45:00,23,7538358,158805
OK,47,70,910,47,2014-04-14T14:50:00,18,7538807,158805
OK,49,67,910,49,2014-04-14T14:55:00,9,7539256,158805
OK,51,64,910,51,2014-04-14T15:00:00,6,7539705,158805
OK,49,67,910,49,2014-04-14T15:05:00,8,7540154,158805
OK,46,72,910,46,2014-04-14T15:10:00,7,7540603,158805
OK,49,67,910,49,2014-04-14T15:15:00,7,7541052,158805
OK,48,69,910,48,2014-04-14T15:20:00,8,7541501,158805
OK,47,70,910,47,2014-04-14T15:25:00,5,7541950,158805
OK,45,73,910,45,2014-04-14T15:30:00,7,7542399,158805
OK,50,66,910,50,2014-04-14T15:35:00,6,7542848,158805
OK,48,69,910,48,2014-04-14T15:40:00,8,7543297,158805
OK,51,64,910,51,2014-04-14T15:45:00,12,7543746,158805
OK,53,62,910,53,2014-04-14T15:50:00,9,7544195,158805
OK,53,62,910,53,2014-04-14T15:55:00,1,7544644,158805
OK,51,64,910,51,2014-04-14T16:00:00,1,7545093,158805
OK,51,64,910,51,2014-04-14T16:05:00,4,7545542,158805
OK,49,67,910,49,2014-04-14T16:10:00,5,7545991,158805
OK,46,72,910,46,2014-04-14T16:15:00,4,7546440,158805
OK,41,80,910,41,2014-04-14T16:20:00,4,7546889,158805
OK,42,78,910,42,2014-04-14T16:25:00,3,7547338,158805
OK,71,46,910,71,2014-04-14T16:30:00,2,7547787,158805
OK,41,80,910,41,2014-04-14T16:35:00,1,7548236,158805
OK,44,75,910,44,2014-04-14T16:40:00,4,7548685,158805
OK,48,69,910,48,2014-04-14T16:45:00,2,7549134,158805
OK,44,75,910,44,2014-04-14T16:50:00,3,7549583,158805
OK,44,75,910,44,2014-04-14T16:55:00,4,7550032,158805
OK,69,48,910,69,2014-04-14T17:00:00,1,7550481,158805
OK,53,62,910,53,2014-04-14T17:05:00,4,7550930,158805
OK,53,62,910,53,2014-04-14T17:10:00,4,7551379,158805
OK,53,62,910,53,2014-04-14T17:15:00,0,7551828,158805
OK,37,89,910,37,2014-04-14T17:20:00,1,7552277,158805
OK,46,72,910,46,2014-04-14T17:25:00,4,7552726,158805
OK,44,75,910,44,2014-04-14T17:30:00,5,7553175,158805
OK,53,62,910,53,2014-04-14T17:35:00,5,7553624,158805
OK,55,60,910,55,2014-04-14T17:40:00,2,7554073,158805
OK,42,78,910,42,2014-04-14T17:45:00,1,7554522,158805
OK,42,78,910,42,2014-04-14T17:50:00,1,7554971,158805
OK,43,77,910,43,2014-04-14T17:55:00,3,7555420,158805
OK,44,75,910,44,2014-04-14T18:00:00,2,7555869,158805
OK,49,67,910,49,2014-04-14T18:05:00,3,7556318,158805
OK,46,72,910,46,2014-04-14T18:10:00,4,7556767,158805
OK,51,64,910,51,2014-04-14T18:15:00,4,7557216,158805
OK,53,62,910,53,2014-04-14T18:20:00,2,7557665,158805
OK,50,66,910,50,2014-04-14T18:25:00,3,7558114,158805
OK,43,77,910,43,2014-04-14T18:30:00,2,7558563,158805
OK,34,97,910,34,2014-04-14T18:35:00,0,7559012,158805
OK,34,97,910,34,2014-04-14T18:40:00,0,7559461,158805
OK,47,70,910,47,2014-04-14T18:45:00,2,7559910,158805
OK,48,69,910,48,2014-04-14T18:50:00,2,7560359,158805
OK,39,84,910,39,2014-04-14T18:55:00,0,7560808,158805
OK,59,56,910,59,2014-04-14T19:00:00,1,7561257,158805
OK,59,56,910,59,2014-04-14T19:05:00,1,7561706,158805
OK,59,56,910,59,2014-04-14T19:10:00,0,7562155,158805
OK,42,78,910,42,2014-04-14T19:15:00,2,7562604,158805
OK,45,73,910,45,2014-04-14T19:20:00,4,7563053,158805
OK,51,64,910,51,2014-04-14T19:25:00,2,7563502,158805
OK,47,70,910,47,2014-04-14T19:30:00,2,7563951,158805
OK,51,64,910,51,2014-04-14T19:35:00,3,7564400,158805
OK,47,70,910,47,2014-04-14T19:40:00,0,7564849,158805
OK,59,56,910,59,2014-04-14T19:45:00,2,7565298,158805
OK,62,53,910,62,2014-04-14T19:50:00,3,7565747,158805
OK,67,49,910,67,2014-04-14T19:55:00,0,7566196,158805
OK,92,36,910,92,2014-04-14T20:10:00,1,7567543,158805
OK,58,57,910,58,2014-04-14T20:20:00,1,7568441,158805
OK,49,67,910,49,2014-04-14T20:25:00,2,7568889,158805
OK,47,70,910,47,2014-04-14T20:30:00,3,7569338,158805
OK,43,77,910,43,2014-04-14T20:40:00,1,7570236,158805
OK,66,50,910,66,2014-04-14T20:50:00,1,7571134,158805
OK,63,52,910,63,2014-04-14T20:55:00,1,7571583,158805
OK,63,52,910,63,2014-04-14T21:00:00,1,7572032,158805
OK,57,58,910,57,2014-04-14T21:05:00,1,7572481,158805
OK,57,58,910,57,2014-04-14T21:10:00,0,7572930,158805
OK,62,53,910,62,2014-04-14T21:15:00,1,7573378,158805
OK,62,53,910,62,2014-04-14T21:20:00,0,7573827,158805
OK,62,53,910,62,2014-04-14T21:25:00,0,7574276,158805
OK,62,53,910,62,2014-04-14T21:30:00,0,7574725,158805
OK,48,69,910,48,2014-04-14T21:35:00,0,7575174,158805
OK,48,69,910,48,2014-04-14T21:40:00,0,7575623,158805
OK,48,69,910,48,2014-04-14T21:45:00,0,7576072,158805
OK,48,69,910,48,2014-04-14T21:50:00,0,7576521,158805
OK,48,69,910,48,2014-04-14T21:55:00,0,7576969,158805
OK,48,69,910,48,2014-04-14T22:00:00,0,7577418,158805
OK,48,69,910,48,2014-04-14T22:05:00,0,7577867,158805
OK,48,69,910,48,2014-04-14T22:10:00,0,7578316,158805
OK,51,64,910,51,2014-04-14T22:15:00,1,7578765,158805
OK,51,64,910,51,2014-04-14T22:20:00,1,7579214,158805
OK,44,75,910,44,2014-04-14T22:25:00,4,7579663,158805
OK,46,72,910,46,2014-04-14T22:30:00,3,7580112,158805
OK,44,75,910,44,2014-04-14T22:35:00,1,7580561,158805
OK,44,75,910,44,2014-04-14T22:40:00,0,7581010,158805
OK,44,75,910,44,2014-04-14T22:45:00,0,7581459,158805
OK,44,75,910,44,2014-04-14T22:50:00,0,7581908,158805
OK,44,75,910,44,2014-04-14T22:55:00,0,7582357,158805
OK,44,75,910,44,2014-04-14T23:00:00,0,7582806,158805
OK,44,75,910,44,2014-04-14T23:05:00,0,7583255,158805
OK,44,75,910,44,2014-04-14T23:10:00,0,7583704,158805
OK,44,75,910,44,2014-04-14T23:15:00,0,7584153,158805
OK,44,75,910,44,2014-04-14T23:20:00,0,7584602,158805
OK,44,75,910,44,2014-04-14T23:25:00,0,7585051,158805
OK,44,75,910,44,2014-04-14T23:30:00,0,7585500,158805
OK,44,75,910,44,2014-04-14T23:35:00,0,7585949,158805
OK,44,75,910,44,2014-04-14T23:40:00,0,7586398,158805
OK,44,75,910,44,2014-04-14T23:45:00,0,7586847,158805
OK,44,75,910,44,2014-04-14T23:50:00,0,7587296,158805
OK,44,75,910,44,2014-04-14T23:55:00,0,7587745,158805
OK,54,61,910,54,2014-04-15T00:00:00,1,7588194,158805
OK,54,61,910,54,2014-04-15T00:05:00,1,7588643,158805
OK,54,61,910,54,2014-04-15T00:10:00,0,7589092,158805
OK,54,61,910,54,2014-04-15T00:15:00,0,7589499,158805
OK,57,58,910,57,2014-04-15T00:20:00,1,7589948,158805
OK,57,58,910,57,2014-04-15T00:25:00,0,7590397,158805
OK,57,58,910,57,2014-04-15T00:30:00,0,7590846,158805
OK,57,58,910,57,2014-04-15T00:35:00,0,7591295,158805
OK,42,78,910,42,2014-04-15T00:40:00,1,7591744,158805
OK,42,78,910,42,2014-04-15T00:45:00,0,7592193,158805
OK,42,78,910,42,2014-04-15T00:50:00,0,7592642,158805
OK,42,78,910,42,2014-04-15T00:55:00,0,7593091,158805
OK,42,78,910,42,2014-04-15T01:00:00,0,7593540,158805
OK,42,78,910,42,2014-04-15T01:05:00,0,7593989,158805
OK,42,78,910,42,2014-04-15T01:10:00,0,7594438,158805
OK,42,78,910,42,2014-04-15T01:15:00,0,7594887,158805
OK,42,78,910,42,2014-04-15T01:20:00,0,7595336,158805
OK,42,78,910,42,2014-04-15T01:25:00,0,7595785,158805
OK,42,78,910,42,2014-04-15T01:30:00,0,7596234,158805
OK,42,78,910,42,2014-04-15T01:35:00,0,7596683,158805
OK,42,78,910,42,2014-04-15T01:40:00,0,7597132,158805
OK,42,78,910,42,2014-04-15T01:45:00,0,7597581,158805
OK,42,78,910,42,2014-04-15T01:50:00,0,7598030,158805
OK,42,78,910,42,2014-04-15T01:55:00,0,7598479,158805
OK,42,78,910,42,2014-04-15T02:00:00,0,7598928,158805
OK,42,78,910,42,2014-04-15T02:05:00,0,7599377,158805
OK,42,78,910,42,2014-04-15T02:10:00,0,7599826,158805
OK,42,78,910,42,2014-04-15T02:15:00,0,7600275,158805
OK,42,78,910,42,2014-04-15T02:20:00,0,7600724,158805
OK,42,78,910,42,2014-04-15T02:25:00,0,7601173,158805
OK,42,78,910,42,2014-04-15T02:30:00,0,7601622,158805
OK,42,78,910,42,2014-04-15T02:35:00,0,7602071,158805
OK,42,78,910,42,2014-04-15T02:40:00,0,7602520,158805
OK,42,78,910,42,2014-04-15T02:45:00,0,7602969,158805
OK,42,78,910,42,2014-04-15T02:50:00,0,7603418,158805
OK,42,78,910,42,2014-04-15T02:55:00,0,7603867,158805
OK,42,78,910,42,2014-04-15T03:00:00,0,7604316,158805
OK,42,78,910,42,2014-04-15T03:05:00,0,7604765,158805
OK,42,78,910,42,2014-04-15T03:10:00,0,7605214,158805
OK,42,78,910,42,2014-04-15T03:15:00,0,7605663,158805
OK,49,67,910,49,2014-04-15T03:20:00,1,7606112,158805
OK,49,67,910,49,2014-04-15T03:25:00,1,7606561,158805
OK,49,67,910,49,2014-04-15T03:30:00,0,7607010,158805
OK,49,67,910,49,2014-04-15T03:35:00,0,7607459,158805
OK,34,97,910,34,2014-04-15T03:40:00,2,7607908,158805
OK,34,97,910,34,2014-04-15T03:45:00,2,7608357,158805
OK,24,138,910,24,2014-04-15T03:50:00,0,7608806,158805
OK,59,56,910,59,2014-04-15T03:55:00,1,7609255,158805
OK,45,73,910,45,2014-04-15T04:00:00,1,7609704,158805
OK,54,61,910,54,2014-04-15T04:05:00,4,7610153,158805
OK,54,61,910,54,2014-04-15T04:10:00,3,7610602,158805
OK,70,47,910,70,2014-04-15T04:15:00,2,7611051,158805
OK,66,50,910,66,2014-04-15T04:20:00,3,7611500,158805
OK,50,66,910,50,2014-04-15T04:25:00,3,7611949,158805
OK,48,69,910,48,2014-04-15T04:30:00,3,7612398,158805
OK,47,70,910,47,2014-04-15T04:35:00,6,7612847,158805
OK,48,69,910,48,2014-04-15T04:40:00,6,7613296,158805
OK,50,66,910,50,2014-04-15T04:45:00,1,7613745,158805
OK,49,67,910,49,2014-04-15T04:50:00,4,7614194,158805
OK,51,64,910,51,2014-04-15T04:55:00,7,7614643,158805
OK,53,62,910,53,2014-04-15T05:00:00,4,7615092,158805
OK,63,52,910,63,2014-04-15T05:05:00,1,7615541,158805
OK,59,56,910,59,2014-04-15T05:10:00,3,7615990,158805
OK,59,56,910,59,2014-04-15T05:15:00,5,7616439,158805
OK,56,59,910,56,2014-04-15T05:20:00,4,7616888,158805
OK,41,80,910,41,2014-04-15T05:25:00,3,7617337,158805
OK,41,80,910,41,2014-04-15T05:30:00,3,7617786,158805
OK,53,62,910,53,2014-04-15T05:35:00,5,7618235,158805
OK,53,62,910,53,2014-04-15T05:40:00,8,7618684,158805
OK,57,58,910,57,2014-04-15T05:45:00,7,7619133,158805
OK,59,56,910,59,2014-04-15T05:50:00,5,7619582,158805
OK,56,59,910,56,2014-04-15T05:55:00,7,7620031,158805
OK,56,59,910,56,2014-04-15T06:00:00,7,7620480,158805
OK,73,45,910,73,2014-04-15T06:05:00,1,7620928,158805
OK,48,69,910,48,2014-04-15T06:10:00,2,7621377,158805
OK,48,69,910,48,2014-04-15T06:15:00,4,7621826,158805
OK,48,69,910,48,2014-04-15T06:20:00,6,7622275,158805
OK,49,67,910,49,2014-04-15T06:25:00,6,7622724,158805
OK,62,53,910,62,2014-04-15T06:30:00,7,7623173,158805
OK,56,59,910,56,2014-04-15T06:35:00,6,7623622,158805
OK,51,64,910,51,2014-04-15T06:40:00,5,7624071,158805
OK,55,60,910,55,2014-04-15T06:45:00,6,7624520,158805
OK,47,70,910,47,2014-04-15T06:50:00,7,7624969,158805
OK,46,72,910,46,2014-04-15T06:55:00,8,7625418,158805
OK,49,67,910,49,2014-04-15T07:00:00,8,7625867,158805
OK,55,60,910,55,2014-04-15T07:05:00,4,7626316,158805
OK,49,67,910,49,2014-04-15T07:10:00,1,7626765,158805
OK,49,67,910,49,2014-04-15T07:15:00,0,7627214,158805
OK,63,52,910,63,2014-04-15T07:20:00,4,7627663,158805
OK,53,62,910,53,2014-04-15T07:25:00,7,7628112,158805
OK,53,62,910,53,2014-04-15T07:30:00,9,7628561,158805
OK,51,64,910,51,2014-04-15T07:35:00,9,7629010,158805
OK,51,64,910,51,2014-04-15T07:40:00,9,7629459,158805
OK,50,66,910,50,2014-04-15T07:45:00,4,7629908,158805
OK,50,66,910,50,2014-04-15T07:50:00,4,7630357,158805
OK,51,64,910,51,2014-04-15T07:55:00,4,7630806,158805
OK,56,59,910,56,2014-04-15T08:00:00,8,7631255,158805
OK,56,59,910,56,2014-04-15T08:05:00,14,7631704,158805
OK,58,57,910,58,2014-04-15T08:10:00,10,7632153,158805
OK,58,57,910,58,2014-04-15T08:15:00,4,7632602,158805
OK,52,63,910,52,2014-04-15T08:20:00,2,7633051,158805
OK,53,62,910,53,2014-04-15T08:25:00,7,7633500,158805
OK,54,61,910,54,2014-04-15T08:30:00,6,7633949,158805
OK,54,61,910,54,2014-04-15T08:35:00,10,7634398,158805
OK,53,62,910,53,2014-04-15T08:40:00,10,7634847,158805
OK,58,57,910,58,2014-04-15T08:45:00,11,7635296,158805
OK,58,57,910,58,2014-04-15T08:50:00,18,7635745,158805
OK,60,55,910,60,2014-04-15T08:55:00,9,7636194,158805
OK,53,62,910,53,2014-04-15T09:00:00,4,7636643,158805
OK,55,60,910,55,2014-04-15T09:05:00,9,7637092,158805
OK,57,58,910,57,2014-04-15T09:10:00,11,7637541,158805
OK,55,60,910,55,2014-04-15T09:15:00,5,7637990,158805
OK,55,60,910,55,2014-04-15T09:20:00,4,7638439,158805
OK,51,64,910,51,2014-04-15T09:25:00,6,7638888,158805
OK,55,60,910,55,2014-04-15T09:30:00,9,7639337,158805
OK,69,48,910,69,2014-04-15T09:35:00,7,7639786,158805
OK,54,61,910,54,2014-04-15T09:40:00,12,7640235,158805
OK,52,63,910,52,2014-04-15T09:45:00,15,7640684,158805
OK,50,66,910,50,2014-04-15T09:50:00,11,7641133,158805
OK,53,62,910,53,2014-04-15T09:55:00,8,7641582,158805
OK,53,62,910,53,2014-04-15T10:00:00,3,7642031,158805
OK,53,62,910,53,2014-04-15T10:05:00,4,7642480,158805
OK,58,57,910,58,2014-04-15T10:10:00,7,7642929,158805
OK,57,58,910,57,2014-04-15T10:15:00,6,7643378,158805
OK,48,69,910,48,2014-04-15T10:20:00,5,7643827,158805
OK,53,62,910,53,2014-04-15T10:25:00,9,7644276,158805
OK,57,58,910,57,2014-04-15T10:30:00,7,7644725,158805
OK,55,60,910,55,2014-04-15T10:35:00,6,7645174,158805
OK,55,60,910,55,2014-04-15T10:40:00,8,7645623,158805
OK,55,60,910,55,2014-04-15T10:45:00,10,7646072,158805
OK,55,60,910,55,2014-04-15T10:50:00,11,7646521,158805
OK,51,64,910,51,2014-04-15T10:55:00,11,7646970,158805
OK,51,64,910,51,2014-04-15T11:00:00,11,7647419,158805
OK,59,56,910,59,2014-04-15T11:10:00,10,7648097,158805
OK,54,61,910,54,2014-04-15T11:15:00,11,7648501,158805
OK,55,60,910,55,2014-04-15T11:20:00,10,7648950,158805
OK,58,57,910,58,2014-04-15T11:25:00,6,7649399,158805
OK,52,63,910,52,2014-04-15T11:30:00,6,7649848,158805
OK,51,64,910,51,2014-04-15T11:35:00,8,7650297,158805
OK,50,66,910,50,2014-04-15T11:40:00,8,7650746,158805
OK,53,62,910,53,2014-04-15T11:45:00,7,7651195,158805
OK,53,62,910,53,2014-04-15T11:50:00,5,7651644,158805
OK,52,63,910,52,2014-04-15T11:55:00,4,7652093,158805
OK,57,58,910,57,2014-04-15T12:00:00,7,7652542,158805
OK,46,72,910,46,2014-04-15T12:05:00,8,7652991,158805
OK,57,58,910,57,2014-04-15T12:10:00,14,7653440,158805
OK,55,60,910,55,2014-04-15T12:15:00,16,7653889,158805
OK,54,61,910,54,2014-04-15T12:20:00,10,7654338,158805
OK,59,56,910,59,2014-04-15T12:25:00,7,7654787,158805
OK,59,56,910,59,2014-04-15T12:30:00,9,7655236,158805
OK,58,57,910,58,2014-04-15T12:35:00,15,7655685,158805
OK,54,61,910,54,2014-04-15T12:40:00,19,7656134,158805
OK,52,63,910,52,2014-04-15T12:45:00,13,7656583,158805
OK,50,66,910,50,2014-04-15T12:50:00,6,7657032,158805
OK,51,64,910,51,2014-04-15T12:55:00,8,7657481,158805
OK,60,55,910,60,2014-04-15T13:00:00,14,7657930,158805
OK,55,60,910,55,2014-04-15T13:05:00,15,7658379,158805
OK,52,63,910,52,2014-04-15T13:10:00,14,7658828,158805
OK,51,64,910,51,2014-04-15T13:15:00,11,7659277,158805
OK,62,53,910,62,2014-04-15T13:20:00,16,7659726,158805
OK,60,55,910,60,2014-04-15T13:25:00,21,7660175,158805
OK,58,57,910,58,2014-04-15T13:30:00,8,7660624,158805
OK,51,64,910,51,2014-04-15T13:35:00,11,7661073,158805
OK,51,64,910,51,2014-04-15T13:40:00,13,7661522,158805
OK,54,61,910,54,2014-04-15T13:45:00,11,7661971,158805
OK,53,62,910,53,2014-04-15T13:50:00,12,7662420,158805
OK,52,63,910,52,2014-04-15T13:55:00,14,7662869,158805
OK,51,64,910,51,2014-04-15T14:00:00,13,7663318,158805
OK,65,50,910,65,2014-04-15T14:05:00,15,7663767,158805
OK,65,50,910,65,2014-04-15T14:10:00,15,7664216,158805
OK,57,58,910,57,2014-04-15T14:15:00,8,7664665,158805
OK,63,52,910,63,2014-04-15T14:20:00,10,7665114,158805
OK,59,56,910,59,2014-04-15T14:25:00,17,7665563,158805
OK,55,60,910,55,2014-04-15T14:30:00,17,7666012,158805
OK,58,57,910,58,2014-04-15T14:35:00,12,7666461,158805
OK,66,50,910,66,2014-04-15T14:40:00,10,7666910,158805
OK,49,67,910,49,2014-04-15T14:45:00,12,7667359,158805
OK,47,70,910,47,2014-04-15T14:50:00,10,7667808,158805
OK,52,63,910,52,2014-04-15T14:55:00,6,7668257,158805
OK,46,72,910,46,2014-04-15T15:00:00,3,7668706,158805
OK,48,69,910,48,2014-04-15T15:05:00,6,7669155,158805
OK,52,63,910,52,2014-04-15T15:10:00,5,7669604,158805
OK,65,50,910,65,2014-04-15T15:15:00,8,7670053,158805
OK,69,48,910,69,2014-04-15T15:20:00,8,7670502,158805
OK,57,58,910,57,2014-04-15T15:25:00,7,7670951,158805
OK,46,72,910,46,2014-04-15T15:30:00,5,7671400,158805
OK,50,66,910,50,2014-04-15T15:35:00,6,7671849,158805
OK,49,67,910,49,2014-04-15T15:40:00,8,7672298,158805
OK,49,67,910,49,2014-04-15T15:45:00,6,7672747,158805
OK,60,55,910,60,2014-04-15T15:50:00,7,7673196,158805
OK,52,63,910,52,2014-04-15T15:55:00,2,7673645,158805
OK,58,57,910,58,2014-04-15T16:00:00,1,7674094,158805
OK,31,106,910,31,2014-04-15T16:05:00,1,7674543,158805
OK,44,75,910,44,2014-04-15T16:10:00,2,7674992,158805
OK,44,75,910,44,2014-04-15T16:15:00,3,7675441,158805
OK,44,75,910,44,2014-04-15T16:20:00,3,7675890,158805
OK,49,67,910,49,2014-04-15T16:25:00,4,7676339,158805
OK,48,69,910,48,2014-04-15T16:30:00,6,7676788,158805
OK,53,62,910,53,2014-04-15T16:35:00,3,7677237,158805
OK,66,50,910,66,2014-04-15T16:40:00,3,7677686,158805
OK,57,58,910,57,2014-04-15T16:45:00,2,7678135,158805
OK,47,70,910,47,2014-04-15T16:50:00,1,7678584,158805
OK,46,72,910,46,2014-04-15T16:55:00,1,7679033,158805
OK,46,72,910,46,2014-04-15T17:00:00,3,7679482,158805
OK,52,63,910,52,2014-04-15T17:05:00,3,7679931,158805
OK,42,78,910,42,2014-04-15T17:10:00,3,7680380,158805
OK,45,73,910,45,2014-04-15T17:15:00,3,7680829,158805
OK,50,66,910,50,2014-04-15T17:20:00,4,7681278,158805
OK,52,63,910,52,2014-04-15T17:25:00,4,7681727,158805
OK,44,75,910,44,2014-04-15T17:30:00,3,7682176,158805
OK,46,72,910,46,2014-04-15T17:35:00,3,7682625,158805
OK,57,58,910,57,2014-04-15T17:40:00,2,7683074,158805
OK,57,58,910,57,2014-04-15T17:45:00,3,7683523,158805
OK,58,57,910,58,2014-04-15T17:50:00,2,7683972,158805
OK,56,59,910,56,2014-04-15T17:55:00,1,7684421,158805
OK,56,59,910,56,2014-04-15T18:00:00,1,7684870,158805
OK,44,75,910,44,2014-04-15T18:05:00,2,7685319,158805
OK,47,70,910,47,2014-04-15T18:10:00,3,7685768,158805
OK,145,22,910,145,2014-04-15T18:15:00,1,7686217,158805
OK,145,22,910,145,2014-04-15T18:20:00,0,7686666,158805
OK,42,78,910,42,2014-04-15T18:25:00,4,7687115,158805
OK,41,80,910,41,2014-04-15T18:30:00,3,7687564,158805
OK,46,72,910,46,2014-04-15T18:35:00,2,7688013,158805
OK,36,92,910,36,2014-04-15T18:40:00,1,7688462,158805
OK,61,54,910,61,2014-04-15T18:45:00,3,7688911,158805
OK,61,54,910,61,2014-04-15T18:50:00,4,7689360,158805
OK,47,70,910,47,2014-04-15T18:55:00,3,7689809,158805
OK,52,63,910,52,2014-04-15T19:00:00,2,7690258,158805
OK,52,63,910,52,2014-04-15T19:05:00,2,7690707,158805
OK,50,66,910,50,2014-04-15T19:10:00,2,7691156,158805
OK,55,60,910,55,2014-04-15T19:15:00,0,7691605,158805
OK,44,75,910,44,2014-04-15T19:20:00,4,7692054,158805
OK,46,72,910,46,2014-04-15T19:25:00,4,7692503,158805
OK,36,92,910,36,2014-04-15T19:30:00,1,7692952,158805
OK,36,92,910,36,2014-04-15T19:35:00,1,7693401,158805
OK,54,61,910,54,2014-04-15T19:40:00,1,7693850,158805
OK,51,64,910,51,2014-04-15T19:45:00,2,7694299,158805
OK,48,69,910,48,2014-04-15T19:50:00,0,7694748,158805
OK,49,67,910,49,2014-04-15T19:55:00,2,7695197,158805
OK,63,52,910,63,2014-04-15T20:00:00,2,7695646,158805
OK,46,72,910,46,2014-04-15T20:10:00,0,7696544,158805
OK,46,72,910,46,2014-04-15T20:15:00,0,7696993,158805
OK,39,84,910,39,2014-04-15T20:40:00,1,7699213,158805
OK,57,58,910,57,2014-04-15T21:10:00,0,7701907,158805
OK,51,64,910,51,2014-04-15T21:30:00,0,7703703,158805
OK,51,64,910,51,2014-04-15T21:40:00,0,7704601,158805
OK,51,64,910,51,2014-04-15T21:50:00,0,7705496,158805
OK,51,64,910,51,2014-04-15T22:00:00,0,7706394,158805
OK,51,64,910,51,2014-04-15T22:05:00,0,7706843,158805
OK,51,64,910,51,2014-04-15T22:10:00,0,7707292,158805
OK,41,80,910,41,2014-04-15T22:15:00,1,7707741,158805
OK,47,70,910,47,2014-04-15T22:20:00,1,7708190,158805
OK,51,64,910,51,2014-04-15T22:25:00,2,7708639,158805
OK,56,59,910,56,2014-04-15T22:30:00,1,7709088,158805
OK,55,60,910,55,2014-04-15T22:35:00,0,7709537,158805
OK,52,63,910,52,2014-04-15T22:55:00,0,7711249,158805
OK,52,63,910,52,2014-04-15T23:20:00,0,7713493,158805
OK,52,63,910,52,2014-04-15T23:25:00,0,7713942,158805
OK,52,63,910,52,2014-04-15T23:30:00,0,7714381,158805
OK,37,89,910,37,2014-04-15T23:50:00,0,7716121,158805
OK,37,89,910,37,2014-04-16T00:00:00,0,7716943,158805
OK,37,89,910,37,2014-04-16T00:05:00,0,7717392,158805
OK,69,48,910,69,2014-04-16T00:15:00,0,7718290,158805
OK,69,48,910,69,2014-04-16T00:20:00,0,7718739,158805
OK,69,48,910,69,2014-04-16T00:25:00,0,7719188,158805
OK,69,48,910,69,2014-04-16T00:30:00,0,7719637,158805
OK,69,48,910,69,2014-04-16T00:35:00,0,7720086,158805
OK,69,48,910,69,2014-04-16T00:40:00,0,7720535,158805
OK,69,48,910,69,2014-04-16T00:45:00,0,7720984,158805
OK,69,48,910,69,2014-04-16T00:50:00,0,7721433,158805
OK,69,48,910,69,2014-04-16T00:55:00,0,7721882,158805
OK,69,48,910,69,2014-04-16T01:00:00,0,7722331,158805
OK,69,48,910,69,2014-04-16T01:05:00,0,7722780,158805
OK,69,48,910,69,2014-04-16T01:10:00,0,7723229,158805
OK,69,48,910,69,2014-04-16T01:15:00,0,7723678,158805
OK,69,48,910,69,2014-04-16T01:20:00,0,7724127,158805
OK,69,48,910,69,2014-04-16T01:25:00,0,7724576,158805
OK,69,48,910,69,2014-04-16T01:30:00,0,7725025,158805
OK,69,48,910,69,2014-04-16T01:35:00,0,7725474,158805
OK,69,48,910,69,2014-04-16T01:40:00,0,7725923,158805
OK,69,48,910,69,2014-04-16T01:45:00,0,7726372,158805
OK,69,48,910,69,2014-04-16T01:50:00,0,7726821,158805
OK,69,48,910,69,2014-04-16T01:55:00,0,7727270,158805
OK,69,48,910,69,2014-04-16T02:00:00,0,7727719,158805
OK,31,106,910,31,2014-04-16T02:05:00,1,7728168,158805
OK,31,106,910,31,2014-04-16T02:10:00,1,7728617,158805
OK,31,106,910,31,2014-04-16T02:15:00,0,7729066,158805
OK,31,106,910,31,2014-04-16T02:20:00,0,7729515,158805
OK,31,106,910,31,2014-04-16T02:25:00,0,7729964,158805
OK,31,106,910,31,2014-04-16T02:30:00,0,7730413,158805
OK,31,106,910,31,2014-04-16T02:35:00,0,7730862,158805
OK,31,106,910,31,2014-04-16T02:40:00,0,7731311,158805
OK,31,106,910,31,2014-04-16T02:45:00,0,7731760,158805
OK,48,69,910,48,2014-04-16T02:50:00,1,7732209,158805
OK,48,69,910,48,2014-04-16T02:55:00,0,7732658,158805
OK,26,127,910,26,2014-04-16T03:00:00,1,7733107,158805
OK,26,127,910,26,2014-04-16T03:05:00,1,7733556,158805
OK,26,127,910,26,2014-04-16T03:10:00,0,7734005,158805
OK,26,127,910,26,2014-04-16T03:15:00,0,7734454,158805
OK,26,127,910,26,2014-04-16T03:20:00,0,7734903,158805
OK,26,127,910,26,2014-04-16T03:25:00,0,7735352,158805
OK,26,127,910,26,2014-04-16T03:30:00,0,7735801,158805
OK,52,63,910,52,2014-04-16T03:35:00,1,7736250,158805
OK,58,57,910,58,2014-04-16T03:40:00,1,7736699,158805
OK,58,57,910,58,2014-04-16T03:45:00,1,7737148,158805
OK,49,67,910,49,2014-04-16T03:50:00,3,7737597,158805
OK,49,67,910,49,2014-04-16T03:55:00,3,7738046,158805
OK,47,70,910,47,2014-04-16T04:00:00,0,7738495,158805
OK,47,70,910,47,2014-04-16T04:05:00,0,7738944,158805
OK,47,70,910,47,2014-04-16T04:10:00,0,7739393,158805
OK,43,77,910,43,2014-04-16T04:15:00,1,7739842,158805
OK,41,80,910,41,2014-04-16T04:20:00,2,7740291,158805
OK,39,84,910,39,2014-04-16T04:25:00,0,7740740,158805
OK,39,84,910,39,2014-04-16T04:30:00,0,7741189,158805
OK,48,69,910,48,2014-04-16T04:35:00,1,7741638,158805
OK,46,72,910,46,2014-04-16T04:40:00,2,7742087,158805
OK,49,67,910,49,2014-04-16T04:45:00,3,7742536,158805
OK,51,64,910,51,2014-04-16T04:50:00,6,7742985,158805
OK,53,62,910,53,2014-04-16T04:55:00,6,7743434,158805
OK,52,63,910,52,2014-04-16T05:00:00,3,7743883,158805
OK,47,70,910,47,2014-04-16T05:05:00,2,7744332,158805
OK,51,64,910,51,2014-04-16T05:10:00,3,7744781,158805
OK,51,64,910,51,2014-04-16T05:15:00,6,7745230,158805
OK,50,66,910,50,2014-04-16T05:20:00,6,7745679,158805
OK,51,64,910,51,2014-04-16T05:25:00,6,7746128,158805
OK,49,67,910,49,2014-04-16T05:30:00,2,7746577,158805
OK,54,61,910,54,2014-04-16T05:35:00,4,7747026,158805
OK,51,64,910,51,2014-04-16T05:40:00,9,7747475,158805
OK,50,66,910,50,2014-04-16T05:45:00,8,7747924,158805
OK,50,66,910,50,2014-04-16T05:50:00,4,7748373,158805
OK,58,57,910,58,2014-04-16T05:55:00,2,7748822,158805
OK,56,59,910,56,2014-04-16T06:00:00,1,7749271,158805
OK,50,66,910,50,2014-04-16T06:05:00,5,7749720,158805
OK,51,64,910,51,2014-04-16T06:10:00,10,7750169,158805
OK,51,64,910,51,2014-04-16T06:15:00,8,7750618,158805
OK,53,62,910,53,2014-04-16T06:20:00,7,7751067,158805
OK,52,63,910,52,2014-04-16T06:25:00,4,7751516,158805
OK,62,53,910,62,2014-04-16T06:30:00,4,7751965,158805
OK,70,47,910,70,2014-04-16T06:35:00,3,7752414,158805
OK,69,48,910,69,2014-04-16T06:40:00,3,7752863,158805
OK,55,60,910,55,2014-04-16T06:45:00,11,7753312,158805
OK,54,61,910,54,2014-04-16T06:50:00,10,7753761,158805
OK,50,66,910,50,2014-04-16T06:55:00,5,7754210,158805
OK,63,52,910,63,2014-04-16T07:00:00,7,7754659,158805
OK,64,51,910,64,2014-04-16T07:05:00,5,7755108,158805
OK,65,50,910,65,2014-04-16T07:10:00,3,7755557,158805
OK,81,40,910,81,2014-04-16T07:15:00,6,7756006,158805
OK,66,50,910,66,2014-04-16T07:20:00,6,7756455,158805
OK,45,73,910,45,2014-04-16T07:25:00,5,7756904,158805
OK,42,78,910,42,2014-04-16T07:30:00,5,7757353,158805
OK,60,55,910,60,2014-04-16T07:35:00,6,7757802,158805
OK,53,62,910,53,2014-04-16T07:40:00,6,7758251,158805
OK,53,62,910,53,2014-04-16T07:45:00,6,7758700,158805
OK,55,60,910,55,2014-04-16T07:50:00,11,7759149,158805
OK,55,60,910,55,2014-04-16T07:55:00,7,7759598,158805
OK,55,60,910,55,2014-04-16T08:00:00,7,7760047,158805
OK,53,62,910,53,2014-04-16T08:05:00,8,7760496,158805
OK,50,66,910,50,2014-04-16T08:10:00,6,7760945,158805
OK,53,62,910,53,2014-04-16T08:15:00,11,7761394,158805
OK,54,61,910,54,2014-04-16T08:20:00,8,7761843,158805
OK,52,63,910,52,2014-04-16T08:25:00,7,7762292,158805
OK,50,66,910,50,2014-04-16T08:30:00,4,7762741,158805
OK,50,66,910,50,2014-04-16T08:35:00,7,7763190,158805
OK,52,63,910,52,2014-04-16T08:40:00,12,7763639,158805
OK,54,61,910,54,2014-04-16T08:45:00,9,7764088,158805
OK,54,61,910,54,2014-04-16T08:50:00,5,7764537,158805
OK,53,62,910,53,2014-04-16T08:55:00,10,7764986,158805
OK,49,67,910,49,2014-04-16T09:00:00,14,7765435,158805
OK,49,67,910,49,2014-04-16T09:05:00,10,7765884,158805
OK,64,51,910,64,2014-04-16T09:10:00,13,7766333,158805
OK,71,46,910,71,2014-04-16T09:15:00,7,7766782,158805
OK,65,50,910,65,2014-04-16T09:20:00,2,7767231,158805
OK,51,64,910,51,2014-04-16T09:25:00,6,7767680,158805
OK,53,62,910,53,2014-04-16T09:30:00,14,7768129,158805
OK,54,61,910,54,2014-04-16T09:35:00,11,7768578,158805
OK,54,61,910,54,2014-04-16T09:40:00,5,7769027,158805
OK,49,67,910,49,2014-04-16T09:45:00,8,7769476,158805
OK,48,69,910,48,2014-04-16T09:50:00,7,7769925,158805
OK,49,67,910,49,2014-04-16T09:55:00,8,7770374,158805
OK,56,59,910,56,2014-04-16T10:00:00,9,7770823,158805
OK,42,78,910,42,2014-04-16T10:05:00,7,7771272,158805
OK,48,69,910,48,2014-04-16T10:10:00,5,7771721,158805
OK,49,67,910,49,2014-04-16T10:15:00,9,7772170,158805
OK,50,66,910,50,2014-04-16T10:20:00,12,7772619,158805
OK,47,70,910,47,2014-04-16T10:25:00,13,7773068,158805
OK,53,62,910,53,2014-04-16T10:30:00,7,7773517,158805
OK,48,69,910,48,2014-04-16T10:35:00,7,7773966,158805
OK,48,69,910,48,2014-04-16T10:40:00,10,7774415,158805
OK,49,67,910,49,2014-04-16T10:45:00,12,7774864,158805
OK,50,66,910,50,2014-04-16T10:50:00,8,7775313,158805
OK,54,61,910,54,2014-04-16T10:55:00,9,7775762,158805
OK,52,63,910,52,2014-04-16T11:00:00,8,7776211,158805
OK,55,60,910,55,2014-04-16T11:05:00,5,7776660,158805
OK,63,52,910,63,2014-04-16T11:10:00,6,7777109,158805
OK,61,54,910,61,2014-04-16T11:15:00,13,7777558,158805
OK,59,56,910,59,2014-04-16T11:20:00,8,7778007,158805
OK,53,62,910,53,2014-04-16T11:25:00,5,7778456,158805
OK,50,66,910,50,2014-04-16T11:30:00,4,7778905,158805
OK,68,48,910,68,2014-04-16T11:35:00,6,7779354,158805
OK,63,52,910,63,2014-04-16T11:40:00,9,7779803,158805
OK,56,59,910,56,2014-04-16T11:45:00,10,7780252,158805
OK,53,62,910,53,2014-04-16T11:50:00,12,7780701,158805
OK,55,60,910,55,2014-04-16T11:55:00,12,7781150,158805
OK,57,58,910,57,2014-04-16T12:00:00,13,7781599,158805
OK,50,66,910,50,2014-04-16T12:05:00,13,7782048,158805
OK,51,64,910,51,2014-04-16T12:10:00,10,7782497,158805
OK,56,59,910,56,2014-04-16T12:15:00,13,7782946,158805
OK,50,66,910,50,2014-04-16T12:20:00,11,7783395,158805
OK,45,73,910,45,2014-04-16T12:25:00,6,7783844,158805
OK,56,59,910,56,2014-04-16T12:30:00,5,7784293,158805
OK,55,60,910,55,2014-04-16T12:35:00,12,7784742,158805
OK,54,61,910,54,2014-04-16T12:40:00,21,7785191,158805
OK,54,61,910,54,2014-04-16T12:45:00,19,7785640,158805
OK,61,54,910,61,2014-04-16T12:50:00,14,7786089,158805
OK,53,62,910,53,2014-04-16T12:55:00,16,7786538,158805
OK,48,69,910,48,2014-04-16T13:00:00,15,7786987,158805
OK,53,62,910,53,2014-04-16T13:05:00,13,7787436,158805
OK,62,53,910,62,2014-04-16T13:10:00,14,7787885,158805
OK,65,50,910,65,2014-04-16T13:15:00,10,7788334,158805
OK,58,57,910,58,2014-04-16T13:20:00,20,7788783,158805
OK,54,61,910,54,2014-04-16T13:25:00,18,7789232,158805
OK,51,64,910,51,2014-04-16T13:30:00,5,7789681,158805
OK,59,56,910,59,2014-04-16T13:35:00,11,7790130,158805
OK,58,57,910,58,2014-04-16T13:40:00,20,7790579,158805
OK,55,60,910,55,2014-04-16T13:45:00,19,7791028,158805
OK,53,62,910,53,2014-04-16T13:50:00,12,7791477,158805
OK,52,63,910,52,2014-04-16T13:55:00,12,7791926,158805
OK,54,61,910,54,2014-04-16T14:00:00,14,7792375,158805
OK,55,60,910,55,2014-04-16T14:05:00,12,7792824,158805
OK,61,54,910,61,2014-04-16T14:10:00,9,7793273,158805
OK,60,55,910,60,2014-04-16T14:15:00,16,7793722,158805
OK,58,57,910,58,2014-04-16T14:20:00,16,7794171,158805
OK,58,57,910,58,2014-04-16T14:25:00,9,7794620,158805
OK,60,55,910,60,2014-04-16T14:30:00,8,7795069,158805
OK,60,55,910,60,2014-04-16T14:35:00,8,7795518,158805
OK,50,66,910,50,2014-04-16T14:40:00,5,7795967,158805
OK,64,51,910,64,2014-04-16T14:45:00,12,7796416,158805
OK,63,52,910,63,2014-04-16T14:50:00,13,7796865,158805
OK,52,63,910,52,2014-04-16T14:55:00,9,7797314,158805
OK,51,64,910,51,2014-04-16T15:00:00,6,7797763,158805
OK,55,60,910,55,2014-04-16T15:05:00,9,7798212,158805
OK,60,55,910,60,2014-04-16T15:10:00,10,7798661,158805
OK,61,54,910,61,2014-04-16T15:15:00,8,7799110,158805
OK,58,57,910,58,2014-04-16T15:20:00,4,7799559,158805
OK,67,49,910,67,2014-04-16T15:25:00,5,7800008,158805
OK,55,60,910,55,2014-04-16T15:30:00,6,7800457,158805
OK,51,64,910,51,2014-04-16T15:35:00,7,7800906,158805
OK,51,64,910,51,2014-04-16T15:40:00,7,7801355,158805
OK,52,63,910,52,2014-04-16T15:45:00,8,7801804,158805
OK,55,60,910,55,2014-04-16T15:50:00,5,7802253,158805
OK,61,54,910,61,2014-04-16T15:55:00,3,7802702,158805
OK,46,72,910,46,2014-04-16T16:00:00,9,7803151,158805
OK,46,72,910,46,2014-04-16T16:05:00,8,7803600,158805
OK,47,70,910,47,2014-04-16T16:10:00,3,7804049,158805
OK,42,78,910,42,2014-04-16T16:15:00,4,7804498,158805
OK,43,77,910,43,2014-04-16T16:20:00,5,7804947,158805
OK,49,67,910,49,2014-04-16T16:25:00,4,7805396,158805
OK,48,69,910,48,2014-04-16T16:30:00,3,7805845,158805
OK,48,69,910,48,2014-04-16T16:35:00,0,7806294,158805
OK,39,84,910,39,2014-04-16T16:40:00,5,7806743,158805
OK,46,72,910,46,2014-04-16T16:45:00,9,7807192,158805
OK,48,69,910,48,2014-04-16T16:50:00,6,7807641,158805
OK,41,80,910,41,2014-04-16T16:55:00,3,7808090,158805
OK,33,100,910,33,2014-04-16T17:00:00,1,7808539,158805
OK,52,63,910,52,2014-04-16T17:05:00,5,7808988,158805
OK,50,66,910,50,2014-04-16T17:10:00,5,7809437,158805
OK,52,63,910,52,2014-04-16T17:15:00,3,7809886,158805
OK,93,35,910,93,2014-04-16T17:20:00,2,7810335,158805
OK,58,57,910,58,2014-04-16T17:25:00,2,7810784,158805
OK,51,64,910,51,2014-04-16T17:30:00,4,7811233,158805
OK,52,63,910,52,2014-04-16T17:35:00,3,7811682,158805
OK,47,70,910,47,2014-04-16T17:40:00,2,7812131,158805
OK,61,54,910,61,2014-04-16T17:45:00,1,7812580,158805
OK,61,54,910,61,2014-04-16T17:50:00,1,7813029,158805
OK,44,75,910,44,2014-04-16T17:55:00,1,7813478,158805
OK,51,64,910,51,2014-04-16T18:00:00,3,7813927,158805
OK,51,64,910,51,2014-04-16T18:05:00,2,7814376,158805
OK,51,64,910,51,2014-04-16T18:10:00,0,7814825,158805
OK,51,64,910,51,2014-04-16T18:15:00,0,7815274,158805
OK,42,78,910,42,2014-04-16T18:20:00,3,7815723,158805
OK,55,60,910,55,2014-04-16T18:25:00,3,7816172,158805
OK,66,50,910,66,2014-04-16T18:30:00,1,7816621,158805
OK,87,38,910,87,2014-04-16T18:35:00,1,7817070,158805
OK,63,52,910,63,2014-04-16T18:40:00,2,7817519,158805
OK,49,67,910,49,2014-04-16T18:45:00,3,7817968,158805
OK,54,61,910,54,2014-04-16T18:50:00,4,7818417,158805
OK,55,60,910,55,2014-04-16T18:55:00,0,7818866,158805
OK,55,60,910,55,2014-04-16T19:00:00,0,7819315,158805
OK,48,69,910,48,2014-04-16T19:05:00,2,7819764,158805
OK,53,62,910,53,2014-04-16T19:10:00,2,7820213,158805
OK,51,64,910,51,2014-04-16T19:15:00,0,7820662,158805
OK,51,64,910,51,2014-04-16T19:20:00,0,7821111,158805
OK,54,61,910,54,2014-04-16T19:25:00,3,7821560,158805
OK,52,63,910,52,2014-04-16T19:30:00,4,7822009,158805
OK,48,69,910,48,2014-04-16T19:35:00,3,7822458,158805
OK,50,66,910,50,2014-04-16T19:40:00,4,7822907,158805
OK,52,63,910,52,2014-04-16T19:45:00,0,7823356,158805
OK,48,69,910,48,2014-04-16T19:50:00,1,7823805,158805
OK,61,54,910,61,2014-04-16T19:55:00,1,7824254,158805
OK,37,89,910,37,2014-04-16T20:55:00,3,7829537,158805
OK,35,94,910,35,2014-04-16T21:00:00,2,7829986,158805
OK,51,64,910,51,2014-04-16T21:10:00,1,7830884,158805
OK,56,59,910,56,2014-04-16T21:20:00,3,7831782,158805
OK,46,72,910,46,2014-04-16T21:30:00,3,7832680,158805
OK,50,66,910,50,2014-04-16T21:50:00,1,7834476,158805
OK,50,66,910,50,2014-04-16T22:00:00,0,7835303,158805
OK,37,89,910,37,2014-04-16T22:05:00,1,7835752,158805
OK,37,89,910,37,2014-04-16T22:10:00,1,7836201,158805
OK,40,82,910,40,2014-04-16T22:15:00,0,7836650,158805
OK,40,82,910,40,2014-04-16T22:25:00,0,7837548,158805
OK,48,69,910,48,2014-04-16T22:55:00,0,7840183,158805
OK,48,69,910,48,2014-04-16T23:20:00,0,7842427,158805
OK,33,100,910,33,2014-04-17T00:00:00,0,7845751,158805
OK,33,100,910,33,2014-04-17T00:15:00,0,7847098,158805
OK,33,100,910,33,2014-04-17T00:20:00,0,7847547,158805
OK,33,100,910,33,2014-04-17T00:25:00,0,7847996,158805
OK,33,100,910,33,2014-04-17T00:30:00,0,7848445,158805
OK,33,100,910,33,2014-04-17T00:40:00,0,7849343,158805
OK,33,100,910,33,2014-04-17T00:45:00,0,7849792,158805
OK,33,100,910,33,2014-04-17T00:50:00,0,7850241,158805
OK,33,100,910,33,2014-04-17T00:55:00,0,7850690,158805
OK,33,100,910,33,2014-04-17T01:00:00,0,7851139,158805
OK,33,100,910,33,2014-04-17T01:05:00,0,7851588,158805
OK,33,100,910,33,2014-04-17T01:10:00,0,7852037,158805
OK,33,100,910,33,2014-04-17T01:15:00,0,7852486,158805
OK,33,100,910,33,2014-04-17T01:20:00,0,7852935,158805
OK,33,100,910,33,2014-04-17T01:25:00,0,7853384,158805
OK,33,100,910,33,2014-04-17T01:30:00,0,7853833,158805
OK,33,100,910,33,2014-04-17T01:35:00,0,7854282,158805
OK,33,100,910,33,2014-04-17T01:40:00,0,7854731,158805
OK,33,100,910,33,2014-04-17T01:45:00,0,7855180,158805
OK,33,100,910,33,2014-04-17T01:50:00,0,7855629,158805
OK,33,100,910,33,2014-04-17T01:55:00,0,7856078,158805
OK,33,100,910,33,2014-04-17T02:00:00,0,7856527,158805
OK,33,100,910,33,2014-04-17T02:05:00,0,7856976,158805
OK,33,100,910,33,2014-04-17T02:10:00,0,7857425,158805
OK,33,100,910,33,2014-04-17T02:15:00,0,7857874,158805
OK,33,100,910,33,2014-04-17T02:20:00,0,7858323,158805
OK,49,67,910,49,2014-04-17T02:25:00,1,7858772,158805
OK,49,67,910,49,2014-04-17T02:30:00,1,7859221,158805
OK,49,67,910,49,2014-04-17T02:35:00,0,7859670,158805
OK,49,67,910,49,2014-04-17T02:40:00,0,7860119,158805
OK,49,67,910,49,2014-04-17T02:45:00,0,7860568,158805
OK,49,67,910,49,2014-04-17T02:50:00,0,7861017,158805
OK,49,67,910,49,2014-04-17T02:55:00,0,7861466,158805
OK,49,67,910,49,2014-04-17T03:00:00,0,7861915,158805
OK,49,67,910,49,2014-04-17T03:05:00,0,7862364,158805
OK,49,67,910,49,2014-04-17T03:10:00,0,7862813,158805
OK,49,67,910,49,2014-04-17T03:15:00,0,7863262,158805
OK,42,78,910,42,2014-04-17T03:20:00,1,7863711,158805
OK,42,78,910,42,2014-04-17T03:25:00,1,7864160,158805
OK,42,78,910,42,2014-04-17T03:30:00,0,7864609,158805
OK,42,78,910,42,2014-04-17T03:35:00,0,7865058,158805
OK,42,78,910,42,2014-04-17T03:40:00,0,7865507,158805
OK,42,78,910,42,2014-04-17T03:45:00,0,7865956,158805
OK,42,78,910,42,2014-04-17T03:50:00,0,7866405,158805
OK,42,78,910,42,2014-04-17T03:55:00,0,7866854,158805
OK,42,78,910,42,2014-04-17T04:00:00,0,7867303,158805
OK,42,78,910,42,2014-04-17T04:05:00,0,7867752,158805
OK,42,78,910,42,2014-04-17T04:15:00,0,7868650,158805
OK,42,78,910,42,2014-04-17T04:20:00,0,7869099,158805
OK,42,78,910,42,2014-04-17T04:25:00,0,7869548,158805
OK,49,67,910,49,2014-04-17T04:30:00,1,7869997,158805
OK,34,97,910,34,2014-04-17T04:35:00,2,7870446,158805
OK,36,92,910,36,2014-04-17T04:40:00,1,7870895,158805
OK,51,64,910,51,2014-04-17T04:45:00,1,7871344,158805
OK,51,64,910,51,2014-04-17T04:50:00,1,7871793,158805
OK,47,70,910,47,2014-04-17T04:55:00,1,7872242,158805
OK,47,70,910,47,2014-04-17T05:00:00,1,7872691,158805
OK,47,70,910,47,2014-04-17T05:05:00,0,7873140,158805
OK,47,70,910,47,2014-04-17T05:10:00,0,7873589,158805
OK,47,70,910,47,2014-04-17T05:15:00,0,7874038,158805
OK,47,70,910,47,2014-04-17T05:20:00,0,7874487,158805
OK,47,70,910,47,2014-04-17T05:25:00,0,7874936,158805
OK,47,70,910,47,2014-04-17T05:30:00,0,7875385,158805
OK,47,70,910,47,2014-04-17T05:35:00,0,7875834,158805
OK,35,94,910,35,2014-04-17T05:40:00,1,7876283,158805
OK,35,94,910,35,2014-04-17T05:45:00,0,7876732,158805
OK,35,94,910,35,2014-04-17T05:50:00,0,7877181,158805
OK,45,73,910,45,2014-04-17T05:55:00,2,7877630,158805
OK,45,73,910,45,2014-04-17T06:00:00,2,7878079,158805
OK,45,73,910,45,2014-04-17T06:05:00,0,7878528,158805
OK,45,73,910,45,2014-04-17T06:10:00,0,7878977,158805
OK,43,77,910,43,2014-04-17T06:15:00,1,7879426,158805
OK,47,70,910,47,2014-04-17T06:20:00,1,7879875,158805
OK,52,63,910,52,2014-04-17T06:25:00,2,7880324,158805
OK,58,57,910,58,2014-04-17T06:30:00,0,7880773,158805
OK,58,57,910,58,2014-04-17T06:35:00,0,7881222,158805
OK,58,57,910,58,2014-04-17T06:40:00,0,7881671,158805
OK,58,57,910,58,2014-04-17T06:45:00,0,7882120,158805
OK,53,62,910,53,2014-04-17T06:50:00,3,7882569,158805
OK,51,64,910,51,2014-04-17T06:55:00,5,7883018,158805
OK,47,70,910,47,2014-04-17T07:00:00,5,7883467,158805
OK,43,77,910,43,2014-04-17T07:05:00,4,7883916,158805
OK,58,57,910,58,2014-04-17T07:10:00,0,7884365,158805
OK,58,57,910,58,2014-04-17T07:15:00,0,7884814,158805
OK,58,57,910,58,2014-04-17T07:20:00,0,7885263,158805
OK,66,50,910,66,2014-04-17T07:25:00,2,7885712,158805
OK,64,51,910,64,2014-04-17T07:30:00,3,7886161,158805
OK,60,55,910,60,2014-04-17T07:35:00,1,7886610,158805
OK,46,72,910,46,2014-04-17T07:40:00,1,7887059,158805
OK,57,58,910,57,2014-04-17T07:45:00,3,7887508,158805
OK,60,55,910,60,2014-04-17T07:50:00,2,7887957,158805
OK,53,62,910,53,2014-04-17T07:55:00,2,7888406,158805
OK,42,78,910,42,2014-04-17T08:00:00,3,7888855,158805
OK,53,62,910,53,2014-04-17T08:05:00,5,7889304,158805
OK,53,62,910,53,2014-04-17T08:10:00,6,7889753,158805
OK,46,72,910,46,2014-04-17T08:15:00,3,7890202,158805
OK,54,61,910,54,2014-04-17T08:20:00,1,7890651,158805
OK,68,48,910,68,2014-04-17T08:25:00,3,7891100,158805
OK,68,48,910,68,2014-04-17T08:30:00,1,7891549,158805
OK,52,63,910,52,2014-04-17T08:35:00,2,7891998,158805
OK,49,67,910,49,2014-04-17T08:40:00,2,7892447,158805
OK,45,73,910,45,2014-04-17T08:45:00,2,7892896,158805
OK,46,72,910,46,2014-04-17T08:50:00,0,7893345,158805
OK,51,64,910,51,2014-04-17T08:55:00,2,7893794,158805
OK,49,67,910,49,2014-04-17T09:00:00,2,7894243,158805
OK,50,66,910,50,2014-04-17T09:05:00,1,7894692,158805
OK,47,70,910,47,2014-04-17T09:10:00,1,7895141,158805
OK,48,69,910,48,2014-04-17T09:15:00,4,7895590,158805
OK,46,72,910,46,2014-04-17T09:20:00,5,7896039,158805
OK,47,70,910,47,2014-04-17T09:25:00,6,7896488,158805
OK,45,73,910,45,2014-04-17T09:30:00,4,7896937,158805
OK,45,73,910,45,2014-04-17T09:35:00,2,7897386,158805
OK,50,66,910,50,2014-04-17T09:40:00,4,7897835,158805
OK,48,69,910,48,2014-04-17T09:45:00,4,7898284,158805
OK,47,70,910,47,2014-04-17T09:50:00,4,7898733,158805
OK,62,53,910,62,2014-04-17T09:55:00,5,7899182,158805
OK,62,53,910,62,2014-04-17T10:00:00,5,7899631,158805
OK,49,67,910,49,2014-04-17T10:05:00,4,7900080,158805
OK,52,63,910,52,2014-04-17T10:10:00,6,7900529,158805
OK,54,61,910,54,2014-04-17T10:15:00,6,7900978,158805
OK,50,66,910,50,2014-04-17T10:20:00,4,7901427,158805
OK,49,67,910,49,2014-04-17T10:25:00,2,7901876,158805
OK,51,64,910,51,2014-04-17T10:30:00,2,7902325,158805
OK,52,63,910,52,2014-04-17T10:35:00,2,7902774,158805
OK,53,62,910,53,2014-04-17T10:40:00,4,7903223,158805
OK,52,63,910,52,2014-04-17T10:45:00,6,7903672,158805
OK,52,63,910,52,2014-04-17T10:50:00,3,7904121,158805
OK,46,72,910,46,2014-04-17T10:55:00,3,7904570,158805
OK,54,61,910,54,2014-04-17T11:00:00,4,7905019,158805
OK,51,64,910,51,2014-04-17T11:05:00,3,7905468,158805
OK,54,61,910,54,2014-04-17T11:10:00,4,7905917,158805
OK,53,62,910,53,2014-04-17T11:15:00,4,7906366,158805
OK,51,64,910,51,2014-04-17T11:20:00,4,7906815,158805
OK,59,56,910,59,2014-04-17T11:25:00,15,7907264,158805
OK,59,56,910,59,2014-04-17T11:30:00,14,7907713,158805
OK,45,73,910,45,2014-04-17T11:35:00,4,7908162,158805
OK,40,82,910,40,2014-04-17T11:40:00,5,7908611,158805
OK,40,82,910,40,2014-04-17T11:45:00,4,7909060,158805
OK,46,72,910,46,2014-04-17T11:50:00,4,7909509,158805
OK,45,73,910,45,2014-04-17T11:55:00,0,7909958,158805
OK,61,54,910,61,2014-04-17T12:00:00,1,7910407,158805
OK,55,60,910,55,2014-04-17T12:05:00,2,7910856,158805
OK,53,62,910,53,2014-04-17T12:10:00,3,7911305,158805
OK,54,61,910,54,2014-04-17T12:15:00,2,7911754,158805
OK,50,66,910,50,2014-04-17T12:20:00,2,7912203,158805
OK,49,67,910,49,2014-04-17T12:25:00,4,7912652,158805
OK,51,64,910,51,2014-04-17T12:30:00,4,7913101,158805
OK,47,70,910,47,2014-04-17T12:35:00,6,7913550,158805
OK,52,63,910,52,2014-04-17T12:40:00,7,7913999,158805
OK,53,62,910,53,2014-04-17T12:45:00,5,7914448,158805
OK,64,51,910,64,2014-04-17T12:50:00,1,7914897,158805
OK,56,59,910,56,2014-04-17T12:55:00,2,7915346,158805
OK,48,69,910,48,2014-04-17T13:00:00,1,7915795,158805
OK,44,75,910,44,2014-04-17T13:05:00,5,7916244,158805
OK,54,61,910,54,2014-04-17T13:10:00,10,7916693,158805
OK,55,60,910,55,2014-04-17T13:15:00,7,7917142,158805
OK,47,70,910,47,2014-04-17T13:20:00,3,7917591,158805
OK,47,70,910,47,2014-04-17T13:25:00,3,7918040,158805
OK,37,89,910,37,2014-04-17T13:30:00,2,7918489,158805
OK,45,73,910,45,2014-04-17T13:35:00,2,7918938,158805
OK,52,63,910,52,2014-04-17T13:40:00,4,7919387,158805
OK,43,77,910,43,2014-04-17T13:45:00,5,7919836,158805
OK,42,78,910,42,2014-04-17T13:50:00,2,7920285,158805
OK,66,50,910,66,2014-04-17T13:55:00,1,7920734,158805
OK,49,67,910,49,2014-04-17T14:00:00,4,7921183,158805
OK,48,69,910,48,2014-04-17T14:05:00,3,7921632,158805
OK,72,46,910,72,2014-04-17T14:10:00,2,7922081,158805
OK,54,61,910,54,2014-04-17T14:15:00,7,7922530,158805
OK,52,63,910,52,2014-04-17T14:20:00,6,7922979,158805
OK,77,43,910,77,2014-04-17T14:25:00,1,7923428,158805
OK,41,80,910,41,2014-04-17T14:30:00,2,7923877,158805
OK,44,75,910,44,2014-04-17T14:35:00,3,7924326,158805
OK,47,70,910,47,2014-04-17T14:40:00,3,7924775,158805
OK,60,55,910,60,2014-04-17T14:45:00,1,7925224,158805
OK,51,64,910,51,2014-04-17T14:50:00,3,7925673,158805
OK,51,64,910,51,2014-04-17T14:55:00,4,7926122,158805
OK,51,64,910,51,2014-04-17T15:00:00,3,7926571,158805
OK,47,70,910,47,2014-04-17T15:05:00,4,7927020,158805
OK,49,67,910,49,2014-04-17T15:10:00,4,7927469,158805
OK,51,64,910,51,2014-04-17T15:15:00,5,7927918,158805
OK,51,64,910,51,2014-04-17T15:20:00,6,7928367,158805
OK,44,75,910,44,2014-04-17T15:25:00,2,7928816,158805
OK,49,67,910,49,2014-04-17T15:30:00,1,7929265,158805
OK,45,73,910,45,2014-04-17T15:35:00,3,7929714,158805
OK,64,51,910,64,2014-04-17T15:40:00,2,7930163,158805
OK,49,67,910,49,2014-04-17T15:45:00,4,7930612,158805
OK,44,75,910,44,2014-04-17T15:50:00,4,7931061,158805
OK,40,82,910,40,2014-04-17T15:55:00,2,7931510,158805
OK,48,69,910,48,2014-04-17T16:00:00,1,7931959,158805
OK,56,59,910,56,2014-04-17T16:05:00,4,7932408,158805
OK,63,52,910,63,2014-04-17T16:10:00,3,7932857,158805
OK,53,62,910,53,2014-04-17T16:15:00,0,7933306,158805
OK,67,49,910,67,2014-04-17T16:20:00,1,7933755,158805
OK,58,57,910,58,2014-04-17T16:25:00,2,7934204,158805
OK,60,55,910,60,2014-04-17T16:30:00,3,7934653,158805
OK,58,57,910,58,2014-04-17T16:35:00,4,7935102,158805
OK,54,61,910,54,2014-04-17T16:40:00,2,7935551,158805
OK,54,61,910,54,2014-04-17T16:45:00,0,7936000,158805
OK,51,64,910,51,2014-04-17T16:50:00,1,7936449,158805
OK,53,62,910,53,2014-04-17T16:55:00,2,7936898,158805
OK,55,60,910,55,2014-04-17T17:00:00,1,7937347,158805
OK,55,60,910,55,2014-04-17T17:05:00,0,7937796,158805
OK,43,77,910,43,2014-04-17T17:10:00,2,7938245,158805
OK,47,70,910,47,2014-04-17T17:15:00,7,7938694,158805
OK,49,67,910,49,2014-04-17T17:20:00,6,7939143,158805
OK,32,103,910,32,2014-04-17T17:25:00,0,7939592,158805
OK,32,103,910,32,2014-04-17T17:30:00,0,7940041,158805
OK,49,67,910,49,2014-04-17T17:35:00,1,7940490,158805
OK,39,84,910,39,2014-04-17T17:40:00,1,7940939,158805
OK,66,50,910,66,2014-04-17T17:45:00,1,7941388,158805
OK,43,77,910,43,2014-04-17T17:50:00,1,7941837,158805
OK,74,44,910,74,2014-04-17T17:55:00,2,7942286,158805
OK,83,39,910,83,2014-04-17T18:00:00,0,7942735,158805
OK,83,39,910,83,2014-04-17T18:05:00,0,7943184,158805
OK,83,39,910,83,2014-04-17T18:10:00,0,7943633,158805
OK,45,73,910,45,2014-04-17T18:15:00,1,7944082,158805
OK,58,57,910,58,2014-04-17T18:20:00,3,7944531,158805
OK,70,47,910,70,2014-04-17T18:25:00,2,7944980,158805
OK,83,39,910,83,2014-04-17T18:30:00,0,7945429,158805
OK,83,39,910,83,2014-04-17T18:35:00,0,7945878,158805
OK,83,39,910,83,2014-04-17T18:40:00,0,7946327,158805
OK,83,39,910,83,2014-04-17T18:45:00,0,7946776,158805
OK,49,67,910,49,2014-04-17T18:50:00,1,7947225,158805
OK,46,72,910,46,2014-04-17T18:55:00,1,7947674,158805
OK,62,53,910,62,2014-04-17T19:00:00,1,7948123,158805
OK,62,53,910,62,2014-04-17T19:05:00,1,7948572,158805
OK,46,72,910,46,2014-04-17T19:10:00,2,7949021,158805
OK,54,61,910,54,2014-04-17T19:15:00,4,7949470,158805
OK,50,66,910,50,2014-04-17T19:20:00,2,7949919,158805
OK,51,64,910,51,2014-04-17T19:25:00,1,7950368,158805
OK,50,66,910,50,2014-04-17T19:30:00,2,7950817,158805
OK,46,72,910,46,2014-04-17T19:35:00,4,7951266,158805
OK,45,73,910,45,2014-04-17T19:40:00,4,7951715,158805
OK,50,66,910,50,2014-04-17T19:45:00,2,7952164,158805
OK,49,67,910,49,2014-04-17T19:50:00,1,7952613,158805
OK,49,67,910,49,2014-04-17T19:55:00,0,7953062,158805
OK,49,67,910,49,2014-04-17T20:00:00,0,7953511,158805
OK,48,69,910,48,2014-04-17T20:05:00,3,7953960,158805
OK,51,64,910,51,2014-04-17T20:10:00,3,7954409,158805
OK,43,77,910,43,2014-04-17T20:15:00,1,7954858,158805
OK,50,66,910,50,2014-04-17T20:20:00,3,7955307,158805
OK,57,58,910,57,2014-04-17T20:25:00,2,7955756,158805
OK,83,39,910,83,2014-04-17T20:30:00,1,7956205,158805
OK,83,39,910,83,2014-04-17T20:45:00,0,7957552,158805
OK,83,39,910,83,2014-04-17T20:50:00,0,7958001,158805
OK,77,43,910,77,2014-04-17T21:00:00,1,7958899,158805
OK,77,43,910,77,2014-04-17T21:10:00,0,7959797,158805
OK,79,41,910,79,2014-04-17T21:20:00,1,7960695,158805
OK,53,62,910,53,2014-04-17T21:30:00,4,7961593,158805
OK,55,60,910,55,2014-04-17T21:35:00,2,7962042,158805
OK,55,60,910,55,2014-04-17T21:50:00,0,7963263,158805
OK,52,63,910,52,2014-04-17T22:00:00,0,7964161,158805
OK,52,63,910,52,2014-04-17T22:05:00,0,7964610,158805
OK,52,63,910,52,2014-04-17T22:10:00,0,7965059,158805
OK,52,63,910,52,2014-04-17T22:15:00,0,7965508,158805
OK,52,63,910,52,2014-04-17T22:20:00,0,7965957,158805
OK,49,67,910,49,2014-04-17T22:25:00,3,7966406,158805
OK,49,67,910,49,2014-04-17T22:30:00,6,7966855,158805
OK,48,69,910,48,2014-04-17T22:35:00,5,7967304,158805
OK,44,75,910,44,2014-04-17T22:40:00,2,7967746,158805
OK,44,75,910,44,2014-04-17T22:45:00,0,7968165,158805
OK,44,75,910,44,2014-04-17T22:50:00,0,7968614,158805
OK,44,75,910,44,2014-04-17T22:55:00,0,7969062,158805
OK,44,75,910,44,2014-04-17T23:00:00,0,7969511,158805
OK,44,75,910,44,2014-04-17T23:10:00,0,7970409,158805
OK,44,75,910,44,2014-04-17T23:20:00,0,7971307,158805
OK,44,75,910,44,2014-04-17T23:40:00,0,7973086,158805
OK,44,75,910,44,2014-04-17T23:50:00,0,7973984,158805
OK,44,75,910,44,2014-04-18T00:00:00,0,7974841,158805
OK,44,75,910,44,2014-04-18T00:05:00,0,7975290,158805
OK,44,75,910,44,2014-04-18T00:10:00,0,7975739,158805
OK,47,70,910,47,2014-04-18T00:15:00,1,7976188,158805
OK,57,58,910,57,2014-04-18T00:20:00,1,7976637,158805
OK,57,58,910,57,2014-04-18T00:25:00,0,7977086,158805
OK,57,58,910,57,2014-04-18T00:30:00,0,7977535,158805
OK,57,58,910,57,2014-04-18T00:35:00,0,7977984,158805
OK,57,58,910,57,2014-04-18T00:40:00,0,7978433,158805
OK,57,58,910,57,2014-04-18T00:45:00,0,7978882,158805
OK,57,58,910,57,2014-04-18T00:50:00,0,7979331,158805
OK,57,58,910,57,2014-04-18T00:55:00,0,7979780,158805
OK,57,58,910,57,2014-04-18T01:00:00,0,7980229,158805
OK,57,58,910,57,2014-04-18T01:05:00,0,7980678,158805
OK,57,58,910,57,2014-04-18T01:10:00,0,7981127,158805
OK,57,58,910,57,2014-04-18T01:15:00,0,7981576,158805
OK,57,58,910,57,2014-04-18T01:20:00,0,7982025,158805
OK,57,58,910,57,2014-04-18T01:25:00,0,7982474,158805
OK,57,58,910,57,2014-04-18T01:30:00,0,7982923,158805
OK,57,58,910,57,2014-04-18T01:35:00,0,7983372,158805
OK,57,58,910,57,2014-04-18T01:40:00,0,7983821,158805
OK,57,58,910,57,2014-04-18T01:45:00,0,7984270,158805
OK,57,58,910,57,2014-04-18T01:50:00,0,7984719,158805
OK,57,58,910,57,2014-04-18T01:55:00,0,7985168,158805
OK,57,58,910,57,2014-04-18T02:00:00,0,7985617,158805
OK,57,58,910,57,2014-04-18T02:05:00,0,7986066,158805
OK,57,58,910,57,2014-04-18T02:10:00,0,7986515,158805
OK,57,58,910,57,2014-04-18T02:15:00,0,7986964,158805
OK,57,58,910,57,2014-04-18T02:20:00,0,7987413,158805
OK,57,58,910,57,2014-04-18T02:25:00,0,7987862,158805
OK,57,58,910,57,2014-04-18T02:30:00,0,7988311,158805
OK,57,58,910,57,2014-04-18T02:35:00,0,7988760,158805
OK,57,58,910,57,2014-04-18T02:40:00,0,7989209,158805
OK,57,58,910,57,2014-04-18T02:45:00,0,7989658,158805
OK,57,58,910,57,2014-04-18T02:50:00,0,7990107,158805
OK,57,58,910,57,2014-04-18T02:55:00,0,7990556,158805
OK,57,58,910,57,2014-04-18T03:00:00,0,7991005,158805
OK,57,58,910,57,2014-04-18T03:05:00,0,7991454,158805
OK,57,58,910,57,2014-04-18T03:10:00,0,7991903,158805
OK,57,58,910,57,2014-04-18T03:15:00,0,7992352,158805
OK,57,58,910,57,2014-04-18T03:20:00,0,7992801,158805
OK,57,58,910,57,2014-04-18T03:25:00,0,7993250,158805
OK,57,58,910,57,2014-04-18T03:30:00,0,7993699,158805
OK,57,58,910,57,2014-04-18T03:35:00,0,7994148,158805
OK,57,58,910,57,2014-04-18T03:40:00,0,7994597,158805
OK,57,58,910,57,2014-04-18T03:45:00,0,7995046,158805
OK,57,58,910,57,2014-04-18T03:50:00,0,7995495,158805
OK,57,58,910,57,2014-04-18T03:55:00,0,7995944,158805
OK,57,58,910,57,2014-04-18T04:00:00,0,7996393,158805
OK,57,58,910,57,2014-04-18T04:05:00,0,7996842,158805
OK,57,58,910,57,2014-04-18T04:10:00,0,7997291,158805
OK,57,58,910,57,2014-04-18T04:15:00,0,7997740,158805
OK,57,58,910,57,2014-04-18T04:20:00,0,7998189,158805
OK,57,58,910,57,2014-04-18T04:25:00,0,7998638,158805
OK,53,62,910,53,2014-04-18T04:30:00,1,7999087,158805
OK,53,62,910,53,2014-04-18T04:35:00,0,7999536,158805
OK,47,70,910,47,2014-04-18T04:40:00,2,7999985,158805
OK,41,80,910,41,2014-04-18T04:45:00,3,8000434,158805
OK,46,72,910,46,2014-04-18T04:50:00,0,8000883,158805
OK,46,72,910,46,2014-04-18T04:55:00,0,8001332,158805
OK,46,72,910,46,2014-04-18T05:00:00,0,8001781,158805
OK,46,72,910,46,2014-04-18T05:05:00,0,8002230,158805
OK,46,72,910,46,2014-04-18T05:10:00,0,8002679,158805
OK,46,72,910,46,2014-04-18T05:15:00,0,8003128,158805
OK,46,72,910,46,2014-04-18T05:20:00,0,8003577,158805
OK,46,72,910,46,2014-04-18T05:25:00,0,8004026,158805
OK,53,62,910,53,2014-04-18T05:30:00,1,8004475,158805
OK,53,62,910,53,2014-04-18T05:35:00,1,8004924,158805
OK,53,62,910,53,2014-04-18T05:40:00,0,8005373,158805
OK,53,62,910,53,2014-04-18T05:45:00,0,8005822,158805
OK,64,51,910,64,2014-04-18T05:50:00,1,8006271,158805
OK,47,70,910,47,2014-04-18T05:55:00,2,8006720,158805
OK,43,77,910,43,2014-04-18T06:00:00,2,8007169,158805
OK,44,75,910,44,2014-04-18T06:05:00,0,8007618,158805
OK,54,61,910,54,2014-04-18T06:10:00,2,8008067,158805
OK,54,61,910,54,2014-04-18T06:15:00,2,8008516,158805
OK,65,50,910,65,2014-04-18T06:20:00,0,8008965,158805
OK,35,94,910,35,2014-04-18T06:25:00,1,8009414,158805
OK,42,78,910,42,2014-04-18T06:30:00,2,8009863,158805
OK,50,66,910,50,2014-04-18T06:35:00,1,8010312,158805
OK,50,66,910,50,2014-04-18T06:40:00,0,8010761,158805
OK,50,66,910,50,2014-04-18T06:45:00,0,8011210,158805
OK,50,66,910,50,2014-04-18T06:50:00,0,8011659,158805
OK,61,54,910,61,2014-04-18T06:55:00,1,8012108,158805
OK,50,66,910,50,2014-04-18T07:00:00,4,8012557,158805
OK,47,70,910,47,2014-04-18T07:05:00,1,8013006,158805
OK,47,70,910,47,2014-04-18T07:10:00,0,8013455,158805
OK,48,69,910,48,2014-04-18T07:15:00,1,8013904,158805
OK,49,67,910,49,2014-04-18T07:20:00,1,8014353,158805
OK,49,67,910,49,2014-04-18T07:25:00,1,8014802,158805
OK,49,67,910,49,2014-04-18T07:30:00,0,8015251,158805
OK,49,67,910,49,2014-04-18T07:35:00,1,8015700,158805
OK,53,62,910,53,2014-04-18T07:40:00,2,8016149,158805
OK,46,72,910,46,2014-04-18T07:45:00,2,8016598,158805
OK,35,94,910,35,2014-04-18T07:50:00,3,8017046,158805
OK,41,80,910,41,2014-04-18T07:55:00,2,8017495,158805
OK,40,82,910,40,2014-04-18T08:00:00,2,8017944,158805
OK,42,78,910,42,2014-04-18T08:05:00,3,8018393,158805
OK,53,62,910,53,2014-04-18T08:10:00,1,8018842,158805
OK,49,67,910,49,2014-04-18T08:15:00,2,8019291,158805
OK,48,69,910,48,2014-04-18T08:20:00,4,8019740,158805
OK,51,64,910,51,2014-04-18T08:25:00,3,8020189,158805
OK,52,63,910,52,2014-04-18T08:30:00,2,8020638,158805
OK,52,63,910,52,2014-04-18T08:35:00,4,8021087,158805
OK,56,59,910,56,2014-04-18T08:40:00,3,8021536,158805
OK,54,61,910,54,2014-04-18T08:45:00,3,8021985,158805
OK,54,61,910,54,2014-04-18T08:50:00,1,8022434,158805
OK,54,61,910,54,2014-04-18T08:55:00,0,8022883,158805
OK,54,61,910,54,2014-04-18T09:00:00,0,8023332,158805
OK,64,51,910,64,2014-04-18T09:05:00,2,8023781,158805
OK,56,59,910,56,2014-04-18T09:10:00,3,8024230,158805
OK,55,60,910,55,2014-04-18T09:15:00,1,8024679,158805
OK,35,94,910,35,2014-04-18T09:20:00,1,8025128,158805
OK,56,59,910,56,2014-04-18T09:25:00,3,8025577,158805
OK,56,59,910,56,2014-04-18T09:30:00,5,8026026,158805
OK,52,63,910,52,2014-04-18T09:35:00,4,8026475,158805
OK,66,50,910,66,2014-04-18T09:40:00,3,8026923,158805
OK,66,50,910,66,2014-04-18T09:45:00,3,8027372,158805
OK,55,60,910,55,2014-04-18T09:50:00,2,8027821,158805
OK,63,52,910,63,2014-04-18T09:55:00,1,8028270,158805
OK,51,64,910,51,2014-04-18T10:00:00,2,8028719,158805
OK,70,47,910,70,2014-04-18T10:05:00,4,8029168,158805
OK,82,40,910,82,2014-04-18T10:10:00,2,8029617,158805
OK,68,48,910,68,2014-04-18T10:15:00,1,8030066,158805
OK,68,48,910,68,2014-04-18T10:20:00,2,8030515,158805
OK,59,56,910,59,2014-04-18T10:25:00,5,8030964,158805
OK,58,57,910,58,2014-04-18T10:30:00,8,8031413,158805
OK,52,63,910,52,2014-04-18T10:35:00,4,8031862,158805
OK,77,43,910,77,2014-04-18T10:40:00,1,8032311,158805
OK,61,54,910,61,2014-04-18T10:45:00,2,8032760,158805
OK,91,36,910,91,2014-04-18T10:50:00,2,8033209,158805
OK,56,59,910,56,2014-04-18T10:55:00,6,8033658,158805
OK,58,57,910,58,2014-04-18T11:00:00,8,8034107,158805
OK,66,50,910,66,2014-04-18T11:05:00,2,8034556,158805
OK,58,57,910,58,2014-04-18T11:10:00,0,8035005,158805
OK,49,67,910,49,2014-04-18T11:15:00,4,8035454,158805
OK,41,80,910,41,2014-04-18T11:20:00,5,8035903,158805
OK,37,89,910,37,2014-04-18T11:25:00,3,8036352,158805
OK,51,64,910,51,2014-04-18T11:30:00,4,8036801,158805
OK,54,61,910,54,2014-04-18T11:35:00,5,8037250,158805
OK,51,64,910,51,2014-04-18T11:40:00,9,8037699,158805
OK,54,61,910,54,2014-04-18T11:45:00,6,8038148,158805
OK,65,50,910,65,2014-04-18T11:50:00,2,8038597,158805
OK,70,47,910,70,2014-04-18T11:55:00,3,8039046,158805
OK,59,56,910,59,2014-04-18T12:00:00,3,8039495,158805
OK,50,66,910,50,2014-04-18T12:05:00,5,8039944,158805
OK,51,64,910,51,2014-04-18T12:10:00,4,8040393,158805
OK,66,50,910,66,2014-04-18T12:15:00,2,8040842,158805
OK,30,110,910,30,2014-04-18T12:20:00,1,8041291,158805
OK,41,80,910,41,2014-04-18T12:25:00,1,8041740,158805
OK,53,62,910,53,2014-04-18T12:30:00,3,8042189,158805
OK,51,64,910,51,2014-04-18T12:35:00,4,8042638,158805
OK,59,56,910,59,2014-04-18T12:40:00,1,8043087,158805
OK,50,66,910,50,2014-04-18T12:45:00,2,8043536,158805
OK,58,57,910,58,2014-04-18T12:50:00,6,8043985,158805
OK,58,57,910,58,2014-04-18T12:55:00,6,8044434,158805
OK,51,64,910,51,2014-04-18T13:00:00,1,8044883,158805
OK,68,48,910,68,2014-04-18T13:05:00,4,8045332,158805
OK,68,48,910,68,2014-04-18T13:10:00,2,8045781,158805
OK,59,56,910,59,2014-04-18T13:15:00,2,8046230,158805
OK,53,62,910,53,2014-04-18T13:20:00,5,8046679,158805
OK,65,50,910,65,2014-04-18T13:25:00,6,8047128,158805
OK,68,48,910,68,2014-04-18T13:30:00,6,8047577,158805
OK,52,63,910,52,2014-04-18T13:35:00,3,8048026,158805
OK,46,72,910,46,2014-04-18T13:40:00,4,8048475,158805
OK,46,72,910,46,2014-04-18T13:45:00,3,8048924,158805
OK,49,67,910,49,2014-04-18T13:50:00,1,8049373,158805
OK,50,66,910,50,2014-04-18T13:55:00,1,8049822,158805
OK,49,67,910,49,2014-04-18T14:00:00,3,8050271,158805
OK,46,72,910,46,2014-04-18T14:05:00,4,8050720,158805
OK,70,47,910,70,2014-04-18T14:10:00,1,8051169,158805
OK,52,63,910,52,2014-04-18T14:15:00,1,8051618,158805
OK,47,70,910,47,2014-04-18T14:20:00,2,8052067,158805
OK,49,67,910,49,2014-04-18T14:25:00,2,8052516,158805
OK,56,59,910,56,2014-04-18T14:30:00,5,8052965,158805
OK,70,47,910,70,2014-04-18T14:35:00,3,8053414,158805
OK,40,82,910,40,2014-04-18T14:40:00,1,8053863,158805
OK,40,82,910,40,2014-04-18T14:45:00,0,8054312,158805
OK,53,62,910,53,2014-04-18T14:50:00,4,8054761,158805
OK,58,57,910,58,2014-04-18T14:55:00,8,8055210,158805
OK,56,59,910,56,2014-04-18T15:00:00,5,8055659,158805
OK,56,59,910,56,2014-04-18T15:05:00,2,8056108,158805
OK,63,52,910,63,2014-04-18T15:10:00,3,8056557,158805
OK,56,59,910,56,2014-04-18T15:15:00,6,8057006,158805
OK,47,70,910,47,2014-04-18T15:20:00,5,8057455,158805
OK,60,55,910,60,2014-04-18T15:25:00,6,8057904,158805
OK,51,64,910,51,2014-04-18T15:30:00,8,8058353,158805
OK,52,63,910,52,2014-04-18T15:35:00,8,8058802,158805
OK,76,43,910,76,2014-04-18T15:40:00,3,8059251,158805
OK,57,58,910,57,2014-04-18T15:45:00,3,8059700,158805
OK,56,59,910,56,2014-04-18T15:50:00,4,8060149,158805
OK,50,66,910,50,2014-04-18T15:55:00,3,8060598,158805
OK,53,62,910,53,2014-04-18T16:00:00,2,8061047,158805
OK,57,58,910,57,2014-04-18T16:05:00,1,8061496,158805
OK,58,57,910,58,2014-04-18T16:10:00,2,8061945,158805
OK,54,61,910,54,2014-04-18T16:15:00,4,8062394,158805
OK,53,62,910,53,2014-04-18T16:20:00,2,8062843,158805
OK,78,42,910,78,2014-04-18T16:25:00,3,8063292,158805
OK,78,42,910,78,2014-04-18T16:30:00,3,8063741,158805
OK,47,70,910,47,2014-04-18T16:35:00,3,8064190,158805
OK,51,64,910,51,2014-04-18T16:40:00,3,8064639,158805
OK,65,50,910,65,2014-04-18T16:45:00,1,8065088,158805
OK,65,50,910,65,2014-04-18T16:50:00,0,8065537,158805
OK,55,60,910,55,2014-04-18T16:55:00,2,8065986,158805
OK,59,56,910,59,2014-04-18T17:00:00,3,8066435,158805
OK,59,56,910,59,2014-04-18T17:05:00,3,8066884,158805
OK,59,56,910,59,2014-04-18T17:10:00,0,8067333,158805
OK,59,56,910,59,2014-04-18T17:15:00,0,8067782,158805
OK,59,56,910,59,2014-04-18T17:20:00,0,8068231,158805
OK,40,82,910,40,2014-04-18T17:25:00,1,8068680,158805
OK,40,82,910,40,2014-04-18T17:30:00,1,8069129,158805
OK,40,82,910,40,2014-04-18T17:35:00,0,8069578,158805
OK,40,82,910,40,2014-04-18T17:40:00,0,8070027,158805
OK,52,63,910,52,2014-04-18T17:45:00,1,8070476,158805
OK,52,63,910,52,2014-04-18T17:50:00,1,8070925,158805
OK,52,63,910,52,2014-04-18T17:55:00,0,8071374,158805
OK,52,63,910,52,2014-04-18T18:00:00,0,8071823,158805
OK,54,61,910,54,2014-04-18T18:05:00,2,8072272,158805
OK,53,62,910,53,2014-04-18T18:10:00,1,8072721,158805
OK,53,62,910,53,2014-04-18T18:15:00,1,8073170,158805
OK,53,62,910,53,2014-04-18T18:20:00,0,8073619,158805
OK,53,62,910,53,2014-04-18T18:25:00,0,8074068,158805
OK,46,72,910,46,2014-04-18T18:30:00,1,8074517,158805
OK,43,77,910,43,2014-04-18T18:35:00,2,8074966,158805
OK,31,106,910,31,2014-04-18T18:40:00,1,8075415,158805
OK,79,41,910,79,2014-04-18T18:45:00,3,8075864,158805
OK,79,41,910,79,2014-04-18T18:50:00,3,8076313,158805
OK,55,60,910,55,2014-04-18T18:55:00,3,8076762,158805
OK,62,53,910,62,2014-04-18T19:00:00,2,8077211,158805
OK,62,53,910,62,2014-04-18T19:05:00,4,8077660,158805
OK,65,50,910,65,2014-04-18T19:10:00,2,8078109,158805
OK,48,69,910,48,2014-04-18T19:15:00,2,8078558,158805
OK,39,84,910,39,2014-04-18T19:20:00,0,8079007,158805
OK,56,59,910,56,2014-04-18T19:25:00,2,8079456,158805
OK,60,55,910,60,2014-04-18T19:30:00,1,8079905,158805
OK,47,70,910,47,2014-04-18T19:35:00,1,8080354,158805
OK,47,70,910,47,2014-04-18T19:40:00,1,8080803,158805
OK,42,78,910,42,2014-04-18T19:45:00,2,8081252,158805
OK,52,63,910,52,2014-04-18T19:50:00,2,8081701,158805
OK,62,53,910,62,2014-04-18T19:55:00,2,8082150,158805
OK,60,55,910,60,2014-04-18T20:00:00,3,8082599,158805
OK,55,60,910,55,2014-04-18T20:05:00,4,8083048,158805
OK,51,64,910,51,2014-04-18T20:10:00,3,8083497,158805
OK,58,57,910,58,2014-04-18T20:20:00,1,8084395,158805
OK,52,63,910,52,2014-04-18T20:25:00,2,8084844,158805
OK,46,72,910,46,2014-04-18T20:30:00,0,8085293,158805
OK,67,49,910,67,2014-04-18T20:40:00,1,8086191,158805
OK,50,66,910,50,2014-04-18T20:50:00,1,8087089,158805
OK,55,60,910,55,2014-04-18T21:00:00,2,8087987,158805
OK,55,60,910,55,2014-04-18T21:05:00,2,8088436,158805
OK,42,78,910,42,2014-04-18T21:10:00,0,8088885,158805
OK,66,50,910,66,2014-04-18T21:15:00,1,8089334,158805
OK,48,69,910,48,2014-04-18T21:25:00,1,8090232,158805
OK,45,73,910,45,2014-04-18T21:30:00,2,8090681,158805
OK,69,48,910,69,2014-04-18T21:35:00,1,8091130,158805
OK,69,48,910,69,2014-04-18T21:40:00,1,8091579,158805
OK,69,48,910,69,2014-04-18T21:45:00,0,8092028,158805
OK,69,48,910,69,2014-04-18T22:00:00,0,8093375,158805
OK,69,48,910,69,2014-04-18T22:05:00,0,8093824,158805
OK,69,48,910,69,2014-04-18T22:10:00,0,8094273,158805
OK,69,48,910,69,2014-04-18T22:15:00,0,8094722,158805
OK,69,48,910,69,2014-04-18T22:20:00,0,8095171,158805
OK,41,80,910,41,2014-04-18T22:25:00,1,8095620,158805
OK,41,80,910,41,2014-04-18T22:30:00,0,8096069,158805
OK,41,80,910,41,2014-04-18T22:35:00,0,8096517,158805
OK,41,80,910,41,2014-04-18T22:40:00,0,8096966,158805
OK,46,72,910,46,2014-04-18T22:45:00,1,8097396,158805
OK,46,72,910,46,2014-04-18T22:50:00,1,8097845,158805
OK,46,72,910,46,2014-04-18T22:55:00,0,8098294,158805
OK,46,72,910,46,2014-04-18T23:10:00,0,8099618,158805
OK,46,72,910,46,2014-04-18T23:15:00,0,8100067,158805
OK,46,72,910,46,2014-04-18T23:20:00,0,8100516,158805
OK,46,72,910,46,2014-04-18T23:30:00,0,8101414,158805
OK,46,72,910,46,2014-04-18T23:35:00,0,8101863,158805
OK,46,72,910,46,2014-04-18T23:40:00,0,8102312,158805
OK,46,72,910,46,2014-04-18T23:45:00,0,8102761,158805
OK,46,72,910,46,2014-04-18T23:50:00,0,8103210,158805
OK,46,72,910,46,2014-04-18T23:55:00,0,8103659,158805
OK,46,72,910,46,2014-04-19T00:00:00,0,8104108,158805
OK,46,72,910,46,2014-04-19T00:10:00,0,8105006,158805
OK,46,72,910,46,2014-04-19T00:15:00,0,8105455,158805
OK,46,72,910,46,2014-04-19T00:20:00,0,8105904,158805
OK,46,72,910,46,2014-04-19T00:25:00,0,8106353,158805
OK,46,72,910,46,2014-04-19T00:30:00,0,8106802,158805
OK,46,72,910,46,2014-04-19T00:35:00,0,8107251,158805
OK,46,72,910,46,2014-04-19T00:40:00,0,8107700,158805
OK,46,72,910,46,2014-04-19T00:45:00,0,8108149,158805
OK,46,72,910,46,2014-04-19T00:50:00,0,8108598,158805
OK,56,59,910,56,2014-04-19T00:55:00,0,8109047,158805
OK,56,59,910,56,2014-04-19T01:00:00,0,8109496,158805
OK,74,44,910,74,2014-04-19T01:05:00,0,8109945,158805
OK,74,44,910,74,2014-04-19T01:10:00,0,8110394,158805
OK,74,44,910,74,2014-04-19T01:15:00,0,8110843,158805
OK,74,44,910,74,2014-04-19T01:20:00,0,8111292,158805
OK,74,44,910,74,2014-04-19T01:25:00,0,8111741,158805
OK,74,44,910,74,2014-04-19T01:30:00,0,8112190,158805
OK,74,44,910,74,2014-04-19T01:35:00,0,8112639,158805
OK,74,44,910,74,2014-04-19T01:40:00,0,8113088,158805
OK,74,44,910,74,2014-04-19T01:45:00,0,8113537,158805
OK,74,44,910,74,2014-04-19T01:50:00,0,8113986,158805
OK,74,44,910,74,2014-04-19T01:55:00,0,8114435,158805
OK,74,44,910,74,2014-04-19T02:00:00,0,8114884,158805
OK,74,44,910,74,2014-04-19T02:05:00,0,8115333,158805
OK,74,44,910,74,2014-04-19T02:10:00,0,8115781,158805
OK,74,44,910,74,2014-04-19T02:15:00,0,8116230,158805
OK,74,44,910,74,2014-04-19T02:20:00,0,8116679,158805
OK,74,44,910,74,2014-04-19T02:25:00,0,8117128,158805
OK,74,44,910,74,2014-04-19T02:30:00,0,8117577,158805
OK,74,44,910,74,2014-04-19T02:35:00,0,8118026,158805
OK,74,44,910,74,2014-04-19T02:40:00,0,8118475,158805
OK,74,44,910,74,2014-04-19T02:45:00,0,8118924,158805
OK,74,44,910,74,2014-04-19T02:50:00,0,8119373,158805
OK,74,44,910,74,2014-04-19T02:55:00,0,8119822,158805
OK,74,44,910,74,2014-04-19T03:00:00,0,8120271,158805
OK,74,44,910,74,2014-04-19T03:05:00,0,8120720,158805
OK,74,44,910,74,2014-04-19T03:10:00,0,8121169,158805
OK,74,44,910,74,2014-04-19T03:15:00,0,8121618,158805
OK,74,44,910,74,2014-04-19T03:20:00,0,8122067,158805
OK,74,44,910,74,2014-04-19T03:25:00,0,8122516,158805
OK,74,44,910,74,2014-04-19T03:30:00,0,8122965,158805
OK,53,62,910,53,2014-04-19T03:35:00,0,8123414,158805
OK,53,62,910,53,2014-04-19T03:40:00,0,8123863,158805
OK,53,62,910,53,2014-04-19T03:45:00,0,8124312,158805
OK,53,62,910,53,2014-04-19T03:50:00,0,8124761,158805
OK,53,62,910,53,2014-04-19T03:55:00,0,8125210,158805
OK,53,62,910,53,2014-04-19T04:00:00,0,8125659,158805
OK,28,118,910,28,2014-04-19T04:05:00,0,8126108,158805
OK,28,118,910,28,2014-04-19T04:10:00,0,8126557,158805
OK,28,118,910,28,2014-04-19T04:15:00,0,8127006,158805
OK,28,118,910,28,2014-04-19T04:20:00,0,8127445,158805
OK,28,118,910,28,2014-04-19T04:25:00,0,8127894,158805
OK,28,118,910,28,2014-04-19T04:30:00,0,8128343,158805
OK,28,118,910,28,2014-04-19T04:35:00,0,8128792,158805
OK,33,100,910,33,2014-04-19T04:40:00,3,8129241,158805
OK,29,114,910,29,2014-04-19T04:45:00,2,8129690,158805
OK,29,114,910,29,2014-04-19T04:50:00,0,8130139,158805
OK,29,114,910,29,2014-04-19T04:55:00,0,8130588,158805
OK,29,114,910,29,2014-04-19T05:00:00,0,8131037,158805
OK,54,61,910,54,2014-04-19T05:05:00,0,8131486,158805
OK,54,61,910,54,2014-04-19T05:10:00,0,8131935,158805
OK,39,84,910,39,2014-04-19T05:15:00,0,8132384,158805
OK,39,84,910,39,2014-04-19T05:20:00,0,8132833,158805
OK,39,84,910,39,2014-04-19T05:25:00,0,8133282,158805
OK,46,72,910,46,2014-04-19T05:30:00,1,8133731,158805
OK,46,72,910,46,2014-04-19T05:35:00,0,8134180,158805
OK,46,72,910,46,2014-04-19T05:40:00,0,8134629,158805
OK,46,72,910,46,2014-04-19T05:45:00,0,8135078,158805
OK,46,72,910,46,2014-04-19T05:50:00,0,8135527,158805
OK,46,72,910,46,2014-04-19T05:55:00,0,8135976,158805
OK,46,72,910,46,2014-04-19T06:00:00,0,8136425,158805
OK,46,72,910,46,2014-04-19T06:05:00,0,8136874,158805
OK,56,59,910,56,2014-04-19T06:10:00,3,8137323,158805
OK,51,64,910,51,2014-04-19T06:15:00,4,8137772,158805
OK,51,64,910,51,2014-04-19T06:20:00,5,8138221,158805
OK,41,80,910,41,2014-04-19T06:25:00,0,8138670,158805
OK,49,67,910,49,2014-04-19T06:30:00,1,8139119,158805
OK,55,60,910,55,2014-04-19T06:35:00,2,8139568,158805
OK,61,54,910,61,2014-04-19T06:40:00,1,8140017,158805
OK,48,69,910,48,2014-04-19T06:45:00,1,8140466,158805
OK,48,69,910,48,2014-04-19T06:50:00,0,8140915,158805
OK,54,61,910,54,2014-04-19T06:55:00,2,8141364,158805
OK,53,62,910,53,2014-04-19T07:00:00,3,8141813,158805
OK,47,70,910,47,2014-04-19T07:05:00,1,8142262,158805
OK,47,70,910,47,2014-04-19T07:10:00,0,8142711,158805
OK,40,82,910,40,2014-04-19T07:15:00,2,8143160,158805
OK,40,82,910,40,2014-04-19T07:20:00,2,8143609,158805
OK,68,48,910,68,2014-04-19T07:25:00,2,8144058,158805
OK,54,61,910,54,2014-04-19T07:30:00,6,8144507,158805
OK,39,84,910,39,2014-04-19T07:35:00,3,8144956,158805
OK,67,49,910,67,2014-04-19T07:40:00,1,8145405,158805
OK,50,66,910,50,2014-04-19T07:45:00,5,8145854,158805
OK,49,67,910,49,2014-04-19T07:50:00,6,8146303,158805
OK,47,70,910,47,2014-04-19T07:55:00,1,8146752,158805
OK,44,75,910,44,2014-04-19T08:00:00,2,8147201,158805
OK,49,67,910,49,2014-04-19T08:05:00,5,8147650,158805
OK,62,53,910,62,2014-04-19T08:10:00,3,8148099,158805
OK,57,58,910,57,2014-04-19T08:15:00,1,8148548,158805
OK,51,64,910,51,2014-04-19T08:20:00,5,8148997,158805
OK,47,70,910,47,2014-04-19T08:25:00,10,8149446,158805
OK,47,70,910,47,2014-04-19T08:30:00,8,8149895,158805
OK,45,73,910,45,2014-04-19T08:35:00,8,8150344,158805
OK,49,67,910,49,2014-04-19T08:40:00,6,8150793,158805
OK,64,51,910,64,2014-04-19T08:45:00,6,8151242,158805
OK,61,54,910,61,2014-04-19T08:50:00,6,8151691,158805
OK,53,62,910,53,2014-04-19T08:55:00,4,8152140,158805
OK,54,61,910,54,2014-04-19T09:00:00,3,8152589,158805
OK,54,61,910,54,2014-04-19T09:05:00,2,8153038,158805
OK,54,61,910,54,2014-04-19T09:10:00,3,8153487,158805
OK,56,59,910,56,2014-04-19T09:15:00,6,8153936,158805
OK,56,59,910,56,2014-04-19T09:20:00,6,8154385,158805
OK,46,72,910,46,2014-04-19T09:25:00,2,8154834,158805
OK,61,54,910,61,2014-04-19T09:30:00,3,8155283,158805
OK,61,54,910,61,2014-04-19T09:35:00,3,8155732,158805
OK,42,78,910,42,2014-04-19T09:40:00,7,8156181,158805
OK,42,78,910,42,2014-04-19T09:45:00,8,8156630,158805
OK,53,62,910,53,2014-04-19T09:50:00,4,8157079,158805
OK,50,66,910,50,2014-04-19T09:55:00,5,8157528,158805
OK,50,66,910,50,2014-04-19T10:00:00,3,8157977,158805
OK,52,63,910,52,2014-04-19T10:05:00,6,8158426,158805
OK,53,62,910,53,2014-04-19T10:10:00,11,8158875,158805
OK,45,73,910,45,2014-04-19T10:15:00,9,8159324,158805
OK,46,72,910,46,2014-04-19T10:20:00,8,8159773,158805
OK,49,67,910,49,2014-04-19T10:25:00,6,8160222,158805
OK,65,50,910,65,2014-04-19T10:30:00,7,8160671,158805
OK,61,54,910,61,2014-04-19T10:35:00,6,8161120,158805
OK,53,62,910,53,2014-04-19T10:40:00,5,8161569,158805
OK,51,64,910,51,2014-04-19T10:45:00,6,8162018,158805
OK,51,64,910,51,2014-04-19T10:50:00,9,8162467,158805
OK,53,62,910,53,2014-04-19T10:55:00,11,8162916,158805
OK,54,61,910,54,2014-04-19T11:00:00,8,8163365,158805
OK,54,61,910,54,2014-04-19T11:05:00,5,8163814,158805
OK,54,61,910,54,2014-04-19T11:10:00,7,8164263,158805
OK,56,59,910,56,2014-04-19T11:15:00,8,8164712,158805
OK,55,60,910,55,2014-04-19T11:20:00,4,8165161,158805
OK,50,66,910,50,2014-04-19T11:25:00,1,8165610,158805
OK,53,62,910,53,2014-04-19T11:30:00,2,8166059,158805
OK,48,69,910,48,2014-04-19T11:35:00,2,8166508,158805
OK,46,72,910,46,2014-04-19T11:40:00,5,8166957,158805
OK,42,78,910,42,2014-04-19T11:45:00,2,8167406,158805
OK,50,66,910,50,2014-04-19T11:50:00,5,8167855,158805
OK,48,69,910,48,2014-04-19T11:55:00,7,8168304,158805
OK,41,80,910,41,2014-04-19T12:00:00,3,8168753,158805
OK,51,64,910,51,2014-04-19T12:05:00,1,8169202,158805
OK,48,69,910,48,2014-04-19T12:10:00,2,8169651,158805
OK,52,63,910,52,2014-04-19T12:15:00,5,8170100,158805
OK,52,63,910,52,2014-04-19T12:20:00,9,8170549,158805
OK,48,69,910,48,2014-04-19T12:25:00,7,8170998,158805
OK,30,110,910,30,2014-04-19T12:30:00,1,8171447,158805
OK,40,82,910,40,2014-04-19T12:35:00,2,8171896,158805
OK,51,64,910,51,2014-04-19T12:40:00,1,8172345,158805
OK,54,61,910,54,2014-04-19T12:45:00,4,8172794,158805
OK,59,56,910,59,2014-04-19T12:50:00,7,8173243,158805
OK,56,59,910,56,2014-04-19T12:55:00,5,8173692,158805
OK,56,59,910,56,2014-04-19T13:00:00,4,8174141,158805
OK,51,64,910,51,2014-04-19T13:05:00,4,8174590,158805
OK,46,72,910,46,2014-04-19T13:10:00,5,8175039,158805
OK,46,72,910,46,2014-04-19T13:15:00,6,8175488,158805
OK,54,61,910,54,2014-04-19T13:20:00,4,8175937,158805
OK,49,67,910,49,2014-04-19T13:25:00,2,8176386,158805
OK,52,63,910,52,2014-04-19T13:30:00,3,8176835,158805
OK,43,77,910,43,2014-04-19T13:35:00,5,8177284,158805
OK,41,80,910,41,2014-04-19T13:40:00,8,8177733,158805
OK,48,69,910,48,2014-04-19T13:45:00,7,8178182,158805
OK,47,70,910,47,2014-04-19T13:50:00,9,8178631,158805
OK,53,62,910,53,2014-04-19T13:55:00,5,8179080,158805
OK,53,62,910,53,2014-04-19T14:00:00,5,8179529,158805
OK,49,67,910,49,2014-04-19T14:05:00,4,8179978,158805
OK,49,67,910,49,2014-04-19T14:10:00,4,8180427,158805
OK,43,77,910,43,2014-04-19T14:15:00,3,8180876,158805
OK,52,63,910,52,2014-04-19T14:20:00,3,8181325,158805
OK,55,60,910,55,2014-04-19T14:25:00,3,8181774,158805
OK,48,69,910,48,2014-04-19T14:30:00,4,8182223,158805
OK,46,72,910,46,2014-04-19T14:35:00,4,8182672,158805
OK,48,69,910,48,2014-04-19T14:40:00,1,8183121,158805
OK,53,62,910,53,2014-04-19T14:45:00,1,8183570,158805
OK,53,62,910,53,2014-04-19T14:50:00,2,8184019,158805
OK,45,73,910,45,2014-04-19T14:55:00,2,8184468,158805
OK,52,63,910,52,2014-04-19T15:00:00,3,8184917,158805
OK,51,64,910,51,2014-04-19T15:05:00,4,8185366,158805
OK,46,72,910,46,2014-04-19T15:10:00,5,8185815,158805
OK,41,80,910,41,2014-04-19T15:15:00,2,8186264,158805
OK,49,67,910,49,2014-04-19T15:20:00,3,8186713,158805
OK,40,82,910,40,2014-04-19T15:25:00,5,8187162,158805
OK,46,72,910,46,2014-04-19T15:30:00,4,8187611,158805
OK,56,59,910,56,2014-04-19T15:35:00,5,8188060,158805
OK,47,70,910,47,2014-04-19T15:40:00,5,8188509,158805
OK,49,67,910,49,2014-04-19T15:45:00,2,8188958,158805
OK,56,59,910,56,2014-04-19T15:50:00,1,8189407,158805
OK,49,67,910,49,2014-04-19T15:55:00,2,8189856,158805
OK,43,77,910,43,2014-04-19T16:00:00,1,8190305,158805
OK,46,72,910,46,2014-04-19T16:05:00,1,8190754,158805
OK,52,63,910,52,2014-04-19T16:10:00,1,8191203,158805
OK,42,78,910,42,2014-04-19T16:15:00,1,8191652,158805
OK,42,78,910,42,2014-04-19T16:20:00,0,8192101,158805
OK,45,73,910,45,2014-04-19T16:25:00,2,8192550,158805
OK,45,73,910,45,2014-04-19T16:30:00,2,8192999,158805
OK,47,70,910,47,2014-04-19T16:35:00,0,8193447,158805
OK,47,70,910,47,2014-04-19T16:40:00,0,8193896,158805
OK,57,58,910,57,2014-04-19T16:45:00,1,8194345,158805
OK,49,67,910,49,2014-04-19T16:50:00,1,8194794,158805
OK,47,70,910,47,2014-04-19T16:55:00,2,8195243,158805
OK,47,70,910,47,2014-04-19T17:00:00,2,8195692,158805
OK,36,92,910,36,2014-04-19T17:05:00,0,8196141,158805
OK,48,69,910,48,2014-04-19T17:10:00,3,8196590,158805
OK,49,67,910,49,2014-04-19T17:15:00,4,8197039,158805
OK,48,69,910,48,2014-04-19T17:20:00,0,8197488,158805
OK,39,84,910,39,2014-04-19T17:25:00,2,8197937,158805
OK,39,84,910,39,2014-04-19T17:30:00,0,8198386,158805
OK,39,84,910,39,2014-04-19T17:35:00,0,8198835,158805
OK,44,75,910,44,2014-04-19T17:40:00,1,8199284,158805
OK,44,75,910,44,2014-04-19T17:45:00,1,8199733,158805
OK,44,75,910,44,2014-04-19T17:50:00,0,8200182,158805
OK,52,63,910,52,2014-04-19T17:55:00,2,8200631,158805
OK,51,64,910,51,2014-04-19T18:00:00,3,8201080,158805
OK,41,80,910,41,2014-04-19T18:05:00,0,8201529,158805
OK,41,80,910,41,2014-04-19T18:10:00,0,8201978,158805
OK,45,73,910,45,2014-04-19T18:15:00,5,8202427,158805
OK,48,69,910,48,2014-04-19T18:20:00,5,8202876,158805
OK,49,67,910,49,2014-04-19T18:25:00,1,8203325,158805
OK,48,69,910,48,2014-04-19T18:30:00,2,8203774,158805
OK,40,82,910,40,2014-04-19T18:35:00,1,8204223,158805
OK,40,82,910,40,2014-04-19T18:40:00,0,8204672,158805
OK,43,77,910,43,2014-04-19T18:45:00,2,8205121,158805
OK,44,75,910,44,2014-04-19T18:50:00,1,8205570,158805
OK,52,63,910,52,2014-04-19T18:55:00,1,8206019,158805
OK,48,69,910,48,2014-04-19T19:00:00,2,8206468,158805
OK,44,75,910,44,2014-04-19T19:05:00,1,8206917,158805
OK,51,64,910,51,2014-04-19T19:10:00,1,8207366,158805
OK,53,62,910,53,2014-04-19T19:15:00,1,8207815,158805
OK,58,57,910,58,2014-04-19T19:20:00,2,8208264,158805
OK,50,66,910,50,2014-04-19T19:25:00,2,8208713,158805
OK,50,66,910,50,2014-04-19T19:30:00,2,8209162,158805
OK,38,87,910,38,2014-04-19T19:35:00,1,8209611,158805
OK,38,87,910,38,2014-04-19T19:40:00,0,8210060,158805
OK,50,66,910,50,2014-04-19T19:45:00,4,8210509,158805
OK,51,64,910,51,2014-04-19T19:50:00,2,8210958,158805
OK,43,77,910,43,2014-04-19T19:55:00,1,8211407,158805
OK,43,77,910,43,2014-04-19T20:00:00,1,8211856,158805
OK,50,66,910,50,2014-04-19T20:05:00,3,8212305,158805
OK,50,66,910,50,2014-04-19T20:10:00,5,8212754,158805
OK,46,72,910,46,2014-04-19T20:15:00,2,8213203,158805
OK,48,69,910,48,2014-04-19T20:20:00,2,8213652,158805
OK,51,64,910,51,2014-04-19T20:25:00,2,8214101,158805
OK,51,64,910,51,2014-04-19T20:30:00,1,8214550,158805
OK,51,64,910,51,2014-04-19T20:35:00,0,8214999,158805
OK,47,70,910,47,2014-04-19T20:40:00,2,8215448,158805
OK,47,70,910,47,2014-04-19T20:45:00,2,8215897,158805
OK,38,87,910,38,2014-04-19T20:50:00,0,8216346,158805
OK,38,87,910,38,2014-04-19T20:55:00,0,8216795,158805
OK,51,64,910,51,2014-04-19T21:00:00,1,8217244,158805
OK,49,67,910,49,2014-04-19T21:05:00,2,8217693,158805
OK,49,67,910,49,2014-04-19T21:10:00,0,8218142,158805
OK,49,67,910,49,2014-04-19T21:15:00,0,8218591,158805
OK,49,67,910,49,2014-04-19T21:20:00,0,8219040,158805
OK,49,67,910,49,2014-04-19T21:25:00,0,8219489,158805
OK,42,78,910,42,2014-04-19T21:30:00,1,8219938,158805
OK,50,66,910,50,2014-04-19T21:35:00,1,8220387,158805
OK,50,66,910,50,2014-04-19T21:40:00,0,8220836,158805
OK,50,66,910,50,2014-04-19T21:45:00,0,8221285,158805
OK,50,66,910,50,2014-04-19T21:50:00,0,8221734,158805
OK,50,66,910,50,2014-04-19T21:55:00,0,8222183,158805
OK,50,66,910,50,2014-04-19T22:00:00,0,8222632,158805
OK,43,77,910,43,2014-04-19T22:05:00,1,8223081,158805
OK,43,77,910,43,2014-04-19T22:10:00,1,8223530,158805
OK,46,72,910,46,2014-04-19T22:15:00,0,8223979,158805
OK,46,72,910,46,2014-04-19T22:20:00,0,8224428,158805
OK,46,72,910,46,2014-04-19T22:25:00,0,8224877,158805
OK,46,72,910,46,2014-04-19T22:30:00,0,8225326,158805
OK,71,46,910,71,2014-04-19T22:35:00,1,8225775,158805
OK,71,46,910,71,2014-04-19T22:40:00,0,8226224,158805
OK,71,46,910,71,2014-04-19T22:45:00,0,8226673,158805
OK,71,46,910,71,2014-04-19T22:50:00,0,8227122,158805
OK,71,46,910,71,2014-04-19T22:55:00,0,8227571,158805
OK,71,46,910,71,2014-04-19T23:00:00,0,8228020,158805
OK,50,66,910,50,2014-04-19T23:05:00,1,8228469,158805
OK,45,73,910,45,2014-04-19T23:15:00,1,8229367,158805
OK,44,75,910,44,2014-04-19T23:20:00,1,8229816,158805
OK,44,75,910,44,2014-04-19T23:25:00,0,8230265,158805
OK,44,75,910,44,2014-04-19T23:30:00,0,8230714,158805
OK,56,59,910,56,2014-04-19T23:35:00,0,8231163,158805
OK,56,59,910,56,2014-04-19T23:40:00,0,8231612,158805
OK,56,59,910,56,2014-04-19T23:45:00,0,8232061,158805
OK,56,59,910,56,2014-04-19T23:50:00,0,8232510,158805
OK,56,59,910,56,2014-04-19T23:55:00,0,8232959,158805
OK,56,59,910,56,2014-04-20T00:00:00,0,8233408,158805
OK,56,59,910,56,2014-04-20T00:05:00,0,8233857,158805
OK,56,59,910,56,2014-04-20T00:10:00,0,8234306,158805
OK,56,59,910,56,2014-04-20T00:15:00,0,8234755,158805
OK,56,59,910,56,2014-04-20T00:20:00,0,8235204,158805
OK,56,59,910,56,2014-04-20T00:25:00,0,8235653,158805
OK,56,59,910,56,2014-04-20T00:30:00,0,8236102,158805
OK,40,82,910,40,2014-04-20T00:35:00,1,8236551,158805
OK,40,82,910,40,2014-04-20T00:40:00,0,8237000,158805
OK,40,82,910,40,2014-04-20T00:45:00,0,8237449,158805
OK,40,82,910,40,2014-04-20T00:50:00,0,8237898,158805
OK,40,82,910,40,2014-04-20T00:55:00,0,8238347,158805
OK,40,82,910,40,2014-04-20T01:00:00,0,8238796,158805
OK,40,82,910,40,2014-04-20T01:05:00,0,8239245,158805
OK,40,82,910,40,2014-04-20T01:10:00,0,8239694,158805
OK,40,82,910,40,2014-04-20T01:15:00,0,8240143,158805
OK,40,82,910,40,2014-04-20T01:20:00,0,8240592,158805
OK,40,82,910,40,2014-04-20T01:25:00,0,8241041,158805
OK,40,82,910,40,2014-04-20T01:30:00,0,8241490,158805
OK,40,82,910,40,2014-04-20T01:35:00,0,8241939,158805
OK,55,60,910,55,2014-04-20T01:40:00,3,8242388,158805
OK,55,60,910,55,2014-04-20T01:45:00,0,8242837,158805
OK,55,60,910,55,2014-04-20T01:50:00,0,8243286,158805
OK,55,60,910,55,2014-04-20T01:55:00,0,8243735,158805
OK,55,60,910,55,2014-04-20T02:00:00,0,8244184,158805
OK,55,60,910,55,2014-04-20T02:05:00,0,8244633,158805
OK,55,60,910,55,2014-04-20T02:10:00,0,8245082,158805
OK,55,60,910,55,2014-04-20T02:15:00,0,8245531,158805
OK,55,60,910,55,2014-04-20T02:20:00,0,8245980,158805
OK,55,60,910,55,2014-04-20T02:25:00,0,8246429,158805
OK,55,60,910,55,2014-04-20T02:30:00,0,8246878,158805
OK,55,60,910,55,2014-04-20T02:35:00,0,8247327,158805
OK,55,60,910,55,2014-04-20T02:40:00,0,8247776,158805
OK,55,60,910,55,2014-04-20T02:45:00,0,8248225,158805
OK,55,60,910,55,2014-04-20T02:50:00,0,8248674,158805
OK,55,60,910,55,2014-04-20T02:55:00,0,8249123,158805
OK,55,60,910,55,2014-04-20T03:00:00,0,8249572,158805
OK,55,60,910,55,2014-04-20T03:05:00,0,8250021,158805
OK,55,60,910,55,2014-04-20T03:10:00,0,8250470,158805
OK,55,60,910,55,2014-04-20T03:15:00,0,8250919,158805
OK,55,60,910,55,2014-04-20T03:20:00,0,8251368,158805
OK,55,60,910,55,2014-04-20T03:25:00,0,8251817,158805
OK,55,60,910,55,2014-04-20T03:30:00,0,8252266,158805
OK,55,60,910,55,2014-04-20T03:35:00,0,8252715,158805
OK,55,60,910,55,2014-04-20T03:40:00,0,8253164,158805
OK,55,60,910,55,2014-04-20T03:45:00,0,8253613,158805
OK,55,60,910,55,2014-04-20T03:50:00,0,8254062,158805
OK,55,60,910,55,2014-04-20T03:55:00,0,8254511,158805
OK,55,60,910,55,2014-04-20T04:00:00,0,8254960,158805
OK,55,60,910,55,2014-04-20T04:05:00,0,8255409,158805
OK,55,60,910,55,2014-04-20T04:10:00,0,8255858,158805
OK,55,60,910,55,2014-04-20T04:15:00,0,8256307,158805
OK,55,60,910,55,2014-04-20T04:20:00,0,8256756,158805
OK,55,60,910,55,2014-04-20T04:25:00,0,8257205,158805
OK,55,60,910,55,2014-04-20T04:30:00,0,8257654,158805
OK,55,60,910,55,2014-04-20T04:35:00,0,8258103,158805
OK,42,78,910,42,2014-04-20T04:40:00,2,8258552,158805
OK,42,78,910,42,2014-04-20T04:45:00,2,8259001,158805
OK,42,78,910,42,2014-04-20T04:50:00,0,8259450,158805
OK,42,78,910,42,2014-04-20T04:55:00,0,8259899,158805
OK,42,78,910,42,2014-04-20T05:00:00,0,8260348,158805
OK,50,66,910,50,2014-04-20T05:05:00,1,8260796,158805
OK,55,60,910,55,2014-04-20T05:10:00,1,8261245,158805
OK,43,77,910,43,2014-04-20T05:15:00,2,8261694,158805
OK,43,77,910,43,2014-04-20T05:20:00,2,8262143,158805
OK,39,84,910,39,2014-04-20T05:25:00,0,8262592,158805
OK,39,84,910,39,2014-04-20T05:30:00,0,8263041,158805
OK,39,84,910,39,2014-04-20T05:35:00,0,8263490,158805
OK,39,84,910,39,2014-04-20T05:40:00,0,8263939,158805
OK,39,84,910,39,2014-04-20T05:45:00,0,8264388,158805
OK,39,84,910,39,2014-04-20T05:50:00,0,8264837,158805
OK,39,84,910,39,2014-04-20T05:55:00,0,8265286,158805
OK,39,84,910,39,2014-04-20T06:00:00,0,8265735,158805
OK,39,84,910,39,2014-04-20T06:05:00,0,8266184,158805
OK,39,84,910,39,2014-04-20T06:10:00,0,8266633,158805
OK,39,84,910,39,2014-04-20T06:15:00,0,8267082,158805
OK,43,77,910,43,2014-04-20T06:20:00,1,8267531,158805
OK,52,63,910,52,2014-04-20T06:25:00,1,8267980,158805
OK,41,80,910,41,2014-04-20T06:30:00,1,8268429,158805
OK,41,80,910,41,2014-04-20T06:35:00,0,8268878,158805
OK,41,80,910,41,2014-04-20T06:40:00,0,8269327,158805
OK,52,63,910,52,2014-04-20T06:45:00,1,8269776,158805
OK,52,63,910,52,2014-04-20T06:50:00,0,8270225,158805
OK,52,63,910,52,2014-04-20T06:55:00,0,8270674,158805
OK,58,57,910,58,2014-04-20T07:00:00,1,8271123,158805
OK,102,32,910,102,2014-04-20T07:05:00,1,8271572,158805
OK,102,32,910,102,2014-04-20T07:10:00,0,8272021,158805
OK,102,32,910,102,2014-04-20T07:15:00,0,8272470,158805
OK,102,32,910,102,2014-04-20T07:20:00,0,8272919,158805
OK,102,32,910,102,2014-04-20T07:25:00,0,8273368,158805
OK,102,32,910,102,2014-04-20T07:30:00,0,8273817,158805
OK,102,32,910,102,2014-04-20T07:35:00,0,8274266,158805
OK,62,53,910,62,2014-04-20T07:40:00,1,8274715,158805
OK,62,53,910,62,2014-04-20T07:45:00,0,8275164,158805
OK,36,92,910,36,2014-04-20T07:50:00,1,8275613,158805
OK,44,75,910,44,2014-04-20T07:55:00,5,8276062,158805
OK,45,73,910,45,2014-04-20T08:00:00,4,8276511,158805
OK,43,77,910,43,2014-04-20T08:05:00,2,8276960,158805
OK,52,63,910,52,2014-04-20T08:10:00,1,8277409,158805
OK,51,64,910,51,2014-04-20T08:15:00,2,8277858,158805
OK,53,62,910,53,2014-04-20T08:20:00,3,8278307,158805
OK,52,63,910,52,2014-04-20T08:25:00,0,8278756,158805
OK,42,78,910,42,2014-04-20T08:30:00,2,8279205,158805
OK,45,73,910,45,2014-04-20T08:35:00,2,8279654,158805
OK,44,75,910,44,2014-04-20T08:40:00,1,8280103,158805
OK,44,75,910,44,2014-04-20T08:45:00,3,8280552,158805
OK,50,66,910,50,2014-04-20T08:50:00,2,8281001,158805
OK,42,78,910,42,2014-04-20T08:55:00,2,8281450,158805
OK,42,78,910,42,2014-04-20T09:00:00,0,8281899,158805
OK,48,69,910,48,2014-04-20T09:05:00,1,8282348,158805
OK,52,63,910,52,2014-04-20T09:10:00,1,8282797,158805
OK,52,63,910,52,2014-04-20T09:15:00,1,8283246,158805
OK,42,78,910,42,2014-04-20T09:20:00,4,8283695,158805
OK,44,75,910,44,2014-04-20T09:25:00,4,8284144,158805
OK,60,55,910,60,2014-04-20T09:30:00,1,8284593,158805
OK,49,67,910,49,2014-04-20T09:35:00,2,8285042,158805
OK,38,87,910,38,2014-04-20T09:40:00,1,8285491,158805
OK,76,43,910,76,2014-04-20T09:45:00,4,8285940,158805
OK,69,48,910,69,2014-04-20T09:50:00,7,8286389,158805
OK,69,48,910,69,2014-04-20T09:55:00,3,8286838,158805
OK,50,66,910,50,2014-04-20T10:00:00,7,8287287,158805
OK,50,66,910,50,2014-04-20T10:05:00,6,8287736,158805
OK,66,50,910,66,2014-04-20T10:10:00,2,8288185,158805
OK,55,60,910,55,2014-04-20T10:15:00,5,8288634,158805
OK,55,60,910,55,2014-04-20T10:20:00,6,8289083,158805
OK,56,59,910,56,2014-04-20T10:25:00,3,8289532,158805
OK,41,80,910,41,2014-04-20T10:30:00,3,8289981,158805
OK,42,78,910,42,2014-04-20T10:35:00,2,8290430,158805
OK,48,69,910,48,2014-04-20T10:40:00,2,8290879,158805
OK,49,67,910,49,2014-04-20T10:45:00,6,8291328,158805
OK,47,70,910,47,2014-04-20T10:50:00,6,8291777,158805
OK,52,63,910,52,2014-04-20T10:55:00,6,8292226,158805
OK,58,57,910,58,2014-04-20T11:00:00,3,8292675,158805
OK,56,59,910,56,2014-04-20T11:05:00,2,8293124,158805
OK,52,63,910,52,2014-04-20T11:10:00,5,8293573,158805
OK,59,56,910,59,2014-04-20T11:15:00,6,8294022,158805
OK,51,64,910,51,2014-04-20T11:20:00,8,8294471,158805
OK,54,61,910,54,2014-04-20T11:25:00,3,8294920,158805
OK,43,77,910,43,2014-04-20T11:30:00,2,8295369,158805
OK,33,100,910,33,2014-04-20T11:35:00,1,8295818,158805
OK,33,100,910,33,2014-04-20T11:40:00,0,8296267,158805
OK,42,78,910,42,2014-04-20T11:45:00,1,8296716,158805
OK,56,59,910,56,2014-04-20T11:50:00,2,8297165,158805
OK,56,59,910,56,2014-04-20T11:55:00,2,8297614,158805
OK,63,52,910,63,2014-04-20T12:00:00,7,8298063,158805
OK,54,61,910,54,2014-04-20T12:05:00,9,8298512,158805
OK,46,72,910,46,2014-04-20T12:10:00,4,8298961,158805
OK,50,66,910,50,2014-04-20T12:15:00,6,8299410,158805
OK,49,67,910,49,2014-04-20T12:20:00,6,8299859,158805
OK,46,72,910,46,2014-04-20T12:25:00,5,8300308,158805
OK,50,66,910,50,2014-04-20T12:30:00,4,8300757,158805
OK,51,64,910,51,2014-04-20T12:35:00,4,8301206,158805
OK,48,69,910,48,2014-04-20T12:40:00,1,8301655,158805
OK,54,61,910,54,2014-04-20T12:45:00,1,8302104,158805
OK,54,61,910,54,2014-04-20T12:50:00,3,8302553,158805
OK,69,48,910,69,2014-04-20T12:55:00,2,8303002,158805
OK,74,44,910,74,2014-04-20T13:00:00,0,8303451,158805
OK,44,75,910,44,2014-04-20T13:05:00,2,8303900,158805
OK,48,69,910,48,2014-04-20T13:10:00,1,8304349,158805
OK,48,69,910,48,2014-04-20T13:15:00,0,8304798,158805
OK,72,46,910,72,2014-04-20T13:20:00,3,8305247,158805
OK,57,58,910,57,2014-04-20T13:25:00,5,8305696,158805
OK,51,64,910,51,2014-04-20T13:30:00,5,8306145,158805
OK,49,67,910,49,2014-04-20T13:35:00,4,8306594,158805
OK,48,69,910,48,2014-04-20T13:40:00,1,8307043,158805
OK,59,56,910,59,2014-04-20T13:45:00,2,8307492,158805
OK,59,56,910,59,2014-04-20T13:50:00,2,8307941,158805
OK,50,66,910,50,2014-04-20T13:55:00,2,8308390,158805
OK,51,64,910,51,2014-04-20T14:00:00,5,8308839,158805
OK,49,67,910,49,2014-04-20T14:05:00,6,8309288,158805
OK,44,75,910,44,2014-04-20T14:10:00,2,8309737,158805
OK,44,75,910,44,2014-04-20T14:15:00,2,8310186,158805
OK,52,63,910,52,2014-04-20T14:20:00,2,8310635,158805
OK,55,60,910,55,2014-04-20T14:25:00,2,8311084,158805
OK,53,62,910,53,2014-04-20T14:30:00,6,8311533,158805
OK,55,60,910,55,2014-04-20T14:35:00,4,8311982,158805
OK,38,87,910,38,2014-04-20T14:40:00,2,8312431,158805
OK,45,73,910,45,2014-04-20T14:45:00,3,8312880,158805
OK,53,62,910,53,2014-04-20T14:50:00,1,8313329,158805
OK,43,77,910,43,2014-04-20T14:55:00,1,8313778,158805
OK,43,77,910,43,2014-04-20T15:00:00,1,8314227,158805
OK,47,70,910,47,2014-04-20T15:05:00,2,8314676,158805
OK,48,69,910,48,2014-04-20T15:10:00,1,8315125,158805
OK,49,67,910,49,2014-04-20T15:15:00,1,8315574,158805
OK,48,69,910,48,2014-04-20T15:20:00,4,8316023,158805
OK,54,61,910,54,2014-04-20T15:25:00,3,8316472,158805
OK,54,61,910,54,2014-04-20T15:30:00,3,8316921,158805
OK,46,72,910,46,2014-04-20T15:35:00,2,8317370,158805
OK,47,70,910,47,2014-04-20T15:40:00,1,8317819,158805
OK,44,75,910,44,2014-04-20T15:45:00,4,8318268,158805
OK,55,60,910,55,2014-04-20T15:50:00,7,8318717,158805
OK,61,54,910,61,2014-04-20T15:55:00,4,8319166,158805
OK,61,54,910,61,2014-04-20T16:00:00,3,8319615,158805
OK,47,70,910,47,2014-04-20T16:05:00,4,8320064,158805
OK,55,60,910,55,2014-04-20T16:10:00,1,8320513,158805
OK,51,64,910,51,2014-04-20T16:15:00,3,8320962,158805
OK,57,58,910,57,2014-04-20T16:20:00,2,8321411,158805
OK,64,51,910,64,2014-04-20T16:25:00,1,8321860,158805
OK,64,51,910,64,2014-04-20T16:30:00,0,8322309,158805
OK,38,87,910,38,2014-04-20T16:35:00,0,8322758,158805
OK,38,87,910,38,2014-04-20T16:40:00,2,8323207,158805
OK,35,94,910,35,2014-04-20T16:45:00,1,8323656,158805
OK,35,94,910,35,2014-04-20T16:50:00,0,8324105,158805
OK,35,94,910,35,2014-04-20T16:55:00,0,8324554,158805
OK,67,49,910,67,2014-04-20T17:00:00,1,8325003,158805
OK,64,51,910,64,2014-04-20T17:05:00,2,8325452,158805
OK,55,60,910,55,2014-04-20T17:10:00,4,8325901,158805
OK,53,62,910,53,2014-04-20T17:15:00,2,8326350,158805
OK,50,66,910,50,2014-04-20T17:20:00,1,8326799,158805
OK,50,66,910,50,2014-04-20T17:25:00,3,8327248,158805
OK,47,70,910,47,2014-04-20T17:30:00,3,8327697,158805
OK,47,70,910,47,2014-04-20T17:35:00,1,8328146,158805
OK,47,70,910,47,2014-04-20T17:40:00,0,8328595,158805
OK,47,70,910,47,2014-04-20T17:45:00,0,8329044,158805
OK,45,73,910,45,2014-04-20T17:50:00,2,8329493,158805
OK,50,66,910,50,2014-04-20T17:55:00,3,8329942,158805
OK,62,53,910,62,2014-04-20T18:00:00,2,8330391,158805
OK,47,70,910,47,2014-04-20T18:05:00,1,8330840,158805
OK,35,94,910,35,2014-04-20T18:10:00,1,8331289,158805
OK,35,94,910,35,2014-04-20T18:15:00,0,8331738,158805
OK,52,63,910,52,2014-04-20T18:20:00,1,8332187,158805
OK,52,63,910,52,2014-04-20T18:25:00,2,8332636,158805
OK,65,50,910,65,2014-04-20T18:30:00,1,8333085,158805
OK,38,87,910,38,2014-04-20T18:35:00,3,8333534,158805
OK,38,87,910,38,2014-04-20T18:40:00,3,8333983,158805
OK,38,87,910,38,2014-04-20T18:45:00,0,8334432,158805
OK,55,60,910,55,2014-04-20T18:50:00,1,8334881,158805
OK,41,80,910,41,2014-04-20T18:55:00,1,8335330,158805
OK,57,58,910,57,2014-04-20T19:00:00,1,8335779,158805
OK,57,58,910,57,2014-04-20T19:05:00,0,8336228,158805
OK,59,56,910,59,2014-04-20T19:10:00,1,8336677,158805
OK,55,60,910,55,2014-04-20T19:15:00,3,8337126,158805
OK,47,70,910,47,2014-04-20T19:20:00,4,8337575,158805
OK,41,80,910,41,2014-04-20T19:25:00,2,8338024,158805
OK,39,84,910,39,2014-04-20T19:30:00,2,8338473,158805
OK,43,77,910,43,2014-04-20T19:35:00,1,8338922,158805
OK,36,92,910,36,2014-04-20T19:40:00,0,8339371,158805
OK,72,46,910,72,2014-04-20T19:45:00,1,8339820,158805
OK,72,46,910,72,2014-04-20T19:50:00,1,8340269,158805
OK,46,72,910,46,2014-04-20T19:55:00,1,8340718,158805
OK,49,67,910,49,2014-04-20T20:00:00,2,8341167,158805
OK,44,75,910,44,2014-04-20T20:05:00,3,8341616,158805
OK,43,77,910,43,2014-04-20T20:10:00,2,8342065,158805
OK,49,67,910,49,2014-04-20T20:15:00,2,8342514,158805
OK,52,63,910,52,2014-04-20T20:20:00,0,8342963,158805
OK,45,73,910,45,2014-04-20T20:25:00,1,8343412,158805
OK,44,75,910,44,2014-04-20T20:30:00,2,8343861,158805
OK,44,75,910,44,2014-04-20T20:35:00,0,8344310,158805
OK,45,73,910,45,2014-04-20T20:40:00,1,8344759,158805
OK,50,66,910,50,2014-04-20T20:45:00,1,8345208,158805
OK,50,66,910,50,2014-04-20T20:50:00,1,8345657,158805
OK,50,66,910,50,2014-04-20T20:55:00,0,8346106,158805
OK,48,69,910,48,2014-04-20T21:00:00,1,8346555,158805
OK,48,69,910,48,2014-04-20T21:05:00,1,8347004,158805
OK,48,69,910,48,2014-04-20T21:10:00,0,8347453,158805
OK,48,69,910,48,2014-04-20T21:15:00,0,8347902,158805
OK,48,69,910,48,2014-04-20T21:20:00,0,8348351,158805
OK,47,70,910,47,2014-04-20T21:25:00,1,8348800,158805
OK,47,70,910,47,2014-04-20T21:30:00,1,8349249,158805
OK,39,84,910,39,2014-04-20T21:35:00,1,8349698,158805
OK,39,84,910,39,2014-04-20T21:40:00,2,8350147,158805
OK,60,55,910,60,2014-04-20T21:45:00,1,8350596,158805
OK,60,55,910,60,2014-04-20T21:50:00,0,8351045,158805
OK,57,58,910,57,2014-04-20T21:55:00,0,8351494,158805
OK,57,58,910,57,2014-04-20T22:00:00,0,8351943,158805
OK,57,58,910,57,2014-04-20T22:05:00,0,8352392,158805
OK,57,58,910,57,2014-04-20T22:10:00,0,8352841,158805
OK,57,58,910,57,2014-04-20T22:15:00,0,8353290,158805
OK,57,58,910,57,2014-04-20T22:20:00,0,8353739,158805
OK,57,58,910,57,2014-04-20T22:25:00,0,8354188,158805
OK,57,58,910,57,2014-04-20T22:30:00,0,8354637,158805
OK,57,58,910,57,2014-04-20T22:35:00,0,8355086,158805
OK,57,58,910,57,2014-04-20T22:40:00,0,8355535,158805
OK,57,58,910,57,2014-04-20T22:45:00,0,8355984,158805
OK,57,58,910,57,2014-04-20T22:50:00,0,8356433,158805
OK,57,58,910,57,2014-04-20T22:55:00,0,8356882,158805
OK,57,58,910,57,2014-04-20T23:00:00,0,8357331,158805
OK,57,58,910,57,2014-04-20T23:05:00,0,8357780,158805
OK,57,58,910,57,2014-04-20T23:10:00,0,8358229,158805
OK,57,58,910,57,2014-04-20T23:15:00,0,8358678,158805
OK,57,58,910,57,2014-04-20T23:20:00,0,8359127,158805
OK,57,58,910,57,2014-04-20T23:25:00,0,8359576,158805
OK,37,89,910,37,2014-04-20T23:30:00,2,8360025,158805
OK,38,87,910,38,2014-04-20T23:35:00,1,8360474,158805
OK,38,87,910,38,2014-04-20T23:40:00,0,8360923,158805
OK,38,87,910,38,2014-04-20T23:45:00,0,8361372,158805
OK,38,87,910,38,2014-04-20T23:50:00,0,8361821,158805
OK,38,87,910,38,2014-04-20T23:55:00,0,8362270,158805
OK,38,87,910,38,2014-04-21T00:00:00,0,8362719,158805
OK,38,87,910,38,2014-04-21T00:05:00,0,8363168,158805
OK,38,87,910,38,2014-04-21T00:10:00,0,8363617,158805
OK,38,87,910,38,2014-04-21T00:15:00,0,8364066,158805
OK,38,87,910,38,2014-04-21T00:20:00,0,8364515,158805
OK,38,87,910,38,2014-04-21T00:25:00,0,8364964,158805
OK,38,87,910,38,2014-04-21T00:30:00,0,8365413,158805
OK,38,87,910,38,2014-04-21T00:35:00,0,8365862,158805
OK,38,87,910,38,2014-04-21T00:40:00,0,8366311,158805
OK,38,87,910,38,2014-04-21T00:45:00,0,8366760,158805
OK,38,87,910,38,2014-04-21T00:50:00,0,8367209,158805
OK,38,87,910,38,2014-04-21T00:55:00,0,8367658,158805
OK,38,87,910,38,2014-04-21T01:00:00,0,8368107,158805
OK,38,87,910,38,2014-04-21T01:05:00,0,8368556,158805
OK,38,87,910,38,2014-04-21T01:10:00,0,8369005,158805
OK,38,87,910,38,2014-04-21T01:15:00,0,8369454,158805
OK,38,87,910,38,2014-04-21T01:20:00,0,8369903,158805
OK,36,92,910,36,2014-04-21T01:25:00,0,8370352,158805
OK,39,84,910,39,2014-04-21T01:30:00,1,8370801,158805
OK,39,84,910,39,2014-04-21T01:35:00,1,8371250,158805
OK,39,84,910,39,2014-04-21T01:40:00,0,8371699,158805
OK,39,84,910,39,2014-04-21T01:45:00,0,8372148,158805
OK,39,84,910,39,2014-04-21T01:50:00,0,8372597,158805
OK,39,84,910,39,2014-04-21T01:55:00,0,8373046,158805
OK,39,84,910,39,2014-04-21T02:00:00,0,8373495,158805
OK,39,84,910,39,2014-04-21T02:05:00,0,8373944,158805
OK,39,84,910,39,2014-04-21T02:10:00,0,8374393,158805
OK,39,84,910,39,2014-04-21T02:15:00,0,8374842,158805
OK,39,84,910,39,2014-04-21T02:20:00,0,8375291,158805
OK,39,84,910,39,2014-04-21T02:25:00,0,8375740,158805
OK,39,84,910,39,2014-04-21T02:30:00,0,8376189,158805
OK,39,84,910,39,2014-04-21T02:35:00,0,8376638,158805
OK,39,84,910,39,2014-04-21T02:40:00,0,8377087,158805
OK,39,84,910,39,2014-04-21T02:45:00,0,8377536,158805
OK,39,84,910,39,2014-04-21T02:50:00,0,8377985,158805
OK,39,84,910,39,2014-04-21T02:55:00,0,8378434,158805
OK,39,84,910,39,2014-04-21T03:00:00,0,8378883,158805
OK,39,84,910,39,2014-04-21T03:05:00,0,8379332,158805
OK,39,84,910,39,2014-04-21T03:10:00,0,8379781,158805
OK,39,84,910,39,2014-04-21T03:15:00,0,8380230,158805
OK,39,84,910,39,2014-04-21T03:20:00,0,8380679,158805
OK,39,84,910,39,2014-04-21T03:25:00,0,8381128,158805
OK,61,54,910,61,2014-04-21T03:30:00,1,8381577,158805
OK,61,54,910,61,2014-04-21T03:35:00,0,8382026,158805
OK,61,54,910,61,2014-04-21T03:40:00,0,8382475,158805
OK,48,69,910,48,2014-04-21T03:45:00,1,8382924,158805
OK,42,78,910,42,2014-04-21T03:50:00,1,8383373,158805
OK,42,78,910,42,2014-04-21T03:55:00,1,8383822,158805
OK,42,78,910,42,2014-04-21T04:00:00,0,8384271,158805
OK,42,78,910,42,2014-04-21T04:05:00,0,8384720,158805
OK,42,78,910,42,2014-04-21T04:10:00,0,8385169,158805
OK,42,78,910,42,2014-04-21T04:15:00,0,8385618,158805
OK,42,78,910,42,2014-04-21T04:20:00,0,8386067,158805
OK,42,78,910,42,2014-04-21T04:25:00,0,8386516,158805
OK,42,78,910,42,2014-04-21T04:30:00,0,8386965,158805
OK,39,84,910,39,2014-04-21T04:35:00,3,8387414,158805
OK,42,78,910,42,2014-04-21T04:40:00,2,8387863,158805
OK,42,78,910,42,2014-04-21T04:45:00,0,8388312,158805
OK,42,78,910,42,2014-04-21T04:50:00,0,8388761,158805
OK,42,78,910,42,2014-04-21T04:55:00,0,8389210,158805
OK,42,78,910,42,2014-04-21T05:00:00,0,8389659,158805
OK,42,78,910,42,2014-04-21T05:05:00,0,8390108,158805
OK,42,78,910,42,2014-04-21T05:10:00,0,8390557,158805
OK,42,78,910,42,2014-04-21T05:15:00,0,8391006,158805
OK,42,78,910,42,2014-04-21T05:20:00,0,8391455,158805
OK,42,78,910,42,2014-04-21T05:25:00,0,8391904,158805
OK,42,78,910,42,2014-04-21T05:30:00,0,8392353,158805
OK,52,63,910,52,2014-04-21T05:35:00,1,8392802,158805
OK,52,63,910,52,2014-04-21T05:40:00,1,8393251,158805
OK,52,63,910,52,2014-04-21T05:45:00,0,8393700,158805
OK,52,63,910,52,2014-04-21T05:50:00,0,8394149,158805
OK,52,63,910,52,2014-04-21T05:55:00,0,8394598,158805
OK,52,63,910,52,2014-04-21T06:00:00,0,8395047,158805
OK,52,63,910,52,2014-04-21T06:05:00,0,8395496,158805
OK,62,53,910,62,2014-04-21T06:10:00,1,8395945,158805
OK,62,53,910,62,2014-04-21T06:15:00,1,8396394,158805
OK,62,53,910,62,2014-04-21T06:20:00,0,8396843,158805
OK,62,53,910,62,2014-04-21T06:25:00,0,8397292,158805
OK,62,53,910,62,2014-04-21T06:30:00,0,8397741,158805
OK,41,80,910,41,2014-04-21T06:35:00,1,8398190,158805
OK,41,80,910,41,2014-04-21T06:40:00,0,8398639,158805
OK,49,67,910,49,2014-04-21T06:45:00,0,8399088,158805
OK,49,67,910,49,2014-04-21T06:50:00,0,8399537,158805
OK,49,67,910,49,2014-04-21T06:55:00,0,8399986,158805
OK,41,80,910,41,2014-04-21T07:00:00,1,8400435,158805
OK,41,80,910,41,2014-04-21T07:05:00,1,8400884,158805
OK,41,80,910,41,2014-04-21T07:10:00,0,8401333,158805
OK,77,43,910,77,2014-04-21T07:15:00,1,8401782,158805
OK,52,63,910,52,2014-04-21T07:20:00,2,8402231,158805
OK,52,63,910,52,2014-04-21T07:25:00,0,8402680,158805
OK,52,63,910,52,2014-04-21T07:30:00,0,8403129,158805
OK,37,89,910,37,2014-04-21T07:35:00,1,8403578,158805
OK,49,67,910,49,2014-04-21T07:40:00,1,8404027,158805
OK,49,67,910,49,2014-04-21T07:45:00,1,8404476,158805
OK,49,67,910,49,2014-04-21T07:50:00,0,8404925,158805
OK,41,80,910,41,2014-04-21T07:55:00,2,8405374,158805
OK,45,73,910,45,2014-04-21T08:00:00,3,8405823,158805
OK,45,73,910,45,2014-04-21T08:05:00,1,8406272,158805
OK,45,73,910,45,2014-04-21T08:10:00,0,8406721,158805
OK,44,75,910,44,2014-04-21T08:15:00,3,8407170,158805
OK,51,64,910,51,2014-04-21T08:20:00,5,8407619,158805
OK,79,41,910,79,2014-04-21T08:25:00,4,8408068,158805
OK,85,38,910,85,2014-04-21T08:30:00,4,8408517,158805
OK,46,72,910,46,2014-04-21T08:35:00,3,8408966,158805
OK,47,70,910,47,2014-04-21T08:40:00,2,8409415,158805
OK,76,43,910,76,2014-04-21T08:45:00,1,8409864,158805
OK,62,53,910,62,2014-04-21T08:50:00,3,8410313,158805
OK,43,77,910,43,2014-04-21T08:55:00,3,8410762,158805
OK,54,61,910,54,2014-04-21T09:00:00,6,8411211,158805
OK,67,49,910,67,2014-04-21T09:05:00,4,8411660,158805
OK,47,70,910,47,2014-04-21T09:10:00,3,8412109,158805
OK,42,78,910,42,2014-04-21T09:15:00,1,8412558,158805
OK,71,46,910,71,2014-04-21T09:20:00,1,8413007,158805
OK,71,46,910,71,2014-04-21T09:25:00,1,8413456,158805
OK,71,46,910,71,2014-04-21T09:30:00,0,8413905,158805
OK,71,46,910,71,2014-04-21T09:35:00,0,8414354,158805
OK,54,61,910,54,2014-04-21T09:40:00,3,8414803,158805
OK,50,66,910,50,2014-04-21T09:45:00,3,8415252,158805
OK,51,64,910,51,2014-04-21T09:50:00,2,8415701,158805
OK,68,48,910,68,2014-04-21T09:55:00,2,8416150,158805
OK,86,38,910,86,2014-04-21T10:00:00,2,8416599,158805
OK,75,44,910,75,2014-04-21T10:05:00,2,8417048,158805
OK,56,59,910,56,2014-04-21T10:10:00,5,8417497,158805
OK,56,59,910,56,2014-04-21T10:15:00,3,8417946,158805
OK,56,59,910,56,2014-04-21T10:20:00,0,8418395,158805
OK,57,58,910,57,2014-04-21T10:25:00,2,8418844,158805
OK,56,59,910,56,2014-04-21T10:30:00,4,8419293,158805
OK,45,73,910,45,2014-04-21T10:35:00,1,8419742,158805
OK,69,48,910,69,2014-04-21T10:40:00,2,8420191,158805
OK,73,45,910,73,2014-04-21T10:45:00,3,8420640,158805
OK,73,45,910,73,2014-04-21T10:50:00,3,8421089,158805
OK,64,51,910,64,2014-04-21T10:55:00,6,8421538,158805
OK,58,57,910,58,2014-04-21T11:00:00,7,8421987,158805
OK,51,64,910,51,2014-04-21T11:05:00,5,8422436,158805
OK,81,40,910,81,2014-04-21T11:10:00,5,8422885,158805
OK,85,38,910,85,2014-04-21T11:15:00,4,8423334,158805
OK,36,92,910,36,2014-04-21T11:20:00,2,8423783,158805
OK,54,61,910,54,2014-04-21T11:25:00,2,8424232,158805
OK,56,59,910,56,2014-04-21T11:30:00,3,8424681,158805
OK,50,66,910,50,2014-04-21T11:35:00,3,8425130,158805
OK,50,66,910,50,2014-04-21T11:40:00,6,8425579,158805
OK,54,61,910,54,2014-04-21T11:45:00,7,8426028,158805
OK,57,58,910,57,2014-04-21T11:50:00,3,8426477,158805
OK,57,58,910,57,2014-04-21T11:55:00,1,8426926,158805
OK,57,58,910,57,2014-04-21T12:00:00,0,8427375,158805
OK,57,58,910,57,2014-04-21T12:05:00,0,8427824,158805
OK,75,44,910,75,2014-04-21T12:10:00,2,8428273,158805
OK,62,53,910,62,2014-04-21T12:15:00,3,8428721,158805
OK,54,61,910,54,2014-04-21T12:20:00,4,8429170,158805
OK,47,70,910,47,2014-04-21T12:25:00,5,8429619,158805
OK,52,63,910,52,2014-04-21T12:30:00,3,8430068,158805
OK,54,61,910,54,2014-04-21T12:35:00,2,8430517,158805
OK,67,49,910,67,2014-04-21T12:40:00,2,8430966,158805
OK,56,59,910,56,2014-04-21T12:45:00,4,8431415,158805
OK,47,70,910,47,2014-04-21T12:50:00,6,8431864,158805
OK,56,59,910,56,2014-04-21T12:55:00,5,8432313,158805
OK,63,52,910,63,2014-04-21T13:00:00,3,8432762,158805
OK,63,52,910,63,2014-04-21T13:05:00,3,8433211,158805
OK,46,72,910,46,2014-04-21T13:10:00,3,8433660,158805
OK,47,70,910,47,2014-04-21T13:15:00,3,8434109,158805
OK,47,70,910,47,2014-04-21T13:20:00,5,8434558,158805
OK,49,67,910,49,2014-04-21T13:25:00,7,8435007,158805
OK,55,60,910,55,2014-04-21T13:30:00,2,8435456,158805
OK,41,80,910,41,2014-04-21T13:35:00,1,8435905,158805
OK,46,72,910,46,2014-04-21T13:40:00,2,8436354,158805
OK,49,67,910,49,2014-04-21T13:45:00,6,8436803,158805
OK,54,61,910,54,2014-04-21T13:50:00,6,8437252,158805
OK,51,64,910,51,2014-04-21T13:55:00,5,8437701,158805
OK,51,64,910,51,2014-04-21T14:00:00,7,8438150,158805
OK,53,62,910,53,2014-04-21T14:05:00,6,8438599,158805
OK,45,73,910,45,2014-04-21T14:10:00,1,8439048,158805
OK,54,61,910,54,2014-04-21T14:15:00,0,8439497,158805
OK,77,43,910,77,2014-04-21T14:20:00,2,8439946,158805
OK,73,45,910,73,2014-04-21T14:25:00,3,8440395,158805
OK,69,48,910,69,2014-04-21T14:30:00,2,8440844,158805
OK,41,80,910,41,2014-04-21T14:35:00,1,8441293,158805
OK,45,73,910,45,2014-04-21T14:40:00,2,8441742,158805
OK,48,69,910,48,2014-04-21T14:45:00,2,8442191,158805
OK,43,77,910,43,2014-04-21T14:50:00,3,8442640,158805
OK,51,64,910,51,2014-04-21T14:55:00,2,8443089,158805
OK,58,57,910,58,2014-04-21T15:00:00,3,8443538,158805
OK,57,58,910,57,2014-04-21T15:05:00,4,8443987,158805
OK,47,70,910,47,2014-04-21T15:10:00,5,8444436,158805
OK,35,94,910,35,2014-04-21T15:15:00,2,8444885,158805
OK,41,80,910,41,2014-04-21T15:20:00,0,8445334,158805
OK,64,51,910,64,2014-04-21T15:25:00,2,8445783,158805
OK,43,77,910,43,2014-04-21T15:30:00,3,8446232,158805
OK,42,78,910,42,2014-04-21T15:35:00,2,8446681,158805
OK,38,87,910,38,2014-04-21T15:40:00,1,8447130,158805
OK,38,87,910,38,2014-04-21T15:45:00,1,8447579,158805
OK,56,59,910,56,2014-04-21T15:50:00,2,8448028,158805
OK,57,58,910,57,2014-04-21T15:55:00,3,8448477,158805
OK,42,78,910,42,2014-04-21T16:00:00,3,8448926,158805
OK,42,78,910,42,2014-04-21T16:05:00,0,8449375,158805
OK,42,78,910,42,2014-04-21T16:10:00,0,8449824,158805
OK,42,78,910,42,2014-04-21T16:15:00,0,8450273,158805
OK,63,52,910,63,2014-04-21T16:20:00,2,8450722,158805
OK,73,45,910,73,2014-04-21T16:25:00,1,8451171,158805
OK,44,75,910,44,2014-04-21T16:30:00,2,8451620,158805
OK,51,64,910,51,2014-04-21T16:35:00,2,8452069,158805
OK,46,72,910,46,2014-04-21T16:40:00,1,8452518,158805
OK,46,72,910,46,2014-04-21T16:45:00,3,8452967,158805
OK,49,67,910,49,2014-04-21T16:50:00,4,8453416,158805
OK,65,50,910,65,2014-04-21T16:55:00,1,8453865,158805
OK,51,64,910,51,2014-04-21T17:00:00,3,8454314,158805
OK,51,64,910,51,2014-04-21T17:05:00,4,8454763,158805
OK,48,69,910,48,2014-04-21T17:10:00,2,8455212,158805
OK,47,70,910,47,2014-04-21T17:15:00,2,8455661,158805
OK,54,61,910,54,2014-04-21T17:20:00,1,8456110,158805
OK,49,67,910,49,2014-04-21T17:25:00,2,8456559,158805
OK,48,69,910,48,2014-04-21T17:30:00,2,8457008,158805
OK,44,75,910,44,2014-04-21T17:35:00,5,8457457,158805
OK,48,69,910,48,2014-04-21T17:40:00,5,8457906,158805
OK,51,64,910,51,2014-04-21T17:45:00,2,8458355,158805
OK,51,64,910,51,2014-04-21T17:50:00,3,8458804,158805
OK,48,69,910,48,2014-04-21T17:55:00,6,8459253,158805
OK,46,72,910,46,2014-04-21T18:00:00,7,8459702,158805
OK,48,69,910,48,2014-04-21T18:05:00,4,8460151,158805
OK,45,73,910,45,2014-04-21T18:10:00,2,8460600,158805
OK,56,59,910,56,2014-04-21T18:15:00,2,8461049,158805
OK,69,48,910,69,2014-04-21T18:20:00,0,8461498,158805
OK,69,48,910,69,2014-04-21T18:25:00,0,8461947,158805
OK,69,48,910,69,2014-04-21T18:30:00,0,8462396,158805
OK,69,48,910,69,2014-04-21T18:35:00,0,8462845,158805
OK,45,73,910,45,2014-04-21T18:40:00,3,8463294,158805
OK,40,82,910,40,2014-04-21T18:45:00,6,8463743,158805
OK,36,92,910,36,2014-04-21T18:50:00,3,8464192,158805
OK,53,62,910,53,2014-04-21T18:55:00,0,8464641,158805
OK,47,70,910,47,2014-04-21T19:00:00,1,8465090,158805
OK,50,66,910,50,2014-04-21T19:05:00,2,8465539,158805
OK,54,61,910,54,2014-04-21T19:10:00,3,8465988,158805
OK,44,75,910,44,2014-04-21T19:15:00,1,8466437,158805
OK,55,60,910,55,2014-04-21T19:20:00,1,8466886,158805
OK,43,77,910,43,2014-04-21T19:25:00,2,8467335,158805
OK,32,103,910,32,2014-04-21T19:30:00,0,8467784,158805
OK,49,67,910,49,2014-04-21T19:35:00,0,8468233,158805
OK,49,67,910,49,2014-04-21T19:40:00,0,8468682,158805
OK,57,58,910,57,2014-04-21T19:45:00,2,8469131,158805
OK,57,58,910,57,2014-04-21T19:50:00,2,8469580,158805
OK,44,75,910,44,2014-04-21T19:55:00,1,8470029,158805
OK,44,75,910,44,2014-04-21T20:05:00,0,8470927,158805
OK,31,106,910,31,2014-04-21T20:25:00,2,8472723,158805
OK,25,132,910,25,2014-04-21T20:30:00,0,8473172,158805
OK,48,69,910,48,2014-04-21T20:40:00,2,8474070,158805
OK,48,69,910,48,2014-04-21T20:45:00,1,8474519,158805
OK,48,69,910,48,2014-04-21T20:50:00,0,8474968,158805
OK,48,69,910,48,2014-04-21T20:55:00,0,8475417,158805
OK,48,69,910,48,2014-04-21T21:00:00,0,8475866,158805
OK,48,69,910,48,2014-04-21T21:10:00,0,8476764,158805
OK,48,69,910,48,2014-04-21T21:15:00,0,8477213,158805
OK,39,84,910,39,2014-04-21T21:20:00,1,8477662,158805
OK,39,84,910,39,2014-04-21T21:25:00,1,8478111,158805
OK,39,84,910,39,2014-04-21T21:30:00,0,8478560,158805
OK,39,84,910,39,2014-04-21T21:35:00,0,8479009,158805
OK,39,84,910,39,2014-04-21T21:40:00,0,8479458,158805
OK,39,84,910,39,2014-04-21T21:45:00,0,8479907,158805
OK,39,84,910,39,2014-04-21T21:50:00,0,8480356,158805
OK,39,84,910,39,2014-04-21T22:00:00,0,8481254,158805
OK,39,84,910,39,2014-04-21T22:05:00,0,8481703,158805
OK,39,84,910,39,2014-04-21T22:10:00,0,8482152,158805
OK,39,84,910,39,2014-04-21T22:15:00,0,8482601,158805
OK,39,84,910,39,2014-04-21T22:20:00,0,8483050,158805
OK,39,84,910,39,2014-04-21T22:25:00,0,8483499,158805
OK,39,84,910,39,2014-04-21T22:30:00,0,8483948,158805
OK,39,84,910,39,2014-04-21T22:35:00,0,8484397,158805
OK,39,84,910,39,2014-04-21T22:40:00,0,8484846,158805
OK,39,84,910,39,2014-04-21T22:45:00,0,8485295,158805
OK,39,84,910,39,2014-04-21T22:50:00,0,8485744,158805
OK,39,84,910,39,2014-04-21T22:55:00,0,8486193,158805
OK,39,84,910,39,2014-04-21T23:00:00,0,8486642,158805
OK,39,84,910,39,2014-04-21T23:05:00,0,8487091,158805
OK,39,84,910,39,2014-04-21T23:10:00,0,8487540,158805
OK,39,84,910,39,2014-04-21T23:15:00,0,8487989,158805
OK,39,84,910,39,2014-04-21T23:20:00,0,8488438,158805
OK,39,84,910,39,2014-04-21T23:25:00,0,8488887,158805
OK,39,84,910,39,2014-04-21T23:30:00,0,8489336,158805
OK,39,84,910,39,2014-04-21T23:35:00,0,8489785,158805
OK,39,84,910,39,2014-04-21T23:40:00,0,8490234,158805
OK,39,84,910,39,2014-04-21T23:45:00,0,8490683,158805
OK,39,84,910,39,2014-04-21T23:50:00,0,8491132,158805
OK,39,84,910,39,2014-04-21T23:55:00,0,8491581,158805
OK,39,84,910,39,2014-04-22T00:00:00,0,8492030,158805
OK,39,84,910,39,2014-04-22T00:05:00,0,8492479,158805
OK,39,84,910,39,2014-04-22T00:10:00,0,8492928,158805
OK,39,84,910,39,2014-04-22T00:15:00,0,8493377,158805
OK,39,84,910,39,2014-04-22T00:20:00,0,8493826,158805
OK,39,84,910,39,2014-04-22T00:25:00,0,8494275,158805
OK,39,84,910,39,2014-04-22T00:30:00,0,8494724,158805
OK,39,84,910,39,2014-04-22T00:35:00,0,8495173,158805
OK,39,84,910,39,2014-04-22T00:40:00,0,8495622,158805
OK,39,84,910,39,2014-04-22T00:45:00,0,8496071,158805
OK,39,84,910,39,2014-04-22T00:50:00,0,8496520,158805
OK,39,84,910,39,2014-04-22T00:55:00,0,8496969,158805
OK,39,84,910,39,2014-04-22T01:00:00,0,8497418,158805
OK,39,84,910,39,2014-04-22T01:05:00,0,8497867,158805
OK,39,84,910,39,2014-04-22T01:10:00,0,8498316,158805
OK,39,84,910,39,2014-04-22T01:15:00,0,8498765,158805
OK,39,84,910,39,2014-04-22T01:20:00,0,8499214,158805
OK,39,84,910,39,2014-04-22T01:25:00,0,8499663,158805
OK,39,84,910,39,2014-04-22T01:30:00,0,8500112,158805
OK,39,84,910,39,2014-04-22T01:35:00,0,8500561,158805
OK,39,84,910,39,2014-04-22T01:40:00,0,8501010,158805
OK,39,84,910,39,2014-04-22T01:45:00,0,8501459,158805
OK,39,84,910,39,2014-04-22T01:50:00,0,8501908,158805
OK,39,84,910,39,2014-04-22T01:55:00,0,8502357,158805
OK,39,84,910,39,2014-04-22T02:00:00,0,8502806,158805
OK,39,84,910,39,2014-04-22T02:05:00,0,8503255,158805
OK,39,84,910,39,2014-04-22T02:10:00,0,8503704,158805
OK,133,24,910,133,2014-04-22T02:15:00,1,8504153,158805
OK,133,24,910,133,2014-04-22T02:20:00,0,8504602,158805
OK,133,24,910,133,2014-04-22T02:25:00,0,8505051,158805
OK,133,24,910,133,2014-04-22T02:30:00,0,8505500,158805
OK,133,24,910,133,2014-04-22T02:35:00,0,8505949,158805
OK,133,24,910,133,2014-04-22T02:40:00,0,8506398,158805
OK,133,24,910,133,2014-04-22T02:45:00,0,8506847,158805
OK,133,24,910,133,2014-04-22T02:50:00,0,8507296,158805
OK,133,24,910,133,2014-04-22T02:55:00,0,8507745,158805
OK,133,24,910,133,2014-04-22T03:00:00,0,8508194,158805
OK,133,24,910,133,2014-04-22T03:05:00,0,8508643,158805
OK,133,24,910,133,2014-04-22T03:10:00,0,8509092,158805
OK,38,87,910,38,2014-04-22T03:15:00,1,8509541,158805
OK,38,87,910,38,2014-04-22T03:20:00,1,8509990,158805
OK,56,59,910,56,2014-04-22T03:25:00,1,8510439,158805
OK,56,59,910,56,2014-04-22T03:30:00,1,8510888,158805
OK,56,59,910,56,2014-04-22T03:35:00,0,8511337,158805
OK,31,106,910,31,2014-04-22T03:40:00,1,8511786,158805
OK,31,106,910,31,2014-04-22T03:45:00,1,8512235,158805
OK,38,87,910,38,2014-04-22T03:50:00,1,8512684,158805
OK,39,84,910,39,2014-04-22T03:55:00,2,8513133,158805
OK,41,80,910,41,2014-04-22T04:00:00,1,8513582,158805
OK,41,80,910,41,2014-04-22T04:05:00,0,8514031,158805
OK,41,80,910,41,2014-04-22T04:10:00,0,8514480,158805
OK,55,60,910,55,2014-04-22T04:15:00,2,8514929,158805
OK,54,61,910,54,2014-04-22T04:20:00,2,8515378,158805
OK,56,59,910,56,2014-04-22T04:25:00,2,8515827,158805
OK,73,45,910,73,2014-04-22T04:30:00,5,8516276,158805
OK,55,60,910,55,2014-04-22T04:35:00,7,8516725,158805
OK,54,61,910,54,2014-04-22T04:40:00,4,8517174,158805
OK,48,69,910,48,2014-04-22T04:45:00,3,8517623,158805
OK,56,59,910,56,2014-04-22T04:50:00,4,8518072,158805
OK,60,55,910,60,2014-04-22T04:55:00,8,8518521,158805
OK,53,62,910,53,2014-04-22T05:00:00,8,8518970,158805
OK,48,69,910,48,2014-04-22T05:05:00,2,8519419,158805
OK,59,56,910,59,2014-04-22T05:10:00,3,8519868,158805
OK,56,59,910,56,2014-04-22T05:15:00,6,8520317,158805
OK,51,64,910,51,2014-04-22T05:20:00,7,8520766,158805
OK,53,62,910,53,2014-04-22T05:25:00,3,8521215,158805
OK,63,52,910,63,2014-04-22T05:30:00,2,8521664,158805
OK,58,57,910,58,2014-04-22T05:35:00,8,8522113,158805
OK,58,57,910,58,2014-04-22T05:40:00,10,8522562,158805
OK,68,48,910,68,2014-04-22T05:45:00,11,8523011,158805
OK,77,43,910,77,2014-04-22T05:50:00,7,8523460,158805
OK,54,61,910,54,2014-04-22T05:55:00,4,8523909,158805
OK,50,66,910,50,2014-04-22T06:00:00,3,8524358,158805
OK,35,94,910,35,2014-04-22T06:05:00,1,8524807,158805
OK,56,59,910,56,2014-04-22T06:10:00,4,8525256,158805
OK,61,54,910,61,2014-04-22T06:15:00,8,8525705,158805
OK,66,50,910,66,2014-04-22T06:20:00,7,8526154,158805
OK,73,45,910,73,2014-04-22T06:25:00,4,8526603,158805
OK,65,50,910,65,2014-04-22T06:30:00,4,8527052,158805
OK,55,60,910,55,2014-04-22T06:35:00,6,8527501,158805
OK,56,59,910,56,2014-04-22T06:40:00,9,8527950,158805
OK,55,60,910,55,2014-04-22T06:45:00,6,8528399,158805
OK,55,60,910,55,2014-04-22T06:50:00,5,8528848,158805
OK,57,58,910,57,2014-04-22T06:55:00,9,8529297,158805
OK,56,59,910,56,2014-04-22T07:00:00,7,8529746,158805
OK,48,69,910,48,2014-04-22T07:05:00,10,8530195,158805
OK,48,69,910,48,2014-04-22T07:10:00,11,8530644,158805
OK,48,69,910,48,2014-04-22T07:15:00,8,8531093,158805
OK,51,64,910,51,2014-04-22T07:20:00,9,8531542,158805
OK,52,63,910,52,2014-04-22T07:25:00,6,8531991,158805
OK,54,61,910,54,2014-04-22T07:30:00,8,8532440,158805
OK,53,62,910,53,2014-04-22T07:35:00,13,8532889,158805
OK,52,63,910,52,2014-04-22T07:40:00,10,8533338,158805
OK,49,67,910,49,2014-04-22T07:45:00,7,8533787,158805
OK,48,69,910,48,2014-04-22T07:50:00,8,8534236,158805
OK,55,60,910,55,2014-04-22T07:55:00,7,8534685,158805
OK,47,70,910,47,2014-04-22T08:00:00,10,8535134,158805
OK,45,73,910,45,2014-04-22T08:05:00,7,8535583,158805
OK,55,60,910,55,2014-04-22T08:10:00,6,8536032,158805
OK,65,50,910,65,2014-04-22T08:15:00,10,8536481,158805
OK,63,52,910,63,2014-04-22T08:20:00,9,8536930,158805
OK,57,58,910,57,2014-04-22T08:25:00,5,8537379,158805
OK,60,55,910,60,2014-04-22T08:30:00,2,8537828,158805
OK,57,58,910,57,2014-04-22T08:35:00,4,8538277,158805
OK,50,66,910,50,2014-04-22T08:40:00,6,8538726,158805
OK,53,62,910,53,2014-04-22T08:45:00,13,8539175,158805
OK,55,60,910,55,2014-04-22T08:50:00,12,8539624,158805
OK,53,62,910,53,2014-04-22T08:55:00,7,8540073,158805
OK,54,61,910,54,2014-04-22T09:00:00,4,8540522,158805
OK,57,58,910,57,2014-04-22T09:05:00,5,8540971,158805
OK,54,61,910,54,2014-04-22T09:10:00,6,8541420,158805
OK,52,63,910,52,2014-04-22T09:15:00,7,8541869,158805
OK,52,63,910,52,2014-04-22T09:20:00,6,8542318,158805
OK,49,67,910,49,2014-04-22T09:25:00,4,8542767,158805
OK,44,75,910,44,2014-04-22T09:30:00,6,8543216,158805
OK,45,73,910,45,2014-04-22T09:35:00,8,8543665,158805
OK,52,63,910,52,2014-04-22T09:40:00,11,8544114,158805
OK,52,63,910,52,2014-04-22T09:45:00,11,8544563,158805
OK,57,58,910,57,2014-04-22T09:50:00,4,8545012,158805
OK,56,59,910,56,2014-04-22T09:55:00,8,8545461,158805
OK,55,60,910,55,2014-04-22T10:00:00,12,8545910,158805
OK,67,49,910,67,2014-04-22T10:05:00,9,8546359,158805
OK,65,50,910,65,2014-04-22T10:10:00,10,8546808,158805
OK,52,63,910,52,2014-04-22T10:15:00,12,8547257,158805
OK,58,57,910,58,2014-04-22T10:20:00,10,8547706,158805
OK,53,62,910,53,2014-04-22T10:25:00,7,8548155,158805
OK,51,64,910,51,2014-04-22T10:30:00,8,8548604,158805
OK,56,59,910,56,2014-04-22T10:35:00,9,8549053,158805
OK,54,61,910,54,2014-04-22T10:40:00,10,8549502,158805
OK,45,73,910,45,2014-04-22T10:45:00,7,8549951,158805
OK,51,64,910,51,2014-04-22T10:50:00,9,8550400,158805
OK,49,67,910,49,2014-04-22T10:55:00,20,8550849,158805
OK,46,72,910,46,2014-04-22T11:00:00,15,8551298,158805
OK,61,54,910,61,2014-04-22T11:05:00,2,8551747,158805
OK,75,44,910,75,2014-04-22T11:10:00,2,8552196,158805
OK,56,59,910,56,2014-04-22T11:15:00,6,8552645,158805
OK,55,60,910,55,2014-04-22T11:20:00,11,8553094,158805
OK,51,64,910,51,2014-04-22T11:25:00,6,8553543,158805
OK,53,62,910,53,2014-04-22T11:30:00,4,8553992,158805
OK,50,66,910,50,2014-04-22T11:35:00,9,8554441,158805
OK,54,61,910,54,2014-04-22T11:40:00,6,8554890,158805
OK,76,43,910,76,2014-04-22T11:45:00,1,8555339,158805
OK,65,50,910,65,2014-04-22T11:50:00,13,8555788,158805
OK,61,54,910,61,2014-04-22T11:55:00,9,8556237,158805
OK,49,67,910,49,2014-04-22T12:00:00,9,8556686,158805
OK,48,69,910,48,2014-04-22T12:05:00,9,8557135,158805
OK,53,62,910,53,2014-04-22T12:10:00,9,8557584,158805
OK,50,66,910,50,2014-04-22T12:15:00,7,8558033,158805
OK,59,56,910,59,2014-04-22T12:20:00,7,8558482,158805
OK,51,64,910,51,2014-04-22T12:25:00,9,8558931,158805
OK,48,69,910,48,2014-04-22T12:30:00,9,8559380,158805
OK,55,60,910,55,2014-04-22T12:40:00,18,8559829,158805
OK,56,59,910,56,2014-04-22T12:45:00,11,8560278,158805
OK,72,46,910,72,2014-04-22T12:50:00,7,8560727,158805
OK,67,49,910,67,2014-04-22T12:55:00,9,8561176,158805
OK,54,61,910,54,2014-04-22T13:00:00,9,8561625,158805
OK,55,60,910,55,2014-04-22T13:05:00,18,8562074,158805
OK,59,56,910,59,2014-04-22T13:10:00,19,8562523,158805
OK,58,57,910,58,2014-04-22T13:15:00,19,8562972,158805
OK,57,58,910,57,2014-04-22T13:20:00,12,8563421,158805
OK,75,44,910,75,2014-04-22T13:25:00,18,8563870,158805
OK,80,41,910,80,2014-04-22T13:30:00,19,8564319,158805
OK,54,61,910,54,2014-04-22T13:35:00,24,8564768,158805
OK,50,66,910,50,2014-04-22T13:40:00,15,8565217,158805
OK,57,58,910,57,2014-04-22T13:45:00,15,8565666,158805
OK,59,56,910,59,2014-04-22T13:50:00,16,8566115,158805
OK,54,61,910,54,2014-04-22T13:55:00,15,8566564,158805
OK,53,62,910,53,2014-04-22T14:00:00,10,8567013,158805
OK,54,61,910,54,2014-04-22T14:05:00,15,8567462,158805
OK,51,64,910,51,2014-04-22T14:10:00,23,8567911,158805
OK,53,62,910,53,2014-04-22T14:15:00,21,8568360,158805
OK,57,58,910,57,2014-04-22T14:20:00,14,8568809,158805
OK,64,51,910,64,2014-04-22T14:25:00,8,8569258,158805
OK,55,60,910,55,2014-04-22T14:30:00,6,8569707,158805
OK,58,57,910,58,2014-04-22T14:35:00,6,8570156,158805
OK,55,60,910,55,2014-04-22T14:40:00,8,8570605,158805
OK,54,61,910,54,2014-04-22T14:45:00,13,8571054,158805
OK,53,62,910,53,2014-04-22T14:50:00,14,8571503,158805
OK,52,63,910,52,2014-04-22T14:55:00,6,8571952,158805
OK,56,59,910,56,2014-04-22T15:00:00,1,8572401,158805
OK,54,61,910,54,2014-04-22T15:05:00,8,8572850,158805
OK,58,57,910,58,2014-04-22T15:10:00,11,8573299,158805
OK,57,58,910,57,2014-04-22T15:15:00,10,8573748,158805
OK,47,70,910,47,2014-04-22T15:20:00,7,8574197,158805
OK,46,72,910,46,2014-04-22T15:25:00,7,8574646,158805
OK,48,69,910,48,2014-04-22T15:30:00,6,8575095,158805
OK,58,57,910,58,2014-04-22T15:35:00,4,8575544,158805
OK,81,40,910,81,2014-04-22T15:40:00,6,8575993,158805
OK,93,35,910,93,2014-04-22T15:45:00,4,8576442,158805
OK,45,73,910,45,2014-04-22T15:50:00,2,8576891,158805
OK,38,87,910,38,2014-04-22T15:55:00,2,8577340,158805
OK,48,69,910,48,2014-04-22T16:00:00,5,8577789,158805
OK,52,63,910,52,2014-04-22T16:05:00,5,8578238,158805
OK,45,73,910,45,2014-04-22T16:10:00,4,8578687,158805
OK,46,72,910,46,2014-04-22T16:15:00,4,8579136,158805
OK,59,56,910,59,2014-04-22T16:20:00,5,8579585,158805
OK,60,55,910,60,2014-04-22T16:25:00,13,8580034,158805
OK,56,59,910,56,2014-04-22T16:30:00,14,8580483,158805
OK,50,66,910,50,2014-04-22T16:35:00,4,8580932,158805
OK,53,62,910,53,2014-04-22T16:40:00,5,8581381,158805
OK,50,66,910,50,2014-04-22T16:45:00,5,8581830,158805
OK,46,72,910,46,2014-04-22T16:50:00,2,8582279,158805
OK,45,73,910,45,2014-04-22T16:55:00,3,8582728,158805
OK,47,70,910,47,2014-04-22T17:00:00,4,8583177,158805
OK,48,69,910,48,2014-04-22T17:05:00,4,8583626,158805
OK,53,62,910,53,2014-04-22T17:10:00,2,8584075,158805
OK,60,55,910,60,2014-04-22T17:15:00,4,8584524,158805
OK,63,52,910,63,2014-04-22T17:20:00,4,8584973,158805
OK,60,55,910,60,2014-04-22T17:25:00,3,8585422,158805
OK,56,59,910,56,2014-04-22T17:30:00,2,8585871,158805
OK,49,67,910,49,2014-04-22T17:35:00,2,8586320,158805
OK,51,64,910,51,2014-04-22T17:40:00,2,8586769,158805
OK,53,62,910,53,2014-04-22T17:45:00,1,8587218,158805
OK,45,73,910,45,2014-04-22T17:50:00,4,8587667,158805
OK,45,73,910,45,2014-04-22T17:55:00,5,8588116,158805
OK,58,57,910,58,2014-04-22T18:00:00,4,8588565,158805
OK,51,64,910,51,2014-04-22T18:05:00,6,8589014,158805
OK,48,69,910,48,2014-04-22T18:10:00,3,8589463,158805
OK,70,47,910,70,2014-04-22T18:15:00,2,8589912,158805
OK,64,51,910,64,2014-04-22T18:20:00,4,8590361,158805
OK,60,55,910,60,2014-04-22T18:25:00,5,8590810,158805
OK,52,63,910,52,2014-04-22T18:30:00,5,8591259,158805
OK,49,67,910,49,2014-04-22T18:35:00,3,8591708,158805
OK,49,67,910,49,2014-04-22T18:40:00,1,8592157,158805
OK,78,42,910,78,2014-04-22T18:45:00,2,8592606,158805
OK,69,48,910,69,2014-04-22T18:50:00,2,8593055,158805
OK,56,59,910,56,2014-04-22T18:55:00,3,8593504,158805
OK,54,61,910,54,2014-04-22T19:00:00,2,8593953,158805
OK,63,52,910,63,2014-04-22T19:05:00,1,8594402,158805
OK,63,52,910,63,2014-04-22T19:10:00,0,8594851,158805
OK,87,38,910,87,2014-04-22T19:15:00,2,8595300,158805
OK,50,66,910,50,2014-04-22T19:20:00,3,8595749,158805
OK,86,38,910,86,2014-04-22T19:25:00,2,8596198,158805
OK,86,38,910,86,2014-04-22T19:30:00,2,8596647,158805
OK,60,55,910,60,2014-04-22T19:35:00,1,8597096,158805
OK,60,55,910,60,2014-04-22T19:40:00,1,8597545,158805
OK,60,55,910,60,2014-04-22T19:45:00,0,8597994,158805
OK,51,64,910,51,2014-04-22T19:50:00,3,8598443,158805
OK,49,67,910,49,2014-04-22T19:55:00,2,8598892,158805
OK,56,59,910,56,2014-04-22T20:00:00,1,8599341,158805
OK,59,56,910,59,2014-04-22T20:20:00,2,8601137,158805
OK,43,77,910,43,2014-04-22T20:25:00,2,8601586,158805
OK,56,59,910,56,2014-04-22T20:40:00,0,8602933,158805
OK,56,59,910,56,2014-04-22T22:10:00,0,8603382,158805
OK,56,59,910,56,2014-04-22T22:15:00,0,8603831,158805
OK,56,59,910,56,2014-04-22T22:20:00,0,8604280,158805
OK,56,59,910,56,2014-04-22T22:25:00,0,8604729,158805
OK,56,59,910,56,2014-04-22T22:30:00,0,8605178,158805
OK,56,59,910,56,2014-04-22T23:00:00,0,8607795,158805
OK,63,52,910,63,2014-04-23T00:55:00,0,8610464,158805
OK,63,52,910,63,2014-04-23T01:00:00,0,8610913,158805
OK,63,52,910,63,2014-04-23T01:05:00,0,8611362,158805
OK,63,52,910,63,2014-04-23T01:10:00,0,8611811,158805
OK,63,52,910,63,2014-04-23T01:15:00,0,8612260,158805
OK,63,52,910,63,2014-04-23T01:20:00,0,8612709,158805
OK,63,52,910,63,2014-04-23T01:25:00,0,8613158,158805
OK,63,52,910,63,2014-04-23T01:30:00,0,8613607,158805
OK,63,52,910,63,2014-04-23T01:35:00,0,8614056,158805
OK,63,52,910,63,2014-04-23T01:40:00,0,8614505,158805
OK,63,52,910,63,2014-04-23T01:45:00,0,8614954,158805
OK,63,52,910,63,2014-04-23T01:50:00,0,8615403,158805
OK,63,52,910,63,2014-04-23T01:55:00,0,8615852,158805
OK,63,52,910,63,2014-04-23T02:00:00,0,8616301,158805
OK,63,52,910,63,2014-04-23T02:05:00,0,8616750,158805
OK,63,52,910,63,2014-04-23T02:10:00,0,8617199,158805
OK,63,52,910,63,2014-04-23T02:15:00,0,8617648,158805
OK,63,52,910,63,2014-04-23T02:20:00,0,8618097,158805
OK,63,52,910,63,2014-04-23T02:25:00,0,8618546,158805
OK,63,52,910,63,2014-04-23T02:30:00,0,8618995,158805
OK,63,52,910,63,2014-04-23T02:35:00,0,8619444,158805
OK,63,52,910,63,2014-04-23T02:40:00,0,8619893,158805
OK,63,52,910,63,2014-04-23T02:45:00,0,8620342,158805
OK,63,52,910,63,2014-04-23T02:50:00,0,8620791,158805
OK,63,52,910,63,2014-04-23T02:55:00,0,8621240,158805
OK,63,52,910,63,2014-04-23T03:00:00,0,8621689,158805
OK,63,52,910,63,2014-04-23T03:05:00,0,8622138,158805
OK,63,52,910,63,2014-04-23T03:10:00,0,8622587,158805
OK,56,59,910,56,2014-04-23T03:15:00,2,8623036,158805
OK,56,59,910,56,2014-04-23T03:20:00,2,8623485,158805
OK,56,59,910,56,2014-04-23T03:25:00,0,8623934,158805
OK,56,59,910,56,2014-04-23T03:30:00,0,8624383,158805
OK,56,59,910,56,2014-04-23T03:35:00,0,8624832,158805
OK,47,70,910,47,2014-04-23T03:40:00,1,8625281,158805
OK,58,57,910,58,2014-04-23T03:45:00,2,8625730,158805
OK,57,58,910,57,2014-04-23T03:50:00,2,8626179,158805
OK,53,62,910,53,2014-04-23T03:55:00,2,8626628,158805
OK,62,53,910,62,2014-04-23T04:00:00,1,8627077,158805
OK,62,53,910,62,2014-04-23T04:05:00,0,8627526,158805
OK,62,53,910,62,2014-04-23T04:10:00,0,8627975,158805
OK,43,77,910,43,2014-04-23T04:15:00,1,8628424,158805
OK,43,77,910,43,2014-04-23T04:20:00,0,8628873,158805
OK,43,77,910,43,2014-04-23T04:25:00,0,8629322,158805
OK,43,77,910,43,2014-04-23T04:30:00,0,8629771,158805
OK,78,42,910,78,2014-04-23T04:35:00,2,8630220,158805
OK,53,62,910,53,2014-04-23T04:40:00,4,8630669,158805
OK,56,59,910,56,2014-04-23T04:45:00,3,8631118,158805
OK,52,63,910,52,2014-04-23T04:50:00,4,8631567,158805
OK,48,69,910,48,2014-04-23T04:55:00,6,8632016,158805
OK,46,72,910,46,2014-04-23T05:00:00,3,8632465,158805
OK,46,72,910,46,2014-04-23T05:05:00,0,8632914,158805
OK,49,67,910,49,2014-04-23T05:10:00,1,8633363,158805
OK,45,73,910,45,2014-04-23T05:15:00,2,8633812,158805
OK,49,67,910,49,2014-04-23T05:20:00,6,8634261,158805
OK,53,62,910,53,2014-04-23T05:25:00,8,8634710,158805
OK,54,61,910,54,2014-04-23T05:30:00,7,8635159,158805
OK,54,61,910,54,2014-04-23T05:35:00,11,8635608,158805
OK,58,57,910,58,2014-04-23T05:40:00,8,8636057,158805
OK,73,45,910,73,2014-04-23T05:45:00,7,8636506,158805
OK,59,56,910,59,2014-04-23T05:50:00,7,8636955,158805
OK,69,48,910,69,2014-04-23T05:55:00,5,8637404,158805
OK,60,55,910,60,2014-04-23T06:00:00,6,8637853,158805
OK,56,59,910,56,2014-04-23T06:05:00,7,8638302,158805
OK,71,46,910,71,2014-04-23T06:10:00,7,8638751,158805
OK,60,55,910,60,2014-04-23T06:15:00,5,8639200,158805
OK,57,58,910,57,2014-04-23T06:20:00,5,8639649,158805
OK,54,61,910,54,2014-04-23T06:25:00,3,8640098,158805
OK,48,69,910,48,2014-04-23T06:30:00,2,8640547,158805
OK,49,67,910,49,2014-04-23T06:35:00,6,8640996,158805
OK,50,66,910,50,2014-04-23T06:40:00,5,8641445,158805
OK,41,80,910,41,2014-04-23T06:45:00,1,8641894,158805
OK,59,56,910,59,2014-04-23T06:50:00,8,8642343,158805
OK,55,60,910,55,2014-04-23T06:55:00,8,8642792,158805
OK,52,63,910,52,2014-04-23T07:00:00,8,8643241,158805
OK,49,67,910,49,2014-04-23T07:05:00,10,8643690,158805
OK,47,70,910,47,2014-04-23T07:10:00,7,8644139,158805
OK,46,72,910,46,2014-04-23T07:15:00,3,8644588,158805
OK,45,73,910,45,2014-04-23T07:20:00,6,8645037,158805
OK,51,64,910,51,2014-04-23T07:25:00,6,8645486,158805
OK,54,61,910,54,2014-04-23T07:30:00,5,8645935,158805
OK,52,63,910,52,2014-04-23T07:35:00,5,8646384,158805
OK,50,66,910,50,2014-04-23T07:40:00,6,8646833,158805
OK,52,63,910,52,2014-04-23T07:45:00,6,8647282,158805
OK,53,62,910,53,2014-04-23T07:50:00,9,8647731,158805
OK,53,62,910,53,2014-04-23T07:55:00,15,8648180,158805
OK,54,61,910,54,2014-04-23T08:00:00,9,8648629,158805
OK,65,50,910,65,2014-04-23T08:05:00,10,8649078,158805
OK,55,60,910,55,2014-04-23T08:10:00,12,8649527,158805
OK,54,61,910,54,2014-04-23T08:15:00,7,8649976,158805
OK,54,61,910,54,2014-04-23T08:20:00,4,8650425,158805
OK,52,63,910,52,2014-04-23T08:25:00,5,8650874,158805
OK,54,61,910,54,2014-04-23T08:30:00,9,8651322,158805
OK,55,60,910,55,2014-04-23T08:35:00,7,8651771,158805
OK,53,62,910,53,2014-04-23T08:40:00,6,8652220,158805
OK,51,64,910,51,2014-04-23T08:45:00,5,8652669,158805
OK,73,45,910,73,2014-04-23T08:50:00,11,8653118,158805
OK,64,51,910,64,2014-04-23T08:55:00,8,8653567,158805
OK,50,66,910,50,2014-04-23T09:00:00,2,8654016,158805
OK,53,62,910,53,2014-04-23T09:05:00,2,8654465,158805
OK,52,63,910,52,2014-04-23T09:10:00,7,8654914,158805
OK,59,56,910,59,2014-04-23T09:15:00,8,8655363,158805
OK,62,53,910,62,2014-04-23T09:20:00,3,8655812,158805
OK,57,58,910,57,2014-04-23T09:25:00,2,8656261,158805
OK,61,54,910,61,2014-04-23T09:30:00,4,8656710,158805
OK,70,47,910,70,2014-04-23T09:35:00,4,8657159,158805
OK,72,46,910,72,2014-04-23T09:40:00,8,8657608,158805
OK,66,50,910,66,2014-04-23T09:45:00,9,8658057,158805
OK,77,43,910,77,2014-04-23T09:50:00,10,8658506,158805
OK,78,42,910,78,2014-04-23T09:55:00,8,8658955,158805
OK,69,48,910,69,2014-04-23T10:00:00,5,8659404,158805
OK,69,48,910,69,2014-04-23T10:05:00,7,8659853,158805
OK,67,49,910,67,2014-04-23T10:10:00,5,8660302,158805
OK,60,55,910,60,2014-04-23T10:15:00,6,8660751,158805
OK,60,55,910,60,2014-04-23T10:20:00,7,8661200,158805
OK,64,51,910,64,2014-04-23T10:25:00,13,8661649,158805
OK,63,52,910,63,2014-04-23T10:30:00,13,8662098,158805
OK,56,59,910,56,2014-04-23T10:35:00,9,8662547,158805
OK,61,54,910,61,2014-04-23T10:40:00,10,8662996,158805
OK,64,51,910,64,2014-04-23T10:45:00,11,8663445,158805
OK,65,50,910,65,2014-04-23T10:50:00,11,8663894,158805
OK,62,53,910,62,2014-04-23T10:55:00,9,8664343,158805
OK,66,50,910,66,2014-04-23T11:00:00,10,8664792,158805
OK,66,50,910,66,2014-04-23T11:05:00,7,8665241,158805
OK,63,52,910,63,2014-04-23T11:10:00,7,8665690,158805
OK,60,55,910,60,2014-04-23T11:15:00,8,8666139,158805
OK,63,52,910,63,2014-04-23T11:20:00,8,8666588,158805
OK,64,51,910,64,2014-04-23T11:25:00,9,8667037,158805
OK,64,51,910,64,2014-04-23T11:30:00,11,8667486,158805
OK,62,53,910,62,2014-04-23T11:35:00,5,8667935,158805
OK,60,55,910,60,2014-04-23T11:40:00,5,8668384,158805
OK,56,59,910,56,2014-04-23T11:45:00,2,8668833,158805
OK,55,60,910,55,2014-04-23T11:50:00,1,8669282,158805
OK,66,50,910,66,2014-04-23T11:55:00,9,8669731,158805
OK,66,50,910,66,2014-04-23T12:00:00,16,8670120,158805
OK,66,50,910,66,2014-04-23T12:05:00,14,8670569,158805
OK,62,53,910,62,2014-04-23T12:10:00,11,8671018,158805
OK,65,50,910,65,2014-04-23T12:15:00,13,8671467,158805
OK,60,55,910,60,2014-04-23T12:20:00,11,8671916,158805
OK,58,57,910,58,2014-04-23T12:25:00,13,8672365,158805
OK,61,54,910,61,2014-04-23T12:30:00,12,8672814,158805
OK,66,50,910,66,2014-04-23T12:35:00,15,8673263,158805
OK,76,43,910,76,2014-04-23T12:40:00,14,8673712,158805
OK,70,47,910,70,2014-04-23T12:45:00,11,8674161,158805
OK,67,49,910,67,2014-04-23T12:50:00,8,8674610,158805
OK,66,50,910,66,2014-04-23T12:55:00,13,8675059,158805
OK,64,51,910,64,2014-04-23T13:00:00,17,8675508,158805
OK,64,51,910,64,2014-04-23T13:05:00,14,8675957,158805
OK,77,43,910,77,2014-04-23T13:10:00,12,8676406,158805
OK,73,45,910,73,2014-04-23T13:15:00,15,8676855,158805
OK,74,44,910,74,2014-04-23T13:20:00,19,8677304,158805
OK,87,38,910,87,2014-04-23T13:25:00,18,8677753,158805
OK,76,43,910,76,2014-04-23T13:30:00,20,8678202,158805
OK,70,47,910,70,2014-04-23T13:35:00,20,8678651,158805
OK,67,49,910,67,2014-04-23T13:40:00,20,8679100,158805
OK,62,53,910,62,2014-04-23T13:45:00,15,8679549,158805
OK,78,42,910,78,2014-04-23T13:50:00,16,8679998,158805
OK,90,36,910,90,2014-04-23T13:55:00,12,8680447,158805
OK,89,37,910,89,2014-04-23T14:00:00,8,8680896,158805
OK,79,41,910,79,2014-04-23T14:05:00,11,8681345,158805
OK,77,43,910,77,2014-04-23T14:10:00,19,8681794,158805
OK,76,43,910,76,2014-04-23T14:15:00,25,8682243,158805
OK,64,51,910,64,2014-04-23T14:20:00,22,8682692,158805
OK,65,50,910,65,2014-04-23T14:25:00,15,8683141,158805
OK,59,56,910,59,2014-04-23T14:30:00,16,8683590,158805
OK,60,55,910,60,2014-04-23T14:35:00,20,8684039,158805
OK,63,52,910,63,2014-04-23T14:40:00,15,8684488,158805
OK,65,50,910,65,2014-04-23T14:45:00,13,8684937,158805
OK,63,52,910,63,2014-04-23T14:50:00,11,8685386,158805
OK,62,53,910,62,2014-04-23T14:55:00,8,8685835,158805
OK,63,52,910,63,2014-04-23T15:00:00,7,8686284,158805
OK,66,50,910,66,2014-04-23T15:05:00,7,8686733,158805
OK,58,57,910,58,2014-04-23T15:10:00,6,8687182,158805
OK,58,57,910,58,2014-04-23T15:15:00,6,8687631,158805
OK,63,52,910,63,2014-04-23T15:20:00,6,8688080,158805
OK,58,57,910,58,2014-04-23T15:25:00,9,8688529,158805
OK,58,57,910,58,2014-04-23T15:30:00,9,8688978,158805
OK,61,54,910,61,2014-04-23T15:35:00,6,8689427,158805
OK,74,44,910,74,2014-04-23T15:40:00,3,8689876,158805
OK,62,53,910,62,2014-04-23T15:45:00,9,8690325,158805
OK,63,52,910,63,2014-04-23T15:50:00,13,8690774,158805
OK,63,52,910,63,2014-04-23T15:55:00,7,8691223,158805
OK,67,49,910,67,2014-04-23T16:00:00,11,8691672,158805
OK,68,48,910,68,2014-04-23T16:05:00,10,8692121,158805
OK,67,49,910,67,2014-04-23T16:10:00,4,8692570,158805
OK,65,50,910,65,2014-04-23T16:15:00,5,8693019,158805
OK,65,50,910,65,2014-04-23T16:20:00,5,8693468,158805
OK,68,48,910,68,2014-04-23T16:25:00,3,8693917,158805
OK,61,54,910,61,2014-04-23T16:30:00,7,8694366,158805
OK,61,54,910,61,2014-04-23T16:35:00,8,8694815,158805
OK,65,50,910,65,2014-04-23T16:40:00,4,8695264,158805
OK,58,57,910,58,2014-04-23T16:45:00,3,8695713,158805
OK,52,63,910,52,2014-04-23T16:50:00,3,8696162,158805
OK,56,59,910,56,2014-04-23T16:55:00,3,8696611,158805
OK,75,44,910,75,2014-04-23T17:00:00,4,8697060,158805
OK,64,51,910,64,2014-04-23T17:05:00,6,8697509,158805
OK,59,56,910,59,2014-04-23T17:10:00,4,8697958,158805
OK,55,60,910,55,2014-04-23T17:15:00,1,8698407,158805
OK,56,59,910,56,2014-04-23T17:20:00,3,8698856,158805
OK,56,59,910,56,2014-04-23T17:25:00,3,8699305,158805
OK,55,60,910,55,2014-04-23T17:30:00,2,8699754,158805
OK,47,70,910,47,2014-04-23T17:35:00,1,8700203,158805
OK,47,70,910,47,2014-04-23T17:40:00,0,8700652,158805
OK,51,64,910,51,2014-04-23T17:45:00,2,8701101,158805
OK,59,56,910,59,2014-04-23T17:50:00,6,8701550,158805
OK,61,54,910,61,2014-04-23T17:55:00,4,8701999,158805
OK,60,55,910,60,2014-04-23T18:00:00,0,8702448,158805
OK,52,63,910,52,2014-04-23T18:05:00,2,8702897,158805
OK,52,63,910,52,2014-04-23T18:10:00,2,8703346,158805
OK,55,60,910,55,2014-04-23T18:15:00,3,8703795,158805
OK,59,56,910,59,2014-04-23T18:20:00,4,8704244,158805
OK,59,56,910,59,2014-04-23T18:25:00,3,8704693,158805
OK,53,62,910,53,2014-04-23T18:30:00,6,8705142,158805
OK,53,62,910,53,2014-04-23T18:35:00,4,8705591,158805
OK,52,63,910,52,2014-04-23T18:40:00,0,8706040,158805
OK,66,50,910,66,2014-04-23T18:45:00,1,8706489,158805
OK,66,50,910,66,2014-04-23T18:50:00,1,8706938,158805
OK,57,58,910,57,2014-04-23T18:55:00,1,8707387,158805
OK,57,58,910,57,2014-04-23T19:00:00,3,8707836,158805
OK,55,60,910,55,2014-04-23T19:05:00,4,8708285,158805
OK,47,70,910,47,2014-04-23T19:10:00,4,8708734,158805
OK,59,56,910,59,2014-04-23T19:15:00,3,8709183,158805
OK,61,54,910,61,2014-04-23T19:20:00,2,8709632,158805
OK,69,48,910,69,2014-04-23T19:25:00,1,8710081,158805
OK,85,38,910,85,2014-04-23T19:30:00,2,8710530,158805
OK,101,32,910,101,2014-04-23T19:35:00,1,8710979,158805
OK,101,32,910,101,2014-04-23T19:40:00,0,8711428,158805
OK,61,54,910,61,2014-04-23T19:45:00,2,8711877,158805
OK,60,55,910,60,2014-04-23T19:50:00,1,8712326,158805
OK,62,53,910,62,2014-04-23T19:55:00,3,8712775,158805
OK,47,70,910,47,2014-04-23T20:40:00,1,8716611,158805
OK,41,80,910,41,2014-04-23T21:15:00,0,8719740,158805
OK,40,82,910,40,2014-04-23T22:00:00,0,8723560,158805
OK,40,82,910,40,2014-04-23T22:05:00,0,8724009,158805
OK,40,82,910,40,2014-04-23T22:10:00,0,8724458,158805
OK,40,82,910,40,2014-04-23T22:15:00,0,8724907,158805
OK,40,82,910,40,2014-04-23T22:20:00,0,8725356,158805
OK,47,70,910,47,2014-04-23T22:25:00,1,8725805,158805
OK,46,72,910,46,2014-04-23T22:50:00,0,8728041,158805
OK,46,72,910,46,2014-04-23T23:20:00,0,8730647,158805
OK,46,72,910,46,2014-04-23T23:50:00,0,8733221,158805
OK,46,72,910,46,2014-04-23T23:55:00,0,8733659,158805
OK,46,72,910,46,2014-04-24T00:00:00,0,8734076,158805
OK,46,72,910,46,2014-04-24T00:15:00,0,8735013,158805
OK,52,63,910,52,2014-04-24T00:20:00,1,8735462,158805
OK,52,63,910,52,2014-04-24T00:25:00,0,8735911,158805
OK,52,63,910,52,2014-04-24T00:30:00,0,8736360,158805
OK,52,63,910,52,2014-04-24T00:35:00,0,8736809,158805
OK,52,63,910,52,2014-04-24T00:40:00,0,8737258,158805
OK,52,63,910,52,2014-04-24T00:45:00,0,8737707,158805
OK,52,63,910,52,2014-04-24T00:50:00,0,8738156,158805
OK,52,63,910,52,2014-04-24T00:55:00,0,8738605,158805
OK,52,63,910,52,2014-04-24T01:00:00,0,8739054,158805
OK,52,63,910,52,2014-04-24T01:05:00,0,8739503,158805
OK,52,63,910,52,2014-04-24T01:10:00,0,8739952,158805
OK,52,63,910,52,2014-04-24T01:15:00,0,8740401,158805
OK,52,63,910,52,2014-04-24T01:20:00,0,8740850,158805
OK,52,63,910,52,2014-04-24T01:25:00,0,8741299,158805
OK,52,63,910,52,2014-04-24T01:30:00,0,8741748,158805
OK,52,63,910,52,2014-04-24T01:35:00,0,8742197,158805
OK,52,63,910,52,2014-04-24T01:40:00,0,8742646,158805
OK,52,63,910,52,2014-04-24T01:45:00,0,8743095,158805
OK,52,63,910,52,2014-04-24T01:50:00,0,8743544,158805
OK,52,63,910,52,2014-04-24T01:55:00,0,8743993,158805
OK,52,63,910,52,2014-04-24T02:00:00,0,8744442,158805
OK,52,63,910,52,2014-04-24T02:05:00,0,8744891,158805
OK,52,63,910,52,2014-04-24T02:10:00,0,8745340,158805
OK,52,63,910,52,2014-04-24T02:15:00,0,8745789,158805
OK,52,63,910,52,2014-04-24T02:20:00,0,8746238,158805
OK,52,63,910,52,2014-04-24T02:25:00,0,8746687,158805
OK,52,63,910,52,2014-04-24T02:30:00,0,8747136,158805
OK,52,63,910,52,2014-04-24T02:35:00,0,8747585,158805
OK,57,58,910,57,2014-04-24T02:40:00,1,8748034,158805
OK,57,58,910,57,2014-04-24T02:45:00,1,8748483,158805
OK,57,58,910,57,2014-04-24T02:50:00,0,8748932,158805
OK,57,58,910,57,2014-04-24T02:55:00,0,8749381,158805
OK,57,58,910,57,2014-04-24T03:00:00,0,8749830,158805
OK,57,58,910,57,2014-04-24T03:05:00,0,8750279,158805
OK,57,58,910,57,2014-04-24T03:10:00,0,8750728,158805
OK,57,58,910,57,2014-04-24T03:15:00,0,8751177,158805
OK,70,47,910,70,2014-04-24T03:20:00,1,8751626,158805
OK,70,47,910,70,2014-04-24T03:25:00,0,8752075,158805
OK,70,47,910,70,2014-04-24T03:30:00,0,8752524,158805
OK,70,47,910,70,2014-04-24T03:35:00,0,8752973,158805
OK,58,57,910,58,2014-04-24T03:40:00,1,8753422,158805
OK,55,60,910,55,2014-04-24T03:45:00,2,8753871,158805
OK,52,63,910,52,2014-04-24T03:50:00,1,8754320,158805
OK,63,52,910,63,2014-04-24T03:55:00,2,8754769,158805
OK,61,54,910,61,2014-04-24T04:00:00,3,8755218,158805
OK,43,77,910,43,2014-04-24T04:05:00,3,8755667,158805
OK,42,78,910,42,2014-04-24T04:10:00,2,8756116,158805
OK,53,62,910,53,2014-04-24T04:15:00,1,8756565,158805
OK,60,55,910,60,2014-04-24T04:30:00,2,8757912,158805
OK,74,44,910,74,2014-04-24T04:40:00,3,8758430,158805
OK,60,55,910,60,2014-04-24T04:50:00,5,8759255,158805
OK,65,50,910,65,2014-04-24T04:55:00,2,8759704,158805
OK,64,51,910,64,2014-04-24T05:00:00,2,8760153,158805
OK,49,67,910,49,2014-04-24T05:05:00,2,8760602,158805
OK,59,56,910,59,2014-04-24T05:10:00,5,8761051,158805
OK,59,56,910,59,2014-04-24T05:15:00,4,8761500,158805
OK,73,45,910,73,2014-04-24T05:20:00,2,8761949,158805
OK,69,48,910,69,2014-04-24T05:25:00,5,8762398,158805
OK,69,48,910,69,2014-04-24T05:30:00,3,8762847,158805
OK,71,46,910,71,2014-04-24T05:35:00,7,8763296,158805
OK,71,46,910,71,2014-04-24T05:40:00,11,8763745,158805
OK,60,55,910,60,2014-04-24T05:45:00,10,8764194,158805
OK,57,58,910,57,2014-04-24T05:50:00,8,8764643,158805
OK,58,57,910,58,2014-04-24T05:55:00,5,8765092,158805
OK,58,57,910,58,2014-04-24T06:00:00,4,8765541,158805
OK,60,55,910,60,2014-04-24T06:05:00,5,8765990,158805
OK,64,51,910,64,2014-04-24T06:10:00,6,8766439,158805
OK,89,37,910,89,2014-04-24T06:25:00,8,8767786,158805
OK,62,53,910,62,2014-04-24T06:30:00,3,8768235,158805
OK,69,48,910,69,2014-04-24T06:35:00,5,8768684,158805
OK,73,45,910,73,2014-04-24T06:40:00,8,8769133,158805
OK,63,52,910,63,2014-04-24T06:45:00,5,8769582,158805
OK,61,54,910,61,2014-04-24T06:50:00,3,8770031,158805
OK,54,61,910,54,2014-04-24T06:55:00,5,8770480,158805
OK,61,54,910,61,2014-04-24T07:00:00,9,8770929,158805
OK,61,54,910,61,2014-04-24T07:05:00,9,8771378,158805
OK,55,60,910,55,2014-04-24T07:10:00,7,8771827,158805
OK,55,60,910,55,2014-04-24T07:15:00,6,8772276,158805
OK,55,60,910,55,2014-04-24T07:20:00,5,8772725,158805
OK,68,48,910,68,2014-04-24T07:25:00,7,8773174,158805
OK,68,48,910,68,2014-04-24T07:30:00,9,8773623,158805
OK,67,49,910,67,2014-04-24T07:35:00,13,8774072,158805
OK,69,48,910,69,2014-04-24T07:45:00,7,8774970,158805
OK,60,55,910,60,2014-04-24T07:50:00,6,8775419,158805
OK,60,55,910,60,2014-04-24T07:55:00,8,8775868,158805
OK,57,58,910,57,2014-04-24T08:05:00,8,8776766,158805
OK,59,56,910,59,2014-04-24T08:15:00,15,8777664,158805
OK,59,56,910,59,2014-04-24T09:05:00,12,8778113,158805
OK,58,57,910,58,2014-04-24T09:10:00,13,8778562,158805
OK,60,55,910,60,2014-04-24T09:15:00,9,8779011,158805
OK,63,52,910,63,2014-04-24T09:20:00,15,8779460,158805
OK,62,53,910,62,2014-04-24T09:25:00,12,8779909,158805
OK,61,54,910,61,2014-04-24T09:30:00,3,8780358,158805
OK,64,51,910,64,2014-04-24T09:35:00,4,8780807,158805
OK,56,59,910,56,2014-04-24T09:40:00,5,8781256,158805
OK,61,54,910,61,2014-04-24T09:45:00,10,8781705,158805
OK,68,48,910,68,2014-04-24T09:50:00,10,8782154,158805
OK,56,59,910,56,2014-04-24T10:00:00,10,8783052,158805
OK,56,59,910,56,2014-04-24T10:05:00,8,8783501,158805
OK,53,62,910,53,2014-04-24T10:10:00,8,8783950,158805
OK,61,54,910,61,2014-04-24T10:15:00,13,8784399,158805
OK,60,55,910,60,2014-04-24T10:20:00,12,8784848,158805
OK,60,55,910,60,2014-04-24T10:25:00,10,8785297,158805
OK,63,52,910,63,2014-04-24T10:30:00,11,8785746,158805
OK,56,59,910,56,2014-04-24T10:40:00,5,8786644,158805
OK,63,52,910,63,2014-04-24T10:45:00,3,8787093,158805
OK,61,54,910,61,2014-04-24T10:55:00,14,8787991,158805
OK,61,54,910,61,2014-04-24T11:00:00,15,8788440,158805
OK,66,50,910,66,2014-04-24T11:05:00,11,8788889,158805
OK,66,50,910,66,2014-04-24T11:10:00,11,8789338,158805
OK,72,46,910,72,2014-04-24T11:15:00,9,8789787,158805
OK,88,37,910,88,2014-04-24T11:30:00,6,8791017,158805
OK,62,53,910,62,2014-04-24T11:35:00,6,8791466,158805
OK,59,56,910,59,2014-04-24T11:40:00,3,8791915,158805
OK,58,57,910,58,2014-04-24T11:45:00,0,8792364,158805
OK,66,50,910,66,2014-04-24T11:50:00,6,8792813,158805
OK,65,50,910,65,2014-04-24T11:55:00,11,8793262,158805
OK,60,55,910,60,2014-04-24T12:00:00,9,8793711,158805
OK,61,54,910,61,2014-04-24T12:05:00,7,8794160,158805
OK,58,57,910,58,2014-04-24T12:20:00,10,8795328,158805
OK,60,55,910,60,2014-04-24T12:25:00,12,8795777,158805
OK,55,60,910,55,2014-04-24T12:35:00,10,8796675,158805
OK,61,54,910,61,2014-04-24T12:40:00,11,8797124,158805
OK,65,50,910,65,2014-04-24T12:45:00,14,8797573,158805
OK,66,50,910,66,2014-04-24T12:50:00,14,8798022,158805
OK,65,50,910,65,2014-04-24T12:55:00,8,8798471,158805
OK,81,40,910,81,2014-04-24T13:10:00,13,8799818,158805
OK,58,57,910,58,2014-04-24T13:15:00,6,8800267,158805
OK,67,49,910,67,2014-04-24T13:30:00,16,8801359,158805
OK,72,46,910,72,2014-04-24T13:35:00,18,8801808,158805
OK,75,44,910,75,2014-04-24T13:40:00,16,8802257,158805
OK,68,48,910,68,2014-04-24T13:45:00,16,8802706,158805
OK,77,43,910,77,2014-04-24T13:50:00,17,8803155,158805
OK,68,48,910,68,2014-04-24T14:00:00,18,8803812,158805
OK,66,50,910,66,2014-04-24T14:05:00,14,8804261,158805
OK,64,51,910,64,2014-04-24T14:10:00,21,8804710,158805
OK,73,45,910,73,2014-04-24T14:15:00,33,8805159,158805
OK,72,46,910,72,2014-04-24T14:25:00,19,8805830,158805
OK,54,61,910,54,2014-04-24T14:35:00,10,8806728,158805
OK,62,53,910,62,2014-04-24T14:40:00,16,8807177,158805
OK,64,51,910,64,2014-04-24T14:45:00,14,8807626,158805
OK,61,54,910,61,2014-04-24T14:50:00,12,8808075,158805
OK,63,52,910,63,2014-04-24T14:55:00,8,8808524,158805
OK,64,51,910,64,2014-04-24T15:00:00,10,8808973,158805
OK,58,57,910,58,2014-04-24T15:05:00,8,8809422,158805
OK,60,55,910,60,2014-04-24T15:10:00,14,8809871,158805
OK,64,51,910,64,2014-04-24T15:15:00,17,8810320,158805
OK,57,58,910,57,2014-04-24T15:20:00,5,8810769,158805
OK,61,54,910,61,2014-04-24T15:25:00,4,8811218,158805
OK,55,60,910,55,2014-04-24T15:30:00,7,8811667,158805
OK,55,60,910,55,2014-04-24T15:35:00,7,8812116,158805
OK,58,57,910,58,2014-04-24T15:40:00,6,8812565,158805
OK,54,61,910,54,2014-04-24T15:45:00,4,8813014,158805
OK,61,54,910,61,2014-04-24T15:50:00,5,8813463,158805
OK,61,54,910,61,2014-04-24T15:55:00,8,8813912,158805
OK,57,58,910,57,2014-04-24T16:00:00,6,8814361,158805
OK,65,50,910,65,2014-04-24T16:05:00,4,8814810,158805
OK,63,52,910,63,2014-04-24T16:10:00,6,8815259,158805
OK,55,60,910,55,2014-04-24T16:15:00,9,8815708,158805
OK,55,60,910,55,2014-04-24T16:20:00,8,8816157,158805
OK,58,57,910,58,2014-04-24T16:25:00,8,8816606,158805
OK,60,55,910,60,2014-04-24T16:30:00,8,8817055,158805
OK,62,53,910,62,2014-04-24T16:35:00,5,8817504,158805
OK,61,54,910,61,2014-04-24T16:40:00,6,8817953,158805
OK,56,59,910,56,2014-04-24T16:45:00,10,8818402,158805
OK,55,60,910,55,2014-04-24T16:50:00,10,8818851,158805
OK,51,64,910,51,2014-04-24T16:55:00,6,8819300,158805
OK,56,59,910,56,2014-04-24T17:00:00,4,8819749,158805
OK,61,54,910,61,2014-04-24T17:05:00,5,8820198,158805
OK,57,58,910,57,2014-04-24T17:10:00,6,8820647,158805
OK,62,53,910,62,2014-04-24T17:15:00,7,8821096,158805
OK,64,51,910,64,2014-04-24T17:20:00,4,8821545,158805
OK,56,59,910,56,2014-04-24T17:25:00,5,8821994,158805
OK,57,58,910,57,2014-04-24T17:30:00,6,8822443,158805
OK,68,48,910,68,2014-04-24T17:35:00,1,8822892,158805
OK,68,48,910,68,2014-04-24T17:40:00,0,8823341,158805
OK,50,66,910,50,2014-04-24T17:45:00,5,8823790,158805
OK,48,69,910,48,2014-04-24T17:50:00,6,8824239,158805
OK,50,66,910,50,2014-04-24T17:55:00,4,8824688,158805
OK,62,53,910,62,2014-04-24T18:00:00,3,8825137,158805
OK,56,59,910,56,2014-04-24T18:05:00,2,8825586,158805
OK,56,59,910,56,2014-04-24T18:10:00,5,8826035,158805
OK,62,53,910,62,2014-04-24T18:15:00,4,8826484,158805
OK,51,64,910,51,2014-04-24T18:20:00,1,8826933,158805
OK,56,59,910,56,2014-04-24T18:25:00,3,8827382,158805
OK,55,60,910,55,2014-04-24T18:30:00,8,8827831,158805
OK,57,58,910,57,2014-04-24T18:35:00,6,8828280,158805
OK,60,55,910,60,2014-04-24T18:40:00,2,8828729,158805
OK,57,58,910,57,2014-04-24T18:45:00,0,8829178,158805
OK,48,69,910,48,2014-04-24T18:50:00,2,8829627,158805
OK,59,56,910,59,2014-04-24T18:55:00,0,8830076,158805
OK,48,69,910,48,2014-04-24T19:00:00,1,8830525,158805
OK,49,67,910,49,2014-04-24T19:05:00,2,8830974,158805
OK,50,66,910,50,2014-04-24T19:10:00,1,8831423,158805
OK,80,41,910,80,2014-04-24T19:15:00,2,8831872,158805
OK,80,41,910,80,2014-04-24T19:20:00,2,8832321,158805
OK,46,72,910,46,2014-04-24T19:25:00,1,8832770,158805
OK,55,60,910,55,2014-04-24T19:30:00,2,8833219,158805
OK,64,51,910,64,2014-04-24T19:35:00,0,8833668,158805
OK,48,69,910,48,2014-04-24T19:40:00,2,8834117,158805
OK,42,78,910,42,2014-04-24T19:45:00,3,8834566,158805
OK,51,64,910,51,2014-04-24T19:50:00,3,8835015,158805
OK,51,64,910,51,2014-04-24T19:55:00,1,8835464,158805
OK,59,56,910,59,2014-04-24T21:30:00,0,8843400,158805
OK,50,66,910,50,2014-04-24T22:00:00,0,8845960,158805
OK,50,66,910,50,2014-04-24T22:05:00,0,8846409,158805
OK,50,66,910,50,2014-04-24T22:10:00,0,8846858,158805
OK,54,61,910,54,2014-04-24T22:15:00,1,8847307,158805
OK,54,61,910,54,2014-04-24T22:20:00,1,8847756,158805
OK,54,61,910,54,2014-04-24T22:25:00,0,8848205,158805
OK,54,61,910,54,2014-04-24T22:40:00,0,8849486,158805
OK,57,58,910,57,2014-04-24T23:00:00,0,8851179,158805
OK,57,58,910,57,2014-04-24T23:30:00,0,8853783,158805
OK,57,58,910,57,2014-04-24T23:40:00,0,8854635,158805
OK,57,58,910,57,2014-04-25T00:00:00,0,8856227,158805
OK,57,58,910,57,2014-04-25T00:05:00,0,8856676,158805
OK,57,58,910,57,2014-04-25T00:15:00,0,8857165,158805
OK,57,58,910,57,2014-04-25T00:20:00,0,8857614,158805
OK,57,58,910,57,2014-04-25T00:25:00,0,8858063,158805
OK,57,58,910,57,2014-04-25T00:30:00,0,8858512,158805
OK,57,58,910,57,2014-04-25T00:35:00,0,8858961,158805
OK,57,58,910,57,2014-04-25T00:40:00,0,8859410,158805
OK,57,58,910,57,2014-04-25T00:45:00,0,8859859,158805
OK,57,58,910,57,2014-04-25T00:50:00,0,8860308,158805
OK,57,58,910,57,2014-04-25T00:55:00,0,8860757,158805
OK,57,58,910,57,2014-04-25T01:00:00,0,8861206,158805
OK,57,58,910,57,2014-04-25T01:05:00,0,8861655,158805
OK,57,58,910,57,2014-04-25T01:10:00,0,8862104,158805
OK,57,58,910,57,2014-04-25T01:15:00,0,8862553,158805
OK,57,58,910,57,2014-04-25T01:20:00,0,8863002,158805
OK,46,72,910,46,2014-04-25T01:25:00,0,8863451,158805
OK,46,72,910,46,2014-04-25T01:30:00,0,8863900,158805
OK,46,72,910,46,2014-04-25T01:35:00,0,8864349,158805
OK,46,72,910,46,2014-04-25T01:40:00,0,8864798,158805
OK,107,30,910,107,2014-04-25T01:45:00,1,8865247,158805
OK,107,30,910,107,2014-04-25T01:50:00,1,8865696,158805
OK,107,30,910,107,2014-04-25T01:55:00,0,8866145,158805
OK,107,30,910,107,2014-04-25T02:00:00,0,8866594,158805
OK,107,30,910,107,2014-04-25T02:05:00,0,8867043,158805
OK,107,30,910,107,2014-04-25T02:10:00,0,8867492,158805
OK,107,30,910,107,2014-04-25T02:15:00,0,8867941,158805
OK,107,30,910,107,2014-04-25T02:20:00,0,8868390,158805
OK,107,30,910,107,2014-04-25T02:25:00,0,8868839,158805
OK,107,30,910,107,2014-04-25T02:30:00,0,8869288,158805
OK,107,30,910,107,2014-04-25T02:35:00,0,8869737,158805
OK,107,30,910,107,2014-04-25T02:40:00,0,8870186,158805
OK,107,30,910,107,2014-04-25T02:45:00,0,8870635,158805
OK,107,30,910,107,2014-04-25T02:50:00,0,8871084,158805
OK,107,30,910,107,2014-04-25T02:55:00,0,8871533,158805
OK,107,30,910,107,2014-04-25T03:00:00,0,8871982,158805
OK,107,30,910,107,2014-04-25T03:05:00,0,8872431,158805
OK,107,30,910,107,2014-04-25T03:10:00,0,8872880,158805
OK,107,30,910,107,2014-04-25T03:15:00,0,8873329,158805
OK,107,30,910,107,2014-04-25T03:20:00,0,8873778,158805
OK,107,30,910,107,2014-04-25T03:25:00,0,8874227,158805
OK,107,30,910,107,2014-04-25T03:30:00,0,8874676,158805
OK,101,32,910,101,2014-04-25T03:35:00,2,8875125,158805
OK,73,45,910,73,2014-04-25T03:40:00,2,8875574,158805
OK,59,56,910,59,2014-04-25T03:45:00,3,8876023,158805
OK,50,66,910,50,2014-04-25T03:50:00,3,8876472,158805
OK,76,43,910,76,2014-04-25T03:55:00,3,8876921,158805
OK,78,42,910,78,2014-04-25T04:00:00,0,8877370,158805
OK,78,42,910,78,2014-04-25T04:05:00,0,8877819,158805
OK,39,84,910,39,2014-04-25T04:10:00,1,8878268,158805
OK,44,75,910,44,2014-04-25T04:15:00,2,8878717,158805
OK,49,67,910,49,2014-04-25T04:20:00,0,8879166,158805
OK,49,67,910,49,2014-04-25T04:25:00,0,8879615,158805
OK,49,67,910,49,2014-04-25T04:30:00,0,8880064,158805
OK,49,67,910,49,2014-04-25T04:35:00,4,8880513,158805
OK,49,67,910,49,2014-04-25T04:40:00,4,8880962,158805
OK,86,38,910,86,2014-04-25T04:45:00,1,8881411,158805
OK,86,38,910,86,2014-04-25T04:50:00,1,8881860,158805
OK,58,57,910,58,2014-04-25T04:55:00,1,8882309,158805
OK,52,63,910,52,2014-04-25T05:00:00,2,8882758,158805
OK,79,41,910,79,2014-04-25T05:05:00,3,8883207,158805
OK,93,35,910,93,2014-04-25T05:10:00,6,8883656,158805
OK,87,38,910,87,2014-04-25T05:15:00,6,8884105,158805
OK,73,45,910,73,2014-04-25T05:20:00,6,8884554,158805
OK,72,46,910,72,2014-04-25T05:25:00,8,8885003,158805
OK,79,41,910,79,2014-04-25T05:30:00,5,8885452,158805
OK,78,42,910,78,2014-04-25T05:35:00,5,8885901,158805
OK,66,50,910,66,2014-04-25T05:40:00,10,8886350,158805
OK,61,54,910,61,2014-04-25T05:45:00,11,8886799,158805
OK,68,48,910,68,2014-04-25T05:50:00,8,8887248,158805
OK,61,54,910,61,2014-04-25T05:55:00,7,8887697,158805
OK,60,55,910,60,2014-04-25T06:00:00,8,8888146,158805
OK,67,49,910,67,2014-04-25T06:05:00,8,8888595,158805
OK,69,48,910,69,2014-04-25T06:10:00,6,8889044,158805
OK,67,49,910,67,2014-04-25T06:15:00,4,8889493,158805
OK,54,61,910,54,2014-04-25T06:20:00,6,8889942,158805
OK,63,52,910,63,2014-04-25T06:25:00,8,8890391,158805
OK,87,38,910,87,2014-04-25T06:30:00,4,8890840,158805
OK,85,38,910,85,2014-04-25T06:35:00,5,8891289,158805
OK,67,49,910,67,2014-04-25T06:40:00,10,8891738,158805
OK,68,48,910,68,2014-04-25T06:45:00,9,8892187,158805
OK,64,51,910,64,2014-04-25T06:50:00,5,8892636,158805
OK,64,51,910,64,2014-04-25T06:55:00,5,8893085,158805
OK,59,56,910,59,2014-04-25T07:00:00,3,8893534,158805
OK,62,53,910,62,2014-04-25T07:05:00,3,8893983,158805
OK,84,39,910,84,2014-04-25T07:10:00,4,8894432,158805
OK,69,48,910,69,2014-04-25T07:15:00,11,8894881,158805
OK,65,50,910,65,2014-04-25T07:20:00,11,8895330,158805
OK,73,45,910,73,2014-04-25T07:25:00,6,8895779,158805
OK,68,48,910,68,2014-04-25T07:30:00,3,8896228,158805
OK,55,60,910,55,2014-04-25T07:35:00,2,8896677,158805
OK,58,57,910,58,2014-04-25T07:40:00,2,8897126,158805
OK,62,53,910,62,2014-04-25T07:45:00,5,8897575,158805
OK,62,53,910,62,2014-04-25T07:50:00,7,8898024,158805
OK,67,49,910,67,2014-04-25T07:55:00,3,8898473,158805
OK,62,53,910,62,2014-04-25T08:00:00,6,8898922,158805
OK,69,48,910,69,2014-04-25T08:05:00,10,8899371,158805
OK,71,46,910,71,2014-04-25T08:10:00,10,8899820,158805
OK,67,49,910,67,2014-04-25T08:15:00,5,8900269,158805
OK,70,47,910,70,2014-04-25T08:20:00,4,8900718,158805
OK,66,50,910,66,2014-04-25T08:25:00,6,8901167,158805
OK,72,46,910,72,2014-04-25T08:30:00,8,8901616,158805
OK,77,43,910,77,2014-04-25T08:35:00,9,8902065,158805
OK,71,46,910,71,2014-04-25T08:40:00,7,8902514,158805
OK,62,53,910,62,2014-04-25T08:45:00,3,8902963,158805
OK,67,49,910,67,2014-04-25T08:50:00,4,8903412,158805
OK,69,48,910,69,2014-04-25T08:55:00,4,8903861,158805
OK,60,55,910,60,2014-04-25T09:00:00,7,8904310,158805
OK,57,58,910,57,2014-04-25T09:05:00,7,8904759,158805
OK,58,57,910,58,2014-04-25T09:10:00,9,8905208,158805
OK,58,57,910,58,2014-04-25T09:15:00,9,8905657,158805
OK,65,50,910,65,2014-04-25T09:20:00,10,8906106,158805
OK,62,53,910,62,2014-04-25T09:25:00,11,8906555,158805
OK,74,44,910,74,2014-04-25T09:30:00,6,8907003,158805
OK,60,55,910,60,2014-04-25T09:35:00,8,8907452,158805
OK,56,59,910,56,2014-04-25T09:40:00,11,8907901,158805
OK,73,45,910,73,2014-04-25T09:45:00,13,8908350,158805
OK,66,50,910,66,2014-04-25T09:50:00,11,8908799,158805
OK,65,50,910,65,2014-04-25T09:55:00,8,8909248,158805
OK,76,43,910,76,2014-04-25T10:00:00,4,8909697,158805
OK,61,54,910,61,2014-04-25T10:05:00,3,8910146,158805
OK,68,48,910,68,2014-04-25T10:10:00,7,8910595,158805
OK,71,46,910,71,2014-04-25T10:15:00,14,8911044,158805
OK,67,49,910,67,2014-04-25T10:20:00,16,8911493,158805
OK,72,46,910,72,2014-04-25T10:25:00,11,8911942,158805
OK,67,49,910,67,2014-04-25T10:30:00,10,8912391,158805
OK,59,56,910,59,2014-04-25T10:35:00,15,8912840,158805
OK,59,56,910,59,2014-04-25T10:40:00,15,8913289,158805
OK,67,49,910,67,2014-04-25T10:45:00,20,8913738,158805
OK,67,49,910,67,2014-04-25T10:50:00,15,8914187,158805
OK,62,53,910,62,2014-04-25T10:55:00,7,8914636,158805
OK,57,58,910,57,2014-04-25T11:00:00,9,8915085,158805
OK,62,53,910,62,2014-04-25T11:05:00,13,8915534,158805
OK,59,56,910,59,2014-04-25T11:10:00,8,8915983,158805
OK,62,53,910,62,2014-04-25T11:15:00,8,8916432,158805
OK,66,50,910,66,2014-04-25T11:20:00,12,8916881,158805
OK,71,46,910,71,2014-04-25T11:25:00,10,8917330,158805
OK,57,58,910,57,2014-04-25T11:30:00,7,8917779,158805
OK,59,56,910,59,2014-04-25T11:35:00,5,8918228,158805
OK,80,41,910,80,2014-04-25T11:40:00,4,8918677,158805
OK,73,45,910,73,2014-04-25T11:45:00,8,8919126,158805
OK,75,44,910,75,2014-04-25T11:50:00,15,8919575,158805
OK,78,42,910,78,2014-04-25T11:55:00,14,8920024,158805
OK,71,46,910,71,2014-04-25T12:00:00,10,8920473,158805
OK,76,43,910,76,2014-04-25T12:05:00,7,8920922,158805
OK,82,40,910,82,2014-04-25T12:10:00,11,8921371,158805
OK,72,46,910,72,2014-04-25T12:15:00,10,8921820,158805
OK,63,52,910,63,2014-04-25T12:20:00,7,8922269,158805
OK,61,54,910,61,2014-04-25T12:25:00,8,8922718,158805
OK,61,54,910,61,2014-04-25T12:30:00,13,8923167,158805
OK,71,46,910,71,2014-04-25T12:35:00,17,8923616,158805
OK,72,46,910,72,2014-04-25T12:40:00,10,8924065,158805
OK,66,50,910,66,2014-04-25T12:45:00,9,8924514,158805
OK,68,48,910,68,2014-04-25T12:50:00,14,8924963,158805
OK,61,54,910,61,2014-04-25T12:55:00,15,8925412,158805
OK,71,46,910,71,2014-04-25T13:00:00,12,8925861,158805
OK,70,47,910,70,2014-04-25T13:05:00,16,8926310,158805
OK,69,48,910,69,2014-04-25T13:10:00,25,8926759,158805
OK,77,43,910,77,2014-04-25T13:15:00,26,8927208,158805
OK,85,38,910,85,2014-04-25T13:20:00,16,8927657,158805
OK,60,55,910,60,2014-04-25T13:25:00,9,8928106,158805
OK,65,50,910,65,2014-04-25T13:30:00,11,8928555,158805
OK,65,50,910,65,2014-04-25T13:35:00,13,8929004,158805
OK,65,50,910,65,2014-04-25T13:40:00,14,8929453,158805
OK,72,46,910,72,2014-04-25T13:45:00,15,8929902,158805
OK,74,44,910,74,2014-04-25T13:50:00,11,8930351,158805
OK,71,46,910,71,2014-04-25T13:55:00,11,8930800,158805
OK,54,61,910,54,2014-04-25T14:00:00,12,8931249,158805
OK,65,50,910,65,2014-04-25T14:05:00,16,8931698,158805
OK,73,45,910,73,2014-04-25T14:10:00,12,8932147,158805
OK,75,44,910,75,2014-04-25T14:15:00,5,8932596,158805
OK,73,45,910,73,2014-04-25T14:20:00,9,8933045,158805
OK,68,48,910,68,2014-04-25T14:25:00,9,8933494,158805
OK,59,56,910,59,2014-04-25T14:30:00,7,8933943,158805
OK,74,44,910,74,2014-04-25T14:35:00,5,8934392,158805
OK,65,50,910,65,2014-04-25T14:40:00,6,8934841,158805
OK,70,47,910,70,2014-04-25T14:45:00,9,8935290,158805
OK,72,46,910,72,2014-04-25T14:50:00,10,8935739,158805
OK,65,50,910,65,2014-04-25T14:55:00,5,8936188,158805
OK,65,50,910,65,2014-04-25T15:00:00,3,8936637,158805
OK,62,53,910,62,2014-04-25T15:05:00,2,8937086,158805
OK,60,55,910,60,2014-04-25T15:10:00,5,8937535,158805
OK,61,54,910,61,2014-04-25T15:15:00,6,8937984,158805
OK,78,42,910,78,2014-04-25T15:20:00,4,8938433,158805
OK,57,58,910,57,2014-04-25T15:25:00,5,8938882,158805
OK,57,58,910,57,2014-04-25T15:30:00,7,8939331,158805
OK,60,55,910,60,2014-04-25T15:35:00,8,8939780,158805
OK,62,53,910,62,2014-04-25T15:40:00,5,8940229,158805
OK,84,39,910,84,2014-04-25T15:45:00,5,8940678,158805
OK,75,44,910,75,2014-04-25T15:50:00,3,8941127,158805
OK,60,55,910,60,2014-04-25T15:55:00,4,8941576,158805
OK,62,53,910,62,2014-04-25T16:00:00,7,8942025,158805
OK,62,53,910,62,2014-04-25T16:05:00,5,8942474,158805
OK,72,46,910,72,2014-04-25T16:10:00,5,8942923,158805
OK,56,59,910,56,2014-04-25T16:15:00,5,8943372,158805
OK,53,62,910,53,2014-04-25T16:20:00,5,8943821,158805
OK,56,59,910,56,2014-04-25T16:25:00,5,8944270,158805
OK,53,62,910,53,2014-04-25T16:30:00,6,8944719,158805
OK,53,62,910,53,2014-04-25T16:35:00,4,8945168,158805
OK,57,58,910,57,2014-04-25T16:40:00,5,8945617,158805
OK,56,59,910,56,2014-04-25T16:45:00,7,8946066,158805
OK,53,62,910,53,2014-04-25T16:50:00,3,8946515,158805
OK,65,50,910,65,2014-04-25T16:55:00,3,8946964,158805
OK,63,52,910,63,2014-04-25T17:00:00,4,8947413,158805
OK,61,54,910,61,2014-04-25T17:05:00,5,8947862,158805
OK,56,59,910,56,2014-04-25T17:10:00,6,8948311,158805
OK,53,62,910,53,2014-04-25T17:15:00,4,8948760,158805
OK,63,52,910,63,2014-04-25T17:20:00,2,8949209,158805
OK,53,62,910,53,2014-04-25T17:25:00,0,8949658,158805
OK,73,45,910,73,2014-04-25T17:30:00,2,8950107,158805
OK,69,48,910,69,2014-04-25T17:35:00,3,8950556,158805
OK,63,52,910,63,2014-04-25T17:40:00,3,8951005,158805
OK,48,69,910,48,2014-04-25T17:45:00,3,8951454,158805
OK,64,51,910,64,2014-04-25T17:50:00,2,8951903,158805
OK,64,51,910,64,2014-04-25T17:55:00,2,8952352,158805
OK,46,72,910,46,2014-04-25T18:00:00,1,8952801,158805
OK,48,69,910,48,2014-04-25T18:05:00,2,8953250,158805
OK,57,58,910,57,2014-04-25T18:10:00,3,8953699,158805
OK,70,47,910,70,2014-04-25T18:15:00,3,8954148,158805
OK,70,47,910,70,2014-04-25T18:20:00,3,8954597,158805
OK,48,69,910,48,2014-04-25T18:25:00,2,8955046,158805
OK,48,69,910,48,2014-04-25T18:30:00,2,8955495,158805
OK,48,69,910,48,2014-04-25T18:35:00,2,8955944,158805
OK,50,66,910,50,2014-04-25T18:40:00,3,8956393,158805
OK,51,64,910,51,2014-04-25T18:45:00,3,8956842,158805
OK,52,63,910,52,2014-04-25T18:50:00,2,8957291,158805
OK,84,39,910,84,2014-04-25T18:55:00,1,8957740,158805
OK,65,50,910,65,2014-04-25T19:00:00,2,8958189,158805
OK,47,70,910,47,2014-04-25T19:05:00,0,8958638,158805
OK,52,63,910,52,2014-04-25T19:10:00,1,8959087,158805
OK,52,63,910,52,2014-04-25T19:15:00,1,8959536,158805
OK,52,63,910,52,2014-04-25T19:20:00,0,8959985,158805
OK,52,63,910,52,2014-04-25T19:25:00,0,8960434,158805
OK,52,63,910,52,2014-04-25T19:30:00,0,8960883,158805
OK,82,40,910,82,2014-04-25T19:35:00,2,8961332,158805
OK,78,42,910,78,2014-04-25T19:40:00,4,8961781,158805
OK,65,50,910,65,2014-04-25T19:45:00,2,8962230,158805
OK,52,63,910,52,2014-04-25T19:50:00,1,8962679,158805
OK,56,59,910,56,2014-04-25T19:55:00,5,8963128,158805
OK,47,70,910,47,2014-04-25T20:50:00,3,8967961,158805
OK,46,72,910,46,2014-04-25T22:00:00,0,8973941,158805
OK,46,72,910,46,2014-04-25T22:05:00,0,8974390,158805
OK,46,72,910,46,2014-04-25T22:10:00,0,8974839,158805
OK,57,58,910,57,2014-04-25T22:15:00,3,8975288,158805
OK,58,57,910,58,2014-04-25T22:20:00,4,8975737,158805
OK,61,54,910,61,2014-04-25T22:25:00,1,8976186,158805
OK,50,66,910,50,2014-04-25T23:05:00,2,8979299,158805
OK,56,59,910,56,2014-04-26T00:00:00,1,8983580,158805
OK,69,48,910,69,2014-04-26T00:05:00,2,8984029,158805
OK,69,48,910,69,2014-04-26T00:10:00,0,8984478,158805
OK,69,48,910,69,2014-04-26T00:15:00,0,8984927,158805
OK,69,48,910,69,2014-04-26T00:20:00,0,8985376,158805
OK,69,48,910,69,2014-04-26T00:25:00,0,8985825,158805
OK,69,48,910,69,2014-04-26T00:30:00,0,8986274,158805
OK,69,48,910,69,2014-04-26T00:35:00,0,8986723,158805
OK,67,49,910,67,2014-04-26T00:40:00,1,8987172,158805
OK,67,49,910,67,2014-04-26T00:45:00,1,8987621,158805
OK,67,49,910,67,2014-04-26T00:50:00,0,8988070,158805
OK,67,49,910,67,2014-04-26T00:55:00,0,8988519,158805
OK,67,49,910,67,2014-04-26T01:00:00,0,8988968,158805
OK,67,49,910,67,2014-04-26T01:05:00,0,8989417,158805
OK,67,49,910,67,2014-04-26T01:10:00,0,8989866,158805
OK,67,49,910,67,2014-04-26T01:15:00,0,8990315,158805
OK,67,49,910,67,2014-04-26T01:20:00,0,8990764,158805
OK,67,49,910,67,2014-04-26T01:25:00,0,8991213,158805
OK,67,49,910,67,2014-04-26T01:30:00,0,8991662,158805
OK,67,49,910,67,2014-04-26T01:35:00,0,8992111,158805
OK,67,49,910,67,2014-04-26T01:40:00,0,8992560,158805
OK,67,49,910,67,2014-04-26T01:45:00,0,8993009,158805
OK,67,49,910,67,2014-04-26T01:50:00,0,8993458,158805
OK,67,49,910,67,2014-04-26T01:55:00,0,8993907,158805
OK,67,49,910,67,2014-04-26T02:00:00,0,8994356,158805
OK,67,49,910,67,2014-04-26T02:05:00,0,8994805,158805
OK,67,49,910,67,2014-04-26T02:10:00,0,8995254,158805
OK,67,49,910,67,2014-04-26T02:15:00,0,8995703,158805
OK,67,49,910,67,2014-04-26T02:20:00,0,8996152,158805
OK,67,49,910,67,2014-04-26T02:25:00,0,8996601,158805
OK,67,49,910,67,2014-04-26T02:30:00,0,8997050,158805
OK,67,49,910,67,2014-04-26T02:35:00,0,8997499,158805
OK,67,49,910,67,2014-04-26T02:40:00,0,8997948,158805
OK,67,49,910,67,2014-04-26T02:45:00,0,8998397,158805
OK,67,49,910,67,2014-04-26T02:50:00,0,8998846,158805
OK,67,49,910,67,2014-04-26T02:55:00,0,8999295,158805
OK,67,49,910,67,2014-04-26T03:00:00,0,8999744,158805
OK,67,49,910,67,2014-04-26T03:05:00,0,9000193,158805
OK,67,49,910,67,2014-04-26T03:10:00,0,9000642,158805
OK,67,49,910,67,2014-04-26T03:15:00,0,9001091,158805
OK,67,49,910,67,2014-04-26T03:20:00,0,9001540,158805
OK,67,49,910,67,2014-04-26T03:25:00,0,9001989,158805
OK,67,49,910,67,2014-04-26T03:30:00,0,9002438,158805
OK,67,49,910,67,2014-04-26T03:35:00,0,9002887,158805
OK,67,49,910,67,2014-04-26T03:40:00,0,9003336,158805
OK,67,49,910,67,2014-04-26T03:45:00,0,9003785,158805
OK,67,49,910,67,2014-04-26T03:50:00,0,9004234,158805
OK,67,49,910,67,2014-04-26T03:55:00,0,9004683,158805
OK,67,49,910,67,2014-04-26T04:00:00,0,9005132,158805
OK,67,49,910,67,2014-04-26T04:05:00,0,9005581,158805
OK,67,49,910,67,2014-04-26T04:10:00,0,9006030,158805
OK,59,56,910,59,2014-04-26T04:15:00,2,9006479,158805
OK,59,56,910,59,2014-04-26T04:20:00,2,9006928,158805
OK,67,49,910,67,2014-04-26T04:25:00,0,9007377,158805
OK,67,49,910,67,2014-04-26T04:30:00,0,9007826,158805
OK,67,49,910,67,2014-04-26T04:35:00,0,9008275,158805
OK,46,72,910,46,2014-04-26T04:40:00,1,9008724,158805
OK,58,57,910,58,2014-04-26T04:45:00,2,9009173,158805
OK,70,47,910,70,2014-04-26T04:50:00,0,9009622,158805
OK,70,47,910,70,2014-04-26T04:55:00,0,9010071,158805
OK,52,63,910,52,2014-04-26T05:00:00,1,9010520,158805
OK,63,52,910,63,2014-04-26T05:05:00,2,9010969,158805
OK,75,44,910,75,2014-04-26T05:10:00,1,9011418,158805
OK,75,44,910,75,2014-04-26T05:15:00,0,9011867,158805
OK,55,60,910,55,2014-04-26T05:20:00,1,9012316,158805
OK,55,60,910,55,2014-04-26T05:25:00,1,9012765,158805
OK,87,38,910,87,2014-04-26T05:30:00,2,9013214,158805
OK,87,38,910,87,2014-04-26T05:35:00,2,9013663,158805
OK,87,38,910,87,2014-04-26T05:40:00,0,9014111,158805
OK,47,70,910,47,2014-04-26T05:45:00,2,9014560,158805
OK,41,80,910,41,2014-04-26T05:50:00,3,9015009,158805
OK,30,110,910,30,2014-04-26T05:55:00,1,9015458,158805
OK,58,57,910,58,2014-04-26T06:00:00,1,9015907,158805
OK,58,57,910,58,2014-04-26T06:05:00,1,9016356,158805
OK,58,57,910,58,2014-04-26T06:10:00,0,9016805,158805
OK,43,77,910,43,2014-04-26T06:15:00,1,9017254,158805
OK,64,51,910,64,2014-04-26T06:20:00,3,9017703,158805
OK,64,51,910,64,2014-04-26T06:25:00,2,9018152,158805
OK,64,51,910,64,2014-04-26T06:30:00,0,9018601,158805
OK,78,42,910,78,2014-04-26T06:35:00,2,9019050,158805
OK,71,46,910,71,2014-04-26T06:40:00,3,9019499,158805
OK,71,46,910,71,2014-04-26T06:45:00,1,9019948,158805
OK,49,67,910,49,2014-04-26T06:50:00,1,9020397,158805
OK,76,43,910,76,2014-04-26T06:55:00,2,9020846,158805
OK,88,37,910,88,2014-04-26T07:00:00,2,9021295,158805
OK,74,44,910,74,2014-04-26T07:05:00,1,9021744,158805
OK,49,67,910,49,2014-04-26T07:10:00,1,9022193,158805
OK,48,69,910,48,2014-04-26T07:15:00,4,9022642,158805
OK,49,67,910,49,2014-04-26T07:20:00,8,9023091,158805
OK,51,64,910,51,2014-04-26T07:25:00,5,9023540,158805
OK,46,72,910,46,2014-04-26T07:30:00,0,9023989,158805
OK,53,62,910,53,2014-04-26T07:35:00,3,9024438,158805
OK,53,62,910,53,2014-04-26T07:40:00,3,9024887,158805
OK,65,50,910,65,2014-04-26T07:45:00,4,9025336,158805
OK,65,50,910,65,2014-04-26T07:50:00,7,9025785,158805
OK,58,57,910,58,2014-04-26T07:55:00,5,9026234,158805
OK,66,50,910,66,2014-04-26T08:00:00,6,9026683,158805
OK,67,49,910,67,2014-04-26T08:05:00,4,9027132,158805
OK,55,60,910,55,2014-04-26T08:10:00,2,9027581,158805
OK,60,55,910,60,2014-04-26T08:15:00,2,9028030,158805
OK,56,59,910,56,2014-04-26T08:20:00,4,9028479,158805
OK,53,62,910,53,2014-04-26T08:25:00,4,9028928,158805
OK,52,63,910,52,2014-04-26T08:30:00,1,9029377,158805
OK,76,43,910,76,2014-04-26T08:35:00,1,9029826,158805
OK,59,56,910,59,2014-04-26T08:40:00,5,9030275,158805
OK,54,61,910,54,2014-04-26T08:45:00,6,9030724,158805
OK,52,63,910,52,2014-04-26T08:50:00,2,9031173,158805
OK,52,63,910,52,2014-04-26T08:55:00,0,9031622,158805
OK,68,48,910,68,2014-04-26T09:00:00,3,9032071,158805
OK,68,48,910,68,2014-04-26T09:05:00,3,9032520,158805
OK,58,57,910,58,2014-04-26T09:10:00,1,9032969,158805
OK,61,54,910,61,2014-04-26T09:15:00,2,9033418,158805
OK,96,34,910,96,2014-04-26T09:20:00,3,9033867,158805
OK,96,34,910,96,2014-04-26T09:25:00,3,9034316,158805
OK,57,58,910,57,2014-04-26T09:30:00,6,9034765,158805
OK,56,59,910,56,2014-04-26T09:35:00,7,9035214,158805
OK,72,46,910,72,2014-04-26T09:40:00,6,9035663,158805
OK,65,50,910,65,2014-04-26T09:45:00,3,9036112,158805
OK,59,56,910,59,2014-04-26T09:50:00,3,9036561,158805
OK,65,50,910,65,2014-04-26T09:55:00,5,9037010,158805
OK,61,54,910,61,2014-04-26T10:00:00,7,9037459,158805
OK,61,54,910,61,2014-04-26T10:05:00,3,9037908,158805
OK,60,55,910,60,2014-04-26T10:10:00,2,9038357,158805
OK,67,49,910,67,2014-04-26T10:15:00,3,9038806,158805
OK,64,51,910,64,2014-04-26T10:20:00,6,9039255,158805
OK,63,52,910,63,2014-04-26T10:25:00,7,9039704,158805
OK,56,59,910,56,2014-04-26T10:30:00,6,9040153,158805
OK,53,62,910,53,2014-04-26T10:35:00,7,9040602,158805
OK,56,59,910,56,2014-04-26T10:40:00,6,9041051,158805
OK,54,61,910,54,2014-04-26T10:45:00,9,9041500,158805
OK,55,60,910,55,2014-04-26T10:50:00,6,9041949,158805
OK,54,61,910,54,2014-04-26T10:55:00,4,9042398,158805
OK,56,59,910,56,2014-04-26T11:00:00,6,9042847,158805
OK,57,58,910,57,2014-04-26T11:05:00,7,9043296,158805
OK,58,57,910,58,2014-04-26T11:10:00,6,9043745,158805
OK,58,57,910,58,2014-04-26T11:15:00,6,9044194,158805
OK,54,61,910,54,2014-04-26T11:20:00,6,9044643,158805
OK,51,64,910,51,2014-04-26T11:25:00,3,9045092,158805
OK,51,64,910,51,2014-04-26T11:30:00,0,9045541,158805
OK,56,59,910,56,2014-04-26T11:35:00,4,9045990,158805
OK,65,50,910,65,2014-04-26T11:40:00,10,9046439,158805
OK,64,51,910,64,2014-04-26T11:45:00,7,9046888,158805
OK,67,49,910,67,2014-04-26T11:50:00,4,9047337,158805
OK,69,48,910,69,2014-04-26T11:55:00,5,9047786,158805
OK,67,49,910,67,2014-04-26T12:00:00,4,9048235,158805
OK,75,44,910,75,2014-04-26T12:05:00,4,9048684,158805
OK,61,54,910,61,2014-04-26T12:10:00,3,9049133,158805
OK,54,61,910,54,2014-04-26T12:15:00,6,9049582,158805
OK,55,60,910,55,2014-04-26T12:20:00,6,9050031,158805
OK,63,52,910,63,2014-04-26T12:25:00,3,9050480,158805
OK,62,53,910,62,2014-04-26T12:30:00,6,9050929,158805
OK,59,56,910,59,2014-04-26T12:35:00,4,9051378,158805
OK,54,61,910,54,2014-04-26T12:40:00,3,9051827,158805
OK,55,60,910,55,2014-04-26T12:45:00,4,9052276,158805
OK,55,60,910,55,2014-04-26T12:50:00,4,9052725,158805
OK,78,42,910,78,2014-04-26T12:55:00,4,9053174,158805
OK,78,42,910,78,2014-04-26T13:00:00,4,9053623,158805
OK,55,60,910,55,2014-04-26T13:05:00,3,9054072,158805
OK,59,56,910,59,2014-04-26T13:10:00,3,9054521,158805
OK,59,56,910,59,2014-04-26T13:15:00,1,9054970,158805
OK,63,52,910,63,2014-04-26T13:20:00,1,9055419,158805
OK,63,52,910,63,2014-04-26T13:25:00,1,9055868,158805
OK,59,56,910,59,2014-04-26T13:30:00,3,9056317,158805
OK,60,55,910,60,2014-04-26T13:35:00,4,9056766,158805
OK,80,41,910,80,2014-04-26T13:40:00,2,9057215,158805
OK,69,48,910,69,2014-04-26T13:45:00,1,9057664,158805
OK,65,50,910,65,2014-04-26T13:50:00,1,9058113,158805
OK,70,47,910,70,2014-04-26T13:55:00,6,9058562,158805
OK,62,53,910,62,2014-04-26T14:00:00,6,9059011,158805
OK,46,72,910,46,2014-04-26T14:05:00,1,9059460,158805
OK,72,46,910,72,2014-04-26T14:10:00,1,9059909,158805
OK,72,46,910,72,2014-04-26T14:15:00,0,9060358,158805
OK,60,55,910,60,2014-04-26T14:20:00,3,9060807,158805
OK,88,37,910,88,2014-04-26T14:25:00,2,9061256,158805
OK,88,37,910,88,2014-04-26T14:30:00,6,9061705,158805
OK,88,37,910,88,2014-04-26T14:35:00,6,9062154,158805
OK,70,47,910,70,2014-04-26T14:40:00,3,9062603,158805
OK,71,46,910,71,2014-04-26T14:45:00,6,9063052,158805
OK,62,53,910,62,2014-04-26T14:50:00,5,9063501,158805
OK,56,59,910,56,2014-04-26T14:55:00,5,9063950,158805
OK,64,51,910,64,2014-04-26T15:00:00,3,9064399,158805
OK,64,51,910,64,2014-04-26T15:05:00,3,9064848,158805
OK,62,53,910,62,2014-04-26T15:10:00,1,9065297,158805
OK,59,56,910,59,2014-04-26T15:15:00,3,9065746,158805
OK,51,64,910,51,2014-04-26T15:20:00,9,9066195,158805
OK,51,64,910,51,2014-04-26T15:25:00,7,9066644,158805
OK,86,38,910,86,2014-04-26T15:30:00,3,9067093,158805
OK,59,56,910,59,2014-04-26T15:35:00,4,9067542,158805
OK,61,54,910,61,2014-04-26T15:40:00,8,9067991,158805
OK,70,47,910,70,2014-04-26T15:45:00,8,9068440,158805
OK,60,55,910,60,2014-04-26T15:50:00,4,9068889,158805
OK,53,62,910,53,2014-04-26T15:55:00,5,9069338,158805
OK,71,46,910,71,2014-04-26T16:00:00,1,9069787,158805
OK,62,53,910,62,2014-04-26T16:05:00,4,9070236,158805
OK,54,61,910,54,2014-04-26T16:10:00,4,9070685,158805
OK,51,64,910,51,2014-04-26T16:15:00,4,9071134,158805
OK,52,63,910,52,2014-04-26T16:20:00,3,9071583,158805
OK,46,72,910,46,2014-04-26T16:25:00,1,9072032,158805
OK,50,66,910,50,2014-04-26T16:30:00,4,9072481,158805
OK,53,62,910,53,2014-04-26T16:35:00,6,9072930,158805
OK,52,63,910,52,2014-04-26T16:40:00,4,9073379,158805
OK,68,48,910,68,2014-04-26T16:45:00,2,9073828,158805
OK,62,53,910,62,2014-04-26T16:50:00,4,9074277,158805
OK,63,52,910,63,2014-04-26T16:55:00,5,9074726,158805
OK,65,50,910,65,2014-04-26T17:00:00,4,9075175,158805
OK,47,70,910,47,2014-04-26T17:05:00,2,9075624,158805
OK,45,73,910,45,2014-04-26T17:10:00,2,9076073,158805
OK,44,75,910,44,2014-04-26T17:15:00,1,9076522,158805
OK,44,75,910,44,2014-04-26T17:20:00,0,9076971,158805
OK,44,75,910,44,2014-04-26T17:25:00,0,9077420,158805
OK,44,75,910,44,2014-04-26T17:30:00,0,9077869,158805
OK,76,43,910,76,2014-04-26T17:35:00,2,9078318,158805
OK,76,43,910,76,2014-04-26T17:40:00,4,9078767,158805
OK,60,55,910,60,2014-04-26T17:45:00,3,9079216,158805
OK,43,77,910,43,2014-04-26T17:50:00,0,9079665,158805
OK,57,58,910,57,2014-04-26T17:55:00,1,9080114,158805
OK,57,58,910,57,2014-04-26T18:00:00,1,9080563,158805
OK,57,58,910,57,2014-04-26T18:05:00,0,9081012,158805
OK,56,59,910,56,2014-04-26T18:10:00,2,9081461,158805
OK,57,58,910,57,2014-04-26T18:15:00,5,9081910,158805
OK,62,53,910,62,2014-04-26T18:20:00,5,9082359,158805
OK,76,43,910,76,2014-04-26T18:25:00,4,9082808,158805
OK,70,47,910,70,2014-04-26T18:30:00,2,9083257,158805
OK,56,59,910,56,2014-04-26T18:35:00,2,9083706,158805
OK,56,59,910,56,2014-04-26T18:40:00,2,9084155,158805
OK,61,54,910,61,2014-04-26T18:45:00,0,9084604,158805
OK,62,53,910,62,2014-04-26T18:50:00,4,9085053,158805
OK,62,53,910,62,2014-04-26T18:55:00,6,9085502,158805
OK,58,57,910,58,2014-04-26T19:00:00,2,9085951,158805
OK,50,66,910,50,2014-04-26T19:05:00,2,9086400,158805
OK,56,59,910,56,2014-04-26T19:10:00,3,9086849,158805
OK,54,61,910,54,2014-04-26T19:15:00,2,9087298,158805
OK,54,61,910,54,2014-04-26T19:20:00,0,9087747,158805
OK,59,56,910,59,2014-04-26T19:25:00,2,9088196,158805
OK,61,54,910,61,2014-04-26T19:30:00,2,9088645,158805
OK,59,56,910,59,2014-04-26T19:35:00,3,9089094,158805
OK,56,59,910,56,2014-04-26T19:40:00,2,9089543,158805
OK,54,61,910,54,2014-04-26T19:45:00,0,9089992,158805
OK,64,51,910,64,2014-04-26T19:50:00,2,9090441,158805
OK,64,51,910,64,2014-04-26T19:55:00,2,9090890,158805
OK,77,43,910,77,2014-04-26T20:00:00,1,9091339,158805
OK,77,43,910,77,2014-04-26T20:05:00,1,9091788,158805
OK,77,43,910,77,2014-04-26T20:10:00,0,9092237,158805
OK,63,52,910,63,2014-04-26T20:15:00,1,9092686,158805
OK,60,55,910,60,2014-04-26T20:20:00,2,9093135,158805
OK,60,55,910,60,2014-04-26T20:25:00,2,9093584,158805
OK,62,53,910,62,2014-04-26T20:30:00,2,9094033,158805
OK,62,53,910,62,2014-04-26T20:35:00,3,9094482,158805
OK,63,52,910,63,2014-04-26T20:40:00,2,9094931,158805
OK,62,53,910,62,2014-04-26T20:45:00,0,9095380,158805
OK,62,53,910,62,2014-04-26T20:50:00,0,9095829,158805
OK,54,61,910,54,2014-04-26T20:55:00,4,9096278,158805
OK,48,69,910,48,2014-04-26T21:00:00,5,9096727,158805
OK,44,75,910,44,2014-04-26T21:05:00,2,9097176,158805
OK,49,67,910,49,2014-04-26T21:10:00,1,9097625,158805
OK,49,67,910,49,2014-04-26T21:15:00,1,9098074,158805
OK,74,44,910,74,2014-04-26T21:20:00,2,9098523,158805
OK,77,43,910,77,2014-04-26T21:25:00,4,9098972,158805
OK,57,58,910,57,2014-04-26T21:30:00,3,9099421,158805
OK,52,63,910,52,2014-04-26T21:35:00,1,9099870,158805
OK,55,60,910,55,2014-04-26T21:40:00,1,9100319,158805
OK,61,54,910,61,2014-04-26T21:45:00,2,9100768,158805
OK,67,49,910,67,2014-04-26T21:50:00,0,9101217,158805
OK,67,49,910,67,2014-04-26T21:55:00,0,9101666,158805
OK,67,49,910,67,2014-04-26T22:00:00,0,9102115,158805
OK,67,49,910,67,2014-04-26T22:05:00,0,9102564,158805
OK,67,49,910,67,2014-04-26T22:10:00,0,9103013,158805
OK,67,49,910,67,2014-04-26T22:15:00,0,9103462,158805
OK,67,49,910,67,2014-04-26T22:20:00,0,9103911,158805
OK,58,57,910,58,2014-04-26T22:25:00,1,9104360,158805
OK,58,57,910,58,2014-04-26T22:30:00,0,9104809,158805
OK,58,57,910,58,2014-04-26T22:35:00,0,9105258,158805
OK,58,57,910,58,2014-04-26T22:40:00,0,9105707,158805
OK,58,57,910,58,2014-04-26T22:45:00,0,9106156,158805
OK,60,55,910,60,2014-04-26T22:50:00,1,9106605,158805
OK,60,55,910,60,2014-04-26T22:55:00,1,9107054,158805
OK,50,66,910,50,2014-04-26T23:00:00,3,9107503,158805
OK,50,66,910,50,2014-04-26T23:05:00,3,9107952,158805
OK,47,70,910,47,2014-04-26T23:15:00,0,9108480,158805
OK,47,70,910,47,2014-04-26T23:20:00,0,9108929,158805
OK,58,57,910,58,2014-04-26T23:25:00,1,9109378,158805
OK,59,56,910,59,2014-04-26T23:30:00,4,9109827,158805
OK,55,60,910,55,2014-04-26T23:35:00,1,9110276,158805
OK,55,60,910,55,2014-04-26T23:40:00,0,9110725,158805
OK,48,69,910,48,2014-04-26T23:45:00,1,9111174,158805
OK,48,69,910,48,2014-04-26T23:50:00,0,9111623,158805
OK,64,51,910,64,2014-04-26T23:55:00,3,9112072,158805
OK,43,77,910,43,2014-04-27T00:00:00,1,9112521,158805
OK,43,77,910,43,2014-04-27T00:05:00,0,9112970,158805
OK,43,77,910,43,2014-04-27T00:10:00,0,9113419,158805
OK,62,53,910,62,2014-04-27T00:15:00,1,9113868,158805
OK,62,53,910,62,2014-04-27T00:20:00,0,9114317,158805
OK,62,53,910,62,2014-04-27T00:25:00,0,9114766,158805
OK,62,53,910,62,2014-04-27T00:30:00,0,9115215,158805
OK,62,53,910,62,2014-04-27T00:35:00,0,9115664,158805
OK,62,53,910,62,2014-04-27T00:40:00,0,9116113,158805
OK,62,53,910,62,2014-04-27T00:45:00,0,9116562,158805
OK,62,53,910,62,2014-04-27T00:50:00,0,9117011,158805
OK,62,53,910,62,2014-04-27T00:55:00,0,9117460,158805
OK,62,53,910,62,2014-04-27T01:00:00,0,9117909,158805
OK,62,53,910,62,2014-04-27T01:05:00,0,9118358,158805
OK,88,37,910,88,2014-04-27T01:10:00,1,9118807,158805
OK,70,47,910,70,2014-04-27T01:15:00,2,9119256,158805
OK,52,63,910,52,2014-04-27T01:20:00,0,9119705,158805
OK,50,66,910,50,2014-04-27T01:25:00,3,9120154,158805
OK,50,66,910,50,2014-04-27T01:30:00,3,9120603,158805
OK,77,43,910,77,2014-04-27T01:35:00,0,9121052,158805
OK,77,43,910,77,2014-04-27T01:40:00,0,9121501,158805
OK,66,50,910,66,2014-04-27T01:45:00,1,9121950,158805
OK,66,50,910,66,2014-04-27T01:50:00,0,9122399,158805
OK,66,50,910,66,2014-04-27T01:55:00,0,9122848,158805
OK,66,50,910,66,2014-04-27T02:00:00,0,9123297,158805
OK,84,39,910,84,2014-04-27T02:05:00,1,9123746,158805
OK,84,39,910,84,2014-04-27T02:10:00,1,9124195,158805
OK,84,39,910,84,2014-04-27T02:15:00,0,9124644,158805
OK,84,39,910,84,2014-04-27T02:20:00,0,9125093,158805
OK,84,39,910,84,2014-04-27T02:25:00,0,9125542,158805
OK,53,62,910,53,2014-04-27T02:30:00,1,9125991,158805
OK,53,62,910,53,2014-04-27T02:35:00,0,9126440,158805
OK,53,62,910,53,2014-04-27T02:40:00,0,9126889,158805
OK,53,62,910,53,2014-04-27T02:45:00,0,9127338,158805
OK,53,62,910,53,2014-04-27T02:50:00,0,9127787,158805
OK,53,62,910,53,2014-04-27T02:55:00,0,9128236,158805
OK,53,62,910,53,2014-04-27T03:00:00,0,9128685,158805
OK,53,62,910,53,2014-04-27T03:05:00,0,9129134,158805
OK,36,92,910,36,2014-04-27T03:10:00,1,9129583,158805
OK,45,73,910,45,2014-04-27T03:15:00,2,9130032,158805
OK,55,60,910,55,2014-04-27T03:20:00,0,9130481,158805
OK,55,60,910,55,2014-04-27T03:25:00,0,9130930,158805
OK,55,60,910,55,2014-04-27T03:30:00,0,9131379,158805
OK,55,60,910,55,2014-04-27T03:35:00,0,9131828,158805
OK,55,60,910,55,2014-04-27T03:40:00,0,9132277,158805
OK,55,60,910,55,2014-04-27T03:45:00,0,9132726,158805
OK,55,60,910,55,2014-04-27T03:50:00,0,9133175,158805
OK,55,60,910,55,2014-04-27T03:55:00,0,9133624,158805
OK,55,60,910,55,2014-04-27T04:00:00,0,9134073,158805
OK,55,60,910,55,2014-04-27T04:05:00,0,9134522,158805
OK,55,60,910,55,2014-04-27T04:10:00,0,9134971,158805
OK,55,60,910,55,2014-04-27T04:15:00,0,9135420,158805
OK,55,60,910,55,2014-04-27T04:20:00,0,9135869,158805
OK,55,60,910,55,2014-04-27T04:25:00,0,9136318,158805
OK,55,60,910,55,2014-04-27T04:30:00,0,9136767,158805
OK,70,47,910,70,2014-04-27T04:35:00,1,9137216,158805
OK,70,47,910,70,2014-04-27T04:40:00,1,9137665,158805
OK,56,59,910,56,2014-04-27T04:45:00,1,9138114,158805
OK,56,59,910,56,2014-04-27T04:50:00,0,9138563,158805
OK,56,59,910,56,2014-04-27T04:55:00,0,9139012,158805
OK,56,59,910,56,2014-04-27T05:00:00,0,9139461,158805
OK,56,59,910,56,2014-04-27T05:10:00,0,9140359,158805
OK,56,59,910,56,2014-04-27T05:15:00,0,9140808,158805
OK,56,59,910,56,2014-04-27T05:20:00,0,9141257,158805
OK,34,97,910,34,2014-04-27T05:25:00,1,9141706,158805
OK,34,97,910,34,2014-04-27T05:30:00,0,9142155,158805
OK,34,97,910,34,2014-04-27T05:35:00,0,9142604,158805
OK,34,97,910,34,2014-04-27T05:40:00,0,9143053,158805
OK,34,97,910,34,2014-04-27T05:45:00,0,9143502,158805
OK,67,49,910,67,2014-04-27T05:50:00,2,9143951,158805
OK,60,55,910,60,2014-04-27T05:55:00,3,9144400,158805
OK,54,61,910,54,2014-04-27T06:00:00,1,9144849,158805
OK,54,61,910,54,2014-04-27T06:05:00,0,9145298,158805
OK,61,54,910,61,2014-04-27T06:10:00,1,9145747,158805
OK,52,63,910,52,2014-04-27T06:15:00,2,9146196,158805
OK,44,75,910,44,2014-04-27T06:20:00,0,9146645,158805
OK,45,73,910,45,2014-04-27T06:25:00,1,9147094,158805
OK,45,73,910,45,2014-04-27T06:30:00,1,9147543,158805
OK,54,61,910,54,2014-04-27T06:35:00,2,9147992,158805
OK,54,61,910,54,2014-04-27T06:40:00,2,9148441,158805
OK,53,62,910,53,2014-04-27T06:45:00,0,9148890,158805
OK,53,62,910,53,2014-04-27T06:50:00,0,9149339,158805
OK,53,62,910,53,2014-04-27T06:55:00,0,9149788,158805
OK,53,62,910,53,2014-04-27T07:00:00,0,9150237,158805
OK,53,62,910,53,2014-04-27T07:05:00,0,9150686,158805
OK,53,62,910,53,2014-04-27T07:10:00,0,9151135,158805
OK,53,62,910,53,2014-04-27T07:15:00,0,9151584,158805
OK,53,62,910,53,2014-04-27T07:20:00,0,9152033,158805
OK,53,62,910,53,2014-04-27T07:25:00,0,9152482,158805
OK,78,42,910,78,2014-04-27T07:30:00,1,9152931,158805
OK,71,46,910,71,2014-04-27T07:35:00,2,9153380,158805
OK,55,60,910,55,2014-04-27T07:40:00,2,9153829,158805
OK,52,63,910,52,2014-04-27T07:45:00,1,9154278,158805
OK,47,70,910,47,2014-04-27T07:50:00,2,9154727,158805
OK,69,48,910,69,2014-04-27T07:55:00,5,9155176,158805
OK,63,52,910,63,2014-04-27T08:00:00,8,9155625,158805
OK,53,62,910,53,2014-04-27T08:05:00,9,9156074,158805
OK,52,63,910,52,2014-04-27T08:10:00,4,9156523,158805
OK,62,53,910,62,2014-04-27T08:15:00,2,9156972,158805
OK,65,50,910,65,2014-04-27T08:20:00,6,9157421,158805
OK,70,47,910,70,2014-04-27T08:25:00,8,9157870,158805
OK,62,53,910,62,2014-04-27T08:30:00,10,9158319,158805
OK,55,60,910,55,2014-04-27T08:35:00,2,9158768,158805
OK,53,62,910,53,2014-04-27T08:40:00,1,9159217,158805
OK,65,50,910,65,2014-04-27T08:45:00,4,9159666,158805
OK,52,63,910,52,2014-04-27T08:50:00,5,9160115,158805
OK,59,56,910,59,2014-04-27T08:55:00,2,9160564,158805
OK,70,47,910,70,2014-04-27T09:00:00,1,9161013,158805
OK,75,44,910,75,2014-04-27T09:05:00,7,9161462,158805
OK,68,48,910,68,2014-04-27T09:10:00,8,9161911,158805
OK,56,59,910,56,2014-04-27T09:15:00,3,9162360,158805
OK,50,66,910,50,2014-04-27T09:20:00,3,9162809,158805
OK,93,35,910,93,2014-04-27T09:25:00,4,9163258,158805
OK,78,42,910,78,2014-04-27T09:30:00,6,9163707,158805
OK,61,54,910,61,2014-04-27T09:35:00,4,9164156,158805
OK,72,46,910,72,2014-04-27T09:40:00,4,9164605,158805
OK,72,46,910,72,2014-04-27T09:45:00,3,9165054,158805
OK,69,48,910,69,2014-04-27T09:50:00,0,9165503,158805
OK,55,60,910,55,2014-04-27T09:55:00,2,9165952,158805
OK,60,55,910,60,2014-04-27T10:00:00,5,9166401,158805
OK,66,50,910,66,2014-04-27T10:05:00,4,9166850,158805
OK,78,42,910,78,2014-04-27T10:10:00,2,9167299,158805
OK,65,50,910,65,2014-04-27T10:15:00,4,9167748,158805
OK,63,52,910,63,2014-04-27T10:20:00,10,9168197,158805
OK,62,53,910,62,2014-04-27T10:25:00,7,9168646,158805
OK,50,66,910,50,2014-04-27T10:30:00,2,9169095,158805
OK,57,58,910,57,2014-04-27T10:35:00,12,9169544,158805
OK,58,57,910,58,2014-04-27T10:40:00,11,9169993,158805
OK,56,59,910,56,2014-04-27T10:45:00,2,9170442,158805
OK,50,66,910,50,2014-04-27T10:50:00,1,9170891,158805
OK,67,49,910,67,2014-04-27T10:55:00,5,9171340,158805
OK,68,48,910,68,2014-04-27T11:00:00,3,9171789,158805
OK,65,50,910,65,2014-04-27T11:05:00,3,9172238,158805
OK,65,50,910,65,2014-04-27T11:10:00,1,9172687,158805
OK,61,54,910,61,2014-04-27T11:15:00,3,9173136,158805
OK,61,54,910,61,2014-04-27T11:20:00,3,9173585,158805
OK,60,55,910,60,2014-04-27T11:25:00,1,9174034,158805
OK,57,58,910,57,2014-04-27T11:30:00,1,9174483,158805
OK,46,72,910,46,2014-04-27T11:35:00,1,9174932,158805
OK,56,59,910,56,2014-04-27T11:40:00,6,9175381,158805
OK,72,46,910,72,2014-04-27T11:45:00,7,9175830,158805
OK,72,46,910,72,2014-04-27T11:50:00,5,9176279,158805
OK,68,48,910,68,2014-04-27T11:55:00,3,9176728,158805
OK,70,47,910,70,2014-04-27T12:00:00,4,9177177,158805
OK,70,47,910,70,2014-04-27T12:05:00,4,9177626,158805
OK,69,48,910,69,2014-04-27T12:10:00,3,9178075,158805
OK,60,55,910,60,2014-04-27T12:15:00,2,9178524,158805
OK,59,56,910,59,2014-04-27T12:20:00,1,9178973,158805
OK,80,41,910,80,2014-04-27T12:25:00,3,9179422,158805
OK,81,40,910,81,2014-04-27T12:30:00,8,9179871,158805
OK,59,56,910,59,2014-04-27T12:35:00,7,9180320,158805
OK,57,58,910,57,2014-04-27T12:40:00,5,9180769,158805
OK,59,56,910,59,2014-04-27T12:45:00,4,9181218,158805
OK,59,56,910,59,2014-04-27T12:50:00,4,9181667,158805
OK,80,41,910,80,2014-04-27T12:55:00,4,9182116,158805
OK,91,36,910,91,2014-04-27T13:00:00,5,9182565,158805
OK,77,43,910,77,2014-04-27T13:05:00,2,9183014,158805
OK,60,55,910,60,2014-04-27T13:10:00,1,9183463,158805
OK,60,55,910,60,2014-04-27T13:15:00,0,9183912,158805
OK,81,40,910,81,2014-04-27T13:20:00,1,9184361,158805
OK,74,44,910,74,2014-04-27T13:25:00,3,9184810,158805
OK,55,60,910,55,2014-04-27T13:30:00,5,9185259,158805
OK,54,61,910,54,2014-04-27T13:35:00,4,9185708,158805
OK,57,58,910,57,2014-04-27T13:40:00,3,9186157,158805
OK,62,53,910,62,2014-04-27T13:45:00,4,9186606,158805
OK,54,61,910,54,2014-04-27T13:50:00,3,9187055,158805
OK,63,52,910,63,2014-04-27T13:55:00,3,9187504,158805
OK,66,50,910,66,2014-04-27T14:00:00,4,9187953,158805
OK,60,55,910,60,2014-04-27T14:05:00,3,9188402,158805
OK,50,66,910,50,2014-04-27T14:10:00,2,9188851,158805
OK,65,50,910,65,2014-04-27T14:15:00,2,9189300,158805
OK,59,56,910,59,2014-04-27T14:20:00,2,9189749,158805
OK,37,89,910,37,2014-04-27T14:25:00,1,9190198,158805
OK,54,61,910,54,2014-04-27T14:30:00,1,9190647,158805
OK,72,46,910,72,2014-04-27T14:35:00,4,9191096,158805
OK,72,46,910,72,2014-04-27T14:40:00,5,9191545,158805
OK,41,80,910,41,2014-04-27T14:45:00,3,9191994,158805
OK,63,52,910,63,2014-04-27T14:50:00,2,9192443,158805
OK,63,52,910,63,2014-04-27T14:55:00,5,9192892,158805
OK,63,52,910,63,2014-04-27T15:00:00,4,9193341,158805
OK,86,38,910,86,2014-04-27T15:05:00,1,9193790,158805
OK,86,38,910,86,2014-04-27T15:10:00,0,9194239,158805
OK,86,38,910,86,2014-04-27T15:15:00,0,9194688,158805
OK,86,38,910,86,2014-04-27T15:20:00,0,9195137,158805
OK,61,54,910,61,2014-04-27T15:25:00,4,9195586,158805
OK,60,55,910,60,2014-04-27T15:30:00,5,9196035,158805
OK,59,56,910,59,2014-04-27T15:35:00,1,9196484,158805
OK,40,82,910,40,2014-04-27T15:40:00,3,9196933,158805
OK,59,56,910,59,2014-04-27T15:45:00,5,9197382,158805
OK,79,41,910,79,2014-04-27T15:50:00,4,9197831,158805
OK,60,55,910,60,2014-04-27T15:55:00,2,9198280,158805
OK,57,58,910,57,2014-04-27T16:00:00,2,9198729,158805
OK,78,42,910,78,2014-04-27T16:05:00,4,9199178,158805
OK,91,36,910,91,2014-04-27T16:10:00,3,9199627,158805
OK,92,36,910,92,2014-04-27T16:15:00,0,9200076,158805
OK,55,60,910,55,2014-04-27T16:20:00,3,9200525,158805
OK,63,52,910,63,2014-04-27T16:25:00,6,9200974,158805
OK,65,50,910,65,2014-04-27T16:30:00,3,9201423,158805
OK,64,51,910,64,2014-04-27T16:35:00,1,9201872,158805
OK,54,61,910,54,2014-04-27T16:40:00,2,9202321,158805
OK,44,75,910,44,2014-04-27T16:45:00,0,9202770,158805
OK,58,57,910,58,2014-04-27T16:50:00,2,9203219,158805
OK,58,57,910,58,2014-04-27T16:55:00,2,9203668,158805
OK,75,44,910,75,2014-04-27T17:00:00,0,9204117,158805
OK,75,44,910,75,2014-04-27T17:05:00,0,9204566,158805
OK,75,44,910,75,2014-04-27T17:10:00,0,9205015,158805
OK,69,48,910,69,2014-04-27T17:15:00,2,9205464,158805
OK,69,48,910,69,2014-04-27T17:20:00,2,9205913,158805
OK,55,60,910,55,2014-04-27T17:25:00,0,9206362,158805
OK,65,50,910,65,2014-04-27T17:30:00,2,9206811,158805
OK,52,63,910,52,2014-04-27T17:35:00,1,9207260,158805
OK,50,66,910,50,2014-04-27T17:40:00,1,9207709,158805
OK,77,43,910,77,2014-04-27T17:45:00,3,9208158,158805
OK,77,43,910,77,2014-04-27T17:50:00,3,9208607,158805
OK,69,48,910,69,2014-04-27T17:55:00,1,9209056,158805
OK,69,48,910,69,2014-04-27T18:00:00,0,9209505,158805
OK,59,56,910,59,2014-04-27T18:05:00,2,9209954,158805
OK,59,56,910,59,2014-04-27T18:10:00,2,9210403,158805
OK,62,53,910,62,2014-04-27T18:15:00,1,9210852,158805
OK,71,46,910,71,2014-04-27T18:20:00,4,9211301,158805
OK,71,46,910,71,2014-04-27T18:25:00,5,9211750,158805
OK,65,50,910,65,2014-04-27T18:30:00,3,9212199,158805
OK,81,40,910,81,2014-04-27T18:35:00,3,9212648,158805
OK,63,52,910,63,2014-04-27T18:40:00,2,9213097,158805
OK,49,67,910,49,2014-04-27T18:45:00,1,9213546,158805
OK,51,64,910,51,2014-04-27T18:50:00,2,9213995,158805
OK,53,62,910,53,2014-04-27T18:55:00,1,9214444,158805
OK,53,62,910,53,2014-04-27T19:00:00,0,9214893,158805
OK,83,39,910,83,2014-04-27T19:05:00,3,9215342,158805
OK,85,38,910,85,2014-04-27T19:10:00,2,9215791,158805
OK,85,38,910,85,2014-04-27T19:15:00,0,9216240,158805
OK,85,38,910,85,2014-04-27T19:20:00,0,9216689,158805
OK,59,56,910,59,2014-04-27T19:25:00,2,9217138,158805
OK,69,48,910,69,2014-04-27T19:30:00,1,9217587,158805
OK,69,48,910,69,2014-04-27T19:35:00,0,9218036,158805
OK,69,48,910,69,2014-04-27T19:40:00,0,9218485,158805
OK,69,48,910,69,2014-04-27T19:45:00,0,9218934,158805
OK,66,50,910,66,2014-04-27T19:50:00,2,9219383,158805
OK,72,46,910,72,2014-04-27T19:55:00,3,9219832,158805
OK,76,43,910,76,2014-04-27T20:00:00,0,9220281,158805
OK,53,62,910,53,2014-04-27T20:05:00,1,9220730,158805
OK,53,62,910,53,2014-04-27T20:10:00,1,9221179,158805
OK,53,62,910,53,2014-04-27T20:15:00,0,9221628,158805
OK,49,67,910,49,2014-04-27T20:20:00,3,9222077,158805
OK,56,59,910,56,2014-04-27T20:25:00,4,9222526,158805
OK,63,52,910,63,2014-04-27T20:30:00,1,9222975,158805
OK,63,52,910,63,2014-04-27T20:35:00,0,9223424,158805
OK,63,52,910,63,2014-04-27T20:40:00,0,9223873,158805
OK,63,52,910,63,2014-04-27T20:45:00,0,9224322,158805
OK,58,57,910,58,2014-04-27T20:50:00,2,9224771,158805
OK,58,57,910,58,2014-04-27T20:55:00,2,9225220,158805
OK,62,53,910,62,2014-04-27T21:00:00,0,9225669,158805
OK,62,53,910,62,2014-04-27T21:05:00,0,9226118,158805
OK,78,42,910,78,2014-04-27T21:10:00,1,9226567,158805
OK,78,42,910,78,2014-04-27T21:15:00,1,9227016,158805
OK,66,50,910,66,2014-04-27T21:20:00,1,9227465,158805
OK,66,50,910,66,2014-04-27T21:25:00,3,9227914,158805
OK,64,51,910,64,2014-04-27T21:30:00,2,9228363,158805
OK,64,51,910,64,2014-04-27T21:35:00,0,9228812,158805
OK,64,51,910,64,2014-04-27T21:40:00,0,9229261,158805
OK,64,51,910,64,2014-04-27T21:45:00,0,9229710,158805
OK,54,61,910,54,2014-04-27T21:50:00,1,9230159,158805
OK,54,61,910,54,2014-04-27T21:55:00,1,9230608,158805
OK,54,61,910,54,2014-04-27T22:00:00,0,9231057,158805
OK,54,61,910,54,2014-04-27T22:05:00,0,9231506,158805
OK,54,61,910,54,2014-04-27T22:10:00,0,9231955,158805
OK,54,61,910,54,2014-04-27T22:15:00,0,9232404,158805
OK,52,63,910,52,2014-04-27T22:20:00,2,9232853,158805
OK,57,58,910,57,2014-04-27T22:25:00,3,9233302,158805
OK,57,58,910,57,2014-04-27T22:30:00,0,9233751,158805
OK,57,58,910,57,2014-04-27T22:35:00,0,9234200,158805
OK,57,58,910,57,2014-04-27T22:40:00,0,9234649,158805
OK,57,58,910,57,2014-04-27T22:45:00,0,9235098,158805
OK,57,58,910,57,2014-04-27T22:50:00,0,9235547,158805
OK,57,58,910,57,2014-04-27T22:55:00,0,9235996,158805
OK,57,58,910,57,2014-04-27T23:00:00,0,9236445,158805
OK,57,58,910,57,2014-04-27T23:05:00,0,9236894,158805
OK,57,58,910,57,2014-04-27T23:10:00,0,9237343,158805
OK,57,58,910,57,2014-04-27T23:15:00,0,9237792,158805
OK,57,58,910,57,2014-04-27T23:20:00,0,9238241,158805
OK,51,64,910,51,2014-04-27T23:25:00,1,9238690,158805
OK,46,72,910,46,2014-04-27T23:30:00,2,9239139,158805
OK,46,72,910,46,2014-04-27T23:35:00,0,9239588,158805
OK,46,72,910,46,2014-04-27T23:40:00,0,9240037,158805
OK,46,72,910,46,2014-04-27T23:45:00,0,9240486,158805
OK,46,72,910,46,2014-04-27T23:50:00,0,9240935,158805
OK,46,72,910,46,2014-04-27T23:55:00,0,9241384,158805
OK,46,72,910,46,2014-04-28T00:00:00,0,9241833,158805
OK,46,72,910,46,2014-04-28T00:05:00,0,9242282,158805
OK,46,72,910,46,2014-04-28T00:15:00,0,9243180,158805
OK,46,72,910,46,2014-04-28T00:20:00,0,9243629,158805
OK,46,72,910,46,2014-04-28T00:25:00,0,9244078,158805
OK,46,72,910,46,2014-04-28T00:30:00,0,9244527,158805
OK,46,72,910,46,2014-04-28T00:35:00,0,9244976,158805
OK,46,72,910,46,2014-04-28T00:40:00,0,9245425,158805
OK,46,72,910,46,2014-04-28T00:45:00,0,9245874,158805
OK,46,72,910,46,2014-04-28T00:50:00,0,9246323,158805
OK,46,72,910,46,2014-04-28T00:55:00,0,9246772,158805
OK,46,72,910,46,2014-04-28T01:00:00,0,9247221,158805
OK,46,72,910,46,2014-04-28T01:05:00,0,9247670,158805
OK,46,72,910,46,2014-04-28T01:10:00,0,9248119,158805
OK,46,72,910,46,2014-04-28T01:15:00,0,9248568,158805
OK,46,72,910,46,2014-04-28T01:20:00,0,9249017,158805
OK,46,72,910,46,2014-04-28T01:25:00,0,9249466,158805
OK,46,72,910,46,2014-04-28T01:30:00,0,9249915,158805
OK,46,72,910,46,2014-04-28T01:35:00,0,9250364,158805
OK,46,72,910,46,2014-04-28T01:40:00,0,9250813,158805
OK,46,72,910,46,2014-04-28T01:45:00,0,9251262,158805
OK,46,72,910,46,2014-04-28T01:50:00,0,9251711,158805
OK,46,72,910,46,2014-04-28T01:55:00,0,9252160,158805
OK,46,72,910,46,2014-04-28T02:00:00,0,9252609,158805
OK,46,72,910,46,2014-04-28T02:05:00,0,9253058,158805
OK,46,72,910,46,2014-04-28T02:10:00,0,9253507,158805
OK,49,67,910,49,2014-04-28T02:15:00,0,9253956,158805
OK,49,67,910,49,2014-04-28T02:20:00,0,9254405,158805
OK,49,67,910,49,2014-04-28T02:25:00,0,9254854,158805
OK,49,67,910,49,2014-04-28T02:30:00,0,9255303,158805
OK,49,67,910,49,2014-04-28T02:35:00,0,9255752,158805
OK,49,67,910,49,2014-04-28T02:40:00,0,9256201,158805
OK,49,67,910,49,2014-04-28T02:45:00,0,9256650,158805
OK,49,67,910,49,2014-04-28T02:50:00,0,9257099,158805
OK,49,67,910,49,2014-04-28T02:55:00,0,9257548,158805
OK,49,67,910,49,2014-04-28T03:00:00,0,9257997,158805
OK,49,67,910,49,2014-04-28T03:05:00,0,9258446,158805
OK,49,67,910,49,2014-04-28T03:10:00,0,9258895,158805
OK,49,67,910,49,2014-04-28T03:15:00,0,9259344,158805
OK,49,67,910,49,2014-04-28T03:20:00,0,9259793,158805
OK,49,67,910,49,2014-04-28T03:25:00,0,9260242,158805
OK,49,67,910,49,2014-04-28T03:30:00,0,9260691,158805
OK,49,67,910,49,2014-04-28T03:35:00,1,9261140,158805
OK,49,67,910,49,2014-04-28T03:40:00,2,9261589,158805
OK,50,66,910,50,2014-04-28T03:45:00,2,9262038,158805
OK,51,64,910,51,2014-04-28T03:50:00,1,9262487,158805
OK,71,46,910,71,2014-04-28T03:55:00,2,9262936,158805
OK,71,46,910,71,2014-04-28T04:00:00,2,9263385,158805
OK,86,38,910,86,2014-04-28T04:05:00,0,9263834,158805
OK,80,41,910,80,2014-04-28T04:10:00,3,9264283,158805
OK,81,40,910,81,2014-04-28T04:15:00,4,9264732,158805
OK,82,40,910,82,2014-04-28T04:20:00,0,9265181,158805
OK,56,59,910,56,2014-04-28T04:25:00,2,9265630,158805
OK,59,56,910,59,2014-04-28T04:30:00,4,9266079,158805
OK,60,55,910,60,2014-04-28T04:35:00,3,9266528,158805
OK,59,56,910,59,2014-04-28T04:40:00,3,9266977,158805
OK,53,62,910,53,2014-04-28T04:45:00,5,9267426,158805
OK,55,60,910,55,2014-04-28T04:50:00,6,9267875,158805
OK,67,49,910,67,2014-04-28T04:55:00,4,9268324,158805
OK,67,49,910,67,2014-04-28T05:00:00,5,9268773,158805
OK,62,53,910,62,2014-04-28T05:05:00,2,9269222,158805
OK,84,39,910,84,2014-04-28T05:10:00,3,9269671,158805
OK,67,49,910,67,2014-04-28T05:15:00,4,9270120,158805
OK,51,64,910,51,2014-04-28T05:20:00,7,9270569,158805
OK,60,55,910,60,2014-04-28T05:25:00,7,9271018,158805
OK,58,57,910,58,2014-04-28T05:30:00,6,9271467,158805
OK,71,46,910,71,2014-04-28T05:35:00,6,9271916,158805
OK,71,46,910,71,2014-04-28T05:40:00,8,9272365,158805
OK,59,56,910,59,2014-04-28T05:45:00,11,9272814,158805
OK,63,52,910,63,2014-04-28T05:50:00,10,9273263,158805
OK,64,51,910,64,2014-04-28T05:55:00,6,9273712,158805
OK,65,50,910,65,2014-04-28T06:00:00,5,9274161,158805
OK,65,50,910,65,2014-04-28T06:05:00,11,9274610,158805
OK,67,49,910,67,2014-04-28T06:10:00,9,9275059,158805
OK,70,47,910,70,2014-04-28T06:15:00,6,9275508,158805
OK,68,48,910,68,2014-04-28T06:20:00,7,9275957,158805
OK,78,42,910,78,2014-04-28T06:25:00,8,9276406,158805
OK,78,42,910,78,2014-04-28T06:30:00,7,9276855,158805
OK,59,56,910,59,2014-04-28T06:35:00,2,9277304,158805
OK,100,33,910,100,2014-04-28T06:40:00,1,9277753,158805
OK,61,54,910,61,2014-04-28T06:45:00,10,9278202,158805
OK,64,51,910,64,2014-04-28T06:50:00,12,9278651,158805
OK,70,47,910,70,2014-04-28T06:55:00,7,9279100,158805
OK,59,56,910,59,2014-04-28T07:00:00,5,9279549,158805
OK,59,56,910,59,2014-04-28T07:05:00,9,9279998,158805
OK,63,52,910,63,2014-04-28T07:10:00,12,9280447,158805
OK,83,39,910,83,2014-04-28T07:15:00,8,9280896,158805
OK,76,43,910,76,2014-04-28T07:20:00,5,9281345,158805
OK,66,50,910,66,2014-04-28T07:25:00,6,9281794,158805
OK,71,46,910,71,2014-04-28T07:30:00,15,9282243,158805
OK,72,46,910,72,2014-04-28T07:35:00,15,9282692,158805
OK,59,56,910,59,2014-04-28T07:40:00,8,9283141,158805
OK,57,58,910,57,2014-04-28T07:45:00,7,9283590,158805
OK,76,43,910,76,2014-04-28T07:50:00,4,9284039,158805
OK,69,48,910,69,2014-04-28T07:55:00,9,9284488,158805
OK,67,49,910,67,2014-04-28T08:00:00,8,9284937,158805
OK,53,62,910,53,2014-04-28T08:05:00,5,9285386,158805
OK,55,60,910,55,2014-04-28T08:10:00,6,9285835,158805
OK,68,48,910,68,2014-04-28T08:15:00,6,9286284,158805
OK,64,51,910,64,2014-04-28T08:20:00,10,9286733,158805
OK,59,56,910,59,2014-04-28T08:25:00,12,9287182,158805
OK,65,50,910,65,2014-04-28T08:30:00,10,9287631,158805
OK,70,47,910,70,2014-04-28T08:35:00,5,9288080,158805
OK,64,51,910,64,2014-04-28T08:40:00,6,9288529,158805
OK,61,54,910,61,2014-04-28T08:45:00,4,9288978,158805
OK,62,53,910,62,2014-04-28T08:50:00,6,9289427,158805
OK,63,52,910,63,2014-04-28T08:55:00,11,9289876,158805
OK,63,52,910,63,2014-04-28T09:00:00,7,9290325,158805
OK,80,41,910,80,2014-04-28T09:05:00,9,9290774,158805
OK,72,46,910,72,2014-04-28T09:10:00,12,9291223,158805
OK,65,50,910,65,2014-04-28T09:15:00,8,9291672,158805
OK,71,46,910,71,2014-04-28T09:20:00,8,9292121,158805
OK,76,43,910,76,2014-04-28T09:25:00,11,9292570,158805
OK,69,48,910,69,2014-04-28T09:30:00,11,9293019,158805
OK,60,55,910,60,2014-04-28T09:35:00,11,9293468,158805
OK,62,53,910,62,2014-04-28T09:40:00,8,9293917,158805
OK,64,51,910,64,2014-04-28T09:45:00,7,9294366,158805
OK,64,51,910,64,2014-04-28T09:50:00,6,9294815,158805
OK,66,50,910,66,2014-04-28T09:55:00,6,9295264,158805
OK,68,48,910,68,2014-04-28T10:00:00,7,9295713,158805
OK,70,47,910,70,2014-04-28T10:05:00,11,9296162,158805
OK,68,48,910,68,2014-04-28T10:10:00,9,9296611,158805
OK,57,58,910,57,2014-04-28T10:15:00,6,9297060,158805
OK,73,45,910,73,2014-04-28T10:20:00,10,9297509,158805
OK,77,43,910,77,2014-04-28T10:25:00,10,9297958,158805
OK,70,47,910,70,2014-04-28T10:30:00,8,9298407,158805
OK,88,37,910,88,2014-04-28T10:35:00,7,9298856,158805
OK,66,50,910,66,2014-04-28T10:40:00,5,9299305,158805
OK,64,51,910,64,2014-04-28T10:45:00,12,9299754,158805
OK,66,50,910,66,2014-04-28T10:50:00,9,9300203,158805
OK,70,47,910,70,2014-04-28T10:55:00,2,9300652,158805
OK,62,53,910,62,2014-04-28T11:00:00,5,9301101,158805
OK,60,55,910,60,2014-04-28T11:05:00,7,9301550,158805
OK,59,56,910,59,2014-04-28T11:10:00,4,9301999,158805
OK,59,56,910,59,2014-04-28T11:15:00,3,9302448,158805
OK,71,46,910,71,2014-04-28T11:20:00,2,9302897,158805
OK,63,52,910,63,2014-04-28T11:25:00,10,9303346,158805
OK,62,53,910,62,2014-04-28T11:30:00,10,9303795,158805
OK,63,52,910,63,2014-04-28T11:35:00,6,9304244,158805
OK,65,50,910,65,2014-04-28T11:40:00,7,9304693,158805
OK,66,50,910,66,2014-04-28T11:45:00,12,9305142,158805
OK,72,46,910,72,2014-04-28T11:50:00,11,9305591,158805
OK,60,55,910,60,2014-04-28T11:55:00,13,9306040,158805
OK,76,43,910,76,2014-04-28T12:00:00,18,9306489,158805
OK,66,50,910,66,2014-04-28T12:05:00,14,9306938,158805
OK,61,54,910,61,2014-04-28T12:10:00,18,9307387,158805
OK,74,44,910,74,2014-04-28T12:15:00,20,9307836,158805
OK,77,43,910,77,2014-04-28T12:20:00,19,9308285,158805
OK,69,48,910,69,2014-04-28T12:25:00,17,9308734,158805
OK,73,45,910,73,2014-04-28T12:30:00,7,9309183,158805
OK,72,46,910,72,2014-04-28T12:35:00,8,9309632,158805
OK,72,46,910,72,2014-04-28T12:40:00,15,9310081,158805
OK,83,39,910,83,2014-04-28T12:45:00,15,9310530,158805
OK,81,40,910,81,2014-04-28T12:50:00,20,9310979,158805
OK,77,43,910,77,2014-04-28T12:55:00,17,9311428,158805
OK,73,45,910,73,2014-04-28T13:00:00,10,9311877,158805
OK,81,40,910,81,2014-04-28T13:05:00,18,9312326,158805
OK,75,44,910,75,2014-04-28T13:10:00,21,9312775,158805
OK,74,44,910,74,2014-04-28T13:15:00,19,9313224,158805
OK,74,44,910,74,2014-04-28T13:20:00,15,9313673,158805
OK,72,46,910,72,2014-04-28T13:25:00,16,9314122,158805
OK,72,46,910,72,2014-04-28T13:30:00,16,9314571,158805
OK,66,50,910,66,2014-04-28T13:35:00,12,9315020,158805
OK,71,46,910,71,2014-04-28T13:40:00,17,9315469,158805
OK,90,36,910,90,2014-04-28T13:45:00,24,9315918,158805
OK,92,36,910,92,2014-04-28T13:50:00,31,9316367,158805
OK,92,36,910,92,2014-04-28T13:55:00,25,9316816,158805
OK,85,38,910,85,2014-04-28T14:00:00,16,9317265,158805
OK,79,41,910,79,2014-04-28T14:05:00,13,9317714,158805
OK,80,41,910,80,2014-04-28T14:10:00,16,9318163,158805
OK,76,43,910,76,2014-04-28T14:15:00,19,9318612,158805
OK,69,48,910,69,2014-04-28T14:20:00,16,9319061,158805
OK,70,47,910,70,2014-04-28T14:25:00,7,9319510,158805
OK,73,45,910,73,2014-04-28T14:30:00,10,9319959,158805
OK,65,50,910,65,2014-04-28T14:35:00,12,9320408,158805
OK,63,52,910,63,2014-04-28T14:40:00,10,9320857,158805
OK,70,47,910,70,2014-04-28T14:45:00,14,9321306,158805
OK,81,40,910,81,2014-04-28T14:50:00,10,9321755,158805
OK,77,43,910,77,2014-04-28T14:55:00,6,9322204,158805
OK,65,50,910,65,2014-04-28T15:00:00,7,9322653,158805
OK,65,50,910,65,2014-04-28T15:05:00,7,9323102,158805
OK,66,50,910,66,2014-04-28T15:10:00,8,9323551,158805
OK,68,48,910,68,2014-04-28T15:15:00,10,9324000,158805
OK,59,56,910,59,2014-04-28T15:20:00,12,9324449,158805
OK,58,57,910,58,2014-04-28T15:25:00,10,9324898,158805
OK,74,44,910,74,2014-04-28T15:30:00,6,9325347,158805
OK,52,63,910,52,2014-04-28T15:35:00,7,9325796,158805
OK,52,63,910,52,2014-04-28T15:40:00,3,9326245,158805
OK,64,51,910,64,2014-04-28T15:45:00,4,9326694,158805
OK,61,54,910,61,2014-04-28T15:50:00,3,9327143,158805
OK,72,46,910,72,2014-04-28T15:55:00,4,9327592,158805
OK,79,41,910,79,2014-04-28T16:00:00,3,9328041,158805
OK,54,61,910,54,2014-04-28T16:05:00,6,9328490,158805
OK,61,54,910,61,2014-04-28T16:10:00,4,9328939,158805
OK,55,60,910,55,2014-04-28T16:15:00,2,9329388,158805
OK,50,66,910,50,2014-04-28T16:20:00,3,9329837,158805
OK,74,44,910,74,2014-04-28T16:25:00,2,9330286,158805
OK,52,63,910,52,2014-04-28T16:30:00,5,9330735,158805
OK,58,57,910,58,2014-04-28T16:35:00,5,9331184,158805
OK,55,60,910,55,2014-04-28T16:40:00,4,9331633,158805
OK,59,56,910,59,2014-04-28T16:45:00,6,9332082,158805
OK,66,50,910,66,2014-04-28T16:50:00,7,9332531,158805
OK,66,50,910,66,2014-04-28T16:55:00,5,9332980,158805
OK,101,32,910,101,2014-04-28T17:00:00,1,9333429,158805
OK,51,64,910,51,2014-04-28T17:05:00,1,9333878,158805
OK,48,69,910,48,2014-04-28T17:10:00,2,9334327,158805
OK,47,70,910,47,2014-04-28T17:15:00,2,9334776,158805
OK,59,56,910,59,2014-04-28T17:20:00,2,9335225,158805
OK,57,58,910,57,2014-04-28T17:25:00,6,9335674,158805
OK,67,49,910,67,2014-04-28T17:30:00,2,9336123,158805
OK,77,43,910,77,2014-04-28T17:35:00,1,9336572,158805
OK,68,48,910,68,2014-04-28T17:40:00,3,9337021,158805
OK,68,48,910,68,2014-04-28T17:45:00,5,9337470,158805
OK,68,48,910,68,2014-04-28T17:50:00,3,9337919,158805
OK,51,64,910,51,2014-04-28T17:55:00,3,9338368,158805
OK,105,31,910,105,2014-04-28T18:00:00,2,9338817,158805
OK,101,32,910,101,2014-04-28T18:05:00,2,9339266,158805
OK,60,55,910,60,2014-04-28T18:10:00,3,9339715,158805
OK,61,54,910,61,2014-04-28T18:15:00,4,9340164,158805
OK,61,54,910,61,2014-04-28T18:20:00,0,9340613,158805
OK,45,73,910,45,2014-04-28T18:25:00,1,9341062,158805
OK,62,53,910,62,2014-04-28T18:30:00,2,9341511,158805
OK,59,56,910,59,2014-04-28T18:35:00,2,9341960,158805
OK,57,58,910,57,2014-04-28T18:40:00,2,9342409,158805
OK,49,67,910,49,2014-04-28T18:45:00,4,9342858,158805
OK,56,59,910,56,2014-04-28T18:50:00,4,9343307,158805
OK,65,50,910,65,2014-04-28T18:55:00,3,9343756,158805
OK,61,54,910,61,2014-04-28T19:00:00,4,9344205,158805
OK,59,56,910,59,2014-04-28T19:05:00,2,9344654,158805
OK,53,62,910,53,2014-04-28T19:10:00,2,9345103,158805
OK,63,52,910,63,2014-04-28T19:15:00,4,9345552,158805
OK,73,45,910,73,2014-04-28T19:20:00,2,9346001,158805
OK,59,56,910,59,2014-04-28T19:25:00,2,9346450,158805
OK,58,57,910,58,2014-04-28T19:30:00,3,9346899,158805
OK,58,57,910,58,2014-04-28T19:35:00,3,9347348,158805
OK,57,58,910,57,2014-04-28T19:40:00,2,9347797,158805
OK,77,43,910,77,2014-04-28T19:45:00,1,9348246,158805
OK,58,57,910,58,2014-04-28T19:50:00,0,9348695,158805
OK,69,48,910,69,2014-04-28T19:55:00,1,9349144,158805
OK,69,48,910,69,2014-04-28T21:30:00,1,9357185,158805
OK,69,48,910,69,2014-04-28T21:50:00,0,9358981,158805
OK,69,48,910,69,2014-04-28T22:00:00,0,9359856,158805
OK,69,48,910,69,2014-04-28T22:05:00,0,9360305,158805
OK,69,48,910,69,2014-04-28T22:10:00,1,9360754,158805
OK,69,48,910,69,2014-04-28T22:15:00,1,9361203,158805
OK,69,48,910,69,2014-04-28T22:20:00,0,9361652,158805
OK,69,48,910,69,2014-04-28T22:25:00,0,9362101,158805
OK,69,48,910,69,2014-04-28T22:30:00,0,9362550,158805
OK,50,66,910,50,2014-04-28T22:35:00,1,9362999,158805
OK,50,66,910,50,2014-04-28T22:50:00,0,9364346,158805
OK,50,66,910,50,2014-04-28T22:55:00,0,9364795,158805
OK,50,66,910,50,2014-04-28T23:00:00,0,9365244,158805
OK,50,66,910,50,2014-04-28T23:05:00,0,9365693,158805
OK,50,66,910,50,2014-04-28T23:10:00,0,9366142,158805
OK,50,66,910,50,2014-04-28T23:15:00,0,9366591,158805
OK,50,66,910,50,2014-04-28T23:20:00,0,9367040,158805
OK,50,66,910,50,2014-04-28T23:25:00,0,9367489,158805
OK,60,55,910,60,2014-04-28T23:40:00,0,9368517,158805
OK,60,55,910,60,2014-04-28T23:45:00,0,9368966,158805
OK,60,55,910,60,2014-04-28T23:50:00,0,9369415,158805
OK,73,45,910,73,2014-04-28T23:55:00,1,9369864,158805
OK,73,45,910,73,2014-04-29T00:00:00,1,9370313,158805
OK,73,45,910,73,2014-04-29T00:05:00,0,9370762,158805
OK,73,45,910,73,2014-04-29T00:15:00,0,9371438,158805
OK,73,45,910,73,2014-04-29T00:30:00,0,9372785,158805
OK,38,87,910,38,2014-04-29T00:40:00,0,9373683,158805
OK,38,87,910,38,2014-04-29T00:45:00,0,9374132,158805
OK,38,87,910,38,2014-04-29T00:55:00,0,9374869,158805
OK,38,87,910,38,2014-04-29T01:00:00,0,9375318,158805
OK,38,87,910,38,2014-04-29T01:05:00,0,9375767,158805
OK,38,87,910,38,2014-04-29T01:10:00,0,9376216,158805
OK,38,87,910,38,2014-04-29T01:15:00,0,9376665,158805
OK,38,87,910,38,2014-04-29T01:20:00,0,9377114,158805
OK,38,87,910,38,2014-04-29T01:25:00,0,9377563,158805
OK,38,87,910,38,2014-04-29T01:30:00,0,9378012,158805
OK,38,87,910,38,2014-04-29T01:35:00,0,9378461,158805
OK,38,87,910,38,2014-04-29T01:40:00,0,9378910,158805
OK,38,87,910,38,2014-04-29T01:45:00,0,9379359,158805
OK,38,87,910,38,2014-04-29T01:50:00,0,9379808,158805
OK,38,87,910,38,2014-04-29T01:55:00,0,9380257,158805
OK,38,87,910,38,2014-04-29T02:00:00,0,9380706,158805
OK,38,87,910,38,2014-04-29T02:05:00,0,9381155,158805
OK,38,87,910,38,2014-04-29T02:10:00,0,9381604,158805
OK,38,87,910,38,2014-04-29T02:15:00,0,9382053,158805
OK,38,87,910,38,2014-04-29T02:20:00,0,9382502,158805
OK,80,41,910,80,2014-04-29T02:25:00,1,9382951,158805
OK,80,41,910,80,2014-04-29T02:30:00,0,9383400,158805
OK,54,61,910,54,2014-04-29T02:35:00,1,9383849,158805
OK,54,61,910,54,2014-04-29T02:40:00,1,9384298,158805
OK,54,61,910,54,2014-04-29T02:45:00,0,9384747,158805
OK,54,61,910,54,2014-04-29T02:50:00,0,9385196,158805
OK,54,61,910,54,2014-04-29T02:55:00,0,9385645,158805
OK,54,61,910,54,2014-04-29T03:00:00,0,9386094,158805
OK,54,61,910,54,2014-04-29T03:05:00,0,9386543,158805
OK,54,61,910,54,2014-04-29T03:10:00,0,9386992,158805
OK,54,61,910,54,2014-04-29T03:15:00,0,9387441,158805
OK,54,61,910,54,2014-04-29T03:20:00,0,9387890,158805
OK,54,61,910,54,2014-04-29T03:25:00,0,9388339,158805
OK,54,61,910,54,2014-04-29T03:30:00,0,9388788,158805
OK,47,70,910,47,2014-04-29T03:35:00,1,9389237,158805
OK,47,70,910,47,2014-04-29T03:40:00,1,9389686,158805
OK,47,70,910,47,2014-04-29T03:45:00,0,9390135,158805
OK,71,46,910,71,2014-04-29T03:50:00,2,9390584,158805
OK,60,55,910,60,2014-04-29T03:55:00,3,9391033,158805
OK,53,62,910,53,2014-04-29T04:00:00,1,9391482,158805
OK,65,50,910,65,2014-04-29T04:05:00,1,9391931,158805
OK,63,52,910,63,2014-04-29T04:10:00,3,9392380,158805
OK,61,54,910,61,2014-04-29T04:15:00,2,9392829,158805
OK,61,54,910,61,2014-04-29T04:20:00,0,9393278,158805
OK,61,54,910,61,2014-04-29T04:25:00,0,9393727,158805
OK,52,63,910,52,2014-04-29T04:30:00,3,9394176,158805
OK,52,63,910,52,2014-04-29T04:35:00,3,9394625,158805
OK,61,54,910,61,2014-04-29T04:40:00,4,9395074,158805
OK,58,57,910,58,2014-04-29T04:45:00,8,9395523,158805
OK,58,57,910,58,2014-04-29T04:50:00,6,9395972,158805
OK,77,43,910,77,2014-04-29T04:55:00,3,9396421,158805
OK,73,45,910,73,2014-04-29T05:00:00,2,9396870,158805
OK,53,62,910,53,2014-04-29T05:05:00,3,9397319,158805
OK,49,67,910,49,2014-04-29T05:10:00,1,9397768,158805
OK,55,60,910,55,2014-04-29T05:15:00,6,9398217,158805
OK,54,61,910,54,2014-04-29T05:20:00,9,9398666,158805
OK,54,61,910,54,2014-04-29T05:25:00,5,9399115,158805
OK,53,62,910,53,2014-04-29T05:30:00,7,9399564,158805
OK,54,61,910,54,2014-04-29T05:35:00,12,9400013,158805
OK,67,49,910,67,2014-04-29T05:40:00,13,9400462,158805
OK,65,50,910,65,2014-04-29T05:45:00,10,9400911,158805
OK,58,57,910,58,2014-04-29T05:50:00,9,9401360,158805
OK,60,55,910,60,2014-04-29T05:55:00,7,9401809,158805
OK,60,55,910,60,2014-04-29T06:00:00,6,9402258,158805
OK,81,40,910,81,2014-04-29T06:05:00,5,9402707,158805
OK,83,39,910,83,2014-04-29T06:10:00,6,9403156,158805
OK,68,48,910,68,2014-04-29T06:15:00,7,9403605,158805
OK,64,51,910,64,2014-04-29T06:20:00,9,9404054,158805
OK,77,43,910,77,2014-04-29T06:25:00,3,9404503,158805
OK,58,57,910,58,2014-04-29T06:30:00,3,9404952,158805
OK,59,56,910,59,2014-04-29T06:35:00,2,9405401,158805
OK,60,55,910,60,2014-04-29T06:40:00,6,9405850,158805
OK,61,54,910,61,2014-04-29T06:45:00,7,9406299,158805
OK,57,58,910,57,2014-04-29T06:50:00,7,9406748,158805
OK,60,55,910,60,2014-04-29T06:55:00,6,9407197,158805
OK,77,43,910,77,2014-04-29T07:00:00,9,9407646,158805
OK,68,48,910,68,2014-04-29T07:05:00,11,9408095,158805
OK,64,51,910,64,2014-04-29T07:10:00,6,9408544,158805
OK,68,48,910,68,2014-04-29T07:15:00,1,9408993,158805
OK,74,44,910,74,2014-04-29T07:20:00,7,9409442,158805
OK,68,48,910,68,2014-04-29T07:25:00,8,9409891,158805
OK,57,58,910,57,2014-04-29T07:30:00,2,9410340,158805
OK,64,51,910,64,2014-04-29T07:35:00,5,9410789,158805
OK,64,51,910,64,2014-04-29T07:40:00,8,9411238,158805
OK,55,60,910,55,2014-04-29T07:45:00,7,9411687,158805
OK,61,54,910,61,2014-04-29T07:50:00,5,9412136,158805
OK,68,48,910,68,2014-04-29T07:55:00,4,9412585,158805
OK,62,53,910,62,2014-04-29T08:00:00,9,9413034,158805
OK,60,55,910,60,2014-04-29T08:05:00,8,9413483,158805
OK,76,43,910,76,2014-04-29T08:10:00,3,9413932,158805
OK,60,55,910,60,2014-04-29T08:15:00,4,9414381,158805
OK,64,51,910,64,2014-04-29T08:20:00,5,9414830,158805
OK,61,54,910,61,2014-04-29T08:25:00,6,9415279,158805
OK,60,55,910,60,2014-04-29T08:30:00,5,9415728,158805
OK,66,50,910,66,2014-04-29T08:35:00,3,9416177,158805
OK,65,50,910,65,2014-04-29T08:40:00,4,9416626,158805
OK,63,52,910,63,2014-04-29T08:45:00,5,9417075,158805
OK,65,50,910,65,2014-04-29T08:50:00,8,9417524,158805
OK,64,51,910,64,2014-04-29T08:55:00,9,9417973,158805
OK,60,55,910,60,2014-04-29T09:00:00,9,9418422,158805
OK,55,60,910,55,2014-04-29T09:05:00,11,9418871,158805
OK,63,52,910,63,2014-04-29T09:10:00,11,9419320,158805
OK,61,54,910,61,2014-04-29T09:15:00,10,9419769,158805
OK,63,52,910,63,2014-04-29T09:20:00,8,9420218,158805
OK,68,48,910,68,2014-04-29T09:25:00,6,9420667,158805
OK,64,51,910,64,2014-04-29T09:30:00,9,9421116,158805
OK,60,55,910,60,2014-04-29T09:35:00,10,9421565,158805
OK,61,54,910,61,2014-04-29T09:40:00,9,9422014,158805
OK,80,41,910,80,2014-04-29T09:45:00,8,9422463,158805
OK,70,47,910,70,2014-04-29T09:50:00,8,9422912,158805
OK,66,50,910,66,2014-04-29T09:55:00,8,9423361,158805
OK,69,48,910,69,2014-04-29T10:00:00,6,9423810,158805
OK,61,54,910,61,2014-04-29T10:05:00,7,9424259,158805
OK,61,54,910,61,2014-04-29T10:10:00,12,9424708,158805
OK,61,54,910,61,2014-04-29T10:15:00,9,9425157,158805
OK,62,53,910,62,2014-04-29T10:20:00,7,9425606,158805
OK,75,44,910,75,2014-04-29T10:25:00,9,9426055,158805
OK,75,44,910,75,2014-04-29T10:30:00,14,9426504,158805
OK,74,44,910,74,2014-04-29T10:35:00,15,9426953,158805
OK,57,58,910,57,2014-04-29T10:40:00,11,9427402,158805
OK,61,54,910,61,2014-04-29T10:45:00,10,9427851,158805
OK,61,54,910,61,2014-04-29T10:50:00,16,9428300,158805
OK,61,54,910,61,2014-04-29T10:55:00,16,9428749,158805
OK,63,52,910,63,2014-04-29T11:00:00,6,9429198,158805
OK,57,58,910,57,2014-04-29T11:05:00,1,9429647,158805
OK,65,50,910,65,2014-04-29T11:10:00,3,9430096,158805
OK,70,47,910,70,2014-04-29T11:15:00,4,9430545,158805
OK,65,50,910,65,2014-04-29T11:20:00,13,9430994,158805
OK,65,50,910,65,2014-04-29T11:25:00,14,9431443,158805
OK,79,41,910,79,2014-04-29T11:30:00,9,9431892,158805
OK,71,46,910,71,2014-04-29T11:35:00,6,9432341,158805
OK,65,50,910,65,2014-04-29T11:40:00,11,9432790,158805
OK,72,46,910,72,2014-04-29T11:45:00,15,9433239,158805
OK,73,45,910,73,2014-04-29T11:50:00,15,9433688,158805
OK,67,49,910,67,2014-04-29T11:55:00,8,9434137,158805
OK,62,53,910,62,2014-04-29T12:00:00,8,9434586,158805
OK,64,51,910,64,2014-04-29T12:05:00,4,9435035,158805
OK,66,50,910,66,2014-04-29T12:10:00,8,9435484,158805
OK,66,50,910,66,2014-04-29T12:15:00,13,9435933,158805
OK,61,54,910,61,2014-04-29T12:20:00,16,9436382,158805
OK,63,52,910,63,2014-04-29T12:25:00,17,9436831,158805
OK,61,54,910,61,2014-04-29T12:30:00,7,9437280,158805
OK,62,53,910,62,2014-04-29T12:35:00,10,9437729,158805
OK,62,53,910,62,2014-04-29T12:40:00,14,9438178,158805
OK,60,55,910,60,2014-04-29T12:45:00,12,9438627,158805
OK,60,55,910,60,2014-04-29T12:50:00,18,9439076,158805
OK,60,55,910,60,2014-04-29T12:55:00,16,9439525,158805
OK,67,49,910,67,2014-04-29T13:00:00,7,9439974,158805
OK,61,54,910,61,2014-04-29T13:05:00,13,9440423,158805
OK,60,55,910,60,2014-04-29T13:10:00,16,9440872,158805
OK,70,47,910,70,2014-04-29T13:15:00,13,9441321,158805
OK,70,47,910,70,2014-04-29T13:20:00,11,9441770,158805
OK,102,32,910,102,2014-04-29T13:25:00,16,9442219,158805
OK,99,33,910,99,2014-04-29T13:30:00,23,9442668,158805
OK,70,47,910,70,2014-04-29T13:35:00,19,9443117,158805
OK,66,50,910,66,2014-04-29T13:40:00,18,9443566,158805
OK,66,50,910,66,2014-04-29T13:45:00,18,9444015,158805
OK,66,50,910,66,2014-04-29T13:50:00,16,9444464,158805
OK,59,56,910,59,2014-04-29T13:55:00,14,9444913,158805
OK,61,54,910,61,2014-04-29T14:00:00,14,9445362,158805
OK,67,49,910,67,2014-04-29T14:05:00,14,9445811,158805
OK,67,49,910,67,2014-04-29T14:10:00,16,9446260,158805
OK,68,48,910,68,2014-04-29T14:15:00,24,9446709,158805
OK,74,44,910,74,2014-04-29T14:20:00,24,9447158,158805
OK,72,46,910,72,2014-04-29T14:25:00,22,9447607,158805
OK,70,47,910,70,2014-04-29T14:30:00,18,9448056,158805
OK,63,52,910,63,2014-04-29T14:35:00,14,9448505,158805
OK,66,50,910,66,2014-04-29T14:40:00,11,9448954,158805
OK,63,52,910,63,2014-04-29T14:45:00,12,9449403,158805
OK,66,50,910,66,2014-04-29T14:50:00,12,9449852,158805
OK,69,48,910,69,2014-04-29T14:55:00,7,9450301,158805
OK,58,57,910,58,2014-04-29T15:00:00,2,9450750,158805
OK,66,50,910,66,2014-04-29T15:05:00,4,9451199,158805
OK,58,57,910,58,2014-04-29T15:10:00,12,9451648,158805
OK,55,60,910,55,2014-04-29T15:15:00,12,9452097,158805
OK,56,59,910,56,2014-04-29T15:20:00,7,9452546,158805
OK,58,57,910,58,2014-04-29T15:25:00,5,9452995,158805
OK,66,50,910,66,2014-04-29T15:30:00,6,9453444,158805
OK,67,49,910,67,2014-04-29T15:35:00,4,9453893,158805
OK,62,53,910,62,2014-04-29T15:40:00,4,9454342,158805
OK,63,52,910,63,2014-04-29T15:45:00,5,9454791,158805
OK,65,50,910,65,2014-04-29T15:50:00,5,9455240,158805
OK,64,51,910,64,2014-04-29T15:55:00,4,9455689,158805
OK,54,61,910,54,2014-04-29T16:00:00,1,9456138,158805
OK,56,59,910,56,2014-04-29T16:05:00,3,9456587,158805
OK,61,54,910,61,2014-04-29T16:10:00,5,9457036,158805
OK,64,51,910,64,2014-04-29T16:15:00,6,9457485,158805
OK,65,50,910,65,2014-04-29T16:20:00,6,9457934,158805
OK,64,51,910,64,2014-04-29T16:25:00,8,9458383,158805
OK,64,51,910,64,2014-04-29T16:30:00,7,9458832,158805
OK,61,54,910,61,2014-04-29T16:35:00,4,9459281,158805
OK,58,57,910,58,2014-04-29T16:40:00,3,9459730,158805
OK,55,60,910,55,2014-04-29T16:45:00,6,9460179,158805
OK,61,54,910,61,2014-04-29T16:50:00,4,9460628,158805
OK,67,49,910,67,2014-04-29T16:55:00,3,9461077,158805
OK,56,59,910,56,2014-04-29T17:00:00,10,9461526,158805
OK,56,59,910,56,2014-04-29T17:05:00,8,9461975,158805
OK,42,78,910,42,2014-04-29T17:10:00,1,9462424,158805
OK,71,46,910,71,2014-04-29T17:15:00,4,9462873,158805
OK,77,43,910,77,2014-04-29T17:20:00,3,9463322,158805
OK,57,58,910,57,2014-04-29T17:25:00,2,9463771,158805
OK,55,60,910,55,2014-04-29T17:30:00,4,9464220,158805
OK,44,75,910,44,2014-04-29T17:35:00,2,9464669,158805
OK,50,66,910,50,2014-04-29T17:40:00,3,9465118,158805
OK,56,59,910,56,2014-04-29T17:45:00,2,9465567,158805
OK,48,69,910,48,2014-04-29T17:50:00,1,9466016,158805
OK,53,62,910,53,2014-04-29T17:55:00,6,9466465,158805
OK,57,58,910,57,2014-04-29T18:00:00,4,9466914,158805
OK,63,52,910,63,2014-04-29T18:05:00,4,9467363,158805
OK,46,72,910,46,2014-04-29T18:10:00,3,9467812,158805
OK,58,57,910,58,2014-04-29T18:15:00,5,9468261,158805
OK,57,58,910,57,2014-04-29T18:20:00,4,9468710,158805
OK,56,59,910,56,2014-04-29T18:25:00,1,9469159,158805
OK,50,66,910,50,2014-04-29T18:30:00,2,9469608,158805
OK,58,57,910,58,2014-04-29T18:35:00,3,9470057,158805
OK,55,60,910,55,2014-04-29T18:40:00,3,9470506,158805
OK,54,61,910,54,2014-04-29T18:45:00,2,9470955,158805
OK,55,60,910,55,2014-04-29T18:50:00,0,9471404,158805
OK,54,61,910,54,2014-04-29T18:55:00,1,9471853,158805
OK,54,61,910,54,2014-04-29T19:00:00,1,9472302,158805
OK,51,64,910,51,2014-04-29T19:05:00,2,9472751,158805
OK,44,75,910,44,2014-04-29T19:10:00,1,9473200,158805
OK,53,62,910,53,2014-04-29T19:15:00,2,9473649,158805
OK,61,54,910,61,2014-04-29T19:20:00,5,9474098,158805
OK,59,56,910,59,2014-04-29T19:25:00,4,9474547,158805
OK,64,51,910,64,2014-04-29T19:30:00,0,9474996,158805
OK,63,52,910,63,2014-04-29T19:35:00,2,9475445,158805
OK,63,52,910,63,2014-04-29T19:40:00,4,9475894,158805
OK,51,64,910,51,2014-04-29T19:45:00,5,9476343,158805
OK,53,62,910,53,2014-04-29T19:50:00,2,9476792,158805
OK,49,67,910,49,2014-04-29T19:55:00,1,9477241,158805
OK,60,55,910,60,2014-04-29T20:50:00,0,9482114,158805
OK,55,60,910,55,2014-04-29T21:40:00,0,9486604,158805
OK,55,60,910,55,2014-04-29T21:50:00,0,9487502,158805
OK,48,69,910,48,2014-04-29T22:00:00,0,9488400,158805
OK,44,75,910,44,2014-04-29T22:05:00,0,9488849,158805
OK,44,75,910,44,2014-04-29T22:10:00,0,9489298,158805
OK,52,63,910,52,2014-04-29T22:20:00,1,9490196,158805
OK,52,63,910,52,2014-04-29T22:25:00,1,9490645,158805
OK,53,62,910,53,2014-04-29T22:50:00,0,9492698,158805
OK,53,62,910,53,2014-04-29T23:00:00,0,9493561,158805
OK,53,62,910,53,2014-04-29T23:55:00,0,9498313,158805
OK,53,62,910,53,2014-04-30T00:00:00,0,9498742,158805
OK,53,62,910,53,2014-04-30T00:05:00,0,9499191,158805
OK,53,62,910,53,2014-04-30T00:15:00,0,9499680,158805
OK,53,62,910,53,2014-04-30T00:20:00,0,9500129,158805
OK,53,62,910,53,2014-04-30T00:25:00,0,9500578,158805
OK,53,62,910,53,2014-04-30T00:30:00,0,9501027,158805
OK,53,62,910,53,2014-04-30T00:35:00,0,9501476,158805
OK,53,62,910,53,2014-04-30T00:40:00,0,9501925,158805
OK,53,62,910,53,2014-04-30T00:45:00,0,9502374,158805
OK,53,62,910,53,2014-04-30T00:50:00,0,9502823,158805
OK,53,62,910,53,2014-04-30T00:55:00,0,9503272,158805
OK,53,62,910,53,2014-04-30T01:00:00,0,9503721,158805
OK,53,62,910,53,2014-04-30T01:05:00,0,9504170,158805
OK,53,62,910,53,2014-04-30T01:10:00,0,9504619,158805
OK,53,62,910,53,2014-04-30T01:15:00,0,9505068,158805
OK,53,62,910,53,2014-04-30T01:20:00,0,9505517,158805
OK,53,62,910,53,2014-04-30T01:25:00,0,9505966,158805
OK,53,62,910,53,2014-04-30T01:30:00,0,9506415,158805
OK,53,62,910,53,2014-04-30T01:35:00,0,9506864,158805
OK,53,62,910,53,2014-04-30T01:40:00,0,9507313,158805
OK,53,62,910,53,2014-04-30T01:45:00,0,9507762,158805
OK,53,62,910,53,2014-04-30T01:50:00,0,9508211,158805
OK,53,62,910,53,2014-04-30T01:55:00,0,9508660,158805
OK,53,62,910,53,2014-04-30T02:00:00,0,9509109,158805
OK,53,62,910,53,2014-04-30T02:05:00,0,9509558,158805
OK,53,62,910,53,2014-04-30T02:10:00,0,9510007,158805
OK,53,62,910,53,2014-04-30T02:15:00,0,9510456,158805
OK,53,62,910,53,2014-04-30T02:20:00,0,9510905,158805
OK,53,62,910,53,2014-04-30T02:25:00,0,9511354,158805
OK,53,62,910,53,2014-04-30T02:30:00,0,9511803,158805
OK,53,62,910,53,2014-04-30T02:35:00,0,9512252,158805
OK,40,82,910,40,2014-04-30T02:40:00,1,9512701,158805
OK,40,82,910,40,2014-04-30T02:45:00,0,9513150,158805
OK,40,82,910,40,2014-04-30T02:50:00,0,9513599,158805
OK,59,56,910,59,2014-04-30T02:55:00,1,9514048,158805
OK,59,56,910,59,2014-04-30T03:00:00,0,9514497,158805
OK,59,56,910,59,2014-04-30T03:05:00,0,9514946,158805
OK,59,56,910,59,2014-04-30T03:10:00,0,9515395,158805
OK,59,56,910,59,2014-04-30T03:15:00,0,9515844,158805
OK,59,56,910,59,2014-04-30T03:20:00,0,9516293,158805
OK,59,56,910,59,2014-04-30T03:25:00,0,9516742,158805
OK,59,56,910,59,2014-04-30T03:30:00,0,9517191,158805
OK,69,48,910,69,2014-04-30T03:35:00,2,9517640,158805
OK,69,48,910,69,2014-04-30T03:40:00,2,9518089,158805
OK,49,67,910,49,2014-04-30T03:45:00,1,9518538,158805
OK,49,67,910,49,2014-04-30T03:50:00,1,9518987,158805
OK,59,56,910,59,2014-04-30T03:55:00,1,9519436,158805
OK,62,53,910,62,2014-04-30T04:00:00,2,9519885,158805
OK,54,61,910,54,2014-04-30T04:05:00,4,9520334,158805
OK,53,62,910,53,2014-04-30T04:10:00,2,9520783,158805
OK,57,58,910,57,2014-04-30T04:15:00,1,9521232,158805
OK,83,39,910,83,2014-04-30T04:20:00,6,9521681,158805
OK,80,41,910,80,2014-04-30T04:25:00,7,9522130,158805
OK,56,59,910,56,2014-04-30T04:30:00,1,9522579,158805
OK,65,50,910,65,2014-04-30T04:35:00,4,9523028,158805
OK,60,55,910,60,2014-04-30T04:40:00,5,9523477,158805
OK,57,58,910,57,2014-04-30T04:45:00,2,9523926,158805
OK,48,69,910,48,2014-04-30T04:50:00,2,9524375,158805
OK,59,56,910,59,2014-04-30T04:55:00,4,9524824,158805
OK,58,57,910,58,2014-04-30T05:00:00,4,9525273,158805
OK,60,55,910,60,2014-04-30T05:05:00,3,9525722,158805
OK,60,55,910,60,2014-04-30T05:10:00,1,9526171,158805
OK,51,64,910,51,2014-04-30T05:15:00,4,9526620,158805
OK,67,49,910,67,2014-04-30T05:20:00,8,9527069,158805
OK,80,41,910,80,2014-04-30T05:25:00,5,9527518,158805
OK,61,54,910,61,2014-04-30T05:30:00,7,9527967,158805
OK,63,52,910,63,2014-04-30T05:35:00,8,9528416,158805
OK,68,48,910,68,2014-04-30T05:40:00,6,9528865,158805
OK,68,48,910,68,2014-04-30T05:45:00,7,9529314,158805
OK,59,56,910,59,2014-04-30T05:50:00,7,9529763,158805
OK,71,46,910,71,2014-04-30T05:55:00,10,9530212,158805
OK,72,46,910,72,2014-04-30T06:00:00,14,9530661,158805
OK,70,47,910,70,2014-04-30T06:05:00,10,9531110,158805
OK,65,50,910,65,2014-04-30T06:10:00,8,9531559,158805
OK,65,50,910,65,2014-04-30T06:15:00,8,9532008,158805
OK,64,51,910,64,2014-04-30T06:30:00,10,9533355,158805
OK,64,51,910,64,2014-04-30T06:35:00,7,9533804,158805
OK,69,48,910,69,2014-04-30T06:40:00,1,9534253,158805
OK,72,46,910,72,2014-04-30T06:45:00,3,9534702,158805
OK,67,49,910,67,2014-04-30T06:50:00,6,9535151,158805
OK,59,56,910,59,2014-04-30T06:55:00,4,9535600,158805
OK,58,57,910,58,2014-04-30T07:00:00,5,9536049,158805
OK,65,50,910,65,2014-04-30T07:05:00,8,9536498,158805
OK,65,50,910,65,2014-04-30T07:10:00,9,9536947,158805
OK,65,50,910,65,2014-04-30T07:15:00,7,9537396,158805
OK,68,48,910,68,2014-04-30T07:20:00,5,9537845,158805
OK,73,45,910,73,2014-04-30T07:25:00,10,9538294,158805
OK,76,43,910,76,2014-04-30T07:30:00,12,9538743,158805
OK,70,47,910,70,2014-04-30T07:35:00,8,9539192,158805
OK,63,52,910,63,2014-04-30T07:40:00,5,9539641,158805
OK,63,52,910,63,2014-04-30T07:45:00,1,9540090,158805
OK,57,58,910,57,2014-04-30T07:50:00,2,9540539,158805
OK,61,54,910,61,2014-04-30T07:55:00,3,9540988,158805
OK,67,49,910,67,2014-04-30T08:00:00,7,9541437,158805
OK,65,50,910,65,2014-04-30T08:05:00,9,9541886,158805
OK,64,51,910,64,2014-04-30T08:10:00,10,9542335,158805
OK,64,51,910,64,2014-04-30T08:15:00,11,9542784,158805
OK,62,53,910,62,2014-04-30T08:20:00,9,9543233,158805
OK,59,56,910,59,2014-04-30T08:25:00,14,9543682,158805
OK,60,55,910,60,2014-04-30T08:30:00,16,9544131,158805
OK,58,57,910,58,2014-04-30T08:35:00,9,9544580,158805
OK,60,55,910,60,2014-04-30T08:40:00,10,9545029,158805
OK,61,54,910,61,2014-04-30T08:45:00,6,9545478,158805
OK,62,53,910,62,2014-04-30T08:50:00,3,9545927,158805
OK,74,44,910,74,2014-04-30T08:55:00,10,9546376,158805
OK,67,49,910,67,2014-04-30T09:00:00,15,9546825,158805
OK,57,58,910,57,2014-04-30T09:05:00,11,9547274,158805
OK,53,62,910,53,2014-04-30T09:10:00,6,9547723,158805
OK,62,53,910,62,2014-04-30T09:15:00,3,9548172,158805
OK,63,52,910,63,2014-04-30T09:20:00,6,9548621,158805
OK,73,45,910,73,2014-04-30T09:25:00,12,9549070,158805
OK,73,45,910,73,2014-04-30T09:30:00,10,9549519,158805
OK,63,52,910,63,2014-04-30T09:35:00,8,9549968,158805
OK,62,53,910,62,2014-04-30T09:40:00,6,9550417,158805
OK,60,55,910,60,2014-04-30T09:45:00,3,9550866,158805
OK,62,53,910,62,2014-04-30T09:50:00,5,9551315,158805
OK,64,51,910,64,2014-04-30T09:55:00,9,9551764,158805
OK,64,51,910,64,2014-04-30T10:00:00,11,9552213,158805
OK,69,48,910,69,2014-04-30T10:05:00,10,9552662,158805
OK,69,48,910,69,2014-04-30T10:10:00,12,9553111,158805
OK,71,46,910,71,2014-04-30T10:15:00,12,9553560,158805
OK,70,47,910,70,2014-04-30T10:20:00,8,9554009,158805
OK,63,52,910,63,2014-04-30T10:25:00,7,9554458,158805
OK,51,64,910,51,2014-04-30T10:30:00,8,9554907,158805
OK,65,50,910,65,2014-04-30T10:35:00,11,9555356,158805
OK,66,50,910,66,2014-04-30T10:40:00,11,9555805,158805
OK,64,51,910,64,2014-04-30T10:45:00,4,9556254,158805
OK,57,58,910,57,2014-04-30T10:50:00,2,9556703,158805
OK,57,58,910,57,2014-04-30T10:55:00,2,9557152,158805
OK,57,58,910,57,2014-04-30T11:00:00,2,9557601,158805
OK,68,48,910,68,2014-04-30T11:05:00,7,9558050,158805
OK,81,40,910,81,2014-04-30T11:10:00,5,9558499,158805
OK,71,46,910,71,2014-04-30T11:15:00,17,9558948,158805
OK,71,46,910,71,2014-04-30T11:20:00,17,9559397,158805
OK,63,52,910,63,2014-04-30T11:25:00,12,9559846,158805
OK,63,52,910,63,2014-04-30T11:30:00,9,9560295,158805
OK,63,52,910,63,2014-04-30T11:35:00,3,9560744,158805
OK,68,48,910,68,2014-04-30T11:40:00,8,9561193,158805
OK,74,44,910,74,2014-04-30T11:45:00,10,9561642,158805
OK,68,48,910,68,2014-04-30T11:50:00,6,9562091,158805
OK,62,53,910,62,2014-04-30T11:55:00,4,9562540,158805
OK,68,48,910,68,2014-04-30T12:00:00,14,9562989,158805
OK,68,48,910,68,2014-04-30T12:05:00,22,9563438,158805
OK,71,46,910,71,2014-04-30T12:10:00,14,9563887,158805
OK,57,58,910,57,2014-04-30T12:15:00,12,9564336,158805
OK,63,52,910,63,2014-04-30T12:20:00,17,9564785,158805
OK,63,52,910,63,2014-04-30T12:25:00,15,9565234,158805
OK,66,50,910,66,2014-04-30T12:30:00,10,9565683,158805
OK,68,48,910,68,2014-04-30T12:35:00,12,9566132,158805
OK,67,49,910,67,2014-04-30T12:40:00,13,9566581,158805
OK,63,52,910,63,2014-04-30T12:45:00,15,9567030,158805
OK,78,42,910,78,2014-04-30T12:50:00,18,9567479,158805
OK,78,42,910,78,2014-04-30T12:55:00,18,9567928,158805
OK,79,41,910,79,2014-04-30T13:00:00,10,9568377,158805
OK,67,49,910,67,2014-04-30T13:05:00,12,9568826,158805
OK,69,48,910,69,2014-04-30T13:10:00,15,9569275,158805
OK,69,48,910,69,2014-04-30T13:15:00,13,9569724,158805
OK,69,48,910,69,2014-04-30T13:20:00,12,9570173,158805
OK,63,52,910,63,2014-04-30T13:25:00,19,9570622,158805
OK,62,53,910,62,2014-04-30T13:30:00,15,9571071,158805
OK,73,45,910,73,2014-04-30T13:35:00,14,9571520,158805
OK,66,50,910,66,2014-04-30T13:40:00,15,9571969,158805
OK,61,54,910,61,2014-04-30T13:45:00,12,9572418,158805
OK,65,50,910,65,2014-04-30T13:50:00,11,9572867,158805
OK,68,48,910,68,2014-04-30T13:55:00,19,9573316,158805
OK,71,46,910,71,2014-04-30T14:00:00,11,9573765,158805
OK,62,53,910,62,2014-04-30T14:05:00,15,9574214,158805
OK,75,44,910,75,2014-04-30T14:10:00,20,9574663,158805
OK,73,45,910,73,2014-04-30T14:15:00,22,9575112,158805
OK,71,46,910,71,2014-04-30T14:20:00,13,9575561,158805
OK,68,48,910,68,2014-04-30T14:25:00,10,9576010,158805
OK,69,48,910,69,2014-04-30T14:30:00,11,9576459,158805
OK,56,59,910,56,2014-04-30T14:35:00,8,9576908,158805
OK,60,55,910,60,2014-04-30T14:40:00,14,9577357,158805
OK,61,54,910,61,2014-04-30T14:45:00,12,9577806,158805
OK,61,54,910,61,2014-04-30T14:50:00,11,9578255,158805
OK,62,53,910,62,2014-04-30T14:55:00,13,9578704,158805
OK,62,53,910,62,2014-04-30T15:00:00,9,9579153,158805
OK,63,52,910,63,2014-04-30T15:05:00,4,9579602,158805
OK,64,51,910,64,2014-04-30T15:10:00,3,9580051,158805
OK,64,51,910,64,2014-04-30T15:15:00,2,9580500,158805
OK,67,49,910,67,2014-04-30T15:20:00,4,9580949,158805
OK,64,51,910,64,2014-04-30T15:25:00,8,9581398,158805
OK,62,53,910,62,2014-04-30T15:30:00,6,9581847,158805
OK,65,50,910,65,2014-04-30T15:35:00,9,9582296,158805
OK,60,55,910,60,2014-04-30T15:40:00,7,9582745,158805
OK,60,55,910,60,2014-04-30T15:45:00,5,9583194,158805
OK,56,59,910,56,2014-04-30T15:50:00,4,9583643,158805
OK,56,59,910,56,2014-04-30T15:55:00,4,9584092,158805
OK,59,56,910,59,2014-04-30T16:00:00,12,9584541,158805
OK,63,52,910,63,2014-04-30T16:05:00,8,9584990,158805
OK,57,58,910,57,2014-04-30T16:10:00,3,9585439,158805
OK,60,55,910,60,2014-04-30T16:15:00,5,9585888,158805
OK,63,52,910,63,2014-04-30T16:20:00,7,9586337,158805
OK,63,52,910,63,2014-04-30T16:25:00,9,9586786,158805
OK,57,58,910,57,2014-04-30T16:30:00,7,9587235,158805
OK,54,61,910,54,2014-04-30T16:35:00,3,9587684,158805
OK,57,58,910,57,2014-04-30T16:40:00,5,9588133,158805
OK,57,58,910,57,2014-04-30T16:45:00,5,9588582,158805
OK,81,40,910,81,2014-04-30T16:50:00,6,9589031,158805
OK,66,50,910,66,2014-04-30T16:55:00,7,9589480,158805
OK,56,59,910,56,2014-04-30T17:00:00,0,9589929,158805
OK,57,58,910,57,2014-04-30T17:05:00,1,9590378,158805
OK,61,54,910,61,2014-04-30T17:10:00,4,9590827,158805
OK,61,54,910,61,2014-04-30T17:15:00,4,9591276,158805
OK,57,58,910,57,2014-04-30T17:20:00,2,9591725,158805
OK,62,53,910,62,2014-04-30T17:25:00,2,9592174,158805
OK,53,62,910,53,2014-04-30T17:30:00,1,9592623,158805
OK,59,56,910,59,2014-04-30T17:35:00,4,9593072,158805
OK,60,55,910,60,2014-04-30T17:40:00,4,9593521,158805
OK,55,60,910,55,2014-04-30T17:45:00,2,9593970,158805
OK,65,50,910,65,2014-04-30T17:50:00,4,9594419,158805
OK,65,50,910,65,2014-04-30T17:55:00,4,9594868,158805
OK,54,61,910,54,2014-04-30T18:00:00,3,9595317,158805
OK,56,59,910,56,2014-04-30T18:05:00,4,9595766,158805
OK,58,57,910,58,2014-04-30T18:10:00,3,9596215,158805
OK,72,46,910,72,2014-04-30T18:15:00,1,9596664,158805
OK,54,61,910,54,2014-04-30T18:20:00,1,9597113,158805
OK,54,61,910,54,2014-04-30T18:25:00,3,9597562,158805
OK,60,55,910,60,2014-04-30T18:30:00,4,9598011,158805
OK,62,53,910,62,2014-04-30T18:35:00,2,9598460,158805
OK,58,57,910,58,2014-04-30T18:40:00,0,9598909,158805
OK,57,58,910,57,2014-04-30T18:45:00,3,9599358,158805
OK,73,45,910,73,2014-04-30T18:50:00,2,9599807,158805
OK,52,63,910,52,2014-04-30T18:55:00,2,9600256,158805
OK,48,69,910,48,2014-04-30T19:00:00,1,9600705,158805
OK,48,69,910,48,2014-04-30T19:05:00,0,9601154,158805
OK,53,62,910,53,2014-04-30T19:10:00,3,9601603,158805
OK,54,61,910,54,2014-04-30T19:15:00,5,9602052,158805
OK,52,63,910,52,2014-04-30T19:20:00,2,9602501,158805
OK,46,72,910,46,2014-04-30T19:25:00,1,9602950,158805
OK,66,50,910,66,2014-04-30T19:30:00,3,9603399,158805
OK,61,54,910,61,2014-04-30T19:35:00,4,9603848,158805
OK,43,77,910,43,2014-04-30T19:40:00,1,9604297,158805
OK,57,58,910,57,2014-04-30T19:45:00,1,9604746,158805
OK,57,58,910,57,2014-04-30T19:50:00,0,9605195,158805
OK,57,58,910,57,2014-04-30T19:55:00,0,9605644,158805
OK,45,73,910,45,2014-04-30T21:50:00,2,9614865,158805
OK,45,73,910,45,2014-04-30T22:00:00,0,9615638,158805
OK,45,73,910,45,2014-04-30T22:05:00,0,9616087,158805
OK,55,60,910,55,2014-04-30T22:10:00,1,9616536,158805
OK,55,60,910,55,2014-04-30T22:20:00,0,9617434,158805
OK,55,60,910,55,2014-04-30T22:10:00,1,9616536,158805
OK,55,60,910,55,2014-04-30T22:20:00,0,9617434,158805
OK,54,61,910,54,2014-05-01T00:00:00,0,9625374,158805
OK,54,61,910,54,2014-05-01T00:05:00,0,9625823,158805
OK,54,61,910,54,2014-05-01T00:15:00,0,9626312,158805
OK,54,61,910,54,2014-05-01T00:20:00,0,9626761,158805
OK,54,61,910,54,2014-05-01T00:25:00,0,9627210,158805
OK,54,61,910,54,2014-05-01T00:30:00,0,9627659,158805
OK,54,61,910,54,2014-05-01T00:35:00,0,9628108,158805
OK,54,61,910,54,2014-05-01T00:40:00,0,9628557,158805
OK,54,61,910,54,2014-05-01T00:45:00,0,9629006,158805
OK,54,61,910,54,2014-05-01T00:50:00,0,9629455,158805
OK,54,61,910,54,2014-05-01T00:55:00,0,9629904,158805
OK,54,61,910,54,2014-05-01T01:00:00,0,9630353,158805
OK,54,61,910,54,2014-05-01T01:05:00,0,9630802,158805
OK,54,61,910,54,2014-05-01T01:10:00,0,9631251,158805
OK,54,61,910,54,2014-05-01T01:15:00,0,9631700,158805
OK,54,61,910,54,2014-05-01T01:20:00,0,9632149,158805
OK,35,94,910,35,2014-05-01T01:25:00,0,9632598,158805
OK,35,94,910,35,2014-05-01T01:30:00,0,9633047,158805
OK,35,94,910,35,2014-05-01T01:35:00,0,9633496,158805
OK,35,94,910,35,2014-05-01T01:40:00,0,9633945,158805
OK,35,94,910,35,2014-05-01T01:45:00,0,9634394,158805
OK,35,94,910,35,2014-05-01T01:50:00,0,9634843,158805
OK,35,94,910,35,2014-05-01T01:55:00,0,9635292,158805
OK,35,94,910,35,2014-05-01T02:00:00,0,9635741,158805
OK,49,67,910,49,2014-05-01T02:05:00,0,9636190,158805
OK,49,67,910,49,2014-05-01T02:10:00,0,9636639,158805
OK,49,67,910,49,2014-05-01T02:15:00,0,9637088,158805
OK,49,67,910,49,2014-05-01T02:20:00,0,9637537,158805
OK,49,67,910,49,2014-05-01T02:25:00,0,9637986,158805
OK,49,67,910,49,2014-05-01T02:30:00,0,9638435,158805
OK,49,67,910,49,2014-05-01T02:35:00,0,9638884,158805
OK,49,67,910,49,2014-05-01T02:40:00,0,9639333,158805
OK,49,67,910,49,2014-05-01T02:45:00,0,9639782,158805
OK,49,67,910,49,2014-05-01T02:50:00,0,9640231,158805
OK,49,67,910,49,2014-05-01T02:55:00,0,9640680,158805
OK,49,67,910,49,2014-05-01T03:00:00,0,9641129,158805
OK,49,67,910,49,2014-05-01T03:05:00,0,9641578,158805
OK,49,67,910,49,2014-05-01T03:10:00,0,9642027,158805
OK,78,42,910,78,2014-05-01T03:15:00,3,9642476,158805
OK,78,42,910,78,2014-05-01T03:20:00,3,9642925,158805
OK,78,42,910,78,2014-05-01T03:25:00,0,9643374,158805
OK,78,42,910,78,2014-05-01T03:30:00,0,9643823,158805
OK,78,42,910,78,2014-05-01T03:35:00,0,9644272,158805
OK,78,42,910,78,2014-05-01T03:40:00,0,9644721,158805
OK,58,57,910,58,2014-05-01T03:45:00,1,9645170,158805
OK,58,57,910,58,2014-05-01T03:50:00,1,9645619,158805
OK,43,77,910,43,2014-05-01T03:55:00,1,9646068,158805
OK,49,67,910,49,2014-05-01T04:00:00,2,9646517,158805
OK,78,42,910,78,2014-05-01T04:05:00,4,9646966,158805
OK,72,46,910,72,2014-05-01T04:10:00,5,9647415,158805
OK,51,64,910,51,2014-05-01T04:15:00,1,9647864,158805
OK,51,64,910,51,2014-05-01T04:20:00,0,9648313,158805
OK,51,64,910,51,2014-05-01T04:25:00,0,9648762,158805
OK,51,64,910,51,2014-05-01T04:30:00,0,9649211,158805
OK,64,51,910,64,2014-05-01T04:35:00,1,9649660,158805
OK,57,58,910,57,2014-05-01T04:40:00,4,9650109,158805
OK,51,64,910,51,2014-05-01T04:45:00,3,9650558,158805
OK,69,48,910,69,2014-05-01T04:50:00,2,9651007,158805
OK,62,53,910,62,2014-05-01T04:55:00,3,9651456,158805
OK,58,57,910,58,2014-05-01T05:00:00,5,9651905,158805
OK,58,57,910,58,2014-05-01T05:05:00,5,9652354,158805
OK,74,44,910,74,2014-05-01T05:10:00,2,9652803,158805
OK,60,55,910,60,2014-05-01T05:15:00,4,9653252,158805
OK,62,53,910,62,2014-05-01T05:20:00,5,9653701,158805
OK,72,46,910,72,2014-05-01T05:25:00,7,9654150,158805
OK,72,46,910,72,2014-05-01T05:30:00,5,9654599,158805
OK,53,62,910,53,2014-05-01T05:35:00,4,9655048,158805
OK,53,62,910,53,2014-05-01T05:40:00,3,9655497,158805
OK,77,43,910,77,2014-05-01T05:45:00,2,9655946,158805
OK,70,47,910,70,2014-05-01T05:50:00,3,9656395,158805
OK,53,62,910,53,2014-05-01T05:55:00,2,9656844,158805
OK,51,64,910,51,2014-05-01T06:00:00,1,9657293,158805
OK,56,59,910,56,2014-05-01T06:05:00,2,9657742,158805
OK,64,51,910,64,2014-05-01T06:10:00,5,9658191,158805
OK,68,48,910,68,2014-05-01T06:15:00,3,9658640,158805
OK,64,51,910,64,2014-05-01T06:20:00,6,9659089,158805
OK,58,57,910,58,2014-05-01T06:25:00,9,9659538,158805
OK,60,55,910,60,2014-05-01T06:30:00,4,9659987,158805
OK,66,50,910,66,2014-05-01T06:35:00,3,9660436,158805
OK,59,56,910,59,2014-05-01T06:40:00,3,9660885,158805
OK,66,50,910,66,2014-05-01T06:45:00,6,9661334,158805
OK,65,50,910,65,2014-05-01T06:50:00,5,9661783,158805
OK,58,57,910,58,2014-05-01T06:55:00,8,9662232,158805
OK,62,53,910,62,2014-05-01T07:00:00,11,9662681,158805
OK,68,48,910,68,2014-05-01T07:05:00,5,9663130,158805
OK,69,48,910,69,2014-05-01T07:10:00,2,9663579,158805
OK,63,52,910,63,2014-05-01T07:15:00,4,9664028,158805
OK,66,50,910,66,2014-05-01T07:20:00,7,9664477,158805
OK,68,48,910,68,2014-05-01T07:25:00,6,9664926,158805
OK,72,46,910,72,2014-05-01T07:30:00,5,9665375,158805
OK,79,41,910,79,2014-05-01T07:35:00,4,9665824,158805
OK,56,59,910,56,2014-05-01T07:40:00,3,9666273,158805
OK,58,57,910,58,2014-05-01T07:45:00,8,9666722,158805
OK,61,54,910,61,2014-05-01T07:50:00,8,9667171,158805
OK,62,53,910,62,2014-05-01T07:55:00,3,9667620,158805
OK,72,46,910,72,2014-05-01T08:00:00,2,9668069,158805
OK,64,51,910,64,2014-05-01T08:05:00,9,9668518,158805
OK,61,54,910,61,2014-05-01T08:10:00,12,9668967,158805
OK,58,57,910,58,2014-05-01T08:15:00,5,9669416,158805
OK,60,55,910,60,2014-05-01T08:20:00,9,9669865,158805
OK,60,55,910,60,2014-05-01T08:25:00,12,9670314,158805
OK,62,53,910,62,2014-05-01T08:30:00,7,9670763,158805
OK,58,57,910,58,2014-05-01T08:35:00,4,9671212,158805
OK,66,50,910,66,2014-05-01T08:40:00,4,9671661,158805
OK,51,64,910,51,2014-05-01T08:45:00,3,9672110,158805
OK,67,49,910,67,2014-05-01T08:50:00,4,9672559,158805
OK,62,53,910,62,2014-05-01T08:55:00,2,9673008,158805
OK,61,54,910,61,2014-05-01T09:00:00,3,9673457,158805
OK,60,55,910,60,2014-05-01T09:05:00,8,9673906,158805
OK,60,55,910,60,2014-05-01T09:10:00,8,9674355,158805
OK,65,50,910,65,2014-05-01T09:15:00,9,9674804,158805
OK,66,50,910,66,2014-05-01T09:20:00,5,9675253,158805
OK,62,53,910,62,2014-05-01T09:25:00,2,9675702,158805
OK,68,48,910,68,2014-05-01T09:30:00,8,9676151,158805
OK,68,48,910,68,2014-05-01T09:35:00,8,9676600,158805
OK,51,64,910,51,2014-05-01T09:40:00,4,9677049,158805
OK,69,48,910,69,2014-05-01T09:45:00,8,9677498,158805
OK,64,51,910,64,2014-05-01T09:50:00,8,9677947,158805
OK,63,52,910,63,2014-05-01T09:55:00,5,9678396,158805
OK,57,58,910,57,2014-05-01T10:00:00,6,9678845,158805
OK,56,59,910,56,2014-05-01T10:05:00,4,9679294,158805
OK,53,62,910,53,2014-05-01T10:10:00,6,9679743,158805
OK,59,56,910,59,2014-05-01T10:15:00,11,9680192,158805
OK,63,52,910,63,2014-05-01T10:20:00,13,9680641,158805
OK,61,54,910,61,2014-05-01T10:25:00,10,9681090,158805
OK,53,62,910,53,2014-05-01T10:30:00,8,9681539,158805
OK,61,54,910,61,2014-05-01T10:35:00,13,9681988,158805
OK,61,54,910,61,2014-05-01T10:40:00,12,9682437,158805
OK,61,54,910,61,2014-05-01T10:45:00,7,9682886,158805
OK,61,54,910,61,2014-05-01T10:50:00,0,9683335,158805
OK,64,51,910,64,2014-05-01T10:55:00,3,9683784,158805
OK,53,62,910,53,2014-05-01T11:00:00,4,9684233,158805
OK,58,57,910,58,2014-05-01T11:05:00,10,9684682,158805
OK,59,56,910,59,2014-05-01T11:10:00,12,9685131,158805
OK,56,59,910,56,2014-05-01T11:15:00,6,9685580,158805
OK,56,59,910,56,2014-05-01T11:20:00,5,9686029,158805
OK,57,58,910,57,2014-05-01T11:25:00,8,9686478,158805
OK,60,55,910,60,2014-05-01T11:30:00,6,9686927,158805
OK,50,66,910,50,2014-05-01T11:35:00,3,9687376,158805
OK,55,60,910,55,2014-05-01T11:40:00,5,9687825,158805
OK,61,54,910,61,2014-05-01T11:45:00,8,9688274,158805
OK,58,57,910,58,2014-05-01T11:50:00,10,9688723,158805
OK,55,60,910,55,2014-05-01T11:55:00,5,9689172,158805
OK,55,60,910,55,2014-05-01T12:00:00,5,9689621,158805
OK,61,54,910,61,2014-05-01T12:05:00,8,9690070,158805
OK,65,50,910,65,2014-05-01T12:10:00,7,9690519,158805
OK,65,50,910,65,2014-05-01T12:15:00,3,9690968,158805
OK,54,61,910,54,2014-05-01T12:20:00,2,9691417,158805
OK,53,62,910,53,2014-05-01T12:25:00,4,9691866,158805
OK,58,57,910,58,2014-05-01T12:30:00,4,9692315,158805
OK,69,48,910,69,2014-05-01T12:35:00,6,9692764,158805
OK,68,48,910,68,2014-05-01T12:40:00,8,9693213,158805
OK,61,54,910,61,2014-05-01T12:45:00,6,9693662,158805
OK,67,49,910,67,2014-05-01T12:50:00,6,9694111,158805
OK,66,50,910,66,2014-05-01T12:55:00,7,9694560,158805
OK,64,51,910,64,2014-05-01T13:00:00,6,9695009,158805
OK,62,53,910,62,2014-05-01T13:05:00,9,9695458,158805
OK,62,53,910,62,2014-05-01T13:10:00,7,9695907,158805
OK,63,52,910,63,2014-05-01T13:15:00,7,9696356,158805
OK,57,58,910,57,2014-05-01T13:20:00,17,9696805,158805
OK,57,58,910,57,2014-05-01T13:25:00,22,9697254,158805
OK,62,53,910,62,2014-05-01T13:30:00,15,9697703,158805
OK,61,54,910,61,2014-05-01T13:35:00,12,9698152,158805
OK,63,52,910,63,2014-05-01T13:40:00,11,9698601,158805
OK,69,48,910,69,2014-05-01T13:45:00,9,9699050,158805
OK,60,55,910,60,2014-05-01T13:50:00,7,9699499,158805
OK,54,61,910,54,2014-05-01T13:55:00,5,9699948,158805
OK,62,53,910,62,2014-05-01T14:00:00,10,9700397,158805
OK,61,54,910,61,2014-05-01T14:05:00,6,9700846,158805
OK,61,54,910,61,2014-05-01T14:10:00,10,9701295,158805
OK,60,55,910,60,2014-05-01T14:15:00,12,9701744,158805
OK,58,57,910,58,2014-05-01T14:20:00,13,9702193,158805
OK,60,55,910,60,2014-05-01T14:25:00,15,9702642,158805
OK,58,57,910,58,2014-05-01T14:30:00,14,9703091,158805
OK,58,57,910,58,2014-05-01T14:35:00,12,9703540,158805
OK,60,55,910,60,2014-05-01T14:40:00,8,9703989,158805
OK,59,56,910,59,2014-05-01T14:45:00,6,9704438,158805
OK,56,59,910,56,2014-05-01T14:50:00,6,9704887,158805
OK,62,53,910,62,2014-05-01T14:55:00,8,9705336,158805
OK,57,58,910,57,2014-05-01T15:00:00,8,9705785,158805
OK,57,58,910,57,2014-05-01T15:05:00,6,9706234,158805
OK,64,51,910,64,2014-05-01T15:10:00,4,9706683,158805
OK,55,60,910,55,2014-05-01T15:15:00,4,9707132,158805
OK,72,46,910,72,2014-05-01T15:20:00,6,9707581,158805
OK,57,58,910,57,2014-05-01T15:25:00,10,9708030,158805
OK,54,61,910,54,2014-05-01T15:30:00,9,9708479,158805
OK,56,59,910,56,2014-05-01T15:35:00,6,9708928,158805
OK,54,61,910,54,2014-05-01T15:40:00,3,9709377,158805
OK,66,50,910,66,2014-05-01T15:45:00,2,9709826,158805
OK,54,61,910,54,2014-05-01T15:50:00,5,9710275,158805
OK,55,60,910,55,2014-05-01T15:55:00,7,9710724,158805
OK,59,56,910,59,2014-05-01T16:00:00,5,9711173,158805
OK,59,56,910,59,2014-05-01T16:05:00,1,9711622,158805
OK,60,55,910,60,2014-05-01T16:10:00,2,9712071,158805
OK,50,66,910,50,2014-05-01T16:15:00,3,9712520,158805
OK,58,57,910,58,2014-05-01T16:20:00,4,9712969,158805
OK,58,57,910,58,2014-05-01T16:25:00,6,9713418,158805
OK,55,60,910,55,2014-05-01T16:30:00,4,9713867,158805
OK,45,73,910,45,2014-05-01T16:35:00,1,9714316,158805
OK,52,63,910,52,2014-05-01T16:40:00,1,9714765,158805
OK,50,66,910,50,2014-05-01T16:45:00,4,9715214,158805
OK,59,56,910,59,2014-05-01T16:50:00,2,9715663,158805
OK,50,66,910,50,2014-05-01T16:55:00,3,9716112,158805
OK,53,62,910,53,2014-05-01T17:00:00,5,9716561,158805
OK,62,53,910,62,2014-05-01T17:05:00,9,9717010,158805
OK,57,58,910,57,2014-05-01T17:10:00,9,9717459,158805
OK,52,63,910,52,2014-05-01T17:15:00,4,9717908,158805
OK,50,66,910,50,2014-05-01T17:20:00,3,9718357,158805
OK,61,54,910,61,2014-05-01T17:25:00,3,9718806,158805
OK,55,60,910,55,2014-05-01T17:30:00,4,9719255,158805
OK,50,66,910,50,2014-05-01T17:35:00,3,9719704,158805
OK,62,53,910,62,2014-05-01T17:40:00,4,9720153,158805
OK,33,100,910,33,2014-05-01T17:45:00,1,9720602,158805
OK,44,75,910,44,2014-05-01T17:50:00,2,9721051,158805
OK,56,59,910,56,2014-05-01T17:55:00,2,9721500,158805
OK,58,57,910,58,2014-05-01T18:00:00,4,9721949,158805
OK,58,57,910,58,2014-05-01T18:05:00,6,9722398,158805
OK,51,64,910,51,2014-05-01T18:10:00,4,9722847,158805
OK,54,61,910,54,2014-05-01T18:15:00,2,9723296,158805
OK,59,56,910,59,2014-05-01T18:20:00,1,9723745,158805
OK,59,56,910,59,2014-05-01T18:25:00,0,9724194,158805
OK,59,56,910,59,2014-05-01T18:30:00,0,9724643,158805
OK,59,56,910,59,2014-05-01T18:35:00,0,9725092,158805
OK,64,51,910,64,2014-05-01T18:40:00,1,9725541,158805
OK,48,69,910,48,2014-05-01T18:45:00,3,9725990,158805
OK,48,69,910,48,2014-05-01T18:50:00,3,9726439,158805
OK,57,58,910,57,2014-05-01T18:55:00,0,9726888,158805
OK,54,61,910,54,2014-05-01T19:00:00,1,9727337,158805
OK,55,60,910,55,2014-05-01T19:05:00,1,9727786,158805
OK,55,60,910,55,2014-05-01T19:10:00,0,9728235,158805
OK,55,60,910,55,2014-05-01T19:15:00,0,9728684,158805
OK,55,60,910,55,2014-05-01T19:20:00,0,9729133,158805
OK,48,69,910,48,2014-05-01T19:25:00,1,9729582,158805
OK,48,69,910,48,2014-05-01T19:30:00,2,9730031,158805
OK,48,69,910,48,2014-05-01T19:35:00,3,9730480,158805
OK,53,62,910,53,2014-05-01T19:40:00,3,9730929,158805
OK,51,64,910,51,2014-05-01T19:45:00,2,9731378,158805
OK,49,67,910,49,2014-05-01T19:50:00,1,9731827,158805
OK,49,67,910,49,2014-05-01T19:55:00,0,9732276,158805
OK,48,69,910,48,2014-05-01T20:40:00,3,9735463,158805
OK,53,62,910,53,2014-05-01T22:00:00,0,9741239,158805
OK,53,62,910,53,2014-05-01T22:05:00,0,9741688,158805
OK,50,66,910,50,2014-05-01T22:20:00,0,9743035,158805
OK,64,51,910,64,2014-05-02T00:00:00,0,9750433,158805
OK,64,51,910,64,2014-05-02T00:05:00,0,9750882,158805
OK,64,51,910,64,2014-05-02T00:10:00,0,9751331,158805
OK,64,51,910,64,2014-05-02T00:15:00,0,9751780,158805
OK,64,51,910,64,2014-05-02T00:20:00,0,9752229,158805
OK,64,51,910,64,2014-05-02T00:25:00,0,9752678,158805
OK,64,51,910,64,2014-05-02T00:30:00,0,9753127,158805
OK,64,51,910,64,2014-05-02T00:35:00,0,9753576,158805
OK,64,51,910,64,2014-05-02T00:40:00,0,9754025,158805
OK,64,51,910,64,2014-05-02T00:45:00,0,9754474,158805
OK,64,51,910,64,2014-05-02T00:50:00,0,9754923,158805
OK,64,51,910,64,2014-05-02T00:55:00,0,9755372,158805
OK,64,51,910,64,2014-05-02T01:00:00,0,9755821,158805
OK,64,51,910,64,2014-05-02T01:05:00,0,9756270,158805
OK,64,51,910,64,2014-05-02T01:10:00,0,9756719,158805
OK,64,51,910,64,2014-05-02T01:15:00,0,9757168,158805
OK,64,51,910,64,2014-05-02T01:20:00,0,9757617,158805
OK,64,51,910,64,2014-05-02T01:25:00,0,9758066,158805
OK,64,51,910,64,2014-05-02T01:30:00,0,9758515,158805
OK,64,51,910,64,2014-05-02T01:35:00,0,9758964,158805
OK,64,51,910,64,2014-05-02T01:40:00,0,9759413,158805
OK,64,51,910,64,2014-05-02T01:45:00,0,9759862,158805
OK,64,51,910,64,2014-05-02T01:50:00,0,9760311,158805
OK,64,51,910,64,2014-05-02T01:55:00,0,9760760,158805
OK,64,51,910,64,2014-05-02T02:00:00,0,9761209,158805
OK,64,51,910,64,2014-05-02T02:05:00,0,9761658,158805
OK,64,51,910,64,2014-05-02T02:10:00,0,9762107,158805
OK,64,51,910,64,2014-05-02T02:15:00,0,9762556,158805
OK,64,51,910,64,2014-05-02T02:20:00,0,9763005,158805
OK,64,51,910,64,2014-05-02T02:25:00,0,9763454,158805
OK,64,51,910,64,2014-05-02T02:30:00,0,9763903,158805
OK,64,51,910,64,2014-05-02T02:35:00,0,9764352,158805
OK,51,64,910,51,2014-05-02T02:40:00,2,9764801,158805
OK,51,64,910,51,2014-05-02T02:45:00,2,9765250,158805
OK,51,64,910,51,2014-05-02T02:50:00,0,9765699,158805
OK,57,58,910,57,2014-05-02T02:55:00,1,9766148,158805
OK,57,58,910,57,2014-05-02T03:00:00,1,9766597,158805
OK,57,58,910,57,2014-05-02T03:05:00,0,9767046,158805
OK,57,58,910,57,2014-05-02T03:10:00,0,9767495,158805
OK,57,58,910,57,2014-05-02T03:15:00,0,9767944,158805
OK,42,78,910,42,2014-05-02T03:20:00,2,9768393,158805
OK,43,77,910,43,2014-05-02T03:25:00,0,9768842,158805
OK,43,77,910,43,2014-05-02T03:30:00,0,9769291,158805
OK,43,77,910,43,2014-05-02T03:35:00,0,9769740,158805
OK,43,77,910,43,2014-05-02T03:40:00,0,9770189,158805
OK,43,77,910,43,2014-05-02T03:45:00,0,9770638,158805
OK,54,61,910,54,2014-05-02T03:50:00,2,9771087,158805
OK,54,61,910,54,2014-05-02T03:55:00,4,9771536,158805
OK,67,49,910,67,2014-05-02T04:00:00,3,9771985,158805
OK,66,50,910,66,2014-05-02T04:05:00,2,9772434,158805
OK,64,51,910,64,2014-05-02T04:10:00,1,9772883,158805
OK,54,61,910,54,2014-05-02T04:15:00,2,9773332,158805
OK,54,61,910,54,2014-05-02T04:20:00,5,9773781,158805
OK,71,46,910,71,2014-05-02T04:25:00,4,9774230,158805
OK,59,56,910,59,2014-05-02T04:30:00,4,9774679,158805
OK,57,58,910,57,2014-05-02T04:35:00,2,9775128,158805
OK,56,59,910,56,2014-05-02T04:40:00,3,9775577,158805
OK,57,58,910,57,2014-05-02T04:45:00,4,9776026,158805
OK,59,56,910,59,2014-05-02T04:50:00,2,9776475,158805
OK,51,64,910,51,2014-05-02T04:55:00,3,9776924,158805
OK,55,60,910,55,2014-05-02T05:00:00,8,9777373,158805
OK,56,59,910,56,2014-05-02T05:05:00,10,9777822,158805
OK,56,59,910,56,2014-05-02T05:10:00,9,9778271,158805
OK,64,51,910,64,2014-05-02T05:15:00,9,9778720,158805
OK,56,59,910,56,2014-05-02T05:20:00,8,9779169,158805
OK,58,57,910,58,2014-05-02T05:25:00,6,9779618,158805
OK,79,41,910,79,2014-05-02T05:30:00,7,9780067,158805
OK,76,43,910,76,2014-05-02T05:35:00,10,9780516,158805
OK,73,45,910,73,2014-05-02T05:40:00,7,9780965,158805
OK,63,52,910,63,2014-05-02T05:45:00,7,9781414,158805
OK,60,55,910,60,2014-05-02T05:50:00,5,9781863,158805
OK,57,58,910,57,2014-05-02T05:55:00,7,9782312,158805
OK,58,57,910,58,2014-05-02T06:00:00,7,9782761,158805
OK,55,60,910,55,2014-05-02T06:05:00,7,9783210,158805
OK,51,64,910,51,2014-05-02T06:10:00,2,9783659,158805
OK,48,69,910,48,2014-05-02T06:15:00,0,9784108,158805
OK,62,53,910,62,2014-05-02T06:20:00,4,9784557,158805
OK,64,51,910,64,2014-05-02T06:25:00,3,9785006,158805
OK,49,67,910,49,2014-05-02T06:30:00,1,9785455,158805
OK,57,58,910,57,2014-05-02T06:35:00,6,9785904,158805
OK,65,50,910,65,2014-05-02T06:40:00,6,9786353,158805
OK,65,50,910,65,2014-05-02T06:45:00,4,9786802,158805
OK,60,55,910,60,2014-05-02T06:50:00,2,9787251,158805
OK,64,51,910,64,2014-05-02T06:55:00,1,9787700,158805
OK,66,50,910,66,2014-05-02T07:00:00,3,9788149,158805
OK,61,54,910,61,2014-05-02T07:05:00,8,9788598,158805
OK,62,53,910,62,2014-05-02T07:10:00,10,9789047,158805
OK,61,54,910,61,2014-05-02T07:15:00,10,9789496,158805
OK,70,47,910,70,2014-05-02T07:20:00,9,9789945,158805
OK,71,46,910,71,2014-05-02T07:25:00,3,9790394,158805
OK,67,49,910,67,2014-05-02T07:30:00,6,9790843,158805
OK,64,51,910,64,2014-05-02T07:35:00,7,9791292,158805
OK,77,43,910,77,2014-05-02T07:40:00,2,9791741,158805
OK,65,50,910,65,2014-05-02T07:45:00,5,9792190,158805
OK,65,50,910,65,2014-05-02T07:50:00,7,9792639,158805
OK,66,50,910,66,2014-05-02T07:55:00,5,9793088,158805
OK,58,57,910,58,2014-05-02T08:00:00,3,9793537,158805
OK,60,55,910,60,2014-05-02T08:05:00,5,9793986,158805
OK,65,50,910,65,2014-05-02T08:10:00,6,9794435,158805
OK,65,50,910,65,2014-05-02T08:15:00,4,9794884,158805
OK,74,44,910,74,2014-05-02T08:20:00,12,9795333,158805
OK,74,44,910,74,2014-05-02T08:25:00,12,9795782,158805
OK,76,43,910,76,2014-05-02T08:30:00,8,9796231,158805
OK,66,50,910,66,2014-05-02T08:35:00,12,9796680,158805
OK,59,56,910,59,2014-05-02T08:40:00,14,9797129,158805
OK,61,54,910,61,2014-05-02T08:45:00,8,9797578,158805
OK,63,52,910,63,2014-05-02T08:50:00,6,9798027,158805
OK,64,51,910,64,2014-05-02T08:55:00,9,9798476,158805
OK,62,53,910,62,2014-05-02T09:00:00,6,9798925,158805
OK,59,56,910,59,2014-05-02T09:05:00,9,9799374,158805
OK,59,56,910,59,2014-05-02T09:10:00,9,9799823,158805
OK,56,59,910,56,2014-05-02T09:15:00,7,9800272,158805
OK,59,56,910,59,2014-05-02T09:20:00,8,9800721,158805
OK,67,49,910,67,2014-05-02T09:25:00,14,9801170,158805
OK,66,50,910,66,2014-05-02T09:30:00,13,9801619,158805
OK,60,55,910,60,2014-05-02T09:35:00,7,9802068,158805
OK,70,47,910,70,2014-05-02T09:40:00,7,9802517,158805
OK,70,47,910,70,2014-05-02T09:45:00,8,9802966,158805
OK,55,60,910,55,2014-05-02T09:50:00,6,9803415,158805
OK,58,57,910,58,2014-05-02T09:55:00,5,9803864,158805
OK,74,44,910,74,2014-05-02T10:00:00,7,9804313,158805
OK,82,40,910,82,2014-05-02T10:05:00,9,9804762,158805
OK,82,40,910,82,2014-05-02T10:10:00,11,9805211,158805
OK,64,51,910,64,2014-05-02T10:15:00,13,9805660,158805
OK,64,51,910,64,2014-05-02T10:20:00,14,9806109,158805
OK,63,52,910,63,2014-05-02T10:25:00,13,9806558,158805
OK,57,58,910,57,2014-05-02T10:30:00,11,9807007,158805
OK,64,51,910,64,2014-05-02T10:35:00,9,9807456,158805
OK,84,39,910,84,2014-05-02T10:40:00,3,9807905,158805
OK,64,51,910,64,2014-05-02T10:45:00,6,9808354,158805
OK,82,40,910,82,2014-05-02T10:50:00,2,9808803,158805
OK,62,53,910,62,2014-05-02T10:55:00,8,9809252,158805
OK,67,49,910,67,2014-05-02T11:00:00,7,9809701,158805
OK,69,48,910,69,2014-05-02T11:05:00,7,9810150,158805
OK,64,51,910,64,2014-05-02T11:10:00,8,9810599,158805
OK,60,55,910,60,2014-05-02T11:15:00,10,9811048,158805
OK,58,57,910,58,2014-05-02T11:20:00,10,9811497,158805
OK,63,52,910,63,2014-05-02T11:25:00,7,9811946,158805
OK,64,51,910,64,2014-05-02T11:30:00,7,9812395,158805
OK,62,53,910,62,2014-05-02T11:35:00,9,9812844,158805
OK,69,48,910,69,2014-05-02T11:40:00,13,9813293,158805
OK,72,46,910,72,2014-05-02T11:45:00,14,9813742,158805
OK,71,46,910,71,2014-05-02T11:50:00,7,9814191,158805
OK,71,46,910,71,2014-05-02T11:55:00,7,9814640,158805
OK,57,58,910,57,2014-05-02T12:00:00,12,9815089,158805
OK,58,57,910,58,2014-05-02T12:05:00,14,9815538,158805
OK,73,45,910,73,2014-05-02T12:10:00,13,9815987,158805
OK,71,46,910,71,2014-05-02T12:15:00,18,9816436,158805
OK,70,47,910,70,2014-05-02T12:20:00,13,9816885,158805
OK,68,48,910,68,2014-05-02T12:25:00,13,9817334,158805
OK,67,49,910,67,2014-05-02T12:30:00,21,9817783,158805
OK,61,54,910,61,2014-05-02T12:35:00,19,9818232,158805
OK,63,52,910,63,2014-05-02T12:40:00,14,9818681,158805
OK,71,46,910,71,2014-05-02T12:45:00,7,9819130,158805
OK,83,39,910,83,2014-05-02T12:50:00,10,9819579,158805
OK,79,41,910,79,2014-05-02T12:55:00,17,9820028,158805
OK,61,54,910,61,2014-05-02T13:00:00,14,9820477,158805
OK,58,57,910,58,2014-05-02T13:05:00,9,9820926,158805
OK,65,50,910,65,2014-05-02T13:10:00,12,9821375,158805
OK,72,46,910,72,2014-05-02T13:15:00,14,9821824,158805
OK,69,48,910,69,2014-05-02T13:20:00,12,9822273,158805
OK,65,50,910,65,2014-05-02T13:25:00,13,9822722,158805
OK,66,50,910,66,2014-05-02T13:30:00,12,9823171,158805
OK,68,48,910,68,2014-05-02T13:35:00,8,9823620,158805
OK,59,56,910,59,2014-05-02T13:40:00,15,9824069,158805
OK,59,56,910,59,2014-05-02T13:45:00,18,9824518,158805
OK,61,54,910,61,2014-05-02T13:50:00,14,9824967,158805
OK,65,50,910,65,2014-05-02T13:55:00,16,9825416,158805
OK,69,48,910,69,2014-05-02T14:00:00,9,9825865,158805
OK,57,58,910,57,2014-05-02T14:05:00,10,9826314,158805
OK,58,57,910,58,2014-05-02T14:10:00,13,9826763,158805
OK,68,48,910,68,2014-05-02T14:15:00,17,9827212,158805
OK,59,56,910,59,2014-05-02T14:20:00,17,9827661,158805
OK,59,56,910,59,2014-05-02T14:25:00,10,9828110,158805
OK,70,47,910,70,2014-05-02T14:30:00,10,9828559,158805
OK,63,52,910,63,2014-05-02T14:35:00,9,9829008,158805
OK,71,46,910,71,2014-05-02T14:40:00,8,9829457,158805
OK,64,51,910,64,2014-05-02T14:45:00,6,9829906,158805
OK,56,59,910,56,2014-05-02T14:50:00,9,9830355,158805
OK,59,56,910,59,2014-05-02T14:55:00,9,9830804,158805
OK,59,56,910,59,2014-05-02T15:00:00,6,9831253,158805
OK,59,56,910,59,2014-05-02T15:05:00,2,9831702,158805
OK,42,78,910,42,2014-05-02T15:10:00,1,9832151,158805
OK,55,60,910,55,2014-05-02T15:15:00,2,9832600,158805
OK,48,69,910,48,2014-05-02T15:20:00,4,9833049,158805
OK,45,73,910,45,2014-05-02T15:25:00,3,9833498,158805
OK,53,62,910,53,2014-05-02T15:30:00,5,9833947,158805
OK,56,59,910,56,2014-05-02T15:35:00,7,9834396,158805
OK,59,56,910,59,2014-05-02T15:40:00,4,9834845,158805
OK,75,44,910,75,2014-05-02T15:45:00,4,9835294,158805
OK,63,52,910,63,2014-05-02T15:50:00,5,9835743,158805
OK,53,62,910,53,2014-05-02T15:55:00,3,9836192,158805
OK,59,56,910,59,2014-05-02T16:00:00,1,9836641,158805
OK,59,56,910,59,2014-05-02T16:05:00,2,9837090,158805
OK,60,55,910,60,2014-05-02T16:10:00,5,9837539,158805
OK,54,61,910,54,2014-05-02T16:15:00,4,9837988,158805
OK,65,50,910,65,2014-05-02T16:20:00,6,9838437,158805
OK,66,50,910,66,2014-05-02T16:25:00,6,9838886,158805
OK,68,48,910,68,2014-05-02T16:30:00,1,9839335,158805
OK,49,67,910,49,2014-05-02T16:35:00,1,9839784,158805
OK,56,59,910,56,2014-05-02T16:40:00,2,9840233,158805
OK,52,63,910,52,2014-05-02T16:45:00,1,9840682,158805
OK,67,49,910,67,2014-05-02T16:50:00,1,9841131,158805
OK,60,55,910,60,2014-05-02T16:55:00,2,9841580,158805
OK,53,62,910,53,2014-05-02T17:00:00,3,9842029,158805
OK,57,58,910,57,2014-05-02T17:05:00,3,9842478,158805
OK,58,57,910,58,2014-05-02T17:10:00,4,9842927,158805
OK,54,61,910,54,2014-05-02T17:15:00,3,9843376,158805
OK,44,75,910,44,2014-05-02T17:20:00,1,9843825,158805
OK,75,44,910,75,2014-05-02T17:25:00,4,9844274,158805
OK,65,50,910,65,2014-05-02T17:30:00,5,9844723,158805
OK,57,58,910,57,2014-05-02T17:35:00,3,9845172,158805
OK,57,58,910,57,2014-05-02T17:40:00,3,9845621,158805
OK,56,59,910,56,2014-05-02T17:45:00,6,9846070,158805
OK,55,60,910,55,2014-05-02T17:50:00,5,9846519,158805
OK,57,58,910,57,2014-05-02T17:55:00,1,9846968,158805
OK,57,58,910,57,2014-05-02T18:00:00,0,9847417,158805
OK,47,70,910,47,2014-05-02T18:05:00,1,9847866,158805
OK,59,56,910,59,2014-05-02T18:10:00,3,9848315,158805
OK,59,56,910,59,2014-05-02T18:15:00,3,9848764,158805
OK,46,72,910,46,2014-05-02T18:20:00,2,9849213,158805
OK,50,66,910,50,2014-05-02T18:25:00,3,9849662,158805
OK,49,67,910,49,2014-05-02T18:30:00,2,9850111,158805
OK,48,69,910,48,2014-05-02T18:35:00,2,9850560,158805
OK,50,66,910,50,2014-05-02T18:40:00,2,9851009,158805
OK,65,50,910,65,2014-05-02T18:45:00,3,9851458,158805
OK,53,62,910,53,2014-05-02T18:50:00,7,9851907,158805
OK,51,64,910,51,2014-05-02T18:55:00,6,9852356,158805
OK,50,66,910,50,2014-05-02T19:00:00,3,9852805,158805
OK,55,60,910,55,2014-05-02T19:05:00,1,9853254,158805
OK,55,60,910,55,2014-05-02T19:10:00,4,9853703,158805
OK,62,53,910,62,2014-05-02T19:15:00,3,9854152,158805
OK,60,55,910,60,2014-05-02T19:20:00,2,9854601,158805
OK,60,55,910,60,2014-05-02T19:25:00,0,9855050,158805
OK,60,55,910,60,2014-05-02T19:30:00,0,9855499,158805
OK,54,61,910,54,2014-05-02T19:35:00,1,9855948,158805
OK,54,61,910,54,2014-05-02T19:40:00,1,9856397,158805
OK,51,64,910,51,2014-05-02T19:45:00,1,9856846,158805
OK,51,64,910,51,2014-05-02T19:50:00,1,9857295,158805
OK,66,50,910,66,2014-05-02T19:55:00,3,9857744,158805
OK,41,80,910,41,2014-05-02T21:50:00,1,9866434,158805
OK,41,80,910,41,2014-05-02T22:00:00,0,9867178,158805
OK,59,56,910,59,2014-05-02T22:05:00,1,9867627,158805
OK,57,58,910,57,2014-05-02T22:10:00,4,9868076,158805
OK,57,58,910,57,2014-05-02T22:20:00,2,9868974,158805
OK,71,46,910,71,2014-05-03T00:00:00,0,9876109,158805
OK,71,46,910,71,2014-05-03T00:05:00,0,9876558,158805
OK,71,46,910,71,2014-05-03T00:10:00,0,9877007,158805
OK,49,67,910,49,2014-05-03T00:15:00,1,9877456,158805
OK,49,67,910,49,2014-05-03T00:20:00,0,9877905,158805
OK,49,67,910,49,2014-05-03T00:25:00,0,9878354,158805
OK,49,67,910,49,2014-05-03T00:30:00,0,9878803,158805
OK,49,67,910,49,2014-05-03T00:35:00,0,9879252,158805
OK,49,67,910,49,2014-05-03T00:40:00,0,9879701,158805
OK,49,67,910,49,2014-05-03T00:45:00,0,9880150,158805
OK,49,67,910,49,2014-05-03T00:50:00,0,9880599,158805
OK,49,67,910,49,2014-05-03T00:55:00,0,9881048,158805
OK,49,67,910,49,2014-05-03T01:00:00,0,9881497,158805
OK,49,67,910,49,2014-05-03T01:05:00,0,9881946,158805
OK,49,67,910,49,2014-05-03T01:10:00,0,9882395,158805
OK,49,67,910,49,2014-05-03T01:15:00,0,9882844,158805
OK,49,67,910,49,2014-05-03T01:20:00,0,9883293,158805
OK,49,67,910,49,2014-05-03T01:25:00,0,9883742,158805
OK,51,64,910,51,2014-05-03T01:30:00,2,9884191,158805
OK,54,61,910,54,2014-05-03T01:35:00,0,9884640,158805
OK,54,61,910,54,2014-05-03T01:40:00,0,9885089,158805
OK,54,61,910,54,2014-05-03T01:45:00,0,9885538,158805
OK,57,58,910,57,2014-05-03T01:50:00,1,9885987,158805
OK,57,58,910,57,2014-05-03T01:55:00,0,9886436,158805
OK,57,58,910,57,2014-05-03T02:00:00,0,9886885,158805
OK,57,58,910,57,2014-05-03T02:05:00,0,9887334,158805
OK,57,58,910,57,2014-05-03T02:10:00,0,9887783,158805
OK,57,58,910,57,2014-05-03T02:15:00,0,9888232,158805
OK,57,58,910,57,2014-05-03T02:20:00,0,9888681,158805
OK,57,58,910,57,2014-05-03T02:25:00,0,9889130,158805
OK,57,58,910,57,2014-05-03T02:30:00,0,9889579,158805
OK,57,58,910,57,2014-05-03T02:35:00,0,9890028,158805
OK,57,58,910,57,2014-05-03T02:40:00,0,9890477,158805
OK,57,58,910,57,2014-05-03T02:45:00,0,9890926,158805
OK,57,58,910,57,2014-05-03T02:50:00,0,9891375,158805
OK,57,58,910,57,2014-05-03T02:55:00,0,9891824,158805
OK,57,58,910,57,2014-05-03T03:00:00,0,9892273,158805
OK,57,58,910,57,2014-05-03T03:05:00,0,9892722,158805
OK,57,58,910,57,2014-05-03T03:10:00,0,9893171,158805
OK,57,58,910,57,2014-05-03T03:15:00,0,9893620,158805
OK,57,58,910,57,2014-05-03T03:20:00,0,9894069,158805
OK,47,70,910,47,2014-05-03T03:25:00,0,9894518,158805
OK,47,70,910,47,2014-05-03T03:30:00,0,9894967,158805
OK,55,60,910,55,2014-05-03T03:35:00,0,9895416,158805
OK,55,60,910,55,2014-05-03T03:40:00,0,9895865,158805
OK,47,70,910,47,2014-05-03T03:45:00,1,9896314,158805
OK,47,70,910,47,2014-05-03T03:50:00,0,9896763,158805
OK,47,70,910,47,2014-05-03T03:55:00,0,9897212,158805
OK,51,64,910,51,2014-05-03T04:15:00,3,9898974,158805
OK,51,64,910,51,2014-05-03T04:20:00,3,9899423,158805
OK,58,57,910,58,2014-05-03T04:55:00,0,9902376,158805
OK,58,57,910,58,2014-05-03T05:00:00,0,9902825,158805
OK,58,57,910,58,2014-05-03T05:10:00,0,9903723,158805
OK,56,59,910,56,2014-05-03T05:25:00,1,9904863,158805
OK,68,48,910,68,2014-05-03T06:00:00,2,9908006,158805
OK,66,50,910,66,2014-05-03T06:05:00,0,9908455,158805
OK,68,48,910,68,2014-05-03T06:10:00,1,9908904,158805
OK,68,48,910,68,2014-05-03T06:15:00,1,9909353,158805
OK,64,51,910,64,2014-05-03T06:20:00,2,9909802,158805
OK,64,51,910,64,2014-05-03T06:25:00,3,9910251,158805
OK,52,63,910,52,2014-05-03T06:30:00,3,9910700,158805
OK,65,50,910,65,2014-05-03T06:35:00,1,9911149,158805
OK,65,50,910,65,2014-05-03T06:40:00,2,9911598,158805
OK,65,50,910,65,2014-05-03T06:45:00,0,9912047,158805
OK,56,59,910,56,2014-05-03T06:50:00,3,9912496,158805
OK,58,57,910,58,2014-05-03T06:55:00,4,9912945,158805
OK,62,53,910,62,2014-05-03T07:00:00,3,9913394,158805
OK,62,53,910,62,2014-05-03T07:05:00,0,9913843,158805
OK,62,53,910,62,2014-05-03T07:10:00,0,9914292,158805
OK,62,53,910,62,2014-05-03T07:15:00,0,9914741,158805
OK,62,53,910,62,2014-05-03T07:20:00,0,9915190,158805
OK,62,53,910,62,2014-05-03T07:25:00,0,9915639,158805
OK,62,53,910,62,2014-05-03T07:30:00,0,9916088,158805
OK,62,53,910,62,2014-05-03T07:35:00,0,9916537,158805
OK,62,53,910,62,2014-05-03T07:40:00,0,9916986,158805
OK,58,57,910,58,2014-05-03T07:45:00,4,9917435,158805
OK,58,57,910,58,2014-05-03T07:50:00,5,9917884,158805
OK,55,60,910,55,2014-05-03T07:55:00,5,9918333,158805
OK,62,53,910,62,2014-05-03T08:00:00,4,9918782,158805
OK,74,44,910,74,2014-05-03T08:05:00,2,9919231,158805
OK,61,54,910,61,2014-05-03T08:10:00,2,9919680,158805
OK,51,64,910,51,2014-05-03T08:15:00,3,9920129,158805
OK,60,55,910,60,2014-05-03T08:20:00,3,9920578,158805
OK,60,55,910,60,2014-05-03T08:25:00,3,9921027,158805
OK,64,51,910,64,2014-05-03T08:30:00,2,9921476,158805
OK,66,50,910,66,2014-05-03T08:35:00,4,9921925,158805
OK,64,51,910,64,2014-05-03T08:40:00,3,9922374,158805
OK,64,51,910,64,2014-05-03T08:45:00,4,9922823,158805
OK,64,51,910,64,2014-05-03T08:50:00,4,9923272,158805
OK,55,60,910,55,2014-05-03T08:55:00,0,9923721,158805
OK,61,54,910,61,2014-05-03T09:00:00,1,9924170,158805
OK,55,60,910,55,2014-05-03T09:05:00,2,9924619,158805
OK,49,67,910,49,2014-05-03T09:10:00,1,9925068,158805
OK,54,61,910,54,2014-05-03T09:15:00,1,9925517,158805
OK,54,61,910,54,2014-05-03T09:20:00,1,9925966,158805
OK,71,46,910,71,2014-05-03T09:25:00,1,9926415,158805
OK,54,61,910,54,2014-05-03T09:30:00,3,9926864,158805
OK,53,62,910,53,2014-05-03T09:35:00,6,9927313,158805
OK,60,55,910,60,2014-05-03T09:40:00,9,9927762,158805
OK,60,55,910,60,2014-05-03T09:45:00,6,9928211,158805
OK,66,50,910,66,2014-05-03T09:50:00,2,9928660,158805
OK,72,46,910,72,2014-05-03T09:55:00,1,9929109,158805
OK,60,55,910,60,2014-05-03T10:00:00,8,9929558,158805
OK,60,55,910,60,2014-05-03T10:05:00,11,9930007,158805
OK,58,57,910,58,2014-05-03T10:10:00,7,9930456,158805
OK,58,57,910,58,2014-05-03T10:15:00,6,9930905,158805
OK,52,63,910,52,2014-05-03T10:20:00,3,9931354,158805
OK,53,62,910,53,2014-05-03T10:25:00,5,9931803,158805
OK,62,53,910,62,2014-05-03T10:30:00,4,9932252,158805
OK,86,38,910,86,2014-05-03T10:35:00,1,9932701,158805
OK,50,66,910,50,2014-05-03T10:40:00,2,9933150,158805
OK,66,50,910,66,2014-05-03T10:45:00,5,9933599,158805
OK,61,54,910,61,2014-05-03T10:50:00,10,9934048,158805
OK,60,55,910,60,2014-05-03T10:55:00,7,9934497,158805
OK,58,57,910,58,2014-05-03T11:00:00,4,9934946,158805
OK,60,55,910,60,2014-05-03T11:05:00,8,9935395,158805
OK,61,54,910,61,2014-05-03T11:10:00,6,9935844,158805
OK,64,51,910,64,2014-05-03T11:15:00,2,9936293,158805
OK,64,51,910,64,2014-05-03T11:20:00,5,9936742,158805
OK,63,52,910,63,2014-05-03T11:25:00,7,9937191,158805
OK,62,53,910,62,2014-05-03T11:30:00,4,9937640,158805
OK,65,50,910,65,2014-05-03T11:35:00,0,9938089,158805
OK,75,44,910,75,2014-05-03T11:40:00,1,9938538,158805
OK,75,44,910,75,2014-05-03T11:45:00,1,9938987,158805
OK,56,59,910,56,2014-05-03T11:50:00,5,9939436,158805
OK,61,54,910,61,2014-05-03T11:55:00,8,9939885,158805
OK,73,45,910,73,2014-05-03T12:00:00,8,9940334,158805
OK,83,39,910,83,2014-05-03T12:05:00,6,9940783,158805
OK,64,51,910,64,2014-05-03T12:10:00,5,9941232,158805
OK,67,49,910,67,2014-05-03T12:15:00,4,9941681,158805
OK,68,48,910,68,2014-05-03T12:20:00,5,9942130,158805
OK,65,50,910,65,2014-05-03T12:25:00,5,9942579,158805
OK,59,56,910,59,2014-05-03T12:30:00,4,9943028,158805
OK,66,50,910,66,2014-05-03T12:35:00,3,9943477,158805
OK,78,42,910,78,2014-05-03T12:40:00,3,9943926,158805
OK,78,42,910,78,2014-05-03T12:45:00,5,9944375,158805
OK,67,49,910,67,2014-05-03T12:50:00,5,9944824,158805
OK,64,51,910,64,2014-05-03T12:55:00,3,9945273,158805
OK,58,57,910,58,2014-05-03T13:00:00,3,9945722,158805
OK,57,58,910,57,2014-05-03T13:05:00,4,9946171,158805
OK,57,58,910,57,2014-05-03T13:10:00,4,9946620,158805
OK,56,59,910,56,2014-05-03T13:15:00,5,9947069,158805
OK,59,56,910,59,2014-05-03T13:20:00,7,9947518,158805
OK,66,50,910,66,2014-05-03T13:25:00,4,9947967,158805
OK,65,50,910,65,2014-05-03T13:30:00,3,9948416,158805
OK,65,50,910,65,2014-05-03T13:35:00,3,9948865,158805
OK,60,55,910,60,2014-05-03T13:40:00,1,9949314,158805
OK,54,61,910,54,2014-05-03T13:45:00,4,9949763,158805
OK,54,61,910,54,2014-05-03T13:50:00,9,9950212,158805
OK,61,54,910,61,2014-05-03T13:55:00,10,9950661,158805
OK,61,54,910,61,2014-05-03T14:00:00,9,9951110,158805
OK,55,60,910,55,2014-05-03T14:05:00,5,9951559,158805
OK,50,66,910,50,2014-05-03T14:10:00,3,9952008,158805
OK,49,67,910,49,2014-05-03T14:15:00,6,9952457,158805
OK,52,63,910,52,2014-05-03T14:20:00,4,9952906,158805
OK,59,56,910,59,2014-05-03T14:25:00,3,9953355,158805
OK,59,56,910,59,2014-05-03T14:30:00,7,9953804,158805
OK,56,59,910,56,2014-05-03T14:35:00,6,9954253,158805
OK,52,63,910,52,2014-05-03T14:40:00,7,9954702,158805
OK,51,64,910,51,2014-05-03T14:45:00,6,9955151,158805
OK,54,61,910,54,2014-05-03T14:50:00,6,9955600,158805
OK,57,58,910,57,2014-05-03T14:55:00,5,9956048,158805
OK,59,56,910,59,2014-05-03T15:00:00,5,9956497,158805
OK,57,58,910,57,2014-05-03T15:05:00,6,9956946,158805
OK,57,58,910,57,2014-05-03T15:10:00,8,9957395,158805
OK,61,54,910,61,2014-05-03T15:15:00,11,9957844,158805
OK,58,57,910,58,2014-05-03T15:20:00,11,9958293,158805
OK,54,61,910,54,2014-05-03T15:25:00,4,9958742,158805
OK,62,53,910,62,2014-05-03T15:30:00,2,9959191,158805
OK,62,53,910,62,2014-05-03T15:35:00,2,9959640,158805
OK,53,62,910,53,2014-05-03T15:40:00,3,9960089,158805
OK,53,62,910,53,2014-05-03T15:45:00,3,9960538,158805
OK,51,64,910,51,2014-05-03T15:50:00,3,9960987,158805
OK,52,63,910,52,2014-05-03T15:55:00,4,9961436,158805
OK,59,56,910,59,2014-05-03T16:00:00,3,9961885,158805
OK,60,55,910,60,2014-05-03T16:05:00,6,9962334,158805
OK,56,59,910,56,2014-05-03T16:10:00,7,9962783,158805
OK,60,55,910,60,2014-05-03T16:15:00,4,9963232,158805
OK,65,50,910,65,2014-05-03T16:20:00,3,9963681,158805
OK,69,48,910,69,2014-05-03T16:25:00,4,9964130,158805
OK,64,51,910,64,2014-05-03T16:30:00,5,9964579,158805
OK,61,54,910,61,2014-05-03T16:35:00,4,9965028,158805
OK,63,52,910,63,2014-05-03T16:40:00,3,9965477,158805
OK,73,45,910,73,2014-05-03T16:45:00,2,9965926,158805
OK,83,39,910,83,2014-05-03T16:50:00,1,9966375,158805
OK,94,35,910,94,2014-05-03T16:55:00,3,9966824,158805
OK,94,35,910,94,2014-05-03T17:00:00,3,9967273,158805
OK,55,60,910,55,2014-05-03T17:05:00,3,9967722,158805
OK,57,58,910,57,2014-05-03T17:10:00,6,9968171,158805
OK,56,59,910,56,2014-05-03T17:15:00,5,9968620,158805
OK,58,57,910,58,2014-05-03T17:20:00,2,9969069,158805
OK,60,55,910,60,2014-05-03T17:25:00,1,9969518,158805
OK,76,43,910,76,2014-05-03T17:30:00,3,9969967,158805
OK,76,43,910,76,2014-05-03T17:35:00,3,9970416,158805
OK,76,43,910,76,2014-05-03T17:40:00,0,9970865,158805
OK,44,75,910,44,2014-05-03T17:45:00,1,9971313,158805
OK,44,75,910,44,2014-05-03T17:50:00,3,9971762,158805
OK,54,61,910,54,2014-05-03T17:55:00,4,9972211,158805
OK,59,56,910,59,2014-05-03T18:00:00,3,9972660,158805
OK,54,61,910,54,2014-05-03T18:05:00,2,9973109,158805
OK,50,66,910,50,2014-05-03T18:10:00,1,9973558,158805
OK,50,66,910,50,2014-05-03T18:15:00,0,9974007,158805
OK,50,66,910,50,2014-05-03T18:20:00,0,9974456,158805
OK,65,50,910,65,2014-05-03T18:25:00,1,9974905,158805
OK,48,69,910,48,2014-05-03T18:30:00,4,9975354,158805
OK,47,70,910,47,2014-05-03T18:35:00,4,9975803,158805
OK,48,69,910,48,2014-05-03T18:40:00,0,9976252,158805
OK,67,49,910,67,2014-05-03T18:45:00,1,9976701,158805
OK,62,53,910,62,2014-05-03T18:50:00,2,9977150,158805
OK,58,57,910,58,2014-05-03T18:55:00,0,9977599,158805
OK,58,57,910,58,2014-05-03T19:00:00,2,9978048,158805
OK,54,61,910,54,2014-05-03T19:05:00,1,9978497,158805
OK,54,61,910,54,2014-05-03T19:10:00,2,9978946,158805
OK,75,44,910,75,2014-05-03T19:15:00,3,9979395,158805
OK,64,51,910,64,2014-05-03T19:20:00,1,9979844,158805
OK,77,43,910,77,2014-05-03T19:25:00,1,9980293,158805
OK,77,43,910,77,2014-05-03T19:30:00,1,9980742,158805
OK,77,43,910,77,2014-05-03T19:35:00,0,9981191,158805
OK,77,43,910,77,2014-05-03T19:40:00,0,9981640,158805
OK,77,43,910,77,2014-05-03T19:45:00,0,9982089,158805
OK,58,57,910,58,2014-05-03T19:50:00,1,9982538,158805
OK,56,59,910,56,2014-05-03T19:55:00,2,9982987,158805
OK,61,54,910,61,2014-05-03T20:00:00,3,9983436,158805
OK,64,51,910,64,2014-05-03T20:05:00,2,9983885,158805
OK,86,38,910,86,2014-05-03T20:10:00,1,9984334,158805
OK,86,38,910,86,2014-05-03T20:15:00,3,9984783,158805
OK,76,43,910,76,2014-05-03T20:20:00,2,9985232,158805
OK,61,54,910,61,2014-05-03T20:25:00,1,9985681,158805
OK,63,52,910,63,2014-05-03T20:30:00,2,9986130,158805
OK,66,50,910,66,2014-05-03T20:35:00,2,9986579,158805
OK,65,50,910,65,2014-05-03T20:40:00,2,9987027,158805
OK,63,52,910,63,2014-05-03T20:45:00,1,9987476,158805
OK,63,52,910,63,2014-05-03T20:50:00,0,9987925,158805
OK,73,45,910,73,2014-05-03T20:55:00,1,9988374,158805
OK,68,48,910,68,2014-05-03T21:00:00,2,9988823,158805
OK,60,55,910,60,2014-05-03T21:05:00,2,9989272,158805
OK,56,59,910,56,2014-05-03T21:10:00,1,9989721,158805
OK,62,53,910,62,2014-05-03T21:15:00,3,9990170,158805
OK,62,53,910,62,2014-05-03T21:20:00,3,9990619,158805
OK,92,36,910,92,2014-05-03T21:25:00,1,9991068,158805
OK,74,44,910,74,2014-05-03T21:30:00,1,9991517,158805
OK,74,44,910,74,2014-05-03T21:35:00,1,9991966,158805
OK,66,50,910,66,2014-05-03T21:40:00,2,9992415,158805
OK,66,50,910,66,2014-05-03T21:45:00,2,9992864,158805
OK,58,57,910,58,2014-05-03T21:50:00,1,9993313,158805
OK,58,57,910,58,2014-05-03T21:55:00,1,9993762,158805
OK,58,57,910,58,2014-05-03T22:00:00,0,9994211,158805
OK,58,57,910,58,2014-05-03T22:05:00,0,9994660,158805
OK,58,57,910,58,2014-05-03T22:10:00,0,9995109,158805
OK,52,63,910,52,2014-05-03T22:15:00,2,9995558,158805
OK,54,61,910,54,2014-05-03T22:20:00,5,9996007,158805
OK,52,63,910,52,2014-05-03T22:25:00,2,9996456,158805
OK,44,75,910,44,2014-05-03T22:30:00,0,9996905,158805
OK,48,69,910,48,2014-05-03T22:35:00,1,9997354,158805
OK,48,69,910,48,2014-05-03T22:40:00,1,9997803,158805
OK,48,69,910,48,2014-05-03T22:45:00,0,9998252,158805
OK,48,69,910,48,2014-05-03T22:50:00,0,9998701,158805
OK,48,69,910,48,2014-05-03T22:55:00,0,9999150,158805
OK,48,69,910,48,2014-05-03T23:00:00,0,9999599,158805
OK,52,63,910,52,2014-05-03T23:10:00,2,10000247,158805
OK,52,63,910,52,2014-05-03T23:15:00,0,10000696,158805
OK,52,63,910,52,2014-05-03T23:20:00,0,10001145,158805
OK,52,63,910,52,2014-05-03T23:25:00,0,10001594,158805
OK,52,63,910,52,2014-05-03T23:30:00,0,10002043,158805
OK,52,63,910,52,2014-05-03T23:35:00,0,10002492,158805
OK,52,63,910,52,2014-05-03T23:40:00,0,10002941,158805
OK,52,63,910,52,2014-05-03T23:45:00,0,10003390,158805
OK,52,63,910,52,2014-05-03T23:50:00,0,10003839,158805
OK,45,73,910,45,2014-05-03T23:55:00,1,10004288,158805
OK,45,73,910,45,2014-05-04T00:00:00,1,10004737,158805
OK,45,73,910,45,2014-05-04T00:05:00,0,10005186,158805
OK,49,67,910,49,2014-05-04T00:10:00,2,10005635,158805
OK,49,67,910,49,2014-05-04T00:15:00,2,10006084,158805
OK,60,55,910,60,2014-05-04T00:20:00,1,10006533,158805
OK,52,63,910,52,2014-05-04T00:25:00,1,10006982,158805
OK,52,63,910,52,2014-05-04T00:30:00,0,10007431,158805
OK,43,77,910,43,2014-05-04T00:35:00,0,10007880,158805
OK,46,72,910,46,2014-05-04T00:40:00,1,10008329,158805
OK,46,72,910,46,2014-05-04T00:45:00,0,10008778,158805
OK,63,52,910,63,2014-05-04T00:50:00,1,10009227,158805
OK,63,52,910,63,2014-05-04T00:55:00,1,10009676,158805
OK,63,52,910,63,2014-05-04T01:00:00,0,10010125,158805
OK,63,52,910,63,2014-05-04T01:05:00,0,10010574,158805
OK,63,52,910,63,2014-05-04T01:10:00,0,10011023,158805
OK,63,52,910,63,2014-05-04T01:15:00,0,10011472,158805
OK,63,52,910,63,2014-05-04T01:20:00,0,10011921,158805
OK,63,52,910,63,2014-05-04T01:25:00,0,10012370,158805
OK,60,55,910,60,2014-05-04T01:30:00,1,10012819,158805
OK,60,55,910,60,2014-05-04T01:35:00,0,10013268,158805
OK,60,55,910,60,2014-05-04T01:40:00,0,10013717,158805
OK,60,55,910,60,2014-05-04T01:45:00,0,10014166,158805
OK,60,55,910,60,2014-05-04T01:50:00,0,10014615,158805
OK,60,55,910,60,2014-05-04T01:55:00,0,10015064,158805
OK,60,55,910,60,2014-05-04T02:00:00,0,10015513,158805
OK,60,55,910,60,2014-05-04T02:05:00,0,10015962,158805
OK,60,55,910,60,2014-05-04T02:10:00,0,10016411,158805
OK,60,55,910,60,2014-05-04T02:15:00,0,10016860,158805
OK,60,55,910,60,2014-05-04T02:20:00,0,10017309,158805
OK,60,55,910,60,2014-05-04T02:25:00,0,10017758,158805
OK,60,55,910,60,2014-05-04T02:30:00,0,10018207,158805
OK,60,55,910,60,2014-05-04T02:35:00,0,10018656,158805
OK,60,55,910,60,2014-05-04T02:40:00,0,10019105,158805
OK,60,55,910,60,2014-05-04T02:45:00,0,10019554,158805
OK,60,55,910,60,2014-05-04T02:50:00,0,10020003,158805
OK,60,55,910,60,2014-05-04T02:55:00,0,10020452,158805
OK,70,47,910,70,2014-05-04T03:00:00,3,10020901,158805
OK,70,47,910,70,2014-05-04T03:05:00,0,10021350,158805
OK,70,47,910,70,2014-05-04T03:10:00,0,10021799,158805
OK,70,47,910,70,2014-05-04T03:15:00,0,10022248,158805
OK,70,47,910,70,2014-05-04T03:20:00,0,10022697,158805
OK,70,47,910,70,2014-05-04T03:25:00,0,10023146,158805
OK,70,47,910,70,2014-05-04T03:30:00,0,10023595,158805
OK,70,47,910,70,2014-05-04T03:35:00,0,10024044,158805
OK,70,47,910,70,2014-05-04T03:40:00,0,10024493,158805
OK,46,72,910,46,2014-05-04T03:45:00,1,10024942,158805
OK,46,72,910,46,2014-05-04T03:50:00,0,10025391,158805
OK,57,58,910,57,2014-05-04T03:55:00,0,10025840,158805
OK,57,58,910,57,2014-05-04T04:10:00,0,10027187,158805
OK,55,60,910,55,2014-05-04T04:15:00,2,10027636,158805
OK,62,53,910,62,2014-05-04T04:20:00,1,10028085,158805
OK,62,53,910,62,2014-05-04T04:25:00,0,10028534,158805
OK,62,53,910,62,2014-05-04T04:30:00,0,10028983,158805
OK,62,53,910,62,2014-05-04T04:35:00,0,10029432,158805
OK,62,53,910,62,2014-05-04T04:40:00,0,10029881,158805
OK,62,53,910,62,2014-05-04T05:00:00,0,10031677,158805
OK,62,53,910,62,2014-05-04T05:05:00,0,10032126,158805
OK,40,82,910,40,2014-05-04T05:10:00,1,10032575,158805
OK,41,80,910,41,2014-05-04T05:25:00,0,10033922,158805
OK,69,48,910,69,2014-05-04T05:50:00,1,10036167,158805
OK,69,48,910,69,2014-05-04T06:00:00,0,10037041,158805
OK,69,48,910,69,2014-05-04T06:05:00,0,10037490,158805
OK,69,48,910,69,2014-05-04T06:10:00,0,10037939,158805
OK,69,48,910,69,2014-05-04T06:15:00,0,10038388,158805
OK,69,48,910,69,2014-05-04T06:20:00,0,10038837,158805
OK,69,48,910,69,2014-05-04T06:25:00,0,10039286,158805
OK,45,73,910,45,2014-05-04T06:30:00,1,10039735,158805
OK,43,77,910,43,2014-05-04T06:35:00,2,10040184,158805
OK,41,80,910,41,2014-05-04T06:40:00,1,10040633,158805
OK,41,80,910,41,2014-05-04T06:45:00,0,10041082,158805
OK,95,34,910,95,2014-05-04T06:50:00,2,10041531,158805
OK,93,35,910,93,2014-05-04T06:55:00,3,10041980,158805
OK,63,52,910,63,2014-05-04T07:00:00,1,10042429,158805
OK,63,52,910,63,2014-05-04T07:05:00,0,10042878,158805
OK,63,52,910,63,2014-05-04T07:10:00,0,10043327,158805
OK,63,52,910,63,2014-05-04T07:15:00,0,10043776,158805
OK,63,52,910,63,2014-05-04T07:20:00,0,10044225,158805
OK,63,52,910,63,2014-05-04T07:25:00,0,10044674,158805
OK,67,49,910,67,2014-05-04T07:30:00,2,10045123,158805
OK,67,49,910,67,2014-05-04T07:35:00,4,10045572,158805
OK,70,47,910,70,2014-05-04T07:40:00,2,10046021,158805
OK,50,66,910,50,2014-05-04T07:45:00,1,10046470,158805
OK,57,58,910,57,2014-05-04T07:50:00,2,10046919,158805
OK,64,51,910,64,2014-05-04T07:55:00,1,10047368,158805
OK,58,57,910,58,2014-05-04T08:00:00,2,10047817,158805
OK,54,61,910,54,2014-05-04T08:05:00,3,10048266,158805
OK,51,64,910,51,2014-05-04T08:10:00,3,10048715,158805
OK,55,60,910,55,2014-05-04T08:15:00,2,10049164,158805
OK,78,42,910,78,2014-05-04T08:20:00,2,10049613,158805
OK,72,46,910,72,2014-05-04T08:25:00,4,10050062,158805
OK,67,49,910,67,2014-05-04T08:30:00,3,10050511,158805
OK,61,54,910,61,2014-05-04T08:35:00,1,10050960,158805
OK,67,49,910,67,2014-05-04T08:40:00,3,10051409,158805
OK,60,55,910,60,2014-05-04T08:45:00,4,10051858,158805
OK,53,62,910,53,2014-05-04T08:50:00,2,10052307,158805
OK,62,53,910,62,2014-05-04T08:55:00,5,10052756,158805
OK,59,56,910,59,2014-05-04T09:00:00,4,10053205,158805
OK,55,60,910,55,2014-05-04T09:05:00,1,10053654,158805
OK,51,64,910,51,2014-05-04T09:10:00,5,10054103,158805
OK,51,64,910,51,2014-05-04T09:15:00,6,10054552,158805
OK,59,56,910,59,2014-05-04T09:20:00,5,10055001,158805
OK,71,46,910,71,2014-05-04T09:25:00,6,10055450,158805
OK,60,55,910,60,2014-05-04T09:30:00,9,10055899,158805
OK,60,55,910,60,2014-05-04T09:35:00,7,10056348,158805
OK,62,53,910,62,2014-05-04T09:40:00,3,10056797,158805
OK,62,53,910,62,2014-05-04T09:45:00,6,10057246,158805
OK,57,58,910,57,2014-05-04T09:50:00,5,10057694,158805
OK,57,58,910,57,2014-05-04T09:55:00,3,10058143,158805
OK,65,50,910,65,2014-05-04T10:00:00,2,10058592,158805
OK,66,50,910,66,2014-05-04T10:05:00,4,10059041,158805
OK,57,58,910,57,2014-05-04T10:10:00,6,10059490,158805
OK,56,59,910,56,2014-05-04T10:15:00,5,10059939,158805
OK,63,52,910,63,2014-05-04T10:20:00,5,10060388,158805
OK,66,50,910,66,2014-05-04T10:25:00,3,10060837,158805
OK,66,50,910,66,2014-05-04T10:30:00,2,10061286,158805
OK,54,61,910,54,2014-05-04T10:35:00,0,10061735,158805
OK,68,48,910,68,2014-05-04T10:40:00,4,10062184,158805
OK,66,50,910,66,2014-05-04T10:45:00,2,10062633,158805
OK,67,49,910,67,2014-05-04T10:50:00,4,10063082,158805
OK,65,50,910,65,2014-05-04T10:55:00,6,10063531,158805
OK,60,55,910,60,2014-05-04T11:00:00,3,10063980,158805
OK,60,55,910,60,2014-05-04T11:05:00,1,10064429,158805
OK,60,55,910,60,2014-05-04T11:10:00,4,10064878,158805
OK,58,57,910,58,2014-05-04T11:15:00,5,10065327,158805
OK,59,56,910,59,2014-05-04T11:20:00,2,10065776,158805
OK,71,46,910,71,2014-05-04T11:25:00,2,10066225,158805
OK,53,62,910,53,2014-05-04T11:30:00,4,10066674,158805
OK,52,63,910,52,2014-05-04T11:35:00,6,10067123,158805
OK,53,62,910,53,2014-05-04T11:40:00,4,10067572,158805
OK,67,49,910,67,2014-05-04T11:45:00,3,10068021,158805
OK,71,46,910,71,2014-05-04T11:50:00,6,10068470,158805
OK,64,51,910,64,2014-05-04T11:55:00,5,10068919,158805
OK,60,55,910,60,2014-05-04T12:00:00,4,10069368,158805
OK,60,55,910,60,2014-05-04T12:05:00,3,10069817,158805
OK,58,57,910,58,2014-05-04T12:10:00,5,10070266,158805
OK,58,57,910,58,2014-05-04T12:15:00,3,10070715,158805
OK,59,56,910,59,2014-05-04T12:20:00,4,10071164,158805
OK,66,50,910,66,2014-05-04T12:25:00,3,10071613,158805
OK,64,51,910,64,2014-05-04T12:30:00,2,10072062,158805
OK,66,50,910,66,2014-05-04T12:35:00,2,10072511,158805
OK,62,53,910,62,2014-05-04T12:40:00,4,10072960,158805
OK,66,50,910,66,2014-05-04T12:45:00,6,10073409,158805
OK,62,53,910,62,2014-05-04T12:50:00,5,10073858,158805
OK,66,50,910,66,2014-05-04T12:55:00,7,10074307,158805
OK,82,40,910,82,2014-05-04T13:00:00,4,10074756,158805
OK,67,49,910,67,2014-05-04T13:05:00,3,10075205,158805
OK,67,49,910,67,2014-05-04T13:10:00,3,10075654,158805
OK,82,40,910,82,2014-05-04T13:15:00,3,10076103,158805
OK,56,59,910,56,2014-05-04T13:20:00,5,10076552,158805
OK,52,63,910,52,2014-05-04T13:25:00,2,10077001,158805
OK,58,57,910,58,2014-05-04T13:30:00,1,10077450,158805
OK,58,57,910,58,2014-05-04T13:35:00,1,10077899,158805
OK,55,60,910,55,2014-05-04T13:40:00,1,10078348,158805
OK,59,56,910,59,2014-05-04T13:45:00,5,10078797,158805
OK,61,54,910,61,2014-05-04T13:50:00,6,10079246,158805
OK,64,51,910,64,2014-05-04T13:55:00,5,10079695,158805
OK,64,51,910,64,2014-05-04T14:00:00,3,10080144,158805
OK,76,43,910,76,2014-05-04T14:05:00,2,10080593,158805
OK,69,48,910,69,2014-05-04T14:10:00,3,10081042,158805
OK,77,43,910,77,2014-05-04T14:15:00,7,10081491,158805
OK,64,51,910,64,2014-05-04T14:20:00,9,10081940,158805
OK,63,52,910,63,2014-05-04T14:25:00,4,10082389,158805
OK,68,48,910,68,2014-05-04T14:30:00,2,10082838,158805
OK,64,51,910,64,2014-05-04T14:35:00,3,10083287,158805
OK,69,48,910,69,2014-05-04T14:40:00,6,10083736,158805
OK,72,46,910,72,2014-05-04T14:45:00,3,10084185,158805
OK,80,41,910,80,2014-05-04T14:50:00,2,10084634,158805
OK,72,46,910,72,2014-05-04T14:55:00,5,10085083,158805
OK,52,63,910,52,2014-05-04T15:00:00,5,10085532,158805
OK,55,60,910,55,2014-05-04T15:05:00,4,10085981,158805
OK,60,55,910,60,2014-05-04T15:10:00,3,10086430,158805
OK,67,49,910,67,2014-05-04T15:15:00,5,10086879,158805
OK,61,54,910,61,2014-05-04T15:20:00,6,10087328,158805
OK,59,56,910,59,2014-05-04T15:25:00,5,10087777,158805
OK,73,45,910,73,2014-05-04T15:30:00,3,10088226,158805
OK,70,47,910,70,2014-05-04T15:35:00,2,10088675,158805
OK,68,48,910,68,2014-05-04T15:40:00,2,10089124,158805
OK,63,52,910,63,2014-05-04T15:45:00,2,10089573,158805
OK,57,58,910,57,2014-05-04T15:50:00,3,10090022,158805
OK,54,61,910,54,2014-05-04T15:55:00,5,10090471,158805
OK,49,67,910,49,2014-05-04T16:00:00,4,10090920,158805
OK,53,62,910,53,2014-05-04T16:05:00,3,10091369,158805
OK,72,46,910,72,2014-05-04T16:10:00,4,10091818,158805
OK,89,37,910,89,2014-05-04T16:15:00,2,10092267,158805
OK,68,48,910,68,2014-05-04T16:20:00,4,10092716,158805
OK,67,49,910,67,2014-05-04T16:25:00,5,10093165,158805
OK,47,70,910,47,2014-05-04T16:30:00,2,10093614,158805
OK,41,80,910,41,2014-05-04T16:35:00,1,10094063,158805
OK,79,41,910,79,2014-05-04T16:40:00,1,10094512,158805
OK,60,55,910,60,2014-05-04T16:45:00,3,10094961,158805
OK,60,55,910,60,2014-05-04T16:50:00,7,10095410,158805
OK,58,57,910,58,2014-05-04T16:55:00,7,10095859,158805
OK,52,63,910,52,2014-05-04T17:00:00,2,10096308,158805
OK,48,69,910,48,2014-05-04T17:05:00,2,10096757,158805
OK,50,66,910,50,2014-05-04T17:10:00,3,10097206,158805
OK,66,50,910,66,2014-05-04T17:15:00,3,10097655,158805
OK,66,50,910,66,2014-05-04T17:20:00,3,10098104,158805
OK,55,60,910,55,2014-05-04T17:25:00,2,10098553,158805
OK,48,69,910,48,2014-05-04T17:30:00,2,10099002,158805
OK,46,72,910,46,2014-05-04T17:35:00,2,10099451,158805
OK,54,61,910,54,2014-05-04T17:40:00,4,10099900,158805
OK,56,59,910,56,2014-05-04T17:45:00,1,10100349,158805
OK,48,69,910,48,2014-05-04T17:50:00,2,10100798,158805
OK,49,67,910,49,2014-05-04T17:55:00,3,10101247,158805
OK,56,59,910,56,2014-05-04T18:00:00,2,10101696,158805
OK,56,59,910,56,2014-05-04T18:05:00,3,10102145,158805
OK,78,42,910,78,2014-05-04T18:10:00,1,10102594,158805
OK,78,42,910,78,2014-05-04T18:15:00,0,10103043,158805
OK,63,52,910,63,2014-05-04T18:20:00,2,10103492,158805
OK,63,52,910,63,2014-05-04T18:25:00,2,10103941,158805
OK,69,48,910,69,2014-05-04T18:30:00,2,10104390,158805
OK,71,46,910,71,2014-05-04T18:35:00,2,10104839,158805
OK,59,56,910,59,2014-05-04T18:40:00,5,10105288,158805
OK,60,55,910,60,2014-05-04T18:45:00,7,10105737,158805
OK,63,52,910,63,2014-05-04T18:50:00,3,10106186,158805
OK,63,52,910,63,2014-05-04T18:55:00,1,10106635,158805
OK,63,52,910,63,2014-05-04T19:00:00,0,10107084,158805
OK,43,77,910,43,2014-05-04T19:05:00,2,10107533,158805
OK,52,63,910,52,2014-05-04T19:10:00,4,10107982,158805
OK,58,57,910,58,2014-05-04T19:15:00,2,10108431,158805
OK,63,52,910,63,2014-05-04T19:20:00,0,10108880,158805
OK,59,56,910,59,2014-05-04T19:25:00,2,10109329,158805
OK,59,56,910,59,2014-05-04T19:30:00,3,10109778,158805
OK,56,59,910,56,2014-05-04T19:35:00,1,10110227,158805
OK,56,59,910,56,2014-05-04T19:40:00,0,10110676,158805
OK,48,69,910,48,2014-05-04T19:45:00,1,10111125,158805
OK,49,67,910,49,2014-05-04T19:50:00,2,10111574,158805
OK,50,66,910,50,2014-05-04T19:55:00,0,10112023,158805
OK,50,66,910,50,2014-05-04T20:00:00,0,10112472,158805
OK,50,66,910,50,2014-05-04T20:05:00,0,10112921,158805
OK,50,66,910,50,2014-05-04T20:10:00,0,10113370,158805
OK,54,61,910,54,2014-05-04T20:15:00,1,10113819,158805
OK,54,61,910,54,2014-05-04T20:20:00,1,10114268,158805
OK,54,61,910,54,2014-05-04T20:25:00,0,10114717,158805
OK,54,61,910,54,2014-05-04T20:30:00,0,10115166,158805
OK,65,50,910,65,2014-05-04T20:35:00,1,10115615,158805
OK,65,50,910,65,2014-05-04T20:40:00,1,10116064,158805
OK,54,61,910,54,2014-05-04T20:45:00,0,10116513,158805
OK,54,61,910,54,2014-05-04T20:50:00,0,10116962,158805
OK,54,61,910,54,2014-05-04T20:55:00,0,10117411,158805
OK,54,61,910,54,2014-05-04T21:00:00,0,10117860,158805
OK,54,61,910,54,2014-05-04T21:05:00,0,10118309,158805
OK,50,66,910,50,2014-05-04T21:10:00,1,10118758,158805
OK,61,54,910,61,2014-05-04T21:15:00,2,10119207,158805
OK,72,46,910,72,2014-05-04T21:20:00,0,10119656,158805
OK,72,46,910,72,2014-05-04T21:25:00,0,10120105,158805
OK,72,46,910,72,2014-05-04T21:30:00,0,10120554,158805
OK,72,46,910,72,2014-05-04T21:35:00,0,10121003,158805
OK,72,46,910,72,2014-05-04T21:40:00,0,10121452,158805
OK,72,46,910,72,2014-05-04T21:45:00,0,10121901,158805
OK,72,46,910,72,2014-05-04T21:50:00,0,10122350,158805
OK,72,46,910,72,2014-05-04T21:55:00,0,10122799,158805
OK,72,46,910,72,2014-05-04T22:00:00,0,10123248,158805
OK,72,46,910,72,2014-05-04T22:05:00,0,10123697,158805
OK,72,46,910,72,2014-05-04T22:10:00,0,10124146,158805
OK,72,46,910,72,2014-05-04T22:15:00,0,10124595,158805
OK,72,46,910,72,2014-05-04T22:20:00,0,10125044,158805
OK,72,46,910,72,2014-05-04T22:25:00,0,10125493,158805
OK,72,46,910,72,2014-05-04T22:30:00,0,10125942,158805
OK,72,46,910,72,2014-05-04T22:35:00,0,10126391,158805
OK,72,46,910,72,2014-05-04T22:40:00,0,10126840,158805
OK,72,46,910,72,2014-05-04T22:45:00,0,10127289,158805
OK,72,46,910,72,2014-05-04T22:50:00,0,10127738,158805
OK,72,46,910,72,2014-05-04T22:55:00,0,10128187,158805
OK,72,46,910,72,2014-05-04T23:00:00,0,10128636,158805
OK,72,46,910,72,2014-05-04T23:05:00,0,10129085,158805
OK,72,46,910,72,2014-05-04T23:10:00,0,10129534,158805
OK,64,51,910,64,2014-05-04T23:15:00,1,10129983,158805
OK,64,51,910,64,2014-05-04T23:20:00,1,10130432,158805
OK,64,51,910,64,2014-05-04T23:25:00,0,10130881,158805
OK,64,51,910,64,2014-05-04T23:30:00,0,10131330,158805
OK,49,67,910,49,2014-05-04T23:35:00,1,10131779,158805
OK,49,67,910,49,2014-05-04T23:40:00,1,10132228,158805
OK,49,67,910,49,2014-05-04T23:45:00,0,10132677,158805
OK,49,67,910,49,2014-05-04T23:50:00,0,10133126,158805
OK,49,67,910,49,2014-05-04T23:55:00,0,10133575,158805
OK,49,67,910,49,2014-05-05T00:00:00,0,10134024,158805
OK,49,67,910,49,2014-05-05T00:10:00,0,10134922,158805
OK,49,67,910,49,2014-05-05T00:15:00,0,10135371,158805
OK,49,67,910,49,2014-05-05T00:20:00,0,10135820,158805
OK,49,67,910,49,2014-05-05T00:25:00,0,10136269,158805
OK,49,67,910,49,2014-05-05T00:30:00,0,10136718,158805
OK,49,67,910,49,2014-05-05T00:35:00,0,10137167,158805
OK,49,67,910,49,2014-05-05T00:40:00,0,10137616,158805
OK,49,67,910,49,2014-05-05T00:45:00,0,10138065,158805
OK,49,67,910,49,2014-05-05T00:50:00,0,10138514,158805
OK,49,67,910,49,2014-05-05T00:55:00,0,10138963,158805
OK,49,67,910,49,2014-05-05T01:00:00,0,10139412,158805
OK,49,67,910,49,2014-05-05T01:05:00,0,10139861,158805
OK,49,67,910,49,2014-05-05T01:10:00,0,10140310,158805
OK,49,67,910,49,2014-05-05T01:15:00,0,10140759,158805
OK,49,67,910,49,2014-05-05T01:20:00,0,10141208,158805
OK,49,67,910,49,2014-05-05T01:25:00,0,10141657,158805
OK,49,67,910,49,2014-05-05T01:30:00,0,10142106,158805
OK,49,67,910,49,2014-05-05T01:35:00,0,10142555,158805
OK,49,67,910,49,2014-05-05T01:40:00,0,10143004,158805
OK,49,67,910,49,2014-05-05T01:45:00,0,10143453,158805
OK,49,67,910,49,2014-05-05T01:50:00,0,10143902,158805
OK,49,67,910,49,2014-05-05T01:55:00,0,10144351,158805
OK,49,67,910,49,2014-05-05T02:00:00,0,10144800,158805
OK,40,82,910,40,2014-05-05T02:05:00,1,10145249,158805
OK,40,82,910,40,2014-05-05T02:10:00,0,10145698,158805
OK,40,82,910,40,2014-05-05T02:15:00,0,10146147,158805
OK,40,82,910,40,2014-05-05T02:20:00,0,10146596,158805
OK,63,52,910,63,2014-05-05T02:25:00,1,10147045,158805
OK,63,52,910,63,2014-05-05T02:30:00,1,10147494,158805
OK,63,52,910,63,2014-05-05T02:35:00,0,10147943,158805
OK,40,82,910,40,2014-05-05T02:40:00,1,10148392,158805
OK,40,82,910,40,2014-05-05T02:45:00,1,10148841,158805
OK,40,82,910,40,2014-05-05T02:50:00,0,10149290,158805
OK,40,82,910,40,2014-05-05T02:55:00,0,10149739,158805
OK,40,82,910,40,2014-05-05T03:00:00,0,10150188,158805
OK,40,82,910,40,2014-05-05T03:05:00,0,10150637,158805
OK,40,82,910,40,2014-05-05T03:10:00,0,10151086,158805
OK,40,82,910,40,2014-05-05T03:15:00,0,10151535,158805
OK,48,69,910,48,2014-05-05T03:20:00,1,10151984,158805
OK,61,54,910,61,2014-05-05T03:25:00,2,10152433,158805
OK,74,44,910,74,2014-05-05T03:30:00,1,10152882,158805
OK,74,44,910,74,2014-05-05T03:35:00,0,10153331,158805
OK,74,44,910,74,2014-05-05T03:40:00,0,10153780,158805
OK,74,44,910,74,2014-05-05T03:45:00,0,10154229,158805
OK,51,64,910,51,2014-05-05T03:50:00,2,10154678,158805
OK,56,59,910,56,2014-05-05T03:55:00,3,10155127,158805
OK,61,54,910,61,2014-05-05T04:00:00,2,10155576,158805
OK,51,64,910,51,2014-05-05T04:05:00,0,10156025,158805
OK,51,64,910,51,2014-05-05T04:10:00,0,10156474,158805
OK,51,64,910,51,2014-05-05T04:15:00,0,10156923,158805
OK,51,64,910,51,2014-05-05T04:20:00,0,10157372,158805
OK,77,43,910,77,2014-05-05T04:25:00,1,10157821,158805
OK,74,44,910,74,2014-05-05T04:30:00,2,10158270,158805
OK,66,50,910,66,2014-05-05T04:35:00,4,10158719,158805
OK,61,54,910,61,2014-05-05T04:40:00,5,10159168,158805
OK,64,51,910,64,2014-05-05T04:45:00,4,10159617,158805
OK,64,51,910,64,2014-05-05T04:50:00,6,10160066,158805
OK,58,57,910,58,2014-05-05T04:55:00,9,10160515,158805
OK,59,56,910,59,2014-05-05T05:00:00,6,10160964,158805
OK,105,31,910,105,2014-05-05T05:05:00,6,10161413,158805
OK,109,30,910,109,2014-05-05T05:10:00,5,10161862,158805
OK,64,51,910,64,2014-05-05T05:15:00,5,10162311,158805
OK,65,50,910,65,2014-05-05T05:20:00,8,10162760,158805
OK,73,45,910,73,2014-05-05T05:25:00,7,10163209,158805
OK,86,38,910,86,2014-05-05T05:30:00,5,10163658,158805
OK,91,36,910,91,2014-05-05T05:35:00,7,10164107,158805
OK,94,35,910,94,2014-05-05T05:40:00,8,10164556,158805
OK,87,38,910,87,2014-05-05T05:45:00,7,10165005,158805
OK,80,41,910,80,2014-05-05T05:50:00,4,10165454,158805
OK,75,44,910,75,2014-05-05T05:55:00,8,10165903,158805
OK,71,46,910,71,2014-05-05T06:00:00,11,10166352,158805
OK,76,43,910,76,2014-05-05T06:05:00,7,10166801,158805
OK,93,35,910,93,2014-05-05T06:10:00,3,10167250,158805
OK,85,38,910,85,2014-05-05T06:15:00,6,10167699,158805
OK,81,40,910,81,2014-05-05T06:20:00,5,10168148,158805
OK,80,41,910,80,2014-05-05T06:25:00,3,10168597,158805
OK,64,51,910,64,2014-05-05T06:30:00,6,10169046,158805
OK,66,50,910,66,2014-05-05T06:35:00,5,10169495,158805
OK,75,44,910,75,2014-05-05T06:40:00,3,10169944,158805
OK,66,50,910,66,2014-05-05T06:45:00,6,10170393,158805
OK,60,55,910,60,2014-05-05T06:50:00,8,10170842,158805
OK,60,55,910,60,2014-05-05T06:55:00,10,10171291,158805
OK,62,53,910,62,2014-05-05T07:00:00,14,10171740,158805
OK,63,52,910,63,2014-05-05T07:05:00,12,10172189,158805
OK,67,49,910,67,2014-05-05T07:10:00,6,10172638,158805
OK,65,50,910,65,2014-05-05T07:15:00,4,10173087,158805
OK,57,58,910,57,2014-05-05T07:20:00,5,10173536,158805
OK,58,57,910,58,2014-05-05T07:25:00,8,10173985,158805
OK,60,55,910,60,2014-05-05T07:30:00,7,10174434,158805
OK,58,57,910,58,2014-05-05T07:35:00,7,10174883,158805
OK,59,56,910,59,2014-05-05T07:40:00,8,10175332,158805
OK,65,50,910,65,2014-05-05T07:45:00,7,10175781,158805
OK,64,51,910,64,2014-05-05T07:50:00,10,10176230,158805
OK,59,56,910,59,2014-05-05T07:55:00,7,10176679,158805
OK,65,50,910,65,2014-05-05T08:00:00,5,10177128,158805
OK,70,47,910,70,2014-05-05T08:05:00,8,10177577,158805
OK,71,46,910,71,2014-05-05T08:10:00,10,10178026,158805
OK,63,52,910,63,2014-05-05T08:15:00,4,10178475,158805
OK,65,50,910,65,2014-05-05T08:20:00,4,10178924,158805
OK,65,50,910,65,2014-05-05T08:25:00,12,10179373,158805
OK,62,53,910,62,2014-05-05T08:30:00,8,10179822,158805
OK,64,51,910,64,2014-05-05T08:35:00,10,10180271,158805
OK,63,52,910,63,2014-05-05T08:40:00,11,10180720,158805
OK,60,55,910,60,2014-05-05T08:45:00,7,10181169,158805
OK,79,41,910,79,2014-05-05T08:50:00,4,10181618,158805
OK,74,44,910,74,2014-05-05T08:55:00,4,10182067,158805
OK,60,55,910,60,2014-05-05T09:00:00,6,10182516,158805
OK,67,49,910,67,2014-05-05T09:05:00,7,10182965,158805
OK,68,48,910,68,2014-05-05T09:10:00,7,10183414,158805
OK,72,46,910,72,2014-05-05T09:15:00,5,10183863,158805
OK,62,53,910,62,2014-05-05T09:20:00,3,10184312,158805
OK,74,44,910,74,2014-05-05T09:25:00,6,10184761,158805
OK,70,47,910,70,2014-05-05T09:30:00,9,10185210,158805
OK,65,50,910,65,2014-05-05T09:35:00,9,10185659,158805
OK,64,51,910,64,2014-05-05T09:40:00,10,10186108,158805
OK,65,50,910,65,2014-05-05T09:45:00,14,10186557,158805
OK,70,47,910,70,2014-05-05T09:50:00,11,10187006,158805
OK,68,48,910,68,2014-05-05T09:55:00,8,10187455,158805
OK,69,48,910,69,2014-05-05T10:00:00,15,10187904,158805
OK,62,53,910,62,2014-05-05T10:05:00,9,10188353,158805
OK,62,53,910,62,2014-05-05T10:10:00,11,10188802,158805
OK,62,53,910,62,2014-05-05T10:15:00,11,10189251,158805
OK,58,57,910,58,2014-05-05T10:20:00,5,10189700,158805
OK,85,38,910,85,2014-05-05T10:25:00,3,10190149,158805
OK,68,48,910,68,2014-05-05T10:30:00,5,10190598,158805
OK,65,50,910,65,2014-05-05T10:35:00,8,10191047,158805
OK,66,50,910,66,2014-05-05T10:40:00,9,10191496,158805
OK,67,49,910,67,2014-05-05T10:45:00,6,10191945,158805
OK,73,45,910,73,2014-05-05T10:50:00,7,10192394,158805
OK,77,43,910,77,2014-05-05T10:55:00,12,10192843,158805
OK,69,48,910,69,2014-05-05T11:00:00,15,10193292,158805
OK,66,50,910,66,2014-05-05T11:05:00,16,10193741,158805
OK,68,48,910,68,2014-05-05T11:10:00,23,10194190,158805
OK,68,48,910,68,2014-05-05T11:15:00,21,10194639,158805
OK,73,45,910,73,2014-05-05T11:20:00,12,10195088,158805
OK,71,46,910,71,2014-05-05T11:25:00,14,10195537,158805
OK,69,48,910,69,2014-05-05T11:30:00,12,10195986,158805
OK,68,48,910,68,2014-05-05T11:35:00,12,10196435,158805
OK,69,48,910,69,2014-05-05T11:40:00,9,10196884,158805
OK,80,41,910,80,2014-05-05T11:45:00,9,10197333,158805
OK,72,46,910,72,2014-05-05T11:50:00,12,10197782,158805
OK,68,48,910,68,2014-05-05T11:55:00,10,10198231,158805
OK,74,44,910,74,2014-05-05T12:00:00,10,10198680,158805
OK,75,44,910,75,2014-05-05T12:05:00,11,10199129,158805
OK,75,44,910,75,2014-05-05T12:10:00,10,10199578,158805
OK,74,44,910,74,2014-05-05T12:15:00,15,10200027,158805
OK,74,44,910,74,2014-05-05T12:20:00,18,10200476,158805
OK,75,44,910,75,2014-05-05T12:25:00,12,10200925,158805
OK,69,48,910,69,2014-05-05T12:30:00,11,10201374,158805
OK,61,54,910,61,2014-05-05T12:35:00,11,10201823,158805
OK,77,43,910,77,2014-05-05T12:40:00,9,10202272,158805
OK,76,43,910,76,2014-05-05T12:45:00,12,10202721,158805
OK,74,44,910,74,2014-05-05T12:50:00,14,10203170,158805
OK,81,40,910,81,2014-05-05T12:55:00,16,10203619,158805
OK,83,39,910,83,2014-05-05T13:00:00,13,10204068,158805
OK,81,40,910,81,2014-05-05T13:05:00,15,10204517,158805
OK,83,39,910,83,2014-05-05T13:10:00,21,10204966,158805
OK,80,41,910,80,2014-05-05T13:15:00,27,10205415,158805
OK,81,40,910,81,2014-05-05T13:20:00,17,10205864,158805
OK,91,36,910,91,2014-05-05T13:25:00,17,10206313,158805
OK,109,30,910,109,2014-05-05T13:30:00,20,10206762,158805
OK,111,29,910,111,2014-05-05T13:35:00,35,10207211,158805
OK,97,34,910,97,2014-05-05T13:40:00,33,10207660,158805
OK,83,39,910,83,2014-05-05T13:45:00,23,10208109,158805
OK,92,36,910,92,2014-05-05T13:50:00,19,10208558,158805
OK,82,40,910,82,2014-05-05T13:55:00,17,10209007,158805
OK,77,43,910,77,2014-05-05T14:00:00,16,10209456,158805
OK,77,43,910,77,2014-05-05T14:05:00,18,10209905,158805
OK,69,48,910,69,2014-05-05T14:10:00,20,10210354,158805
OK,83,39,910,83,2014-05-05T14:15:00,28,10210803,158805
OK,89,37,910,89,2014-05-05T14:20:00,22,10211252,158805
OK,89,37,910,89,2014-05-05T14:25:00,14,10211701,158805
OK,86,38,910,86,2014-05-05T14:30:00,16,10212150,158805
OK,75,44,910,75,2014-05-05T14:35:00,10,10212599,158805
OK,72,46,910,72,2014-05-05T14:40:00,18,10213048,158805
OK,75,44,910,75,2014-05-05T14:45:00,16,10213497,158805
OK,62,53,910,62,2014-05-05T14:50:00,9,10213946,158805
OK,64,51,910,64,2014-05-05T14:55:00,13,10214395,158805
OK,63,52,910,63,2014-05-05T15:00:00,10,10214844,158805
OK,59,56,910,59,2014-05-05T15:05:00,11,10215293,158805
OK,69,48,910,69,2014-05-05T15:10:00,10,10215742,158805
OK,64,51,910,64,2014-05-05T15:15:00,13,10216191,158805
OK,59,56,910,59,2014-05-05T15:20:00,6,10216640,158805
OK,66,50,910,66,2014-05-05T15:25:00,6,10217089,158805
OK,67,49,910,67,2014-05-05T15:30:00,14,10217538,158805
OK,64,51,910,64,2014-05-05T15:35:00,8,10217987,158805
OK,62,53,910,62,2014-05-05T15:40:00,6,10218436,158805
OK,74,44,910,74,2014-05-05T15:45:00,7,10218885,158805
OK,67,49,910,67,2014-05-05T15:50:00,6,10219334,158805
OK,67,49,910,67,2014-05-05T15:55:00,4,10219783,158805
OK,63,52,910,63,2014-05-05T16:00:00,5,10220232,158805
OK,62,53,910,62,2014-05-05T16:05:00,5,10220681,158805
OK,62,53,910,62,2014-05-05T16:10:00,3,10221130,158805
OK,55,60,910,55,2014-05-05T16:15:00,2,10221579,158805
OK,56,59,910,56,2014-05-05T16:20:00,2,10222028,158805
OK,61,54,910,61,2014-05-05T16:25:00,3,10222477,158805
OK,52,63,910,52,2014-05-05T16:30:00,2,10222926,158805
OK,59,56,910,59,2014-05-05T16:35:00,4,10223375,158805
OK,58,57,910,58,2014-05-05T16:40:00,10,10223824,158805
OK,60,55,910,60,2014-05-05T16:45:00,7,10224273,158805
OK,65,50,910,65,2014-05-05T16:50:00,3,10224722,158805
OK,65,50,910,65,2014-05-05T16:55:00,2,10225171,158805
OK,65,50,910,65,2014-05-05T17:00:00,0,10225620,158805
OK,50,66,910,50,2014-05-05T17:05:00,1,10226069,158805
OK,47,70,910,47,2014-05-05T17:10:00,2,10226518,158805
OK,47,70,910,47,2014-05-05T17:15:00,2,10226967,158805
OK,55,60,910,55,2014-05-05T17:20:00,1,10227416,158805
OK,61,54,910,61,2014-05-05T17:25:00,3,10227865,158805
OK,70,47,910,70,2014-05-05T17:30:00,4,10228314,158805
OK,68,48,910,68,2014-05-05T17:35:00,3,10228763,158805
OK,68,48,910,68,2014-05-05T17:40:00,2,10229212,158805
OK,69,48,910,69,2014-05-05T17:45:00,6,10229661,158805
OK,70,47,910,70,2014-05-05T17:50:00,4,10230110,158805
OK,68,48,910,68,2014-05-05T17:55:00,2,10230559,158805
OK,65,50,910,65,2014-05-05T18:00:00,2,10231008,158805
OK,55,60,910,55,2014-05-05T18:05:00,2,10231457,158805
OK,60,55,910,60,2014-05-05T18:10:00,1,10231906,158805
OK,55,60,910,55,2014-05-05T18:15:00,5,10232355,158805
OK,55,60,910,55,2014-05-05T18:20:00,5,10232804,158805
OK,48,69,910,48,2014-05-05T18:25:00,1,10233253,158805
OK,48,69,910,48,2014-05-05T18:30:00,1,10233702,158805
OK,52,63,910,52,2014-05-05T18:35:00,1,10234151,158805
OK,53,62,910,53,2014-05-05T18:40:00,2,10234600,158805
OK,62,53,910,62,2014-05-05T18:45:00,2,10235049,158805
OK,70,47,910,70,2014-05-05T18:50:00,1,10235498,158805
OK,70,47,910,70,2014-05-05T18:55:00,0,10235947,158805
OK,56,59,910,56,2014-05-05T19:00:00,2,10236396,158805
OK,56,59,910,56,2014-05-05T19:05:00,0,10236845,158805
OK,48,69,910,48,2014-05-05T19:10:00,1,10237294,158805
OK,42,78,910,42,2014-05-05T19:15:00,2,10237743,158805
OK,55,60,910,55,2014-05-05T19:20:00,3,10238192,158805
OK,55,60,910,55,2014-05-05T19:25:00,4,10238641,158805
OK,53,62,910,53,2014-05-05T19:30:00,4,10239090,158805
OK,54,61,910,54,2014-05-05T19:35:00,2,10239539,158805
OK,62,53,910,62,2014-05-05T19:40:00,2,10239988,158805
OK,55,60,910,55,2014-05-05T19:45:00,4,10240437,158805
OK,50,66,910,50,2014-05-05T19:50:00,3,10240886,158805
OK,49,67,910,49,2014-05-05T19:55:00,1,10241335,158805
OK,54,61,910,54,2014-05-05T21:40:00,0,10249226,158805
OK,54,61,910,54,2014-05-05T22:00:00,0,10250750,158805
OK,54,61,910,54,2014-05-05T22:05:00,0,10251199,158805
OK,54,61,910,54,2014-05-05T22:10:00,0,10251648,158805
OK,54,61,910,54,2014-05-05T22:15:00,0,10252097,158805
OK,61,54,910,61,2014-05-05T22:20:00,2,10252546,158805
OK,61,54,910,61,2014-05-05T22:25:00,2,10252995,158805
OK,61,54,910,61,2014-05-05T22:30:00,0,10253444,158805
OK,61,54,910,61,2014-05-05T22:35:00,0,10253893,158805
OK,61,54,910,61,2014-05-05T22:40:00,1,10254342,158805
OK,61,54,910,61,2014-05-05T22:45:00,1,10254791,158805
OK,61,54,910,61,2014-05-05T22:50:00,0,10255240,158805
OK,61,54,910,61,2014-05-05T22:55:00,0,10255689,158805
OK,61,54,910,61,2014-05-05T23:00:00,0,10256138,158805
OK,61,54,910,61,2014-05-05T23:05:00,0,10256587,158805
OK,61,54,910,61,2014-05-05T23:10:00,0,10257036,158805
OK,61,54,910,61,2014-05-05T23:15:00,0,10257485,158805
OK,61,54,910,61,2014-05-05T23:20:00,0,10257934,158805
OK,61,54,910,61,2014-05-05T23:25:00,0,10258383,158805
OK,61,54,910,61,2014-05-05T23:30:00,0,10258832,158805
OK,61,54,910,61,2014-05-05T23:35:00,0,10259281,158805
OK,61,54,910,61,2014-05-05T23:40:00,0,10259730,158805
OK,50,66,910,50,2014-05-05T23:45:00,1,10260179,158805
OK,50,66,910,50,2014-05-05T23:50:00,1,10260628,158805
OK,56,59,910,56,2014-05-05T23:55:00,0,10261077,158805
OK,56,59,910,56,2014-05-06T00:00:00,0,10261526,158805
OK,56,59,910,56,2014-05-06T00:05:00,0,10261975,158805
OK,56,59,910,56,2014-05-06T00:10:00,0,10262424,158805
OK,56,59,910,56,2014-05-06T00:15:00,0,10262873,158805
OK,56,59,910,56,2014-05-06T00:20:00,0,10263322,158805
OK,56,59,910,56,2014-05-06T00:25:00,0,10263771,158805
OK,56,59,910,56,2014-05-06T00:30:00,0,10264220,158805
OK,56,59,910,56,2014-05-06T00:35:00,0,10264669,158805
OK,56,59,910,56,2014-05-06T00:40:00,0,10265118,158805
OK,56,59,910,56,2014-05-06T00:45:00,0,10265567,158805
OK,56,59,910,56,2014-05-06T00:50:00,0,10266016,158805
OK,56,59,910,56,2014-05-06T00:55:00,0,10266465,158805
OK,56,59,910,56,2014-05-06T01:00:00,0,10266914,158805
OK,56,59,910,56,2014-05-06T01:05:00,0,10267363,158805
OK,56,59,910,56,2014-05-06T01:10:00,0,10267812,158805
OK,56,59,910,56,2014-05-06T01:15:00,0,10268261,158805
OK,56,59,910,56,2014-05-06T01:20:00,0,10268710,158805
OK,56,59,910,56,2014-05-06T01:25:00,0,10269159,158805
OK,56,59,910,56,2014-05-06T01:30:00,0,10269608,158805
OK,56,59,910,56,2014-05-06T01:35:00,0,10270057,158805
OK,56,59,910,56,2014-05-06T01:40:00,0,10270506,158805
OK,56,59,910,56,2014-05-06T01:45:00,0,10270955,158805
OK,56,59,910,56,2014-05-06T01:50:00,0,10271404,158805
OK,56,59,910,56,2014-05-06T01:55:00,0,10271853,158805
OK,56,59,910,56,2014-05-06T02:00:00,0,10272302,158805
OK,48,69,910,48,2014-05-06T02:05:00,0,10272751,158805
OK,48,69,910,48,2014-05-06T02:10:00,0,10273200,158805
OK,48,69,910,48,2014-05-06T02:15:00,0,10273649,158805
OK,48,69,910,48,2014-05-06T02:20:00,0,10274098,158805
OK,48,69,910,48,2014-05-06T02:25:00,0,10274547,158805
OK,48,69,910,48,2014-05-06T02:30:00,0,10274996,158805
OK,48,69,910,48,2014-05-06T02:35:00,0,10275445,158805
OK,48,69,910,48,2014-05-06T02:40:00,0,10275894,158805
OK,48,69,910,48,2014-05-06T02:45:00,0,10276343,158805
OK,48,69,910,48,2014-05-06T02:50:00,0,10276792,158805
OK,48,69,910,48,2014-05-06T02:55:00,0,10277241,158805
OK,48,69,910,48,2014-05-06T03:00:00,0,10277690,158805
OK,48,69,910,48,2014-05-06T03:05:00,0,10278139,158805
OK,48,69,910,48,2014-05-06T03:10:00,0,10278588,158805
OK,48,69,910,48,2014-05-06T03:15:00,0,10279037,158805
OK,48,69,910,48,2014-05-06T03:20:00,0,10279486,158805
OK,48,69,910,48,2014-05-06T03:25:00,0,10279935,158805
OK,64,51,910,64,2014-05-06T03:30:00,1,10280384,158805
OK,64,51,910,64,2014-05-06T03:35:00,3,10280833,158805
OK,62,53,910,62,2014-05-06T03:40:00,2,10281282,158805
OK,56,59,910,56,2014-05-06T03:45:00,0,10281731,158805
OK,56,59,910,56,2014-05-06T03:50:00,2,10282180,158805
OK,56,59,910,56,2014-05-06T03:55:00,2,10282629,158805
OK,55,60,910,55,2014-05-06T04:00:00,3,10283078,158805
OK,57,58,910,57,2014-05-06T04:05:00,3,10283527,158805
OK,63,52,910,63,2014-05-06T04:10:00,2,10283976,158805
OK,63,52,910,63,2014-05-06T04:15:00,0,10284425,158805
OK,63,52,910,63,2014-05-06T04:20:00,0,10284874,158805
OK,72,46,910,72,2014-05-06T04:25:00,3,10285323,158805
OK,85,38,910,85,2014-05-06T04:30:00,8,10285772,158805
OK,92,36,910,92,2014-05-06T04:35:00,7,10286221,158805
OK,61,54,910,61,2014-05-06T04:40:00,5,10286670,158805
OK,62,53,910,62,2014-05-06T04:45:00,4,10287119,158805
OK,59,56,910,59,2014-05-06T04:50:00,5,10287568,158805
OK,63,52,910,63,2014-05-06T04:55:00,6,10288017,158805
OK,65,50,910,65,2014-05-06T05:00:00,5,10288466,158805
OK,64,51,910,64,2014-05-06T05:05:00,6,10288915,158805
OK,63,52,910,63,2014-05-06T05:10:00,6,10289364,158805
OK,61,54,910,61,2014-05-06T05:15:00,6,10289813,158805
OK,64,51,910,64,2014-05-06T05:20:00,7,10290262,158805
OK,64,51,910,64,2014-05-06T05:25:00,9,10290711,158805
OK,80,41,910,80,2014-05-06T05:30:00,10,10291160,158805
OK,77,43,910,77,2014-05-06T05:35:00,8,10291609,158805
OK,67,49,910,67,2014-05-06T05:40:00,7,10292058,158805
OK,65,50,910,65,2014-05-06T05:45:00,7,10292507,158805
OK,66,50,910,66,2014-05-06T05:50:00,12,10292956,158805
OK,77,43,910,77,2014-05-06T05:55:00,13,10293405,158805
OK,69,48,910,69,2014-05-06T06:00:00,11,10293854,158805
OK,69,48,910,69,2014-05-06T06:05:00,9,10294303,158805
OK,63,52,910,63,2014-05-06T06:10:00,6,10294752,158805
OK,64,51,910,64,2014-05-06T06:15:00,5,10295201,158805
OK,76,43,910,76,2014-05-06T06:20:00,5,10295650,158805
OK,69,48,910,69,2014-05-06T06:25:00,6,10296099,158805
OK,69,48,910,69,2014-05-06T06:30:00,6,10296548,158805
OK,73,45,910,73,2014-05-06T06:35:00,4,10296997,158805
OK,64,51,910,64,2014-05-06T06:40:00,8,10297446,158805
OK,59,56,910,59,2014-05-06T06:45:00,9,10297895,158805
OK,66,50,910,66,2014-05-06T06:50:00,8,10298344,158805
OK,69,48,910,69,2014-05-06T06:55:00,12,10298793,158805
OK,63,52,910,63,2014-05-06T07:00:00,11,10299242,158805
OK,69,48,910,69,2014-05-06T07:05:00,7,10299691,158805
OK,70,47,910,70,2014-05-06T07:10:00,13,10300140,158805
OK,70,47,910,70,2014-05-06T07:15:00,16,10300589,158805
OK,72,46,910,72,2014-05-06T07:20:00,9,10301038,158805
OK,70,47,910,70,2014-05-06T07:25:00,7,10301487,158805
OK,64,51,910,64,2014-05-06T07:30:00,6,10301936,158805
OK,66,50,910,66,2014-05-06T07:35:00,6,10302385,158805
OK,66,50,910,66,2014-05-06T07:40:00,3,10302834,158805
OK,68,48,910,68,2014-05-06T07:45:00,10,10303283,158805
OK,65,50,910,65,2014-05-06T07:50:00,5,10303732,158805
OK,76,43,910,76,2014-05-06T07:55:00,4,10304181,158805
OK,86,38,910,86,2014-05-06T08:00:00,5,10304630,158805
OK,74,44,910,74,2014-05-06T08:05:00,3,10305079,158805
OK,74,44,910,74,2014-05-06T08:10:00,11,10305528,158805
OK,77,43,910,77,2014-05-06T08:15:00,13,10305977,158805
OK,73,45,910,73,2014-05-06T08:20:00,8,10306426,158805
OK,78,42,910,78,2014-05-06T08:25:00,9,10306875,158805
OK,78,42,910,78,2014-05-06T08:30:00,7,10307324,158805
OK,71,46,910,71,2014-05-06T08:35:00,3,10307773,158805
OK,65,50,910,65,2014-05-06T08:40:00,5,10308222,158805
OK,69,48,910,69,2014-05-06T08:50:00,8,10308671,158805
OK,68,48,910,68,2014-05-06T08:55:00,10,10309120,158805
OK,72,46,910,72,2014-05-06T09:00:00,8,10309569,158805
OK,73,45,910,73,2014-05-06T09:05:00,12,10310018,158805
OK,73,45,910,73,2014-05-06T09:10:00,13,10310467,158805
OK,73,45,910,73,2014-05-06T09:15:00,8,10310916,158805
OK,70,47,910,70,2014-05-06T09:20:00,11,10311365,158805
OK,69,48,910,69,2014-05-06T09:25:00,10,10311814,158805
OK,70,47,910,70,2014-05-06T09:30:00,8,10312263,158805
OK,68,48,910,68,2014-05-06T09:35:00,10,10312712,158805
OK,59,56,910,59,2014-05-06T09:40:00,6,10313161,158805
OK,69,48,910,69,2014-05-06T09:45:00,6,10313610,158805
OK,73,45,910,73,2014-05-06T09:50:00,5,10314059,158805
OK,81,40,910,81,2014-05-06T09:55:00,8,10314508,158805
OK,87,38,910,87,2014-05-06T10:00:00,9,10314957,158805
OK,66,50,910,66,2014-05-06T10:05:00,9,10315406,158805
OK,67,49,910,67,2014-05-06T10:10:00,8,10315855,158805
OK,66,50,910,66,2014-05-06T10:15:00,4,10316304,158805
OK,67,49,910,67,2014-05-06T10:20:00,8,10316753,158805
OK,71,46,910,71,2014-05-06T10:25:00,12,10317202,158805
OK,73,45,910,73,2014-05-06T10:30:00,7,10317651,158805
OK,74,44,910,74,2014-05-06T10:35:00,4,10318100,158805
OK,71,46,910,71,2014-05-06T10:40:00,9,10318549,158805
OK,72,46,910,72,2014-05-06T10:45:00,11,10318998,158805
OK,76,43,910,76,2014-05-06T10:50:00,11,10319447,158805
OK,77,43,910,77,2014-05-06T10:55:00,12,10319896,158805
OK,74,44,910,74,2014-05-06T11:00:00,9,10320345,158805
OK,71,46,910,71,2014-05-06T11:05:00,10,10320794,158805
OK,69,48,910,69,2014-05-06T11:10:00,13,10321243,158805
OK,71,46,910,71,2014-05-06T11:15:00,14,10321692,158805
OK,72,46,910,72,2014-05-06T11:20:00,13,10322141,158805
OK,70,47,910,70,2014-05-06T11:25:00,17,10322590,158805
OK,65,50,910,65,2014-05-06T11:30:00,12,10323039,158805
OK,71,46,910,71,2014-05-06T11:35:00,13,10323488,158805
OK,73,45,910,73,2014-05-06T11:40:00,11,10323937,158805
OK,77,43,910,77,2014-05-06T11:45:00,13,10324386,158805
OK,77,43,910,77,2014-05-06T11:50:00,11,10324835,158805
OK,70,47,910,70,2014-05-06T11:55:00,3,10325284,158805
OK,70,47,910,70,2014-05-06T12:00:00,9,10325733,158805
OK,76,43,910,76,2014-05-06T12:05:00,13,10326182,158805
OK,74,44,910,74,2014-05-06T12:10:00,10,10326631,158805
OK,75,44,910,75,2014-05-06T12:15:00,13,10327080,158805
OK,75,44,910,75,2014-05-06T12:20:00,11,10327529,158805
OK,69,48,910,69,2014-05-06T12:25:00,8,10327978,158805
OK,67,49,910,67,2014-05-06T12:30:00,11,10328427,158805
OK,79,41,910,79,2014-05-06T12:35:00,12,10328876,158805
OK,78,42,910,78,2014-05-06T12:40:00,11,10329325,158805
OK,67,49,910,67,2014-05-06T12:45:00,13,10329774,158805
OK,73,45,910,73,2014-05-06T12:50:00,17,10330223,158805
OK,81,40,910,81,2014-05-06T12:55:00,17,10330672,158805
OK,83,39,910,83,2014-05-06T13:00:00,13,10331121,158805
OK,76,43,910,76,2014-05-06T13:05:00,17,10331570,158805
OK,73,45,910,73,2014-05-06T13:10:00,19,10332019,158805
OK,73,45,910,73,2014-05-06T13:15:00,15,10332468,158805
OK,71,46,910,71,2014-05-06T13:20:00,12,10332917,158805
OK,72,46,910,72,2014-05-06T13:25:00,10,10333366,158805
OK,73,45,910,73,2014-05-06T13:30:00,15,10333815,158805
OK,78,42,910,78,2014-05-06T13:35:00,24,10334264,158805
OK,82,40,910,82,2014-05-06T13:40:00,25,10334713,158805
OK,92,36,910,92,2014-05-06T13:45:00,16,10335162,158805
OK,84,39,910,84,2014-05-06T13:50:00,14,10335611,158805
OK,83,39,910,83,2014-05-06T13:55:00,15,10336060,158805
OK,82,40,910,82,2014-05-06T14:00:00,21,10336509,158805
OK,94,35,910,94,2014-05-06T14:05:00,17,10336958,158805
OK,85,38,910,85,2014-05-06T14:10:00,18,10337407,158805
OK,89,37,910,89,2014-05-06T14:15:00,24,10337856,158805
OK,126,26,910,126,2014-05-06T14:20:00,28,10338305,158805
OK,140,23,910,140,2014-05-06T14:25:00,28,10338754,158805
OK,124,26,910,124,2014-05-06T14:30:00,26,10339203,158805
OK,77,43,910,77,2014-05-06T14:35:00,17,10339652,158805
OK,83,39,910,83,2014-05-06T14:40:00,13,10340101,158805
OK,93,35,910,93,2014-05-06T14:45:00,13,10340550,158805
OK,77,43,910,77,2014-05-06T14:50:00,8,10340999,158805
OK,82,40,910,82,2014-05-06T14:55:00,14,10341448,158805
OK,82,40,910,82,2014-05-06T15:00:00,17,10341897,158805
OK,78,42,910,78,2014-05-06T15:05:00,14,10342346,158805
OK,77,43,910,77,2014-05-06T15:10:00,12,10342795,158805
OK,69,48,910,69,2014-05-06T15:15:00,10,10343244,158805
OK,71,46,910,71,2014-05-06T15:20:00,7,10343693,158805
OK,64,51,910,64,2014-05-06T15:25:00,6,10344142,158805
OK,59,56,910,59,2014-05-06T15:30:00,7,10344591,158805
OK,63,52,910,63,2014-05-06T15:35:00,4,10345040,158805
OK,70,47,910,70,2014-05-06T15:40:00,4,10345489,158805
OK,72,46,910,72,2014-05-06T15:45:00,5,10345938,158805
OK,112,29,910,112,2014-05-06T15:50:00,2,10346387,158805
OK,58,57,910,58,2014-05-06T15:55:00,3,10346836,158805
OK,58,57,910,58,2014-05-06T16:00:00,1,10347285,158805
OK,61,54,910,61,2014-05-06T16:05:00,3,10347734,158805
OK,70,47,910,70,2014-05-06T16:10:00,5,10348183,158805
OK,80,41,910,80,2014-05-06T16:15:00,3,10348632,158805
OK,67,49,910,67,2014-05-06T16:20:00,5,10349081,158805
OK,66,50,910,66,2014-05-06T16:25:00,9,10349530,158805
OK,65,50,910,65,2014-05-06T16:30:00,8,10349979,158805
OK,65,50,910,65,2014-05-06T16:35:00,3,10350428,158805
OK,59,56,910,59,2014-05-06T16:40:00,4,10350877,158805
OK,53,62,910,53,2014-05-06T16:45:00,3,10351326,158805
OK,53,62,910,53,2014-05-06T16:50:00,3,10351775,158805
OK,52,63,910,52,2014-05-06T16:55:00,3,10352224,158805
OK,49,67,910,49,2014-05-06T17:00:00,2,10352673,158805
OK,55,60,910,55,2014-05-06T17:05:00,3,10353122,158805
OK,61,54,910,61,2014-05-06T17:10:00,1,10353571,158805
OK,61,54,910,61,2014-05-06T17:15:00,0,10354020,158805
OK,90,36,910,90,2014-05-06T17:20:00,1,10354469,158805
OK,54,61,910,54,2014-05-06T17:25:00,3,10354918,158805
OK,54,61,910,54,2014-05-06T17:30:00,3,10355367,158805
OK,54,61,910,54,2014-05-06T17:35:00,3,10355816,158805
OK,54,61,910,54,2014-05-06T17:40:00,3,10356265,158805
OK,53,62,910,53,2014-05-06T17:45:00,4,10356714,158805
OK,53,62,910,53,2014-05-06T17:50:00,4,10357163,158805
OK,55,60,910,55,2014-05-06T17:55:00,4,10357612,158805
OK,57,58,910,57,2014-05-06T18:00:00,0,10358061,158805
OK,64,51,910,64,2014-05-06T18:05:00,1,10358510,158805
OK,64,51,910,64,2014-05-06T18:10:00,1,10358959,158805
OK,64,51,910,64,2014-05-06T18:15:00,0,10359408,158805
OK,66,50,910,66,2014-05-06T18:20:00,1,10359857,158805
OK,66,50,910,66,2014-05-06T18:25:00,1,10360306,158805
OK,52,63,910,52,2014-05-06T18:30:00,1,10360755,158805
OK,52,63,910,52,2014-05-06T18:35:00,1,10361204,158805
OK,51,64,910,51,2014-05-06T18:40:00,1,10361653,158805
OK,51,64,910,51,2014-05-06T18:45:00,1,10362102,158805
OK,73,45,910,73,2014-05-06T18:50:00,3,10362551,158805
OK,70,47,910,70,2014-05-06T18:55:00,6,10363000,158805
OK,65,50,910,65,2014-05-06T19:00:00,5,10363449,158805
OK,62,53,910,62,2014-05-06T19:05:00,4,10363898,158805
OK,59,56,910,59,2014-05-06T19:10:00,3,10364347,158805
OK,77,43,910,77,2014-05-06T19:15:00,1,10364796,158805
OK,39,84,910,39,2014-05-06T19:20:00,1,10365245,158805
OK,59,56,910,59,2014-05-06T19:25:00,5,10365694,158805
OK,61,54,910,61,2014-05-06T19:30:00,6,10366143,158805
OK,64,51,910,64,2014-05-06T19:35:00,3,10366592,158805
OK,64,51,910,64,2014-05-06T19:40:00,1,10367041,158805
OK,62,53,910,62,2014-05-06T19:45:00,2,10367490,158805
OK,63,52,910,63,2014-05-06T19:50:00,3,10367939,158805
OK,63,52,910,63,2014-05-06T19:55:00,1,10368388,158805
OK,61,54,910,61,2014-05-06T22:00:00,0,10377543,158805
OK,61,54,910,61,2014-05-06T22:05:00,0,10377992,158805
OK,61,54,910,61,2014-05-06T22:20:00,0,10379339,158805
OK,61,54,910,61,2014-05-06T22:25:00,0,10379788,158805
OK,61,54,910,61,2014-05-07T00:00:00,0,10386997,158805
OK,61,54,910,61,2014-05-07T00:05:00,0,10387446,158805
OK,61,54,910,61,2014-05-07T00:10:00,0,10387895,158805
OK,61,54,910,61,2014-05-07T00:15:00,0,10388344,158805
OK,61,54,910,61,2014-05-07T00:20:00,0,10388793,158805
OK,61,54,910,61,2014-05-07T00:25:00,0,10389242,158805
OK,61,54,910,61,2014-05-07T00:30:00,0,10389691,158805
OK,61,54,910,61,2014-05-07T00:35:00,0,10390140,158805
OK,61,54,910,61,2014-05-07T00:40:00,0,10390589,158805
OK,61,54,910,61,2014-05-07T00:45:00,0,10391038,158805
OK,61,54,910,61,2014-05-07T00:50:00,0,10391487,158805
OK,61,54,910,61,2014-05-07T00:55:00,0,10391936,158805
OK,61,54,910,61,2014-05-07T01:00:00,0,10392385,158805
OK,61,54,910,61,2014-05-07T01:05:00,0,10392834,158805
OK,61,54,910,61,2014-05-07T01:10:00,0,10393283,158805
OK,61,54,910,61,2014-05-07T01:15:00,0,10393732,158805
OK,61,54,910,61,2014-05-07T01:20:00,0,10394181,158805
OK,61,54,910,61,2014-05-07T01:25:00,0,10394630,158805
OK,61,54,910,61,2014-05-07T01:30:00,0,10395079,158805
OK,61,54,910,61,2014-05-07T01:35:00,0,10395528,158805
OK,50,66,910,50,2014-05-07T01:40:00,2,10395977,158805
OK,50,66,910,50,2014-05-07T01:45:00,0,10396426,158805
OK,50,66,910,50,2014-05-07T01:50:00,0,10396875,158805
OK,50,66,910,50,2014-05-07T01:55:00,0,10397324,158805
OK,50,66,910,50,2014-05-07T02:00:00,0,10397773,158805
OK,50,66,910,50,2014-05-07T02:05:00,0,10398222,158805
OK,50,66,910,50,2014-05-07T02:10:00,0,10398671,158805
OK,50,66,910,50,2014-05-07T02:15:00,0,10399120,158805
OK,50,66,910,50,2014-05-07T02:20:00,0,10399569,158805
OK,50,66,910,50,2014-05-07T02:25:00,0,10400018,158805
OK,50,66,910,50,2014-05-07T02:30:00,0,10400467,158805
OK,50,66,910,50,2014-05-07T02:35:00,0,10400916,158805
OK,50,66,910,50,2014-05-07T02:40:00,0,10401365,158805
OK,50,66,910,50,2014-05-07T02:45:00,0,10401814,158805
OK,50,66,910,50,2014-05-07T02:50:00,0,10402263,158805
OK,50,66,910,50,2014-05-07T02:55:00,0,10402712,158805
OK,50,66,910,50,2014-05-07T03:00:00,0,10403161,158805
OK,50,66,910,50,2014-05-07T03:05:00,0,10403610,158805
OK,50,66,910,50,2014-05-07T03:10:00,0,10404059,158805
OK,50,66,910,50,2014-05-07T03:15:00,0,10404508,158805
OK,50,66,910,50,2014-05-07T03:20:00,0,10404957,158805
OK,37,89,910,37,2014-05-07T03:25:00,1,10405406,158805
OK,37,89,910,37,2014-05-07T03:30:00,1,10405855,158805
OK,70,47,910,70,2014-05-07T03:35:00,2,10406304,158805
OK,70,47,910,70,2014-05-07T03:40:00,2,10406753,158805
OK,53,62,910,53,2014-05-07T03:45:00,1,10407202,158805
OK,69,48,910,69,2014-05-07T03:50:00,2,10407651,158805
OK,85,38,910,85,2014-05-07T03:55:00,1,10408100,158805
OK,58,57,910,58,2014-05-07T04:00:00,1,10408548,158805
OK,58,57,910,58,2014-05-07T04:05:00,1,10408997,158805
OK,58,57,910,58,2014-05-07T04:10:00,0,10409446,158805
OK,58,57,910,58,2014-05-07T04:15:00,0,10409895,158805
OK,60,55,910,60,2014-05-07T04:20:00,2,10410344,158805
OK,85,38,910,85,2014-05-07T04:25:00,5,10410793,158805
OK,112,29,910,112,2014-05-07T04:30:00,7,10411242,158805
OK,67,49,910,67,2014-05-07T04:35:00,5,10411691,158805
OK,62,53,910,62,2014-05-07T04:40:00,2,10412140,158805
OK,81,40,910,81,2014-05-07T04:45:00,1,10412589,158805
OK,71,46,910,71,2014-05-07T04:50:00,4,10413038,158805
OK,60,55,910,60,2014-05-07T04:55:00,2,10413487,158805
OK,88,37,910,88,2014-05-07T05:00:00,2,10413936,158805
OK,99,33,910,99,2014-05-07T05:05:00,5,10414385,158805
OK,95,34,910,95,2014-05-07T05:10:00,4,10414834,158805
OK,64,51,910,64,2014-05-07T05:15:00,3,10415283,158805
OK,71,46,910,71,2014-05-07T05:20:00,6,10415732,158805
OK,69,48,910,69,2014-05-07T05:25:00,6,10416181,158805
OK,73,45,910,73,2014-05-07T05:30:00,8,10416630,158805
OK,90,36,910,90,2014-05-07T05:35:00,5,10417079,158805
OK,96,34,910,96,2014-05-07T05:40:00,7,10417528,158805
OK,89,37,910,89,2014-05-07T05:45:00,10,10417977,158805
OK,88,37,910,88,2014-05-07T05:50:00,7,10418426,158805
OK,92,36,910,92,2014-05-07T05:55:00,6,10418875,158805
OK,67,49,910,67,2014-05-07T06:00:00,3,10419324,158805
OK,72,46,910,72,2014-05-07T06:05:00,5,10419773,158805
OK,72,46,910,72,2014-05-07T06:10:00,7,10420222,158805
OK,83,39,910,83,2014-05-07T06:15:00,9,10420671,158805
OK,79,41,910,79,2014-05-07T06:20:00,8,10421120,158805
OK,72,46,910,72,2014-05-07T06:25:00,12,10421569,158805
OK,73,45,910,73,2014-05-07T06:30:00,13,10422018,158805
OK,66,50,910,66,2014-05-07T06:35:00,5,10422467,158805
OK,69,48,910,69,2014-05-07T06:40:00,1,10422916,158805
OK,111,29,910,111,2014-05-07T06:45:00,6,10423365,158805
OK,104,31,910,104,2014-05-07T06:50:00,8,10423814,158805
OK,67,49,910,67,2014-05-07T06:55:00,6,10424263,158805
OK,61,54,910,61,2014-05-07T07:00:00,6,10424712,158805
OK,76,43,910,76,2014-05-07T07:05:00,6,10425161,158805
OK,73,45,910,73,2014-05-07T07:10:00,7,10425610,158805
OK,67,49,910,67,2014-05-07T07:15:00,6,10426059,158805
OK,66,50,910,66,2014-05-07T07:20:00,8,10426508,158805
OK,66,50,910,66,2014-05-07T07:25:00,5,10426957,158805
OK,61,54,910,61,2014-05-07T07:30:00,5,10427406,158805
OK,78,42,910,78,2014-05-07T07:35:00,9,10427855,158805
OK,78,42,910,78,2014-05-07T07:40:00,9,10428304,158805
OK,66,50,910,66,2014-05-07T07:45:00,6,10428753,158805
OK,63,52,910,63,2014-05-07T07:50:00,8,10429202,158805
OK,67,49,910,67,2014-05-07T07:55:00,6,10429651,158805
OK,73,45,910,73,2014-05-07T08:00:00,6,10430100,158805
OK,65,50,910,65,2014-05-07T08:05:00,4,10430549,158805
OK,81,40,910,81,2014-05-07T08:10:00,6,10430998,158805
OK,93,35,910,93,2014-05-07T08:15:00,11,10431447,158805
OK,93,35,910,93,2014-05-07T08:20:00,8,10431896,158805
OK,85,38,910,85,2014-05-07T08:25:00,4,10432345,158805
OK,67,49,910,67,2014-05-07T08:30:00,2,10432794,158805
OK,86,38,910,86,2014-05-07T08:35:00,6,10433243,158805
OK,81,40,910,81,2014-05-07T08:40:00,9,10433692,158805
OK,67,49,910,67,2014-05-07T08:45:00,8,10434141,158805
OK,68,48,910,68,2014-05-07T08:50:00,9,10434590,158805
OK,81,40,910,81,2014-05-07T08:55:00,7,10435039,158805
OK,64,51,910,64,2014-05-07T09:00:00,5,10435488,158805
OK,79,41,910,79,2014-05-07T09:05:00,4,10435937,158805
OK,74,44,910,74,2014-05-07T09:10:00,6,10436386,158805
OK,74,44,910,74,2014-05-07T09:15:00,6,10436835,158805
OK,79,41,910,79,2014-05-07T09:20:00,7,10437284,158805
OK,78,42,910,78,2014-05-07T09:25:00,8,10437733,158805
OK,78,42,910,78,2014-05-07T09:30:00,8,10438182,158805
OK,88,37,910,88,2014-05-07T09:35:00,8,10438631,158805
OK,81,40,910,81,2014-05-07T09:40:00,10,10439080,158805
OK,76,43,910,76,2014-05-07T09:45:00,9,10439529,158805
OK,78,42,910,78,2014-05-07T09:50:00,5,10439978,158805
OK,78,42,910,78,2014-05-07T09:55:00,8,10440427,158805
OK,73,45,910,73,2014-05-07T10:00:00,9,10440876,158805
OK,69,48,910,69,2014-05-07T10:05:00,8,10441325,158805
OK,66,50,910,66,2014-05-07T10:10:00,7,10441774,158805
OK,72,46,910,72,2014-05-07T10:15:00,11,10442223,158805
OK,72,46,910,72,2014-05-07T10:20:00,11,10442672,158805
OK,67,49,910,67,2014-05-07T10:25:00,6,10443121,158805
OK,77,43,910,77,2014-05-07T10:30:00,8,10443570,158805
OK,78,42,910,78,2014-05-07T10:35:00,9,10444019,158805
OK,75,44,910,75,2014-05-07T10:40:00,8,10444468,158805
OK,70,47,910,70,2014-05-07T10:45:00,10,10444917,158805
OK,72,46,910,72,2014-05-07T10:50:00,6,10445366,158805
OK,72,46,910,72,2014-05-07T10:55:00,10,10445815,158805
OK,79,41,910,79,2014-05-07T11:00:00,20,10446264,158805
OK,85,38,910,85,2014-05-07T11:05:00,16,10446713,158805
OK,86,38,910,86,2014-05-07T11:10:00,12,10447162,158805
OK,86,38,910,86,2014-05-07T11:15:00,11,10447611,158805
OK,74,44,910,74,2014-05-07T11:20:00,2,10448060,158805
OK,97,34,910,97,2014-05-07T11:25:00,6,10448509,158805
OK,92,36,910,92,2014-05-07T11:30:00,9,10448958,158805
OK,80,41,910,80,2014-05-07T11:35:00,10,10449407,158805
OK,77,43,910,77,2014-05-07T11:40:00,6,10449856,158805
OK,94,35,910,94,2014-05-07T11:45:00,6,10450305,158805
OK,86,38,910,86,2014-05-07T11:50:00,9,10450754,158805
OK,79,41,910,79,2014-05-07T11:55:00,6,10451203,158805
OK,75,44,910,75,2014-05-07T12:00:00,8,10451652,158805
OK,83,39,910,83,2014-05-07T12:05:00,12,10452101,158805
OK,80,41,910,80,2014-05-07T12:10:00,12,10452550,158805
OK,68,48,910,68,2014-05-07T12:15:00,11,10452999,158805
OK,70,47,910,70,2014-05-07T12:20:00,13,10453448,158805
OK,78,42,910,78,2014-05-07T12:25:00,15,10453897,158805
OK,88,37,910,88,2014-05-07T12:30:00,8,10454346,158805
OK,81,40,910,81,2014-05-07T12:35:00,9,10454795,158805
OK,74,44,910,74,2014-05-07T12:40:00,13,10455244,158805
OK,82,40,910,82,2014-05-07T12:45:00,20,10455693,158805
OK,78,42,910,78,2014-05-07T12:50:00,20,10456142,158805
OK,70,47,910,70,2014-05-07T12:55:00,14,10456591,158805
OK,77,43,910,77,2014-05-07T13:00:00,19,10457040,158805
OK,76,43,910,76,2014-05-07T13:05:00,20,10457489,158805
OK,73,45,910,73,2014-05-07T13:10:00,14,10457938,158805
OK,74,44,910,74,2014-05-07T13:15:00,17,10458387,158805
OK,75,44,910,75,2014-05-07T13:20:00,18,10458836,158805
OK,93,35,910,93,2014-05-07T13:25:00,22,10459285,158805
OK,99,33,910,99,2014-05-07T13:30:00,21,10459734,158805
OK,80,41,910,80,2014-05-07T13:35:00,26,10460183,158805
OK,77,43,910,77,2014-05-07T13:40:00,22,10460632,158805
OK,124,26,910,124,2014-05-07T13:45:00,10,10461081,158805
OK,123,26,910,123,2014-05-07T13:50:00,17,10461530,158805
OK,116,28,910,116,2014-05-07T13:55:00,19,10461979,158805
OK,110,30,910,110,2014-05-07T14:00:00,16,10462428,158805
OK,77,43,910,77,2014-05-07T14:05:00,22,10462877,158805
OK,75,44,910,75,2014-05-07T14:10:00,21,10463326,158805
OK,78,42,910,78,2014-05-07T14:15:00,18,10463775,158805
OK,84,39,910,84,2014-05-07T14:20:00,20,10464224,158805
OK,84,39,910,84,2014-05-07T14:25:00,16,10464673,158805
OK,75,44,910,75,2014-05-07T14:30:00,9,10465122,158805
OK,69,48,910,69,2014-05-07T14:35:00,12,10465571,158805
OK,82,40,910,82,2014-05-07T14:40:00,16,10466020,158805
OK,82,40,910,82,2014-05-07T14:45:00,15,10466469,158805
OK,79,41,910,79,2014-05-07T14:50:00,10,10466918,158805
OK,80,41,910,80,2014-05-07T14:55:00,10,10467367,158805
OK,68,48,910,68,2014-05-07T15:00:00,11,10467816,158805
OK,73,45,910,73,2014-05-07T15:05:00,10,10468265,158805
OK,73,45,910,73,2014-05-07T15:10:00,7,10468714,158805
OK,68,48,910,68,2014-05-07T15:15:00,6,10469163,158805
OK,57,58,910,57,2014-05-07T15:20:00,7,10469612,158805
OK,67,49,910,67,2014-05-07T15:25:00,8,10470061,158805
OK,69,48,910,69,2014-05-07T15:30:00,8,10470510,158805
OK,61,54,910,61,2014-05-07T15:35:00,6,10470959,158805
OK,67,49,910,67,2014-05-07T15:40:00,4,10471408,158805
OK,80,41,910,80,2014-05-07T15:45:00,4,10471857,158805
OK,62,53,910,62,2014-05-07T15:50:00,2,10472306,158805
OK,64,51,910,64,2014-05-07T15:55:00,9,10472755,158805
OK,58,57,910,58,2014-05-07T16:00:00,11,10473204,158805
OK,59,56,910,59,2014-05-07T16:05:00,5,10473653,158805
OK,61,54,910,61,2014-05-07T16:10:00,5,10474102,158805
OK,61,54,910,61,2014-05-07T16:15:00,3,10474551,158805
OK,31,106,910,31,2014-05-07T16:20:00,1,10475000,158805
OK,59,56,910,59,2014-05-07T16:25:00,4,10475449,158805
OK,64,51,910,64,2014-05-07T16:30:00,4,10475898,158805
OK,64,51,910,64,2014-05-07T16:35:00,6,10476347,158805
OK,77,43,910,77,2014-05-07T16:40:00,4,10476796,158805
OK,58,57,910,58,2014-05-07T16:45:00,5,10477245,158805
OK,56,59,910,56,2014-05-07T16:50:00,4,10477694,158805
OK,57,58,910,57,2014-05-07T16:55:00,2,10478143,158805
OK,67,49,910,67,2014-05-07T17:00:00,3,10478592,158805
OK,68,48,910,68,2014-05-07T17:05:00,6,10479041,158805
OK,73,45,910,73,2014-05-07T17:10:00,4,10479490,158805
OK,62,53,910,62,2014-05-07T17:15:00,1,10479939,158805
OK,57,58,910,57,2014-05-07T17:20:00,1,10480388,158805
OK,47,70,910,47,2014-05-07T17:25:00,2,10480837,158805
OK,58,57,910,58,2014-05-07T17:30:00,6,10481286,158805
OK,64,51,910,64,2014-05-07T17:35:00,5,10481735,158805
OK,59,56,910,59,2014-05-07T17:40:00,2,10482184,158805
OK,148,22,910,148,2014-05-07T17:45:00,1,10482633,158805
OK,62,53,910,62,2014-05-07T17:50:00,5,10483082,158805
OK,59,56,910,59,2014-05-07T17:55:00,3,10483531,158805
OK,43,77,910,43,2014-05-07T18:00:00,2,10483980,158805
OK,56,59,910,56,2014-05-07T18:05:00,3,10484429,158805
OK,57,58,910,57,2014-05-07T18:10:00,2,10484878,158805
OK,58,57,910,58,2014-05-07T18:15:00,4,10485327,158805
OK,57,58,910,57,2014-05-07T18:20:00,6,10485776,158805
OK,55,60,910,55,2014-05-07T18:25:00,1,10486225,158805
OK,55,60,910,55,2014-05-07T18:30:00,0,10486674,158805
OK,55,60,910,55,2014-05-07T18:35:00,0,10487123,158805
OK,53,62,910,53,2014-05-07T18:40:00,1,10487572,158805
OK,61,54,910,61,2014-05-07T18:45:00,6,10488021,158805
OK,61,54,910,61,2014-05-07T18:50:00,7,10488470,158805
OK,50,66,910,50,2014-05-07T18:55:00,3,10488919,158805
OK,52,63,910,52,2014-05-07T19:00:00,2,10489368,158805
OK,42,78,910,42,2014-05-07T19:05:00,1,10489817,158805
OK,58,57,910,58,2014-05-07T19:10:00,3,10490266,158805
OK,58,57,910,58,2014-05-07T19:15:00,3,10490715,158805
OK,54,61,910,54,2014-05-07T19:20:00,1,10491164,158805
OK,64,51,910,64,2014-05-07T19:25:00,1,10491613,158805
OK,61,54,910,61,2014-05-07T19:30:00,2,10492062,158805
OK,54,61,910,54,2014-05-07T19:35:00,5,10492511,158805
OK,57,58,910,57,2014-05-07T19:40:00,4,10492960,158805
OK,55,60,910,55,2014-05-07T19:45:00,5,10493409,158805
OK,56,59,910,56,2014-05-07T19:50:00,4,10493858,158805
OK,98,33,910,98,2014-05-07T19:55:00,2,10494307,158805
OK,67,49,910,67,2014-05-07T21:50:00,0,10502204,158805
OK,62,53,910,62,2014-05-07T22:00:00,0,10503069,158805
OK,63,52,910,63,2014-05-07T22:05:00,0,10503518,158805
OK,70,47,910,70,2014-05-07T22:20:00,1,10504865,158805
OK,67,49,910,67,2014-05-08T00:00:00,0,10512047,158805
OK,50,66,910,50,2014-05-08T00:05:00,0,10512496,158805
OK,50,66,910,50,2014-05-08T00:10:00,0,10512945,158805
OK,50,66,910,50,2014-05-08T00:15:00,0,10513394,158805
OK,50,66,910,50,2014-05-08T00:20:00,0,10513843,158805
OK,50,66,910,50,2014-05-08T00:25:00,0,10514292,158805
OK,50,66,910,50,2014-05-08T00:30:00,0,10514741,158805
OK,50,66,910,50,2014-05-08T00:35:00,0,10515190,158805
OK,50,66,910,50,2014-05-08T00:40:00,0,10515639,158805
OK,55,60,910,55,2014-05-08T00:45:00,1,10516088,158805
OK,55,60,910,55,2014-05-08T00:50:00,0,10516537,158805
OK,55,60,910,55,2014-05-08T00:55:00,0,10516986,158805
OK,59,56,910,59,2014-05-08T01:00:00,3,10517435,158805
OK,59,56,910,59,2014-05-08T01:05:00,0,10517884,158805
OK,59,56,910,59,2014-05-08T01:10:00,0,10518333,158805
OK,59,56,910,59,2014-05-08T01:15:00,0,10518782,158805
OK,59,56,910,59,2014-05-08T01:20:00,0,10519231,158805
OK,59,56,910,59,2014-05-08T01:25:00,0,10519680,158805
OK,59,56,910,59,2014-05-08T01:30:00,0,10520129,158805
OK,59,56,910,59,2014-05-08T01:35:00,0,10520578,158805
OK,59,56,910,59,2014-05-08T01:40:00,0,10521027,158805
OK,59,56,910,59,2014-05-08T01:45:00,0,10521476,158805
OK,59,56,910,59,2014-05-08T01:50:00,0,10521925,158805
OK,59,56,910,59,2014-05-08T01:55:00,0,10522374,158805
OK,59,56,910,59,2014-05-08T02:00:00,0,10522823,158805
OK,59,56,910,59,2014-05-08T02:05:00,0,10523272,158805
OK,63,52,910,63,2014-05-08T02:10:00,1,10523721,158805
OK,63,52,910,63,2014-05-08T02:15:00,1,10524170,158805
OK,63,52,910,63,2014-05-08T02:20:00,0,10524619,158805
OK,63,52,910,63,2014-05-08T02:25:00,0,10525068,158805
OK,63,52,910,63,2014-05-08T02:30:00,0,10525517,158805
OK,63,52,910,63,2014-05-08T02:35:00,0,10525966,158805
OK,63,52,910,63,2014-05-08T02:40:00,0,10526415,158805
OK,63,52,910,63,2014-05-08T02:45:00,0,10526864,158805
OK,63,52,910,63,2014-05-08T02:50:00,0,10527313,158805
OK,63,52,910,63,2014-05-08T02:55:00,0,10527762,158805
OK,63,52,910,63,2014-05-08T03:00:00,0,10528211,158805
OK,63,52,910,63,2014-05-08T03:05:00,0,10528660,158805
OK,63,52,910,63,2014-05-08T03:10:00,0,10529109,158805
OK,63,52,910,63,2014-05-08T03:15:00,0,10529558,158805
OK,63,52,910,63,2014-05-08T03:20:00,0,10530007,158805
OK,63,52,910,63,2014-05-08T03:25:00,0,10530456,158805
OK,63,52,910,63,2014-05-08T03:30:00,0,10530905,158805
OK,90,36,910,90,2014-05-08T03:35:00,1,10531354,158805
OK,79,41,910,79,2014-05-08T03:40:00,2,10531803,158805
OK,68,48,910,68,2014-05-08T03:45:00,1,10532252,158805
OK,71,46,910,71,2014-05-08T03:50:00,2,10532701,158805
OK,68,48,910,68,2014-05-08T03:55:00,3,10533150,158805
OK,68,48,910,68,2014-05-08T04:00:00,1,10533599,158805
OK,103,32,910,103,2014-05-08T04:05:00,3,10534048,158805
OK,79,41,910,79,2014-05-08T04:10:00,5,10534497,158805
OK,79,41,910,79,2014-05-08T04:15:00,1,10534946,158805
OK,77,43,910,77,2014-05-08T04:20:00,3,10535395,158805
OK,71,46,910,71,2014-05-08T04:25:00,7,10535844,158805
OK,62,53,910,62,2014-05-08T04:30:00,5,10536293,158805
OK,62,53,910,62,2014-05-08T04:35:00,5,10536742,158805
OK,62,53,910,62,2014-05-08T04:40:00,5,10537191,158805
OK,62,53,910,62,2014-05-08T04:45:00,5,10537640,158805
OK,62,53,910,62,2014-05-08T04:50:00,7,10538089,158805
OK,62,53,910,62,2014-05-08T04:55:00,3,10538538,158805
OK,73,45,910,73,2014-05-08T05:00:00,2,10538987,158805
OK,75,44,910,75,2014-05-08T05:05:00,3,10539436,158805
OK,93,35,910,93,2014-05-08T05:10:00,2,10539885,158805
OK,62,53,910,62,2014-05-08T05:15:00,4,10540334,158805
OK,62,53,910,62,2014-05-08T05:20:00,5,10540783,158805
OK,69,48,910,69,2014-05-08T05:25:00,7,10541232,158805
OK,95,34,910,95,2014-05-08T05:30:00,3,10541681,158805
OK,95,34,910,95,2014-05-08T05:35:00,1,10542130,158805
OK,64,51,910,64,2014-05-08T05:40:00,2,10542579,158805
OK,73,45,910,73,2014-05-08T05:45:00,6,10543028,158805
OK,76,43,910,76,2014-05-08T05:50:00,12,10543477,158805
OK,70,47,910,70,2014-05-08T05:55:00,15,10543926,158805
OK,67,49,910,67,2014-05-08T06:00:00,6,10544375,158805
OK,66,50,910,66,2014-05-08T06:05:00,6,10544824,158805
OK,66,50,910,66,2014-05-08T06:10:00,6,10545273,158805
OK,77,43,910,77,2014-05-08T06:15:00,9,10545722,158805
OK,73,45,910,73,2014-05-08T06:20:00,10,10546171,158805
OK,66,50,910,66,2014-05-08T06:25:00,8,10546620,158805
OK,65,50,910,65,2014-05-08T06:30:00,5,10547069,158805
OK,64,51,910,64,2014-05-08T06:35:00,8,10547518,158805
OK,62,53,910,62,2014-05-08T06:40:00,6,10547967,158805
OK,78,42,910,78,2014-05-08T06:45:00,4,10548416,158805
OK,80,41,910,80,2014-05-08T06:50:00,5,10548865,158805
OK,69,48,910,69,2014-05-08T06:55:00,6,10549314,158805
OK,67,49,910,67,2014-05-08T07:00:00,11,10549763,158805
OK,67,49,910,67,2014-05-08T07:05:00,9,10550212,158805
OK,64,51,910,64,2014-05-08T07:10:00,7,10550661,158805
OK,71,46,910,71,2014-05-08T07:15:00,4,10551110,158805
OK,59,56,910,59,2014-05-08T07:20:00,2,10551559,158805
OK,66,50,910,66,2014-05-08T07:25:00,9,10552008,158805
OK,66,50,910,66,2014-05-08T07:30:00,10,10552457,158805
OK,70,47,910,70,2014-05-08T07:35:00,4,10552906,158805
OK,75,44,910,75,2014-05-08T07:40:00,4,10553355,158805
OK,72,46,910,72,2014-05-08T07:45:00,7,10553804,158805
OK,72,46,910,72,2014-05-08T07:50:00,10,10554253,158805
OK,72,46,910,72,2014-05-08T07:55:00,11,10554702,158805
OK,73,45,910,73,2014-05-08T08:00:00,8,10555151,158805
OK,73,45,910,73,2014-05-08T08:05:00,10,10555600,158805
OK,71,46,910,71,2014-05-08T08:10:00,8,10556049,158805
OK,62,53,910,62,2014-05-08T08:15:00,7,10556498,158805
OK,55,60,910,55,2014-05-08T08:20:00,5,10556947,158805
OK,66,50,910,66,2014-05-08T08:25:00,5,10557396,158805
OK,73,45,910,73,2014-05-08T08:30:00,15,10557845,158805
OK,73,45,910,73,2014-05-08T08:35:00,12,10558294,158805
OK,55,60,910,55,2014-05-08T08:40:00,3,10558743,158805
OK,60,55,910,60,2014-05-08T08:45:00,6,10559192,158805
OK,65,50,910,65,2014-05-08T08:50:00,7,10559641,158805
OK,93,35,910,93,2014-05-08T08:55:00,13,10560090,158805
OK,77,43,910,77,2014-05-08T09:00:00,15,10560539,158805
OK,58,57,910,58,2014-05-08T09:05:00,6,10560988,158805
OK,62,53,910,62,2014-05-08T09:10:00,7,10561437,158805
OK,67,49,910,67,2014-05-08T09:15:00,9,10561886,158805
OK,66,50,910,66,2014-05-08T09:20:00,12,10562335,158805
OK,67,49,910,67,2014-05-08T09:25:00,11,10562784,158805
OK,76,43,910,76,2014-05-08T09:30:00,8,10563233,158805
OK,72,46,910,72,2014-05-08T09:35:00,8,10563682,158805
OK,75,44,910,75,2014-05-08T09:40:00,7,10564131,158805
OK,76,43,910,76,2014-05-08T09:45:00,8,10564580,158805
OK,63,52,910,63,2014-05-08T09:50:00,9,10565029,158805
OK,64,51,910,64,2014-05-08T09:55:00,11,10565478,158805
OK,73,45,910,73,2014-05-08T10:00:00,10,10565927,158805
OK,71,46,910,71,2014-05-08T10:05:00,9,10566376,158805
OK,66,50,910,66,2014-05-08T10:10:00,10,10566825,158805
OK,63,52,910,63,2014-05-08T10:15:00,11,10567274,158805
OK,64,51,910,64,2014-05-08T10:20:00,7,10567723,158805
OK,65,50,910,65,2014-05-08T10:25:00,8,10568172,158805
OK,61,54,910,61,2014-05-08T10:30:00,9,10568621,158805
OK,57,58,910,57,2014-05-08T10:35:00,8,10569070,158805
OK,66,50,910,66,2014-05-08T10:40:00,13,10569519,158805
OK,67,49,910,67,2014-05-08T10:45:00,11,10569968,158805
OK,64,51,910,64,2014-05-08T10:50:00,12,10570417,158805
OK,66,50,910,66,2014-05-08T10:55:00,13,10570866,158805
OK,77,43,910,77,2014-05-08T11:00:00,9,10571315,158805
OK,76,43,910,76,2014-05-08T11:05:00,12,10571764,158805
OK,66,50,910,66,2014-05-08T11:10:00,15,10572213,158805
OK,67,49,910,67,2014-05-08T11:15:00,11,10572662,158805
OK,74,44,910,74,2014-05-08T11:20:00,6,10573111,158805
OK,65,50,910,65,2014-05-08T11:25:00,4,10573560,158805
OK,87,38,910,87,2014-05-08T11:30:00,8,10574009,158805
OK,73,45,910,73,2014-05-08T11:35:00,10,10574458,158805
OK,74,44,910,74,2014-05-08T11:40:00,11,10574907,158805
OK,77,43,910,77,2014-05-08T11:45:00,10,10575356,158805
OK,72,46,910,72,2014-05-08T11:50:00,8,10575805,158805
OK,69,48,910,69,2014-05-08T11:55:00,11,10576254,158805
OK,74,44,910,74,2014-05-08T12:00:00,8,10576703,158805
OK,90,36,910,90,2014-05-08T12:05:00,11,10577152,158805
OK,74,44,910,74,2014-05-08T12:10:00,17,10577601,158805
OK,68,48,910,68,2014-05-08T12:15:00,11,10578050,158805
OK,69,48,910,69,2014-05-08T12:20:00,16,10578499,158805
OK,76,43,910,76,2014-05-08T12:25:00,18,10578948,158805
OK,82,40,910,82,2014-05-08T12:30:00,28,10579397,158805
OK,82,40,910,82,2014-05-08T12:35:00,22,10579846,158805
OK,72,46,910,72,2014-05-08T12:40:00,17,10580295,158805
OK,75,44,910,75,2014-05-08T12:45:00,20,10580744,158805
OK,69,48,910,69,2014-05-08T12:50:00,18,10581193,158805
OK,78,42,910,78,2014-05-08T12:55:00,18,10581642,158805
OK,79,41,910,79,2014-05-08T13:00:00,14,10582091,158805
OK,71,46,910,71,2014-05-08T13:05:00,17,10582540,158805
OK,79,41,910,79,2014-05-08T13:10:00,22,10582989,158805
OK,84,39,910,84,2014-05-08T13:15:00,18,10583438,158805
OK,82,40,910,82,2014-05-08T13:20:00,15,10583887,158805
OK,87,38,910,87,2014-05-08T13:25:00,8,10584336,158805
OK,94,35,910,94,2014-05-08T13:30:00,8,10584785,158805
OK,79,41,910,79,2014-05-08T13:35:00,16,10585234,158805
OK,91,36,910,91,2014-05-08T13:40:00,23,10585683,158805
OK,88,37,910,88,2014-05-08T13:45:00,28,10586132,158805
OK,83,39,910,83,2014-05-08T13:50:00,24,10586581,158805
OK,70,47,910,70,2014-05-08T13:55:00,14,10587030,158805
OK,89,37,910,89,2014-05-08T14:00:00,16,10587479,158805
OK,90,36,910,90,2014-05-08T14:05:00,19,10587928,158805
OK,71,46,910,71,2014-05-08T14:10:00,15,10588377,158805
OK,69,48,910,69,2014-05-08T14:15:00,23,10588826,158805
OK,74,44,910,74,2014-05-08T14:20:00,22,10589275,158805
OK,87,38,910,87,2014-05-08T14:25:00,11,10589724,158805
OK,77,43,910,77,2014-05-08T14:30:00,11,10590173,158805
OK,78,42,910,78,2014-05-08T14:35:00,17,10590622,158805
OK,78,42,910,78,2014-05-08T14:40:00,17,10591071,158805
OK,67,49,910,67,2014-05-08T14:45:00,13,10591520,158805
OK,69,48,910,69,2014-05-08T14:50:00,12,10591969,158805
OK,75,44,910,75,2014-05-08T14:55:00,16,10592418,158805
OK,70,47,910,70,2014-05-08T15:00:00,17,10592867,158805
OK,66,50,910,66,2014-05-08T15:05:00,14,10593316,158805
OK,68,48,910,68,2014-05-08T15:10:00,8,10593765,158805
OK,63,52,910,63,2014-05-08T15:15:00,5,10594214,158805
OK,60,55,910,60,2014-05-08T15:20:00,7,10594663,158805
OK,65,50,910,65,2014-05-08T15:25:00,8,10595112,158805
OK,68,48,910,68,2014-05-08T15:30:00,8,10595561,158805
OK,72,46,910,72,2014-05-08T15:35:00,9,10596010,158805
OK,72,46,910,72,2014-05-08T15:40:00,9,10596459,158805
OK,63,52,910,63,2014-05-08T15:45:00,4,10596908,158805
OK,69,48,910,69,2014-05-08T15:50:00,10,10597357,158805
OK,68,48,910,68,2014-05-08T15:55:00,12,10597806,158805
OK,60,55,910,60,2014-05-08T16:00:00,5,10598255,158805
OK,59,56,910,59,2014-05-08T16:05:00,6,10598704,158805
OK,72,46,910,72,2014-05-08T16:10:00,3,10599153,158805
OK,75,44,910,75,2014-05-08T16:15:00,4,10599602,158805
OK,103,32,910,103,2014-05-08T16:20:00,8,10600051,158805
OK,103,32,910,103,2014-05-08T16:25:00,8,10600500,158805
OK,58,57,910,58,2014-05-08T16:30:00,7,10600949,158805
OK,57,58,910,57,2014-05-08T16:35:00,6,10601398,158805
OK,70,47,910,70,2014-05-08T16:40:00,3,10601847,158805
OK,69,48,910,69,2014-05-08T16:45:00,7,10602296,158805
OK,65,50,910,65,2014-05-08T16:50:00,4,10602745,158805
OK,63,52,910,63,2014-05-08T16:55:00,2,10603194,158805
OK,59,56,910,59,2014-05-08T17:00:00,5,10603643,158805
OK,70,47,910,70,2014-05-08T17:05:00,8,10604092,158805
OK,70,47,910,70,2014-05-08T17:10:00,6,10604541,158805
OK,55,60,910,55,2014-05-08T17:15:00,2,10604990,158805
OK,60,55,910,60,2014-05-08T17:20:00,2,10605439,158805
OK,57,58,910,57,2014-05-08T17:25:00,4,10605888,158805
OK,55,60,910,55,2014-05-08T17:30:00,2,10606337,158805
OK,49,67,910,49,2014-05-08T17:35:00,0,10606786,158805
OK,50,66,910,50,2014-05-08T17:40:00,2,10607235,158805
OK,47,70,910,47,2014-05-08T17:45:00,4,10607684,158805
OK,51,64,910,51,2014-05-08T17:50:00,5,10608133,158805
OK,55,60,910,55,2014-05-08T17:55:00,5,10608582,158805
OK,57,58,910,57,2014-05-08T18:00:00,2,10609031,158805
OK,55,60,910,55,2014-05-08T18:05:00,2,10609480,158805
OK,53,62,910,53,2014-05-08T18:10:00,1,10609929,158805
OK,53,62,910,53,2014-05-08T18:15:00,1,10610378,158805
OK,72,46,910,72,2014-05-08T18:20:00,1,10610827,158805
OK,56,59,910,56,2014-05-08T18:25:00,3,10611276,158805
OK,55,60,910,55,2014-05-08T18:30:00,2,10611725,158805
OK,54,61,910,54,2014-05-08T18:35:00,3,10612174,158805
OK,50,66,910,50,2014-05-08T18:40:00,4,10612623,158805
OK,46,72,910,46,2014-05-08T18:45:00,1,10613072,158805
OK,52,63,910,52,2014-05-08T18:50:00,2,10613521,158805
OK,58,57,910,58,2014-05-08T18:55:00,2,10613970,158805
OK,61,54,910,61,2014-05-08T19:00:00,1,10614419,158805
OK,55,60,910,55,2014-05-08T19:05:00,2,10614868,158805
OK,55,60,910,55,2014-05-08T19:10:00,2,10615317,158805
OK,55,60,910,55,2014-05-08T19:15:00,0,10615766,158805
OK,55,60,910,55,2014-05-08T19:20:00,0,10616215,158805
OK,67,49,910,67,2014-05-08T19:25:00,1,10616664,158805
OK,67,49,910,67,2014-05-08T19:30:00,1,10617113,158805
OK,67,49,910,67,2014-05-08T19:35:00,0,10617562,158805
OK,58,57,910,58,2014-05-08T19:40:00,2,10618011,158805
OK,57,58,910,57,2014-05-08T19:45:00,3,10618460,158805
OK,55,60,910,55,2014-05-08T19:50:00,3,10618909,158805
OK,62,53,910,62,2014-05-08T19:55:00,2,10619358,158805
OK,61,54,910,61,2014-05-08T21:50:00,2,10627363,158805
OK,61,54,910,61,2014-05-08T22:00:00,0,10628139,158805
OK,61,54,910,61,2014-05-08T22:05:00,0,10628588,158805
OK,57,58,910,57,2014-05-08T22:20:00,1,10629935,158805
OK,57,58,910,57,2014-05-08T22:25:00,0,10630384,158805
OK,69,48,910,69,2014-05-09T00:00:00,0,10636997,158805
OK,69,48,910,69,2014-05-09T00:05:00,0,10637446,158805
OK,69,48,910,69,2014-05-09T00:15:00,0,10638344,158805
OK,69,48,910,69,2014-05-09T00:20:00,0,10638793,158805
OK,69,48,910,69,2014-05-09T00:25:00,0,10639242,158805
OK,69,48,910,69,2014-05-09T00:30:00,0,10639691,158805
OK,69,48,910,69,2014-05-09T00:35:00,0,10640140,158805
OK,69,48,910,69,2014-05-09T00:40:00,0,10640589,158805
OK,69,48,910,69,2014-05-09T00:45:00,0,10641038,158805
OK,69,48,910,69,2014-05-09T00:50:00,0,10641487,158805
OK,69,48,910,69,2014-05-09T00:55:00,0,10641936,158805
OK,69,48,910,69,2014-05-09T01:00:00,0,10642385,158805
OK,69,48,910,69,2014-05-09T01:05:00,0,10642834,158805
OK,69,48,910,69,2014-05-09T01:10:00,0,10643283,158805
OK,69,48,910,69,2014-05-09T01:15:00,0,10643732,158805
OK,69,48,910,69,2014-05-09T01:20:00,0,10644181,158805
OK,69,48,910,69,2014-05-09T01:25:00,0,10644630,158805
OK,69,48,910,69,2014-05-09T01:30:00,0,10645079,158805
OK,69,48,910,69,2014-05-09T01:35:00,0,10645528,158805
OK,69,48,910,69,2014-05-09T01:40:00,0,10645977,158805
OK,69,48,910,69,2014-05-09T01:45:00,0,10646426,158805
OK,69,48,910,69,2014-05-09T01:50:00,0,10646875,158805
OK,69,48,910,69,2014-05-09T01:55:00,0,10647324,158805
OK,69,48,910,69,2014-05-09T02:00:00,0,10647773,158805
OK,69,48,910,69,2014-05-09T02:05:00,0,10648222,158805
OK,69,48,910,69,2014-05-09T02:10:00,0,10648671,158805
OK,69,48,910,69,2014-05-09T02:15:00,0,10649120,158805
OK,69,48,910,69,2014-05-09T02:20:00,0,10649569,158805
OK,69,48,910,69,2014-05-09T02:25:00,0,10650018,158805
OK,69,48,910,69,2014-05-09T02:30:00,0,10650467,158805
OK,69,48,910,69,2014-05-09T02:35:00,0,10650916,158805
OK,69,48,910,69,2014-05-09T02:40:00,0,10651365,158805
OK,42,78,910,42,2014-05-09T02:45:00,1,10651814,158805
OK,42,78,910,42,2014-05-09T02:50:00,0,10652263,158805
OK,42,78,910,42,2014-05-09T02:55:00,0,10652712,158805
OK,42,78,910,42,2014-05-09T03:00:00,0,10653161,158805
OK,42,78,910,42,2014-05-09T03:05:00,0,10653610,158805
OK,42,78,910,42,2014-05-09T03:10:00,0,10654059,158805
OK,42,78,910,42,2014-05-09T03:15:00,0,10654508,158805
OK,42,78,910,42,2014-05-09T03:20:00,0,10654957,158805
OK,42,78,910,42,2014-05-09T03:25:00,0,10655406,158805
OK,43,77,910,43,2014-05-09T03:30:00,1,10655855,158805
OK,137,24,910,137,2014-05-09T03:35:00,1,10656304,158805
OK,93,35,910,93,2014-05-09T03:40:00,2,10656753,158805
OK,53,62,910,53,2014-05-09T03:45:00,3,10657202,158805
OK,61,54,910,61,2014-05-09T03:50:00,3,10657651,158805
OK,61,54,910,61,2014-05-09T03:55:00,1,10658100,158805
OK,61,54,910,61,2014-05-09T04:00:00,0,10658549,158805
OK,61,54,910,61,2014-05-09T04:05:00,0,10658998,158805
OK,68,48,910,68,2014-05-09T04:10:00,3,10659447,158805
OK,65,50,910,65,2014-05-09T04:15:00,4,10659896,158805
OK,52,63,910,52,2014-05-09T04:20:00,1,10660345,158805
OK,52,63,910,52,2014-05-09T04:25:00,0,10660794,158805
OK,77,43,910,77,2014-05-09T04:30:00,1,10661243,158805
OK,62,53,910,62,2014-05-09T04:35:00,4,10661692,158805
OK,58,57,910,58,2014-05-09T04:40:00,3,10662141,158805
OK,78,42,910,78,2014-05-09T04:45:00,2,10662590,158805
OK,83,39,910,83,2014-05-09T04:50:00,6,10663039,158805
OK,73,45,910,73,2014-05-09T04:55:00,10,10663488,158805
OK,62,53,910,62,2014-05-09T05:00:00,8,10663937,158805
OK,64,51,910,64,2014-05-09T05:05:00,4,10664386,158805
OK,67,49,910,67,2014-05-09T05:10:00,6,10664835,158805
OK,72,46,910,72,2014-05-09T05:15:00,9,10665284,158805
OK,64,51,910,64,2014-05-09T05:20:00,8,10665733,158805
OK,70,47,910,70,2014-05-09T05:25:00,7,10666182,158805
OK,75,44,910,75,2014-05-09T05:30:00,5,10666631,158805
OK,75,44,910,75,2014-05-09T05:35:00,11,10667080,158805
OK,73,45,910,73,2014-05-09T05:40:00,14,10667529,158805
OK,64,51,910,64,2014-05-09T05:45:00,12,10667978,158805
OK,67,49,910,67,2014-05-09T05:50:00,17,10668427,158805
OK,77,43,910,77,2014-05-09T05:55:00,10,10668876,158805
OK,67,49,910,67,2014-05-09T06:00:00,4,10669325,158805
OK,81,40,910,81,2014-05-09T06:05:00,3,10669774,158805
OK,77,43,910,77,2014-05-09T06:10:00,4,10670223,158805
OK,65,50,910,65,2014-05-09T06:15:00,9,10670672,158805
OK,65,50,910,65,2014-05-09T06:20:00,11,10671121,158805
OK,66,50,910,66,2014-05-09T06:25:00,8,10671570,158805
OK,69,48,910,69,2014-05-09T06:30:00,9,10672019,158805
OK,71,46,910,71,2014-05-09T06:35:00,7,10672468,158805
OK,71,46,910,71,2014-05-09T06:40:00,8,10672917,158805
OK,72,46,910,72,2014-05-09T06:45:00,11,10673366,158805
OK,69,48,910,69,2014-05-09T06:50:00,4,10673815,158805
OK,74,44,910,74,2014-05-09T06:55:00,3,10674264,158805
OK,73,45,910,73,2014-05-09T07:00:00,2,10674713,158805
OK,71,46,910,71,2014-05-09T07:05:00,2,10675162,158805
OK,74,44,910,74,2014-05-09T07:10:00,7,10675611,158805
OK,71,46,910,71,2014-05-09T07:15:00,8,10676060,158805
OK,59,56,910,59,2014-05-09T07:20:00,4,10676509,158805
OK,66,50,910,66,2014-05-09T07:25:00,7,10676958,158805
OK,66,50,910,66,2014-05-09T07:30:00,7,10677407,158805
OK,68,48,910,68,2014-05-09T07:35:00,4,10677856,158805
OK,77,43,910,77,2014-05-09T07:40:00,4,10678305,158805
OK,96,34,910,96,2014-05-09T07:45:00,7,10678754,158805
OK,75,44,910,75,2014-05-09T07:50:00,11,10679203,158805
OK,64,51,910,64,2014-05-09T07:55:00,9,10679652,158805
OK,65,50,910,65,2014-05-09T08:00:00,6,10680101,158805
OK,70,47,910,70,2014-05-09T08:05:00,5,10680550,158805
OK,78,42,910,78,2014-05-09T08:10:00,5,10680999,158805
OK,70,47,910,70,2014-05-09T08:15:00,7,10681448,158805
OK,65,50,910,65,2014-05-09T08:20:00,10,10681897,158805
OK,62,53,910,62,2014-05-09T08:25:00,10,10682346,158805
OK,64,51,910,64,2014-05-09T08:30:00,6,10682795,158805
OK,71,46,910,71,2014-05-09T08:35:00,8,10683244,158805
OK,71,46,910,71,2014-05-09T08:40:00,9,10683693,158805
OK,72,46,910,72,2014-05-09T08:45:00,10,10684142,158805
OK,68,48,910,68,2014-05-09T08:50:00,6,10684591,158805
OK,65,50,910,65,2014-05-09T08:55:00,8,10685040,158805
OK,68,48,910,68,2014-05-09T09:00:00,15,10685489,158805
OK,69,48,910,69,2014-05-09T09:05:00,12,10685938,158805
OK,70,47,910,70,2014-05-09T09:10:00,10,10686387,158805
OK,70,47,910,70,2014-05-09T09:15:00,14,10686836,158805
OK,66,50,910,66,2014-05-09T09:20:00,13,10687285,158805
OK,64,51,910,64,2014-05-09T09:25:00,11,10687734,158805
OK,72,46,910,72,2014-05-09T09:30:00,12,10688183,158805
OK,71,46,910,71,2014-05-09T09:35:00,13,10688632,158805
OK,70,47,910,70,2014-05-09T09:40:00,8,10689081,158805
OK,65,50,910,65,2014-05-09T09:45:00,4,10689530,158805
OK,69,48,910,69,2014-05-09T09:50:00,6,10689979,158805
OK,70,47,910,70,2014-05-09T09:55:00,5,10690428,158805
OK,66,50,910,66,2014-05-09T10:00:00,8,10690877,158805
OK,68,48,910,68,2014-05-09T10:05:00,11,10691326,158805
OK,68,48,910,68,2014-05-09T10:10:00,10,10691775,158805
OK,68,48,910,68,2014-05-09T10:15:00,11,10692224,158805
OK,64,51,910,64,2014-05-09T10:20:00,10,10692673,158805
OK,65,50,910,65,2014-05-09T10:25:00,12,10693122,158805
OK,66,50,910,66,2014-05-09T10:30:00,11,10693571,158805
OK,66,50,910,66,2014-05-09T10:35:00,10,10694020,158805
OK,66,50,910,66,2014-05-09T10:40:00,7,10694469,158805
OK,67,49,910,67,2014-05-09T10:45:00,16,10694918,158805
OK,67,49,910,67,2014-05-09T10:50:00,25,10695367,158805
OK,67,49,910,67,2014-05-09T10:55:00,18,10695816,158805
OK,68,48,910,68,2014-05-09T11:00:00,14,10696265,158805
OK,72,46,910,72,2014-05-09T11:05:00,13,10696714,158805
OK,73,45,910,73,2014-05-09T11:10:00,11,10697163,158805
OK,74,44,910,74,2014-05-09T11:15:00,19,10697612,158805
OK,73,45,910,73,2014-05-09T11:20:00,17,10698061,158805
OK,69,48,910,69,2014-05-09T11:25:00,11,10698510,158805
OK,62,53,910,62,2014-05-09T11:30:00,9,10698958,158805
OK,64,51,910,64,2014-05-09T11:35:00,12,10699407,158805
OK,72,46,910,72,2014-05-09T11:40:00,11,10699856,158805
OK,65,50,910,65,2014-05-09T11:45:00,17,10700305,158805
OK,65,50,910,65,2014-05-09T11:50:00,17,10700754,158805
OK,73,45,910,73,2014-05-09T11:55:00,15,10701203,158805
OK,65,50,910,65,2014-05-09T12:00:00,16,10701652,158805
OK,68,48,910,68,2014-05-09T12:05:00,10,10702101,158805
OK,68,48,910,68,2014-05-09T12:10:00,10,10702550,158805
OK,72,46,910,72,2014-05-09T12:15:00,12,10702999,158805
OK,79,41,910,79,2014-05-09T12:20:00,13,10703448,158805
OK,79,41,910,79,2014-05-09T12:25:00,12,10703897,158805
OK,76,43,910,76,2014-05-09T12:30:00,14,10704346,158805
OK,75,44,910,75,2014-05-09T12:35:00,11,10704795,158805
OK,69,48,910,69,2014-05-09T12:40:00,8,10705244,158805
OK,78,42,910,78,2014-05-09T12:45:00,8,10705693,158805
OK,69,48,910,69,2014-05-09T12:50:00,14,10706142,158805
OK,69,48,910,69,2014-05-09T12:55:00,17,10706591,158805
OK,82,40,910,82,2014-05-09T13:00:00,9,10707040,158805
OK,73,45,910,73,2014-05-09T13:05:00,6,10707489,158805
OK,64,51,910,64,2014-05-09T13:10:00,8,10707938,158805
OK,76,43,910,76,2014-05-09T13:15:00,17,10708387,158805
OK,77,43,910,77,2014-05-09T13:20:00,18,10708836,158805
OK,69,48,910,69,2014-05-09T13:25:00,16,10709285,158805
OK,72,46,910,72,2014-05-09T13:30:00,19,10709734,158805
OK,77,43,910,77,2014-05-09T13:35:00,14,10710183,158805
OK,71,46,910,71,2014-05-09T13:40:00,13,10710632,158805
OK,64,51,910,64,2014-05-09T13:45:00,13,10711081,158805
OK,73,45,910,73,2014-05-09T13:50:00,14,10711530,158805
OK,75,44,910,75,2014-05-09T13:55:00,13,10711979,158805
OK,80,41,910,80,2014-05-09T14:00:00,19,10712427,158805
OK,78,42,910,78,2014-05-09T14:05:00,20,10712876,158805
OK,66,50,910,66,2014-05-09T14:10:00,10,10713325,158805
OK,64,51,910,64,2014-05-09T14:15:00,13,10713774,158805
OK,66,50,910,66,2014-05-09T14:20:00,12,10714223,158805
OK,61,54,910,61,2014-05-09T14:25:00,9,10714672,158805
OK,60,55,910,60,2014-05-09T14:30:00,11,10715121,158805
OK,63,52,910,63,2014-05-09T14:35:00,5,10715570,158805
OK,72,46,910,72,2014-05-09T14:40:00,4,10716019,158805
OK,58,57,910,58,2014-05-09T14:45:00,9,10716468,158805
OK,58,57,910,58,2014-05-09T14:50:00,11,10716917,158805
OK,60,55,910,60,2014-05-09T14:55:00,8,10717366,158805
OK,63,52,910,63,2014-05-09T15:00:00,5,10717815,158805
OK,64,51,910,64,2014-05-09T15:05:00,7,10718264,158805
OK,59,56,910,59,2014-05-09T15:10:00,10,10718713,158805
OK,54,61,910,54,2014-05-09T15:15:00,7,10719162,158805
OK,63,52,910,63,2014-05-09T15:20:00,10,10719611,158805
OK,63,52,910,63,2014-05-09T15:25:00,13,10720060,158805
OK,65,50,910,65,2014-05-09T15:30:00,11,10720509,158805
OK,65,50,910,65,2014-05-09T15:35:00,12,10720958,158805
OK,60,55,910,60,2014-05-09T15:40:00,6,10721407,158805
OK,58,57,910,58,2014-05-09T15:45:00,6,10721856,158805
OK,71,46,910,71,2014-05-09T15:50:00,5,10722305,158805
OK,72,46,910,72,2014-05-09T15:55:00,9,10722754,158805
OK,63,52,910,63,2014-05-09T16:00:00,5,10723203,158805
OK,65,50,910,65,2014-05-09T16:05:00,4,10723652,158805
OK,66,50,910,66,2014-05-09T16:10:00,2,10724101,158805
OK,65,50,910,65,2014-05-09T16:15:00,1,10724550,158805
OK,57,58,910,57,2014-05-09T16:20:00,5,10724999,158805
OK,57,58,910,57,2014-05-09T16:25:00,11,10725448,158805
OK,61,54,910,61,2014-05-09T16:30:00,8,10725897,158805
OK,59,56,910,59,2014-05-09T16:35:00,6,10726346,158805
OK,57,58,910,57,2014-05-09T16:40:00,5,10726795,158805
OK,64,51,910,64,2014-05-09T16:45:00,3,10727244,158805
OK,61,54,910,61,2014-05-09T16:50:00,4,10727693,158805
OK,63,52,910,63,2014-05-09T16:55:00,8,10728142,158805
OK,66,50,910,66,2014-05-09T17:00:00,8,10728591,158805
OK,58,57,910,58,2014-05-09T17:05:00,4,10729040,158805
OK,61,54,910,61,2014-05-09T17:10:00,3,10729489,158805
OK,66,50,910,66,2014-05-09T17:15:00,1,10729938,158805
OK,44,75,910,44,2014-05-09T17:20:00,1,10730387,158805
OK,44,75,910,44,2014-05-09T17:25:00,3,10730836,158805
OK,61,54,910,61,2014-05-09T17:30:00,3,10731285,158805
OK,71,46,910,71,2014-05-09T17:35:00,3,10731734,158805
OK,60,55,910,60,2014-05-09T17:40:00,3,10732183,158805
OK,55,60,910,55,2014-05-09T17:45:00,6,10732632,158805
OK,56,59,910,56,2014-05-09T17:50:00,5,10733081,158805
OK,52,63,910,52,2014-05-09T17:55:00,3,10733530,158805
OK,48,69,910,48,2014-05-09T18:00:00,4,10733979,158805
OK,42,78,910,42,2014-05-09T18:05:00,0,10734428,158805
OK,42,78,910,42,2014-05-09T18:10:00,0,10734877,158805
OK,59,56,910,59,2014-05-09T18:15:00,1,10735326,158805
OK,59,56,910,59,2014-05-09T18:20:00,1,10735775,158805
OK,65,50,910,65,2014-05-09T18:25:00,2,10736224,158805
OK,71,46,910,71,2014-05-09T18:30:00,2,10736673,158805
OK,71,46,910,71,2014-05-09T18:35:00,1,10737122,158805
OK,71,46,910,71,2014-05-09T18:40:00,0,10737571,158805
OK,64,51,910,64,2014-05-09T18:45:00,3,10738020,158805
OK,64,51,910,64,2014-05-09T18:50:00,3,10738469,158805
OK,58,57,910,58,2014-05-09T18:55:00,1,10738918,158805
OK,58,57,910,58,2014-05-09T19:00:00,0,10739367,158805
OK,58,57,910,58,2014-05-09T19:05:00,0,10739816,158805
OK,58,57,910,58,2014-05-09T19:10:00,0,10740265,158805
OK,58,57,910,58,2014-05-09T19:15:00,0,10740714,158805
OK,70,47,910,70,2014-05-09T19:20:00,2,10741163,158805
OK,59,56,910,59,2014-05-09T19:25:00,2,10741612,158805
OK,54,61,910,54,2014-05-09T19:30:00,1,10742061,158805
OK,44,75,910,44,2014-05-09T19:35:00,1,10742510,158805
OK,60,55,910,60,2014-05-09T19:40:00,3,10742959,158805
OK,60,55,910,60,2014-05-09T19:45:00,1,10743408,158805
OK,62,53,910,62,2014-05-09T19:50:00,1,10743857,158805
OK,62,53,910,62,2014-05-09T19:55:00,2,10744306,158805
OK,53,62,910,53,2014-05-09T22:00:00,0,10753210,158805
OK,53,62,910,53,2014-05-09T22:05:00,0,10753659,158805
OK,53,62,910,53,2014-05-09T22:10:00,1,10754108,158805
OK,66,50,910,66,2014-05-09T22:20:00,2,10755006,158805
OK,60,55,910,60,2014-05-09T22:25:00,3,10755455,158805
OK,39,84,910,39,2014-05-10T00:00:00,1,10761813,158805
OK,39,84,910,39,2014-05-10T00:05:00,0,10762262,158805
OK,39,84,910,39,2014-05-10T00:10:00,0,10762711,158805
OK,53,62,910,53,2014-05-10T00:15:00,1,10763160,158805
OK,53,62,910,53,2014-05-10T00:20:00,0,10763609,158805
OK,53,62,910,53,2014-05-10T00:25:00,0,10764058,158805
OK,53,62,910,53,2014-05-10T00:30:00,0,10764507,158805
OK,53,62,910,53,2014-05-10T00:35:00,0,10764956,158805
OK,53,62,910,53,2014-05-10T00:40:00,0,10765405,158805
OK,130,25,910,130,2014-05-10T00:45:00,1,10765854,158805
OK,130,25,910,130,2014-05-10T00:50:00,1,10766303,158805
OK,130,25,910,130,2014-05-10T00:55:00,0,10766752,158805
OK,130,25,910,130,2014-05-10T01:00:00,0,10767201,158805
OK,130,25,910,130,2014-05-10T01:05:00,0,10767650,158805
OK,130,25,910,130,2014-05-10T01:10:00,0,10768099,158805
OK,130,25,910,130,2014-05-10T01:15:00,0,10768548,158805
OK,130,25,910,130,2014-05-10T01:20:00,0,10768997,158805
OK,58,57,910,58,2014-05-10T01:25:00,1,10769446,158805
OK,58,57,910,58,2014-05-10T01:30:00,0,10769895,158805
OK,58,57,910,58,2014-05-10T01:35:00,0,10770344,158805
OK,38,87,910,38,2014-05-10T01:40:00,1,10770793,158805
OK,38,87,910,38,2014-05-10T01:45:00,1,10771242,158805
OK,38,87,910,38,2014-05-10T01:50:00,0,10771691,158805
OK,38,87,910,38,2014-05-10T01:55:00,0,10772140,158805
OK,38,87,910,38,2014-05-10T02:00:00,0,10772589,158805
OK,38,87,910,38,2014-05-10T02:05:00,0,10773038,158805
OK,38,87,910,38,2014-05-10T02:10:00,0,10773487,158805
OK,38,87,910,38,2014-05-10T02:15:00,0,10773936,158805
OK,38,87,910,38,2014-05-10T02:20:00,0,10774385,158805
OK,38,87,910,38,2014-05-10T02:25:00,0,10774834,158805
OK,77,43,910,77,2014-05-10T02:30:00,1,10775283,158805
OK,77,43,910,77,2014-05-10T02:35:00,1,10775732,158805
OK,77,43,910,77,2014-05-10T02:40:00,0,10776181,158805
OK,77,43,910,77,2014-05-10T02:45:00,0,10776630,158805
OK,77,43,910,77,2014-05-10T02:50:00,0,10777079,158805
OK,77,43,910,77,2014-05-10T02:55:00,0,10777528,158805
OK,51,64,910,51,2014-05-10T03:00:00,1,10777977,158805
OK,51,64,910,51,2014-05-10T03:05:00,0,10778426,158805
OK,51,64,910,51,2014-05-10T03:10:00,0,10778875,158805
OK,61,54,910,61,2014-05-10T03:15:00,1,10779324,158805
OK,61,54,910,61,2014-05-10T03:20:00,1,10779773,158805
OK,61,54,910,61,2014-05-10T03:25:00,0,10780222,158805
OK,61,54,910,61,2014-05-10T03:30:00,0,10780671,158805
OK,61,54,910,61,2014-05-10T03:35:00,0,10781120,158805
OK,61,54,910,61,2014-05-10T03:40:00,0,10781569,158805
OK,61,54,910,61,2014-05-10T03:45:00,0,10782018,158805
OK,55,60,910,55,2014-05-10T03:50:00,1,10782467,158805
OK,55,60,910,55,2014-05-10T03:55:00,0,10782916,158805
OK,55,60,910,55,2014-05-10T04:10:00,0,10784232,158805
OK,64,51,910,64,2014-05-10T04:30:00,3,10786020,158805
OK,50,66,910,50,2014-05-10T04:35:00,1,10786469,158805
OK,51,64,910,51,2014-05-10T04:40:00,2,10786918,158805
OK,57,58,910,57,2014-05-10T04:50:00,3,10787816,158805
OK,39,84,910,39,2014-05-10T05:05:00,0,10789082,158805
OK,39,84,910,39,2014-05-10T05:10:00,0,10789531,158805
OK,39,84,910,39,2014-05-10T05:20:00,0,10790424,158805
OK,56,59,910,56,2014-05-10T05:45:00,1,10792653,158805
OK,65,50,910,65,2014-05-10T06:00:00,1,10793989,158805
OK,57,58,910,57,2014-05-10T06:05:00,1,10794438,158805
OK,60,55,910,60,2014-05-10T06:10:00,3,10794887,158805
OK,60,55,910,60,2014-05-10T06:15:00,1,10795336,158805
OK,50,66,910,50,2014-05-10T06:20:00,1,10795785,158805
OK,65,50,910,65,2014-05-10T06:25:00,2,10796234,158805
OK,80,41,910,80,2014-05-10T06:30:00,0,10796683,158805
OK,58,57,910,58,2014-05-10T06:35:00,1,10797132,158805
OK,58,57,910,58,2014-05-10T06:40:00,1,10797581,158805
OK,62,53,910,62,2014-05-10T06:45:00,2,10798030,158805
OK,60,55,910,60,2014-05-10T06:50:00,2,10798479,158805
OK,66,50,910,66,2014-05-10T06:55:00,1,10798928,158805
OK,55,60,910,55,2014-05-10T07:00:00,2,10799377,158805
OK,67,49,910,67,2014-05-10T07:05:00,5,10799826,158805
OK,70,47,910,70,2014-05-10T07:10:00,3,10800275,158805
OK,67,49,910,67,2014-05-10T07:15:00,0,10800724,158805
OK,55,60,910,55,2014-05-10T07:20:00,3,10801173,158805
OK,58,57,910,58,2014-05-10T07:25:00,5,10801622,158805
OK,70,47,910,70,2014-05-10T07:30:00,2,10802071,158805
OK,65,50,910,65,2014-05-10T07:35:00,1,10802520,158805
OK,65,50,910,65,2014-05-10T07:40:00,0,10802969,158805
OK,65,50,910,65,2014-05-10T07:45:00,0,10803418,158805
OK,68,48,910,68,2014-05-10T07:50:00,4,10803867,158805
OK,69,48,910,69,2014-05-10T07:55:00,5,10804316,158805
OK,63,52,910,63,2014-05-10T08:00:00,6,10804765,158805
OK,60,55,910,60,2014-05-10T08:05:00,8,10805214,158805
OK,57,58,910,57,2014-05-10T08:10:00,4,10805663,158805
OK,77,43,910,77,2014-05-10T08:15:00,1,10806112,158805
OK,69,48,910,69,2014-05-10T08:20:00,3,10806561,158805
OK,61,54,910,61,2014-05-10T08:25:00,5,10807010,158805
OK,69,48,910,69,2014-05-10T08:30:00,5,10807459,158805
OK,70,47,910,70,2014-05-10T08:35:00,4,10807908,158805
OK,60,55,910,60,2014-05-10T08:40:00,1,10808357,158805
OK,75,44,910,75,2014-05-10T08:45:00,1,10808806,158805
OK,73,45,910,73,2014-05-10T08:50:00,4,10809255,158805
OK,65,50,910,65,2014-05-10T08:55:00,6,10809704,158805
OK,61,54,910,61,2014-05-10T09:00:00,5,10810153,158805
OK,67,49,910,67,2014-05-10T09:05:00,5,10810602,158805
OK,69,48,910,69,2014-05-10T09:10:00,3,10811051,158805
OK,66,50,910,66,2014-05-10T09:15:00,5,10811500,158805
OK,62,53,910,62,2014-05-10T09:20:00,5,10811949,158805
OK,54,61,910,54,2014-05-10T09:25:00,2,10812398,158805
OK,58,57,910,58,2014-05-10T09:30:00,5,10812847,158805
OK,66,50,910,66,2014-05-10T09:35:00,4,10813296,158805
OK,62,53,910,62,2014-05-10T09:40:00,5,10813745,158805
OK,56,59,910,56,2014-05-10T09:45:00,7,10814194,158805
OK,55,60,910,55,2014-05-10T09:50:00,6,10814643,158805
OK,59,56,910,59,2014-05-10T09:55:00,2,10815092,158805
OK,65,50,910,65,2014-05-10T10:00:00,2,10815541,158805
OK,68,48,910,68,2014-05-10T10:05:00,3,10815990,158805
OK,68,48,910,68,2014-05-10T10:10:00,3,10816439,158805
OK,79,41,910,79,2014-05-10T10:15:00,1,10816888,158805
OK,62,53,910,62,2014-05-10T10:20:00,6,10817337,158805
OK,57,58,910,57,2014-05-10T10:25:00,7,10817786,158805
OK,53,62,910,53,2014-05-10T10:30:00,6,10818235,158805
OK,59,56,910,59,2014-05-10T10:35:00,8,10818684,158805
OK,67,49,910,67,2014-05-10T10:40:00,6,10819133,158805
OK,70,47,910,70,2014-05-10T10:45:00,5,10819582,158805
OK,64,51,910,64,2014-05-10T10:50:00,6,10820031,158805
OK,64,51,910,64,2014-05-10T10:55:00,8,10820480,158805
OK,61,54,910,61,2014-05-10T11:00:00,6,10820929,158805
OK,58,57,910,58,2014-05-10T11:05:00,4,10821378,158805
OK,59,56,910,59,2014-05-10T11:10:00,3,10821827,158805
OK,62,53,910,62,2014-05-10T11:15:00,4,10822276,158805
OK,72,46,910,72,2014-05-10T11:20:00,7,10822725,158805
OK,64,51,910,64,2014-05-10T11:25:00,7,10823174,158805
OK,64,51,910,64,2014-05-10T11:30:00,3,10823623,158805
OK,67,49,910,67,2014-05-10T11:35:00,6,10824072,158805
OK,65,50,910,65,2014-05-10T11:40:00,6,10824521,158805
OK,65,50,910,65,2014-05-10T11:45:00,6,10824970,158805
OK,62,53,910,62,2014-05-10T11:50:00,6,10825419,158805
OK,61,54,910,61,2014-05-10T11:55:00,2,10825868,158805
OK,66,50,910,66,2014-05-10T12:00:00,2,10826317,158805
OK,62,53,910,62,2014-05-10T12:05:00,4,10826766,158805
OK,62,53,910,62,2014-05-10T12:10:00,2,10827215,158805
OK,56,59,910,56,2014-05-10T12:15:00,1,10827664,158805
OK,57,58,910,57,2014-05-10T12:20:00,4,10828113,158805
OK,58,57,910,58,2014-05-10T12:25:00,3,10828562,158805
OK,56,59,910,56,2014-05-10T12:30:00,7,10829011,158805
OK,60,55,910,60,2014-05-10T12:35:00,7,10829460,158805
OK,61,54,910,61,2014-05-10T12:40:00,3,10829909,158805
OK,63,52,910,63,2014-05-10T12:45:00,4,10830358,158805
OK,77,43,910,77,2014-05-10T12:50:00,2,10830807,158805
OK,91,36,910,91,2014-05-10T12:55:00,0,10831256,158805
OK,53,62,910,53,2014-05-10T13:00:00,6,10831705,158805
OK,55,60,910,55,2014-05-10T13:05:00,6,10832154,158805
OK,67,49,910,67,2014-05-10T13:10:00,3,10832603,158805
OK,90,36,910,90,2014-05-10T13:15:00,3,10833052,158805
OK,119,27,910,119,2014-05-10T13:20:00,2,10833501,158805
OK,58,57,910,58,2014-05-10T13:25:00,4,10833950,158805
OK,66,50,910,66,2014-05-10T13:30:00,2,10834399,158805
OK,61,54,910,61,2014-05-10T13:35:00,6,10834848,158805
OK,60,55,910,60,2014-05-10T13:40:00,9,10835297,158805
OK,51,64,910,51,2014-05-10T13:45:00,5,10835746,158805
OK,72,46,910,72,2014-05-10T13:50:00,1,10836195,158805
OK,62,53,910,62,2014-05-10T13:55:00,1,10836644,158805
OK,62,53,910,62,2014-05-10T14:00:00,5,10837093,158805
OK,60,55,910,60,2014-05-10T14:05:00,5,10837542,158805
OK,60,55,910,60,2014-05-10T14:10:00,3,10837991,158805
OK,61,54,910,61,2014-05-10T14:15:00,2,10838440,158805
OK,63,52,910,63,2014-05-10T14:20:00,4,10838889,158805
OK,64,51,910,64,2014-05-10T14:25:00,5,10839338,158805
OK,64,51,910,64,2014-05-10T14:30:00,6,10839787,158805
OK,67,49,910,67,2014-05-10T14:35:00,4,10840236,158805
OK,61,54,910,61,2014-05-10T14:40:00,0,10840685,158805
OK,64,51,910,64,2014-05-10T14:45:00,2,10841134,158805
OK,63,52,910,63,2014-05-10T14:50:00,5,10841583,158805
OK,63,52,910,63,2014-05-10T14:55:00,6,10842032,158805
OK,53,62,910,53,2014-05-10T15:00:00,3,10842481,158805
OK,54,61,910,54,2014-05-10T15:05:00,2,10842930,158805
OK,58,57,910,58,2014-05-10T15:10:00,3,10843379,158805
OK,62,53,910,62,2014-05-10T15:15:00,2,10843828,158805
OK,61,54,910,61,2014-05-10T15:20:00,5,10844277,158805
OK,58,57,910,58,2014-05-10T15:25:00,2,10844726,158805
OK,65,50,910,65,2014-05-10T15:30:00,3,10845175,158805
OK,62,53,910,62,2014-05-10T15:35:00,7,10845624,158805
OK,61,54,910,61,2014-05-10T15:40:00,4,10846073,158805
OK,61,54,910,61,2014-05-10T15:45:00,1,10846522,158805
OK,61,54,910,61,2014-05-10T15:50:00,3,10846971,158805
OK,72,46,910,72,2014-05-10T15:55:00,5,10847420,158805
OK,69,48,910,69,2014-05-10T16:00:00,5,10847869,158805
OK,59,56,910,59,2014-05-10T16:05:00,3,10848318,158805
OK,62,53,910,62,2014-05-10T16:10:00,2,10848767,158805
OK,66,50,910,66,2014-05-10T16:15:00,1,10849216,158805
OK,63,52,910,63,2014-05-10T16:20:00,1,10849665,158805
OK,63,52,910,63,2014-05-10T16:25:00,1,10850114,158805
OK,63,52,910,63,2014-05-10T16:30:00,0,10850563,158805
OK,63,52,910,63,2014-05-10T16:35:00,0,10851012,158805
OK,63,52,910,63,2014-05-10T16:40:00,0,10851461,158805
OK,45,73,910,45,2014-05-10T16:45:00,1,10851910,158805
OK,48,69,910,48,2014-05-10T16:50:00,2,10852359,158805
OK,56,59,910,56,2014-05-10T16:55:00,2,10852808,158805
OK,56,59,910,56,2014-05-10T17:00:00,2,10853257,158805
OK,60,55,910,60,2014-05-10T17:05:00,1,10853706,158805
OK,60,55,910,60,2014-05-10T17:10:00,1,10854155,158805
OK,60,55,910,60,2014-05-10T17:15:00,0,10854604,158805
OK,57,58,910,57,2014-05-10T17:20:00,1,10855053,158805
OK,50,66,910,50,2014-05-10T17:25:00,2,10855502,158805
OK,58,57,910,58,2014-05-10T17:30:00,4,10855951,158805
OK,62,53,910,62,2014-05-10T17:35:00,4,10856400,158805
OK,58,57,910,58,2014-05-10T17:40:00,2,10856849,158805
OK,59,56,910,59,2014-05-10T17:45:00,2,10857298,158805
OK,61,54,910,61,2014-05-10T17:50:00,4,10857747,158805
OK,57,58,910,57,2014-05-10T17:55:00,3,10858196,158805
OK,60,55,910,60,2014-05-10T18:00:00,1,10858645,158805
OK,57,58,910,57,2014-05-10T18:05:00,2,10859094,158805
OK,67,49,910,67,2014-05-10T18:10:00,2,10859543,158805
OK,79,41,910,79,2014-05-10T18:15:00,0,10859992,158805
OK,48,69,910,48,2014-05-10T18:20:00,1,10860441,158805
OK,48,69,910,48,2014-05-10T18:25:00,0,10860890,158805
OK,65,50,910,65,2014-05-10T18:30:00,1,10861339,158805
OK,65,50,910,65,2014-05-10T18:35:00,1,10861788,158805
OK,42,78,910,42,2014-05-10T18:40:00,1,10862237,158805
OK,42,78,910,42,2014-05-10T18:45:00,0,10862686,158805
OK,42,78,910,42,2014-05-10T18:50:00,0,10863135,158805
OK,58,57,910,58,2014-05-10T18:55:00,1,10863584,158805
OK,51,64,910,51,2014-05-10T19:00:00,1,10864033,158805
OK,51,64,910,51,2014-05-10T19:05:00,1,10864482,158805
OK,55,60,910,55,2014-05-10T19:10:00,2,10864931,158805
OK,42,78,910,42,2014-05-10T19:15:00,3,10865380,158805
OK,37,89,910,37,2014-05-10T19:20:00,0,10865829,158805
OK,57,58,910,57,2014-05-10T19:25:00,1,10866278,158805
OK,72,46,910,72,2014-05-10T19:30:00,1,10866727,158805
OK,72,46,910,72,2014-05-10T19:35:00,1,10867176,158805
OK,72,46,910,72,2014-05-10T19:40:00,0,10867625,158805
OK,72,46,910,72,2014-05-10T19:45:00,0,10868074,158805
OK,51,64,910,51,2014-05-10T19:50:00,1,10868523,158805
OK,59,56,910,59,2014-05-10T19:55:00,3,10868972,158805
OK,60,55,910,60,2014-05-10T20:00:00,1,10869421,158805
OK,60,55,910,60,2014-05-10T20:05:00,0,10869870,158805
OK,60,55,910,60,2014-05-10T20:10:00,0,10870319,158805
OK,60,55,910,60,2014-05-10T20:15:00,0,10870768,158805
OK,60,55,910,60,2014-05-10T20:20:00,0,10871217,158805
OK,60,55,910,60,2014-05-10T20:25:00,0,10871666,158805
OK,60,55,910,60,2014-05-10T20:30:00,0,10872115,158805
OK,66,50,910,66,2014-05-10T20:35:00,1,10872564,158805
OK,66,50,910,66,2014-05-10T20:40:00,1,10873013,158805
OK,66,50,910,66,2014-05-10T20:45:00,0,10873462,158805
OK,64,51,910,64,2014-05-10T20:50:00,2,10873911,158805
OK,56,59,910,56,2014-05-10T20:55:00,1,10874360,158805
OK,56,59,910,56,2014-05-10T21:00:00,0,10874809,158805
OK,56,59,910,56,2014-05-10T21:05:00,0,10875258,158805
OK,86,38,910,86,2014-05-10T21:10:00,1,10875707,158805
OK,69,48,910,69,2014-05-10T21:15:00,2,10876156,158805
OK,63,52,910,63,2014-05-10T21:20:00,2,10876605,158805
OK,66,50,910,66,2014-05-10T21:25:00,2,10877054,158805
OK,58,57,910,58,2014-05-10T21:30:00,0,10877503,158805
OK,55,60,910,55,2014-05-10T21:35:00,1,10877952,158805
OK,55,60,910,55,2014-05-10T21:40:00,1,10878401,158805
OK,50,66,910,50,2014-05-10T21:45:00,2,10878850,158805
OK,56,59,910,56,2014-05-10T21:50:00,2,10879299,158805
OK,63,52,910,63,2014-05-10T21:55:00,1,10879748,158805
OK,63,52,910,63,2014-05-10T22:00:00,0,10880197,158805
OK,63,52,910,63,2014-05-10T22:05:00,0,10880646,158805
OK,51,64,910,51,2014-05-10T22:10:00,1,10881095,158805
OK,51,64,910,51,2014-05-10T22:15:00,1,10881544,158805
OK,51,64,910,51,2014-05-10T22:20:00,0,10881993,158805
OK,51,64,910,51,2014-05-10T22:25:00,0,10882442,158805
OK,51,64,910,51,2014-05-10T22:30:00,0,10882891,158805
OK,51,64,910,51,2014-05-10T22:35:00,0,10883340,158805
OK,57,58,910,57,2014-05-10T22:40:00,1,10883789,158805
OK,57,58,910,57,2014-05-10T22:45:00,0,10884238,158805
OK,78,42,910,78,2014-05-10T22:50:00,2,10884687,158805
OK,78,42,910,78,2014-05-10T22:55:00,2,10885136,158805
OK,51,64,910,51,2014-05-10T23:00:00,2,10885585,158805
OK,57,58,910,57,2014-05-10T23:05:00,2,10886034,158805
OK,61,54,910,61,2014-05-10T23:10:00,3,10886483,158805
OK,62,53,910,62,2014-05-10T23:15:00,2,10886932,158805
OK,63,52,910,63,2014-05-10T23:20:00,0,10887381,158805
OK,72,46,910,72,2014-05-10T23:25:00,1,10887830,158805
OK,59,56,910,59,2014-05-10T23:30:00,1,10888279,158805
OK,59,56,910,59,2014-05-10T23:35:00,1,10888728,158805
OK,59,56,910,59,2014-05-10T23:40:00,0,10889177,158805
OK,59,56,910,59,2014-05-10T23:45:00,0,10889626,158805
OK,59,56,910,59,2014-05-10T23:50:00,0,10890075,158805
OK,59,56,910,59,2014-05-10T23:55:00,0,10890524,158805
OK,59,56,910,59,2014-05-11T00:00:00,0,10890973,158805
OK,53,62,910,53,2014-05-11T00:05:00,1,10891422,158805
OK,53,62,910,53,2014-05-11T00:10:00,0,10891871,158805
OK,53,62,910,53,2014-05-11T00:15:00,0,10892320,158805
OK,53,62,910,53,2014-05-11T00:20:00,0,10892769,158805
OK,53,62,910,53,2014-05-11T00:25:00,0,10893218,158805
OK,59,56,910,59,2014-05-11T00:30:00,2,10893667,158805
OK,61,54,910,61,2014-05-11T00:35:00,3,10894116,158805
OK,64,51,910,64,2014-05-11T00:40:00,0,10894565,158805
OK,64,51,910,64,2014-05-11T00:45:00,0,10895014,158805
OK,64,51,910,64,2014-05-11T00:50:00,0,10895463,158805
OK,64,51,910,64,2014-05-11T00:55:00,0,10895912,158805
OK,64,51,910,64,2014-05-11T01:00:00,0,10896361,158805
OK,64,51,910,64,2014-05-11T01:05:00,0,10896810,158805
OK,64,51,910,64,2014-05-11T01:10:00,0,10897259,158805
OK,64,51,910,64,2014-05-11T01:15:00,0,10897708,158805
OK,70,47,910,70,2014-05-11T01:20:00,1,10898157,158805
OK,70,47,910,70,2014-05-11T01:25:00,0,10898606,158805
OK,70,47,910,70,2014-05-11T01:30:00,0,10899055,158805
OK,70,47,910,70,2014-05-11T01:35:00,0,10899504,158805
OK,70,47,910,70,2014-05-11T01:40:00,0,10899953,158805
OK,70,47,910,70,2014-05-11T01:45:00,0,10900402,158805
OK,70,47,910,70,2014-05-11T01:50:00,0,10900851,158805
OK,70,47,910,70,2014-05-11T01:55:00,0,10901300,158805
OK,70,47,910,70,2014-05-11T02:00:00,0,10901749,158805
OK,70,47,910,70,2014-05-11T02:05:00,0,10902198,158805
OK,70,47,910,70,2014-05-11T02:10:00,0,10902647,158805
OK,72,46,910,72,2014-05-11T02:15:00,1,10903096,158805
OK,72,46,910,72,2014-05-11T02:20:00,0,10903545,158805
OK,72,46,910,72,2014-05-11T02:25:00,0,10903994,158805
OK,72,46,910,72,2014-05-11T02:30:00,0,10904443,158805
OK,44,75,910,44,2014-05-11T02:35:00,1,10904892,158805
OK,44,75,910,44,2014-05-11T02:40:00,1,10905341,158805
OK,44,75,910,44,2014-05-11T02:45:00,0,10905790,158805
OK,44,75,910,44,2014-05-11T02:50:00,0,10906239,158805
OK,61,54,910,61,2014-05-11T02:55:00,1,10906688,158805
OK,61,54,910,61,2014-05-11T03:00:00,0,10907137,158805
OK,53,62,910,53,2014-05-11T03:05:00,1,10907586,158805
OK,53,62,910,53,2014-05-11T03:10:00,1,10908035,158805
OK,43,77,910,43,2014-05-11T03:15:00,2,10908484,158805
OK,43,77,910,43,2014-05-11T03:20:00,2,10908933,158805
OK,43,77,910,43,2014-05-11T03:25:00,0,10909382,158805
OK,43,77,910,43,2014-05-11T03:30:00,0,10909831,158805
OK,43,77,910,43,2014-05-11T03:35:00,0,10910280,158805
OK,43,77,910,43,2014-05-11T03:40:00,0,10910729,158805
OK,53,62,910,53,2014-05-11T03:45:00,1,10911178,158805
OK,53,62,910,53,2014-05-11T03:50:00,0,10911627,158805
OK,53,62,910,53,2014-05-11T03:55:00,0,10912076,158805
OK,53,62,910,53,2014-05-11T04:10:00,0,10913423,158805
OK,53,62,910,53,2014-05-11T04:20:00,0,10914321,158805
OK,56,59,910,56,2014-05-11T04:35:00,1,10915668,158805
OK,56,59,910,56,2014-05-11T04:40:00,1,10916117,158805
OK,54,61,910,54,2014-05-11T04:45:00,1,10916566,158805
OK,66,50,910,66,2014-05-11T05:00:00,0,10917913,158805
OK,66,50,910,66,2014-05-11T05:05:00,0,10918362,158805
OK,66,50,910,66,2014-05-11T05:15:00,0,10919260,158805
OK,66,50,910,66,2014-05-11T05:20:00,0,10919708,158805
OK,66,50,910,66,2014-05-11T05:25:00,0,10920157,158805
OK,66,50,910,66,2014-05-11T05:30:00,0,10920606,158805
OK,66,50,910,66,2014-05-11T05:35:00,0,10921055,158805
OK,66,50,910,66,2014-05-11T05:40:00,0,10921503,158805
OK,65,50,910,65,2014-05-11T05:50:00,2,10922401,158805
OK,67,49,910,67,2014-05-11T05:55:00,1,10922850,158805
OK,67,49,910,67,2014-05-11T06:00:00,0,10923299,158805
OK,55,60,910,55,2014-05-11T06:05:00,0,10923748,158805
OK,55,60,910,55,2014-05-11T06:10:00,0,10924197,158805
OK,55,60,910,55,2014-05-11T06:15:00,0,10924646,158805
OK,55,60,910,55,2014-05-11T06:20:00,0,10925095,158805
OK,55,60,910,55,2014-05-11T06:25:00,0,10925544,158805
OK,55,60,910,55,2014-05-11T06:30:00,1,10925993,158805
OK,53,62,910,53,2014-05-11T06:35:00,3,10926442,158805
OK,53,62,910,53,2014-05-11T06:40:00,2,10926891,158805
OK,159,20,910,159,2014-05-11T06:45:00,1,10927340,158805
OK,159,20,910,159,2014-05-11T06:50:00,1,10927789,158805
OK,74,44,910,74,2014-05-11T06:55:00,1,10928238,158805
OK,73,45,910,73,2014-05-11T07:00:00,2,10928687,158805
OK,65,50,910,65,2014-05-11T07:05:00,3,10929136,158805
OK,62,53,910,62,2014-05-11T07:10:00,3,10929585,158805
OK,56,59,910,56,2014-05-11T07:15:00,2,10930034,158805
OK,59,56,910,59,2014-05-11T07:20:00,0,10930483,158805
OK,52,63,910,52,2014-05-11T07:25:00,2,10930932,158805
OK,49,67,910,49,2014-05-11T07:30:00,1,10931381,158805
OK,49,67,910,49,2014-05-11T07:35:00,2,10931830,158805
OK,52,63,910,52,2014-05-11T07:40:00,4,10932279,158805
OK,50,66,910,50,2014-05-11T07:45:00,4,10932728,158805
OK,43,77,910,43,2014-05-11T07:50:00,0,10933177,158805
OK,57,58,910,57,2014-05-11T07:55:00,3,10933626,158805
OK,53,62,910,53,2014-05-11T08:00:00,3,10934075,158805
OK,63,52,910,63,2014-05-11T08:05:00,5,10934524,158805
OK,63,52,910,63,2014-05-11T08:10:00,3,10934973,158805
OK,47,70,910,47,2014-05-11T08:15:00,2,10935422,158805
OK,55,60,910,55,2014-05-11T08:20:00,2,10935871,158805
OK,58,57,910,58,2014-05-11T08:25:00,3,10936320,158805
OK,78,42,910,78,2014-05-11T08:30:00,1,10936769,158805
OK,78,42,910,78,2014-05-11T08:35:00,0,10937218,158805
OK,78,42,910,78,2014-05-11T08:40:00,0,10937667,158805
OK,75,44,910,75,2014-05-11T08:45:00,1,10938116,158805
OK,64,51,910,64,2014-05-11T08:50:00,5,10938565,158805
OK,59,56,910,59,2014-05-11T08:55:00,4,10939014,158805
OK,53,62,910,53,2014-05-11T09:00:00,2,10939463,158805
OK,49,67,910,49,2014-05-11T09:05:00,2,10939912,158805
OK,48,69,910,48,2014-05-11T09:10:00,1,10940361,158805
OK,56,59,910,56,2014-05-11T09:15:00,4,10940810,158805
OK,70,47,910,70,2014-05-11T09:20:00,7,10941259,158805
OK,67,49,910,67,2014-05-11T09:25:00,4,10941708,158805
OK,63,52,910,63,2014-05-11T09:30:00,2,10942157,158805
OK,62,53,910,62,2014-05-11T09:35:00,0,10942606,158805
OK,64,51,910,64,2014-05-11T09:40:00,6,10943055,158805
OK,64,51,910,64,2014-05-11T09:45:00,6,10943504,158805
OK,64,51,910,64,2014-05-11T09:50:00,1,10943953,158805
OK,60,55,910,60,2014-05-11T09:55:00,6,10944402,158805
OK,60,55,910,60,2014-05-11T10:00:00,6,10944851,158805
OK,62,53,910,62,2014-05-11T10:05:00,2,10945300,158805
OK,55,60,910,55,2014-05-11T10:10:00,4,10945749,158805
OK,54,61,910,54,2014-05-11T10:15:00,6,10946198,158805
OK,58,57,910,58,2014-05-11T10:20:00,3,10946646,158805
OK,59,56,910,59,2014-05-11T10:25:00,2,10947095,158805
OK,58,57,910,58,2014-05-11T10:30:00,4,10947544,158805
OK,62,53,910,62,2014-05-11T10:35:00,6,10947993,158805
OK,68,48,910,68,2014-05-11T10:40:00,7,10948442,158805
OK,74,44,910,74,2014-05-11T10:45:00,5,10948891,158805
OK,65,50,910,65,2014-05-11T10:50:00,3,10949340,158805
OK,65,50,910,65,2014-05-11T10:55:00,5,10949789,158805
OK,60,55,910,60,2014-05-11T11:00:00,4,10950238,158805
OK,53,62,910,53,2014-05-11T11:05:00,8,10950687,158805
OK,52,63,910,52,2014-05-11T11:10:00,6,10951136,158805
OK,52,63,910,52,2014-05-11T11:15:00,6,10951585,158805
OK,56,59,910,56,2014-05-11T11:20:00,5,10952034,158805
OK,59,56,910,59,2014-05-11T11:25:00,3,10952483,158805
OK,64,51,910,64,2014-05-11T11:30:00,6,10952932,158805
OK,59,56,910,59,2014-05-11T11:35:00,5,10953381,158805
OK,59,56,910,59,2014-05-11T11:40:00,4,10953830,158805
OK,60,55,910,60,2014-05-11T11:45:00,5,10954279,158805
OK,57,58,910,57,2014-05-11T11:50:00,3,10954728,158805
OK,69,48,910,69,2014-05-11T11:55:00,5,10955177,158805
OK,67,49,910,67,2014-05-11T12:00:00,10,10955626,158805
OK,63,52,910,63,2014-05-11T12:05:00,7,10956075,158805
OK,67,49,910,67,2014-05-11T12:10:00,2,10956524,158805
OK,83,39,910,83,2014-05-11T12:15:00,1,10956973,158805
OK,83,39,910,83,2014-05-11T12:20:00,0,10957422,158805
OK,68,48,910,68,2014-05-11T12:25:00,3,10957871,158805
OK,64,51,910,64,2014-05-11T12:30:00,5,10958320,158805
OK,64,51,910,64,2014-05-11T12:35:00,3,10958769,158805
OK,72,46,910,72,2014-05-11T12:40:00,1,10959218,158805
OK,71,46,910,71,2014-05-11T12:45:00,2,10959667,158805
OK,59,56,910,59,2014-05-11T12:50:00,4,10960116,158805
OK,68,48,910,68,2014-05-11T12:55:00,1,10960565,158805
OK,59,56,910,59,2014-05-11T13:00:00,2,10961014,158805
OK,61,54,910,61,2014-05-11T13:05:00,2,10961463,158805
OK,72,46,910,72,2014-05-11T13:10:00,3,10961912,158805
OK,68,48,910,68,2014-05-11T13:15:00,2,10962361,158805
OK,81,40,910,81,2014-05-11T13:20:00,2,10962810,158805
OK,61,54,910,61,2014-05-11T13:25:00,2,10963259,158805
OK,54,61,910,54,2014-05-11T13:30:00,6,10963708,158805
OK,55,60,910,55,2014-05-11T13:35:00,5,10964157,158805
OK,56,59,910,56,2014-05-11T13:40:00,3,10964606,158805
OK,56,59,910,56,2014-05-11T13:45:00,2,10965055,158805
OK,58,57,910,58,2014-05-11T13:50:00,2,10965504,158805
OK,58,57,910,58,2014-05-11T13:55:00,2,10965953,158805
OK,60,55,910,60,2014-05-11T14:00:00,3,10966402,158805
OK,61,54,910,61,2014-05-11T14:05:00,3,10966851,158805
OK,52,63,910,52,2014-05-11T14:10:00,2,10967300,158805
OK,59,56,910,59,2014-05-11T14:15:00,2,10967749,158805
OK,62,53,910,62,2014-05-11T14:20:00,4,10968198,158805
OK,63,52,910,63,2014-05-11T14:25:00,6,10968647,158805
OK,63,52,910,63,2014-05-11T14:30:00,3,10969096,158805
OK,48,69,910,48,2014-05-11T14:35:00,1,10969545,158805
OK,54,61,910,54,2014-05-11T14:40:00,2,10969994,158805
OK,67,49,910,67,2014-05-11T14:45:00,3,10970443,158805
OK,63,52,910,63,2014-05-11T14:50:00,4,10970892,158805
OK,60,55,910,60,2014-05-11T14:55:00,1,10971341,158805
OK,48,69,910,48,2014-05-11T15:00:00,1,10971790,158805
OK,59,56,910,59,2014-05-11T15:05:00,2,10972239,158805
OK,55,60,910,55,2014-05-11T15:10:00,5,10972688,158805
OK,67,49,910,67,2014-05-11T15:15:00,4,10973137,158805
OK,61,54,910,61,2014-05-11T15:20:00,4,10973586,158805
OK,60,55,910,60,2014-05-11T15:25:00,2,10974035,158805
OK,59,56,910,59,2014-05-11T15:30:00,3,10974484,158805
OK,58,57,910,58,2014-05-11T15:35:00,2,10974933,158805
OK,58,57,910,58,2014-05-11T15:40:00,0,10975382,158805
OK,60,55,910,60,2014-05-11T15:45:00,2,10975831,158805
OK,59,56,910,59,2014-05-11T15:50:00,3,10976280,158805
OK,55,60,910,55,2014-05-11T15:55:00,0,10976729,158805
OK,89,37,910,89,2014-05-11T16:00:00,1,10977178,158805
OK,54,61,910,54,2014-05-11T16:05:00,1,10977627,158805
OK,54,61,910,54,2014-05-11T16:10:00,3,10978076,158805
OK,54,61,910,54,2014-05-11T16:15:00,2,10978525,158805
OK,57,58,910,57,2014-05-11T16:20:00,1,10978974,158805
OK,57,58,910,57,2014-05-11T16:25:00,3,10979423,158805
OK,52,63,910,52,2014-05-11T16:30:00,3,10979872,158805
OK,51,64,910,51,2014-05-11T16:35:00,3,10980321,158805
OK,39,84,910,39,2014-05-11T16:40:00,0,10980770,158805
OK,62,53,910,62,2014-05-11T16:45:00,1,10981219,158805
OK,62,53,910,62,2014-05-11T16:50:00,4,10981668,158805
OK,59,56,910,59,2014-05-11T16:55:00,2,10982117,158805
OK,61,54,910,61,2014-05-11T17:00:00,3,10982566,158805
OK,56,59,910,56,2014-05-11T17:05:00,4,10983015,158805
OK,57,58,910,57,2014-05-11T17:10:00,3,10983464,158805
OK,58,57,910,58,2014-05-11T17:15:00,2,10983913,158805
OK,65,50,910,65,2014-05-11T17:20:00,1,10984362,158805
OK,65,50,910,65,2014-05-11T17:25:00,1,10984811,158805
OK,54,61,910,54,2014-05-11T17:30:00,2,10985260,158805
OK,57,58,910,57,2014-05-11T17:35:00,4,10985709,158805
OK,56,59,910,56,2014-05-11T17:40:00,5,10986158,158805
OK,56,59,910,56,2014-05-11T17:45:00,3,10986607,158805
OK,60,55,910,60,2014-05-11T17:50:00,2,10987056,158805
OK,61,54,910,61,2014-05-11T17:55:00,1,10987505,158805
OK,63,52,910,63,2014-05-11T18:00:00,1,10987954,158805
OK,60,55,910,60,2014-05-11T18:05:00,3,10988403,158805
OK,60,55,910,60,2014-05-11T18:10:00,3,10988852,158805
OK,63,52,910,63,2014-05-11T18:15:00,1,10989301,158805
OK,55,60,910,55,2014-05-11T18:20:00,1,10989750,158805
OK,55,60,910,55,2014-05-11T18:25:00,1,10990199,158805
OK,55,60,910,55,2014-05-11T18:30:00,0,10990648,158805
OK,47,70,910,47,2014-05-11T18:35:00,3,10991097,158805
OK,47,70,910,47,2014-05-11T18:40:00,4,10991546,158805
OK,60,55,910,60,2014-05-11T18:45:00,1,10991995,158805
OK,60,55,910,60,2014-05-11T18:50:00,1,10992444,158805
OK,60,55,910,60,2014-05-11T18:55:00,1,10992893,158805
OK,72,46,910,72,2014-05-11T19:00:00,2,10993342,158805
OK,61,54,910,61,2014-05-11T19:05:00,2,10993791,158805
OK,46,72,910,46,2014-05-11T19:10:00,0,10994240,158805
OK,54,61,910,54,2014-05-11T19:15:00,1,10994689,158805
OK,54,61,910,54,2014-05-11T19:20:00,0,10995138,158805
OK,61,54,910,61,2014-05-11T19:25:00,2,10995587,158805
OK,62,53,910,62,2014-05-11T19:30:00,3,10996036,158805
OK,66,50,910,66,2014-05-11T19:35:00,6,10996485,158805
OK,69,48,910,69,2014-05-11T19:40:00,5,10996934,158805
OK,85,38,910,85,2014-05-11T19:45:00,0,10997383,158805
OK,76,43,910,76,2014-05-11T19:50:00,2,10997832,158805
OK,75,44,910,75,2014-05-11T19:55:00,1,10998281,158805
OK,75,44,910,75,2014-05-11T20:00:00,0,10998730,158805
OK,66,50,910,66,2014-05-11T20:05:00,1,10999179,158805
OK,66,50,910,66,2014-05-11T20:10:00,0,10999628,158805
OK,58,57,910,58,2014-05-11T20:15:00,1,11000077,158805
OK,58,57,910,58,2014-05-11T20:20:00,0,11000526,158805
OK,58,57,910,58,2014-05-11T20:25:00,0,11000975,158805
OK,58,57,910,58,2014-05-11T20:30:00,0,11001424,158805
OK,58,57,910,58,2014-05-11T20:35:00,0,11001873,158805
OK,58,57,910,58,2014-05-11T20:40:00,0,11002322,158805
OK,58,57,910,58,2014-05-11T20:45:00,0,11002771,158805
OK,58,57,910,58,2014-05-11T20:50:00,0,11003220,158805
OK,58,57,910,58,2014-05-11T20:55:00,0,11003669,158805
OK,58,57,910,58,2014-05-11T21:00:00,0,11004118,158805
OK,58,57,910,58,2014-05-11T21:05:00,0,11004567,158805
OK,58,57,910,58,2014-05-11T21:10:00,0,11005016,158805
OK,50,66,910,50,2014-05-11T21:15:00,2,11005465,158805
OK,46,72,910,46,2014-05-11T21:20:00,2,11005914,158805
OK,55,60,910,55,2014-05-11T21:25:00,2,11006363,158805
OK,52,63,910,52,2014-05-11T21:30:00,1,11006812,158805
OK,52,63,910,52,2014-05-11T21:35:00,0,11007261,158805
OK,52,63,910,52,2014-05-11T21:40:00,0,11007710,158805
OK,52,63,910,52,2014-05-11T21:45:00,0,11008159,158805
OK,52,63,910,52,2014-05-11T21:50:00,0,11008608,158805
OK,52,63,910,52,2014-05-11T21:55:00,0,11009057,158805
OK,52,63,910,52,2014-05-11T22:00:00,0,11009506,158805
OK,52,63,910,52,2014-05-11T22:05:00,0,11009955,158805
OK,52,63,910,52,2014-05-11T22:10:00,0,11010404,158805
OK,52,63,910,52,2014-05-11T22:15:00,0,11010853,158805
OK,52,63,910,52,2014-05-11T22:20:00,0,11011302,158805
OK,52,63,910,52,2014-05-11T22:25:00,0,11011751,158805
OK,52,63,910,52,2014-05-11T22:30:00,0,11012200,158805
OK,52,63,910,52,2014-05-11T22:35:00,0,11012649,158805
OK,52,63,910,52,2014-05-11T22:40:00,0,11013098,158805
OK,52,63,910,52,2014-05-11T22:45:00,0,11013547,158805
OK,52,63,910,52,2014-05-11T22:50:00,0,11013996,158805
OK,52,63,910,52,2014-05-11T22:55:00,0,11014445,158805
OK,52,63,910,52,2014-05-11T23:00:00,0,11014894,158805
OK,52,63,910,52,2014-05-11T23:05:00,0,11015343,158805
OK,52,63,910,52,2014-05-11T23:10:00,0,11015792,158805
OK,52,63,910,52,2014-05-11T23:15:00,0,11016241,158805
OK,52,63,910,52,2014-05-11T23:20:00,0,11016690,158805
OK,52,63,910,52,2014-05-11T23:25:00,0,11017139,158805
OK,52,63,910,52,2014-05-11T23:30:00,0,11017588,158805
OK,52,63,910,52,2014-05-11T23:35:00,0,11018037,158805
OK,52,63,910,52,2014-05-11T23:40:00,0,11018486,158805
OK,52,63,910,52,2014-05-11T23:45:00,0,11018935,158805
OK,52,63,910,52,2014-05-11T23:50:00,0,11019384,158805
OK,52,63,910,52,2014-05-11T23:55:00,0,11019833,158805
OK,52,63,910,52,2014-05-12T00:00:00,0,11020282,158805
OK,50,66,910,50,2014-05-12T00:05:00,1,11020731,158805
OK,50,66,910,50,2014-05-12T00:10:00,0,11021179,158805
OK,50,66,910,50,2014-05-12T00:15:00,0,11021628,158805
OK,50,66,910,50,2014-05-12T00:20:00,0,11022077,158805
OK,50,66,910,50,2014-05-12T00:25:00,0,11022526,158805
OK,50,66,910,50,2014-05-12T00:30:00,0,11022975,158805
OK,50,66,910,50,2014-05-12T00:35:00,0,11023424,158805
OK,50,66,910,50,2014-05-12T00:40:00,0,11023873,158805
OK,50,66,910,50,2014-05-12T00:45:00,0,11024322,158805
OK,50,66,910,50,2014-05-12T00:50:00,0,11024771,158805
OK,50,66,910,50,2014-05-12T00:55:00,0,11025220,158805
OK,50,66,910,50,2014-05-12T01:00:00,0,11025669,158805
OK,43,77,910,43,2014-05-12T01:05:00,1,11026118,158805
OK,43,77,910,43,2014-05-12T01:10:00,0,11026567,158805
OK,43,77,910,43,2014-05-12T01:15:00,0,11027016,158805
OK,43,77,910,43,2014-05-12T01:20:00,0,11027465,158805
OK,43,77,910,43,2014-05-12T01:25:00,0,11027914,158805
OK,43,77,910,43,2014-05-12T01:30:00,0,11028363,158805
OK,43,77,910,43,2014-05-12T01:35:00,0,11028812,158805
OK,43,77,910,43,2014-05-12T01:40:00,0,11029261,158805
OK,43,77,910,43,2014-05-12T01:45:00,0,11029710,158805
OK,43,77,910,43,2014-05-12T01:50:00,0,11030159,158805
OK,43,77,910,43,2014-05-12T01:55:00,0,11030608,158805
OK,43,77,910,43,2014-05-12T02:00:00,0,11031057,158805
OK,43,77,910,43,2014-05-12T02:05:00,0,11031506,158805
OK,43,77,910,43,2014-05-12T02:10:00,0,11031955,158805
OK,43,77,910,43,2014-05-12T02:15:00,0,11032404,158805
OK,43,77,910,43,2014-05-12T02:20:00,0,11032853,158805
OK,43,77,910,43,2014-05-12T02:25:00,0,11033302,158805
OK,43,77,910,43,2014-05-12T02:30:00,0,11033751,158805
OK,43,77,910,43,2014-05-12T02:35:00,0,11034200,158805
OK,43,77,910,43,2014-05-12T02:40:00,0,11034649,158805
OK,43,77,910,43,2014-05-12T02:45:00,0,11035098,158805
OK,43,77,910,43,2014-05-12T02:50:00,0,11035547,158805
OK,43,77,910,43,2014-05-12T02:55:00,0,11035996,158805
OK,43,77,910,43,2014-05-12T03:00:00,0,11036445,158805
OK,43,77,910,43,2014-05-12T03:05:00,0,11036894,158805
OK,53,62,910,53,2014-05-12T03:10:00,1,11037343,158805
OK,53,62,910,53,2014-05-12T03:15:00,0,11037792,158805
OK,53,62,910,53,2014-05-12T03:20:00,0,11038241,158805
OK,66,50,910,66,2014-05-12T03:25:00,2,11038690,158805
OK,63,52,910,63,2014-05-12T03:30:00,5,11039139,158805
OK,57,58,910,57,2014-05-12T03:35:00,4,11039588,158805
OK,62,53,910,62,2014-05-12T03:40:00,5,11040037,158805
OK,64,51,910,64,2014-05-12T03:45:00,7,11040486,158805
OK,88,37,910,88,2014-05-12T03:50:00,7,11040935,158805
OK,71,46,910,71,2014-05-12T03:55:00,9,11041384,158805
OK,48,69,910,48,2014-05-12T04:00:00,5,11041833,158805
OK,69,48,910,69,2014-05-12T04:05:00,2,11042282,158805
OK,69,48,910,69,2014-05-12T04:10:00,2,11042731,158805
OK,61,54,910,61,2014-05-12T04:15:00,4,11043180,158805
OK,62,53,910,62,2014-05-12T04:20:00,5,11043629,158805
OK,62,53,910,62,2014-05-12T04:25:00,1,11044078,158805
OK,52,63,910,52,2014-05-12T04:30:00,3,11044527,158805
OK,59,56,910,59,2014-05-12T04:35:00,7,11044976,158805
OK,59,56,910,59,2014-05-12T04:40:00,4,11045425,158805
OK,60,55,910,60,2014-05-12T04:45:00,0,11045874,158805
OK,77,43,910,77,2014-05-12T04:50:00,7,11046323,158805
OK,73,45,910,73,2014-05-12T04:55:00,8,11046772,158805
OK,56,59,910,56,2014-05-12T05:00:00,4,11047221,158805
OK,60,55,910,60,2014-05-12T05:05:00,3,11047670,158805
OK,58,57,910,58,2014-05-12T05:10:00,6,11048119,158805
OK,63,52,910,63,2014-05-12T05:15:00,8,11048568,158805
OK,79,41,910,79,2014-05-12T05:20:00,7,11049017,158805
OK,71,46,910,71,2014-05-12T05:25:00,7,11049466,158805
OK,71,46,910,71,2014-05-12T05:30:00,5,11049915,158805
OK,89,37,910,89,2014-05-12T05:35:00,12,11050364,158805
OK,89,37,910,89,2014-05-12T05:40:00,15,11050813,158805
OK,68,48,910,68,2014-05-12T05:45:00,9,11051262,158805
OK,68,48,910,68,2014-05-12T05:50:00,11,11051711,158805
OK,66,50,910,66,2014-05-12T05:55:00,11,11052160,158805
OK,74,44,910,74,2014-05-12T06:00:00,8,11052609,158805
OK,75,44,910,75,2014-05-12T06:05:00,8,11053058,158805
OK,63,52,910,63,2014-05-12T06:10:00,7,11053507,158805
OK,72,46,910,72,2014-05-12T06:15:00,6,11053956,158805
OK,72,46,910,72,2014-05-12T06:20:00,4,11054405,158805
OK,68,48,910,68,2014-05-12T06:25:00,6,11054854,158805
OK,68,48,910,68,2014-05-12T06:30:00,4,11055303,158805
OK,65,50,910,65,2014-05-12T06:35:00,8,11055752,158805
OK,62,53,910,62,2014-05-12T06:40:00,11,11056201,158805
OK,60,55,910,60,2014-05-12T06:45:00,11,11056650,158805
OK,58,57,910,58,2014-05-12T06:50:00,10,11057099,158805
OK,60,55,910,60,2014-05-12T06:55:00,7,11057548,158805
OK,70,47,910,70,2014-05-12T07:00:00,14,11057997,158805
OK,69,48,910,69,2014-05-12T07:05:00,16,11058446,158805
OK,75,44,910,75,2014-05-12T07:10:00,9,11058895,158805
OK,69,48,910,69,2014-05-12T07:15:00,10,11059344,158805
OK,69,48,910,69,2014-05-12T07:20:00,11,11059793,158805
OK,69,48,910,69,2014-05-12T07:25:00,10,11060242,158805
OK,72,46,910,72,2014-05-12T07:30:00,6,11060691,158805
OK,67,49,910,67,2014-05-12T07:35:00,6,11061140,158805
OK,72,46,910,72,2014-05-12T07:40:00,6,11061589,158805
OK,60,55,910,60,2014-05-12T07:45:00,7,11062038,158805
OK,65,50,910,65,2014-05-12T07:50:00,11,11062487,158805
OK,65,50,910,65,2014-05-12T07:55:00,13,11062936,158805
OK,62,53,910,62,2014-05-12T08:00:00,8,11063385,158805
OK,66,50,910,66,2014-05-12T08:05:00,4,11063834,158805
OK,67,49,910,67,2014-05-12T08:10:00,2,11064283,158805
OK,69,48,910,69,2014-05-12T08:15:00,7,11064732,158805
OK,67,49,910,67,2014-05-12T08:20:00,9,11065181,158805
OK,62,53,910,62,2014-05-12T08:25:00,9,11065630,158805
OK,61,54,910,61,2014-05-12T08:30:00,10,11066079,158805
OK,70,47,910,70,2014-05-12T08:35:00,12,11066528,158805
OK,83,39,910,83,2014-05-12T08:40:00,8,11066977,158805
OK,58,57,910,58,2014-05-12T08:45:00,3,11067426,158805
OK,80,41,910,80,2014-05-12T08:50:00,5,11067875,158805
OK,73,45,910,73,2014-05-12T08:55:00,12,11068324,158805
OK,71,46,910,71,2014-05-12T09:00:00,8,11068773,158805
OK,77,43,910,77,2014-05-12T09:05:00,5,11069222,158805
OK,77,43,910,77,2014-05-12T09:10:00,14,11069671,158805
OK,77,43,910,77,2014-05-12T09:15:00,14,11070120,158805
OK,68,48,910,68,2014-05-12T09:20:00,11,11070569,158805
OK,66,50,910,66,2014-05-12T09:25:00,16,11071018,158805
OK,66,50,910,66,2014-05-12T09:30:00,8,11071467,158805
OK,63,52,910,63,2014-05-12T09:35:00,9,11071916,158805
OK,68,48,910,68,2014-05-12T09:40:00,14,11072365,158805
OK,70,47,910,70,2014-05-12T09:45:00,8,11072814,158805
OK,70,47,910,70,2014-05-12T09:50:00,8,11073263,158805
OK,73,45,910,73,2014-05-12T09:55:00,7,11073712,158805
OK,101,32,910,101,2014-05-12T10:00:00,11,11074161,158805
OK,81,40,910,81,2014-05-12T10:05:00,14,11074610,158805
OK,70,47,910,70,2014-05-12T10:10:00,10,11075059,158805
OK,66,50,910,66,2014-05-12T10:15:00,7,11075508,158805
OK,65,50,910,65,2014-05-12T10:20:00,10,11075957,158805
OK,68,48,910,68,2014-05-12T10:25:00,16,11076406,158805
OK,68,48,910,68,2014-05-12T10:30:00,13,11076855,158805
OK,65,50,910,65,2014-05-12T10:35:00,4,11077304,158805
OK,74,44,910,74,2014-05-12T10:40:00,9,11077753,158805
OK,72,46,910,72,2014-05-12T10:45:00,15,11078202,158805
OK,69,48,910,69,2014-05-12T10:50:00,12,11078651,158805
OK,72,46,910,72,2014-05-12T10:55:00,9,11079100,158805
OK,65,50,910,65,2014-05-12T11:00:00,10,11079549,158805
OK,65,50,910,65,2014-05-12T11:05:00,6,11079998,158805
OK,73,45,910,73,2014-05-12T11:10:00,8,11080447,158805
OK,67,49,910,67,2014-05-12T11:15:00,16,11080896,158805
OK,67,49,910,67,2014-05-12T11:20:00,15,11081345,158805
OK,89,37,910,89,2014-05-12T11:25:00,9,11081794,158805
OK,70,47,910,70,2014-05-12T11:30:00,10,11082243,158805
OK,63,52,910,63,2014-05-12T11:35:00,9,11082692,158805
OK,67,49,910,67,2014-05-12T11:40:00,7,11083141,158805
OK,70,47,910,70,2014-05-12T11:45:00,10,11083590,158805
OK,76,43,910,76,2014-05-12T11:50:00,15,11084039,158805
OK,70,47,910,70,2014-05-12T11:55:00,17,11084488,158805
OK,63,52,910,63,2014-05-12T12:00:00,9,11084937,158805
OK,58,57,910,58,2014-05-12T12:05:00,5,11085386,158805
OK,81,40,910,81,2014-05-12T12:10:00,8,11085835,158805
OK,71,46,910,71,2014-05-12T12:15:00,18,11086284,158805
OK,70,47,910,70,2014-05-12T12:20:00,16,11086733,158805
OK,62,53,910,62,2014-05-12T12:25:00,10,11087182,158805
OK,66,50,910,66,2014-05-12T12:30:00,11,11087631,158805
OK,72,46,910,72,2014-05-12T12:35:00,20,11088080,158805
OK,71,46,910,71,2014-05-12T12:40:00,22,11088529,158805
OK,68,48,910,68,2014-05-12T12:45:00,18,11088978,158805
OK,71,46,910,71,2014-05-12T12:50:00,14,11089427,158805
OK,74,44,910,74,2014-05-12T12:55:00,12,11089876,158805
OK,75,44,910,75,2014-05-12T13:00:00,22,11090325,158805
OK,77,43,910,77,2014-05-12T13:05:00,22,11090774,158805
OK,78,42,910,78,2014-05-12T13:10:00,19,11091223,158805
OK,72,46,910,72,2014-05-12T13:15:00,17,11091672,158805
OK,71,46,910,71,2014-05-12T13:20:00,12,11092121,158805
OK,75,44,910,75,2014-05-12T13:25:00,17,11092570,158805
OK,73,45,910,73,2014-05-12T13:30:00,21,11093019,158805
OK,78,42,910,78,2014-05-12T13:35:00,18,11093468,158805
OK,83,39,910,83,2014-05-12T13:40:00,14,11093917,158805
OK,80,41,910,80,2014-05-12T13:45:00,17,11094366,158805
OK,81,40,910,81,2014-05-12T13:50:00,24,11094815,158805
OK,83,39,910,83,2014-05-12T13:55:00,20,11095264,158805
OK,79,41,910,79,2014-05-12T14:00:00,23,11095713,158805
OK,71,46,910,71,2014-05-12T14:05:00,27,11096162,158805
OK,70,47,910,70,2014-05-12T14:10:00,30,11096611,158805
OK,78,42,910,78,2014-05-12T14:15:00,28,11097060,158805
OK,87,38,910,87,2014-05-12T14:20:00,21,11097509,158805
OK,81,40,910,81,2014-05-12T14:25:00,18,11097958,158805
OK,81,40,910,81,2014-05-12T14:30:00,16,11098407,158805
OK,73,45,910,73,2014-05-12T14:35:00,17,11098856,158805
OK,70,47,910,70,2014-05-12T14:40:00,12,11099305,158805
OK,72,46,910,72,2014-05-12T14:45:00,7,11099754,158805
OK,73,45,910,73,2014-05-12T14:50:00,13,11100203,158805
OK,72,46,910,72,2014-05-12T14:55:00,10,11100652,158805
OK,67,49,910,67,2014-05-12T15:00:00,6,11101101,158805
OK,73,45,910,73,2014-05-12T15:05:00,11,11101550,158805
OK,70,47,910,70,2014-05-12T15:10:00,18,11101999,158805
OK,63,52,910,63,2014-05-12T15:15:00,8,11102448,158805
OK,62,53,910,62,2014-05-12T15:20:00,4,11102897,158805
OK,64,51,910,64,2014-05-12T15:25:00,9,11103346,158805
OK,61,54,910,61,2014-05-12T15:30:00,7,11103795,158805
OK,58,57,910,58,2014-05-12T15:35:00,5,11104244,158805
OK,63,52,910,63,2014-05-12T15:40:00,7,11104693,158805
OK,60,55,910,60,2014-05-12T15:45:00,8,11105142,158805
OK,62,53,910,62,2014-05-12T15:50:00,7,11105591,158805
OK,64,51,910,64,2014-05-12T15:55:00,6,11106040,158805
OK,61,54,910,61,2014-05-12T16:00:00,3,11106489,158805
OK,56,59,910,56,2014-05-12T16:05:00,0,11106938,158805
OK,57,58,910,57,2014-05-12T16:10:00,7,11107387,158805
OK,62,53,910,62,2014-05-12T16:15:00,7,11107836,158805
OK,58,57,910,58,2014-05-12T16:20:00,7,11108285,158805
OK,61,54,910,61,2014-05-12T16:25:00,7,11108734,158805
OK,65,50,910,65,2014-05-12T16:30:00,2,11109183,158805
OK,62,53,910,62,2014-05-12T16:35:00,1,11109632,158805
OK,79,41,910,79,2014-05-12T16:40:00,3,11110081,158805
OK,71,46,910,71,2014-05-12T16:45:00,4,11110530,158805
OK,66,50,910,66,2014-05-12T16:50:00,4,11110979,158805
OK,72,46,910,72,2014-05-12T16:55:00,2,11111428,158805
OK,59,56,910,59,2014-05-12T17:00:00,4,11111877,158805
OK,58,57,910,58,2014-05-12T17:05:00,5,11112326,158805
OK,58,57,910,58,2014-05-12T17:10:00,4,11112775,158805
OK,58,57,910,58,2014-05-12T17:15:00,4,11113224,158805
OK,57,58,910,57,2014-05-12T17:20:00,3,11113673,158805
OK,61,54,910,61,2014-05-12T17:25:00,2,11114122,158805
OK,61,54,910,61,2014-05-12T17:30:00,2,11114571,158805
OK,61,54,910,61,2014-05-12T17:35:00,0,11115020,158805
OK,61,54,910,61,2014-05-12T17:40:00,0,11115469,158805
OK,57,58,910,57,2014-05-12T17:45:00,2,11115918,158805
OK,57,58,910,57,2014-05-12T17:50:00,2,11116367,158805
OK,57,58,910,57,2014-05-12T17:55:00,0,11116816,158805
OK,57,58,910,57,2014-05-12T18:00:00,0,11117265,158805
OK,56,59,910,56,2014-05-12T18:05:00,1,11117714,158805
OK,52,63,910,52,2014-05-12T18:10:00,3,11118163,158805
OK,58,57,910,58,2014-05-12T18:15:00,2,11118612,158805
OK,60,55,910,60,2014-05-12T18:20:00,3,11119061,158805
OK,68,48,910,68,2014-05-12T18:25:00,1,11119510,158805
OK,52,63,910,52,2014-05-12T18:30:00,1,11119959,158805
OK,51,64,910,51,2014-05-12T18:35:00,1,11120408,158805
OK,50,66,910,50,2014-05-12T18:40:00,1,11120857,158805
OK,91,36,910,91,2014-05-12T18:45:00,5,11121306,158805
OK,65,50,910,65,2014-05-12T18:50:00,6,11121755,158805
OK,64,51,910,64,2014-05-12T18:55:00,3,11122204,158805
OK,53,62,910,53,2014-05-12T19:00:00,1,11122653,158805
OK,50,66,910,50,2014-05-12T19:05:00,2,11123102,158805
OK,62,53,910,62,2014-05-12T19:10:00,1,11123551,158805
OK,62,53,910,62,2014-05-12T19:15:00,1,11124000,158805
OK,67,49,910,67,2014-05-12T19:20:00,2,11124449,158805
OK,73,45,910,73,2014-05-12T19:25:00,2,11124898,158805
OK,61,54,910,61,2014-05-12T19:30:00,1,11125347,158805
OK,56,59,910,56,2014-05-12T19:35:00,1,11125796,158805
OK,56,59,910,56,2014-05-12T19:40:00,0,11126245,158805
OK,60,55,910,60,2014-05-12T19:45:00,4,11126694,158805
OK,63,52,910,63,2014-05-12T19:50:00,3,11127143,158805
OK,46,72,910,46,2014-05-12T19:55:00,0,11127592,158805
OK,43,77,910,43,2014-05-12T21:30:00,1,11134693,158805
OK,43,77,910,43,2014-05-12T21:40:00,0,11135115,158805
OK,43,77,910,43,2014-05-12T21:45:00,0,11135564,158805
OK,43,77,910,43,2014-05-12T21:50:00,0,11136013,158805
OK,85,38,910,85,2014-05-12T22:00:00,0,11136903,158805
OK,85,38,910,85,2014-05-12T22:05:00,0,11137352,158805
OK,59,56,910,59,2014-05-12T22:10:00,1,11137801,158805
OK,39,84,910,39,2014-05-12T22:15:00,1,11138250,158805
OK,60,55,910,60,2014-05-12T22:20:00,1,11138699,158805
OK,60,55,910,60,2014-05-12T22:25:00,0,11139148,158805
OK,60,55,910,60,2014-05-12T22:30:00,0,11139597,158805
OK,60,55,910,60,2014-05-12T22:35:00,0,11140046,158805
OK,37,89,910,37,2014-05-12T22:40:00,1,11140495,158805
OK,37,89,910,37,2014-05-12T22:45:00,1,11140943,158805
OK,37,89,910,37,2014-05-12T22:50:00,0,11141392,158805
OK,37,89,910,37,2014-05-12T22:55:00,0,11141841,158805
OK,37,89,910,37,2014-05-12T23:00:00,0,11142290,158805
OK,37,89,910,37,2014-05-12T23:05:00,0,11142739,158805
OK,37,89,910,37,2014-05-12T23:10:00,0,11143188,158805
OK,37,89,910,37,2014-05-12T23:15:00,0,11143637,158805
OK,37,89,910,37,2014-05-12T23:20:00,0,11144086,158805
OK,37,89,910,37,2014-05-12T23:25:00,0,11144535,158805
OK,37,89,910,37,2014-05-12T23:30:00,0,11144984,158805
OK,37,89,910,37,2014-05-12T23:35:00,0,11145433,158805
OK,37,89,910,37,2014-05-12T23:40:00,0,11145882,158805
OK,37,89,910,37,2014-05-12T23:45:00,0,11146331,158805
OK,37,89,910,37,2014-05-12T23:50:00,0,11146780,158805
OK,37,89,910,37,2014-05-12T23:55:00,0,11147229,158805
OK,58,57,910,58,2014-05-13T00:00:00,1,11147677,158805
OK,58,57,910,58,2014-05-13T00:05:00,0,11148126,158805
OK,58,57,910,58,2014-05-13T00:15:00,0,11149024,158805
OK,58,57,910,58,2014-05-13T00:20:00,0,11149473,158805
OK,58,57,910,58,2014-05-13T00:25:00,0,11149922,158805
OK,58,57,910,58,2014-05-13T00:30:00,0,11150371,158805
OK,58,57,910,58,2014-05-13T00:35:00,0,11150820,158805
OK,58,57,910,58,2014-05-13T00:40:00,0,11151269,158805
OK,58,57,910,58,2014-05-13T00:45:00,0,11151718,158805
OK,58,57,910,58,2014-05-13T00:50:00,0,11152167,158805
OK,52,63,910,52,2014-05-13T00:55:00,1,11152616,158805
OK,52,63,910,52,2014-05-13T01:00:00,0,11153065,158805
OK,52,63,910,52,2014-05-13T01:05:00,0,11153514,158805
OK,52,63,910,52,2014-05-13T01:10:00,0,11153963,158805
OK,52,63,910,52,2014-05-13T01:15:00,0,11154412,158805
OK,52,63,910,52,2014-05-13T01:20:00,0,11154861,158805
OK,52,63,910,52,2014-05-13T01:25:00,0,11155310,158805
OK,52,63,910,52,2014-05-13T01:30:00,0,11155759,158805
OK,52,63,910,52,2014-05-13T01:35:00,0,11156208,158805
OK,52,63,910,52,2014-05-13T01:40:00,0,11156657,158805
OK,52,63,910,52,2014-05-13T01:45:00,0,11157106,158805
OK,52,63,910,52,2014-05-13T01:50:00,0,11157555,158805
OK,52,63,910,52,2014-05-13T01:55:00,0,11158004,158805
OK,52,63,910,52,2014-05-13T02:00:00,0,11158453,158805
OK,52,63,910,52,2014-05-13T02:05:00,0,11158902,158805
OK,52,63,910,52,2014-05-13T02:10:00,0,11159351,158805
OK,52,63,910,52,2014-05-13T02:15:00,0,11159800,158805
OK,67,49,910,67,2014-05-13T02:20:00,2,11160249,158805
OK,67,49,910,67,2014-05-13T02:25:00,2,11160698,158805
OK,67,49,910,67,2014-05-13T02:30:00,0,11161147,158805
OK,67,49,910,67,2014-05-13T02:35:00,0,11161596,158805
OK,67,49,910,67,2014-05-13T02:40:00,0,11162045,158805
OK,67,49,910,67,2014-05-13T02:45:00,0,11162494,158805
OK,67,49,910,67,2014-05-13T02:50:00,0,11162943,158805
OK,67,49,910,67,2014-05-13T02:55:00,0,11163392,158805
OK,57,58,910,57,2014-05-13T03:00:00,1,11163841,158805
OK,57,58,910,57,2014-05-13T03:05:00,1,11164290,158805
OK,57,58,910,57,2014-05-13T03:10:00,0,11164739,158805
OK,57,58,910,57,2014-05-13T03:15:00,0,11165188,158805
OK,69,48,910,69,2014-05-13T03:20:00,1,11165637,158805
OK,69,48,910,69,2014-05-13T03:25:00,0,11166086,158805
OK,59,56,910,59,2014-05-13T03:30:00,1,11166535,158805
OK,60,55,910,60,2014-05-13T03:35:00,2,11166984,158805
OK,61,54,910,61,2014-05-13T03:40:00,1,11167433,158805
OK,59,56,910,59,2014-05-13T03:45:00,3,11167882,158805
OK,70,47,910,70,2014-05-13T03:50:00,10,11168331,158805
OK,72,46,910,72,2014-05-13T03:55:00,10,11168780,158805
OK,70,47,910,70,2014-05-13T04:00:00,6,11169229,158805
OK,62,53,910,62,2014-05-13T04:05:00,7,11169678,158805
OK,59,56,910,59,2014-05-13T04:10:00,3,11170127,158805
OK,71,46,910,71,2014-05-13T04:15:00,1,11170576,158805
OK,80,41,910,80,2014-05-13T04:20:00,2,11171025,158805
OK,89,37,910,89,2014-05-13T04:25:00,2,11171474,158805
OK,75,44,910,75,2014-05-13T04:30:00,3,11171923,158805
OK,75,44,910,75,2014-05-13T04:35:00,1,11172372,158805
OK,75,44,910,75,2014-05-13T04:40:00,0,11172821,158805
OK,70,47,910,70,2014-05-13T04:45:00,5,11173270,158805
OK,69,48,910,69,2014-05-13T04:50:00,6,11173719,158805
OK,65,50,910,65,2014-05-13T04:55:00,4,11174168,158805
OK,65,50,910,65,2014-05-13T05:00:00,4,11174617,158805
OK,82,40,910,82,2014-05-13T05:05:00,4,11175066,158805
OK,76,43,910,76,2014-05-13T05:10:00,3,11175515,158805
OK,63,52,910,63,2014-05-13T05:15:00,8,11175964,158805
OK,62,53,910,62,2014-05-13T05:20:00,9,11176413,158805
OK,70,47,910,70,2014-05-13T05:25:00,7,11176862,158805
OK,77,43,910,77,2014-05-13T05:30:00,7,11177311,158805
OK,70,47,910,70,2014-05-13T05:35:00,9,11177760,158805
OK,72,46,910,72,2014-05-13T05:40:00,11,11178209,158805
OK,94,35,910,94,2014-05-13T05:45:00,5,11178658,158805
OK,74,44,910,74,2014-05-13T05:50:00,5,11179107,158805
OK,77,43,910,77,2014-05-13T05:55:00,6,11179556,158805
OK,80,41,910,80,2014-05-13T06:00:00,6,11180005,158805
OK,78,42,910,78,2014-05-13T06:05:00,5,11180454,158805
OK,71,46,910,71,2014-05-13T06:10:00,5,11180903,158805
OK,73,45,910,73,2014-05-13T06:15:00,9,11181352,158805
OK,73,45,910,73,2014-05-13T06:20:00,5,11181801,158805
OK,53,62,910,53,2014-05-13T06:25:00,1,11182250,158805
OK,70,47,910,70,2014-05-13T06:30:00,8,11182699,158805
OK,68,48,910,68,2014-05-13T06:35:00,9,11183148,158805
OK,67,49,910,67,2014-05-13T06:40:00,5,11183597,158805
OK,71,46,910,71,2014-05-13T06:45:00,9,11184046,158805
OK,70,47,910,70,2014-05-13T06:50:00,10,11184495,158805
OK,71,46,910,71,2014-05-13T06:55:00,12,11184944,158805
OK,62,53,910,62,2014-05-13T07:00:00,13,11185393,158805
OK,60,55,910,60,2014-05-13T07:05:00,10,11185842,158805
OK,82,40,910,82,2014-05-13T07:10:00,13,11186291,158805
OK,82,40,910,82,2014-05-13T07:15:00,11,11186740,158805
OK,73,45,910,73,2014-05-13T07:20:00,5,11187189,158805
OK,87,38,910,87,2014-05-13T07:25:00,4,11187638,158805
OK,87,38,910,87,2014-05-13T07:30:00,2,11188087,158805
OK,63,52,910,63,2014-05-13T07:35:00,7,11188536,158805
OK,64,51,910,64,2014-05-13T07:40:00,13,11188985,158805
OK,74,44,910,74,2014-05-13T07:45:00,12,11189434,158805
OK,77,43,910,77,2014-05-13T07:50:00,11,11189883,158805
OK,69,48,910,69,2014-05-13T07:55:00,11,11190332,158805
OK,67,49,910,67,2014-05-13T08:00:00,7,11190781,158805
OK,67,49,910,67,2014-05-13T08:05:00,5,11191230,158805
OK,61,54,910,61,2014-05-13T08:10:00,7,11191679,158805
OK,61,54,910,61,2014-05-13T08:15:00,10,11192128,158805
OK,67,49,910,67,2014-05-13T08:20:00,8,11192577,158805
OK,67,49,910,67,2014-05-13T08:25:00,8,11193026,158805
OK,66,50,910,66,2014-05-13T08:30:00,8,11193475,158805
OK,62,53,910,62,2014-05-13T08:35:00,5,11193924,158805
OK,53,62,910,53,2014-05-13T08:40:00,4,11194373,158805
OK,73,45,910,73,2014-05-13T08:45:00,9,11194822,158805
OK,69,48,910,69,2014-05-13T08:50:00,15,11195271,158805
OK,67,49,910,67,2014-05-13T08:55:00,11,11195720,158805
OK,68,48,910,68,2014-05-13T09:00:00,5,11196169,158805
OK,66,50,910,66,2014-05-13T09:05:00,5,11196618,158805
OK,75,44,910,75,2014-05-13T09:10:00,7,11197067,158805
OK,70,47,910,70,2014-05-13T09:15:00,11,11197516,158805
OK,70,47,910,70,2014-05-13T09:20:00,14,11197965,158805
OK,74,44,910,74,2014-05-13T09:25:00,10,11198414,158805
OK,70,47,910,70,2014-05-13T09:30:00,10,11198863,158805
OK,70,47,910,70,2014-05-13T09:35:00,8,11199312,158805
OK,63,52,910,63,2014-05-13T09:40:00,5,11199761,158805
OK,68,48,910,68,2014-05-13T09:45:00,8,11200210,158805
OK,81,40,910,81,2014-05-13T09:50:00,13,11200659,158805
OK,82,40,910,82,2014-05-13T09:55:00,11,11201108,158805
OK,65,50,910,65,2014-05-13T10:00:00,7,11201557,158805
OK,67,49,910,67,2014-05-13T10:05:00,7,11202006,158805
OK,58,57,910,58,2014-05-13T10:10:00,7,11202455,158805
OK,62,53,910,62,2014-05-13T10:15:00,6,11202904,158805
OK,66,50,910,66,2014-05-13T10:20:00,8,11203353,158805
OK,60,55,910,60,2014-05-13T10:25:00,10,11203802,158805
OK,68,48,910,68,2014-05-13T10:30:00,13,11204251,158805
OK,71,46,910,71,2014-05-13T10:35:00,18,11204700,158805
OK,76,43,910,76,2014-05-13T10:40:00,12,11205149,158805
OK,79,41,910,79,2014-05-13T10:45:00,9,11205598,158805
OK,79,41,910,79,2014-05-13T10:50:00,5,11206047,158805
OK,66,50,910,66,2014-05-13T10:55:00,7,11206496,158805
OK,68,48,910,68,2014-05-13T11:00:00,11,11206945,158805
OK,77,43,910,77,2014-05-13T11:05:00,13,11207394,158805
OK,79,41,910,79,2014-05-13T11:10:00,11,11207843,158805
OK,78,42,910,78,2014-05-13T11:15:00,7,11208292,158805
OK,69,48,910,69,2014-05-13T11:20:00,12,11208741,158805
OK,68,48,910,68,2014-05-13T11:25:00,12,11209190,158805
OK,74,44,910,74,2014-05-13T11:30:00,5,11209639,158805
OK,80,41,910,80,2014-05-13T11:35:00,9,11210088,158805
OK,78,42,910,78,2014-05-13T11:40:00,9,11210537,158805
OK,72,46,910,72,2014-05-13T11:45:00,12,11210986,158805
OK,76,43,910,76,2014-05-13T11:50:00,18,11211435,158805
OK,70,47,910,70,2014-05-13T11:55:00,16,11211884,158805
OK,65,50,910,65,2014-05-13T12:00:00,9,11212333,158805
OK,72,46,910,72,2014-05-13T12:05:00,10,11212782,158805
OK,73,45,910,73,2014-05-13T12:10:00,8,11213231,158805
OK,70,47,910,70,2014-05-13T12:15:00,9,11213680,158805
OK,69,48,910,69,2014-05-13T12:20:00,13,11214129,158805
OK,71,46,910,71,2014-05-13T12:25:00,11,11214578,158805
OK,74,44,910,74,2014-05-13T12:30:00,15,11215027,158805
OK,73,45,910,73,2014-05-13T12:35:00,11,11215476,158805
OK,74,44,910,74,2014-05-13T12:40:00,11,11215925,158805
OK,70,47,910,70,2014-05-13T12:45:00,23,11216374,158805
OK,70,47,910,70,2014-05-13T12:50:00,16,11216823,158805
OK,75,44,910,75,2014-05-13T12:55:00,9,11217272,158805
OK,63,52,910,63,2014-05-13T13:00:00,12,11217721,158805
OK,66,50,910,66,2014-05-13T13:05:00,18,11218170,158805
OK,81,40,910,81,2014-05-13T13:10:00,14,11218619,158805
OK,90,36,910,90,2014-05-13T13:15:00,9,11219068,158805
OK,69,48,910,69,2014-05-13T13:20:00,11,11219517,158805
OK,67,49,910,67,2014-05-13T13:25:00,16,11219966,158805
OK,67,49,910,67,2014-05-13T13:30:00,12,11220415,158805
OK,77,43,910,77,2014-05-13T13:35:00,9,11220864,158805
OK,70,47,910,70,2014-05-13T13:40:00,10,11221313,158805
OK,74,44,910,74,2014-05-13T13:45:00,16,11221762,158805
OK,93,35,910,93,2014-05-13T13:50:00,23,11222211,158805
OK,91,36,910,91,2014-05-13T13:55:00,17,11222660,158805
OK,80,41,910,80,2014-05-13T14:00:00,11,11223109,158805
OK,71,46,910,71,2014-05-13T14:05:00,17,11223558,158805
OK,72,46,910,72,2014-05-13T14:10:00,17,11224007,158805
OK,75,44,910,75,2014-05-13T14:15:00,20,11224456,158805
OK,79,41,910,79,2014-05-13T14:20:00,18,11224905,158805
OK,81,40,910,81,2014-05-13T14:25:00,17,11225354,158805
OK,76,43,910,76,2014-05-13T14:30:00,16,11225803,158805
OK,67,49,910,67,2014-05-13T14:35:00,13,11226252,158805
OK,69,48,910,69,2014-05-13T14:40:00,17,11226701,158805
OK,77,43,910,77,2014-05-13T14:45:00,15,11227150,158805
OK,76,43,910,76,2014-05-13T14:50:00,9,11227599,158805
OK,78,42,910,78,2014-05-13T14:55:00,6,11228048,158805
OK,70,47,910,70,2014-05-13T15:00:00,6,11228497,158805
OK,67,49,910,67,2014-05-13T15:05:00,8,11228946,158805
OK,74,44,910,74,2014-05-13T15:10:00,9,11229395,158805
OK,74,44,910,74,2014-05-13T15:15:00,9,11229844,158805
OK,62,53,910,62,2014-05-13T15:20:00,10,11230293,158805
OK,64,51,910,64,2014-05-13T15:25:00,12,11230742,158805
OK,65,50,910,65,2014-05-13T15:30:00,12,11231191,158805
OK,61,54,910,61,2014-05-13T15:35:00,8,11231640,158805
OK,58,57,910,58,2014-05-13T15:40:00,10,11232089,158805
OK,59,56,910,59,2014-05-13T15:45:00,12,11232538,158805
OK,74,44,910,74,2014-05-13T15:50:00,4,11232987,158805
OK,58,57,910,58,2014-05-13T15:55:00,6,11233436,158805
OK,60,55,910,60,2014-05-13T16:00:00,10,11233885,158805
OK,64,51,910,64,2014-05-13T16:05:00,7,11234334,158805
OK,68,48,910,68,2014-05-13T16:10:00,4,11234783,158805
OK,68,48,910,68,2014-05-13T16:15:00,7,11235232,158805
OK,71,46,910,71,2014-05-13T16:20:00,5,11235681,158805
OK,70,47,910,70,2014-05-13T16:25:00,3,11236130,158805
OK,65,50,910,65,2014-05-13T16:30:00,5,11236579,158805
OK,67,49,910,67,2014-05-13T16:35:00,3,11237028,158805
OK,73,45,910,73,2014-05-13T16:40:00,3,11237477,158805
OK,65,50,910,65,2014-05-13T16:45:00,6,11237926,158805
OK,64,51,910,64,2014-05-13T16:50:00,4,11238375,158805
OK,54,61,910,54,2014-05-13T16:55:00,3,11238824,158805
OK,53,62,910,53,2014-05-13T17:00:00,5,11239273,158805
OK,53,62,910,53,2014-05-13T17:05:00,3,11239722,158805
OK,59,56,910,59,2014-05-13T17:10:00,2,11240171,158805
OK,53,62,910,53,2014-05-13T17:15:00,3,11240620,158805
OK,59,56,910,59,2014-05-13T17:20:00,6,11241069,158805
OK,64,51,910,64,2014-05-13T17:25:00,6,11241518,158805
OK,66,50,910,66,2014-05-13T17:30:00,5,11241967,158805
OK,66,50,910,66,2014-05-13T17:35:00,5,11242416,158805
OK,59,56,910,59,2014-05-13T17:40:00,1,11242865,158805
OK,65,50,910,65,2014-05-13T17:45:00,2,11243314,158805
OK,65,50,910,65,2014-05-13T17:50:00,4,11243763,158805
OK,73,45,910,73,2014-05-13T17:55:00,2,11244212,158805
OK,71,46,910,71,2014-05-13T18:00:00,1,11244661,158805
OK,71,46,910,71,2014-05-13T18:05:00,1,11245110,158805
OK,71,46,910,71,2014-05-13T18:10:00,0,11245559,158805
OK,73,45,910,73,2014-05-13T18:15:00,1,11246008,158805
OK,59,56,910,59,2014-05-13T18:20:00,1,11246457,158805
OK,48,69,910,48,2014-05-13T18:25:00,1,11246906,158805
OK,48,69,910,48,2014-05-13T18:30:00,1,11247355,158805
OK,56,59,910,56,2014-05-13T18:35:00,1,11247804,158805
OK,64,51,910,64,2014-05-13T18:40:00,2,11248253,158805
OK,67,49,910,67,2014-05-13T18:45:00,5,11248702,158805
OK,71,46,910,71,2014-05-13T18:50:00,4,11249151,158805
OK,58,57,910,58,2014-05-13T18:55:00,3,11249600,158805
OK,62,53,910,62,2014-05-13T19:00:00,2,11250049,158805
OK,58,57,910,58,2014-05-13T19:05:00,3,11250498,158805
OK,58,57,910,58,2014-05-13T19:10:00,3,11250947,158805
OK,64,51,910,64,2014-05-13T19:15:00,1,11251396,158805
OK,54,61,910,54,2014-05-13T19:20:00,3,11251845,158805
OK,57,58,910,57,2014-05-13T19:25:00,2,11252294,158805
OK,65,50,910,65,2014-05-13T19:30:00,1,11252743,158805
OK,65,50,910,65,2014-05-13T19:35:00,0,11253192,158805
OK,74,44,910,74,2014-05-13T19:40:00,1,11253641,158805
OK,61,54,910,61,2014-05-13T19:45:00,2,11254090,158805
OK,59,56,910,59,2014-05-13T19:50:00,5,11254539,158805
OK,58,57,910,58,2014-05-13T19:55:00,4,11254988,158805
OK,58,57,910,58,2014-05-13T20:00:00,0,11255437,158805
OK,61,54,910,61,2014-05-13T21:25:00,1,11261775,158805
OK,61,54,910,61,2014-05-13T21:30:00,1,11262224,158805
OK,67,49,910,67,2014-05-13T22:00:00,0,11264552,158805
OK,67,49,910,67,2014-05-13T22:05:00,0,11265001,158805
OK,67,49,910,67,2014-05-13T22:10:00,0,11265450,158805
OK,67,49,910,67,2014-05-13T22:20:00,0,11266348,158805
OK,53,62,910,53,2014-05-14T00:00:00,0,11273350,158805
OK,53,62,910,53,2014-05-14T00:05:00,0,11273799,158805
OK,53,62,910,53,2014-05-14T00:15:00,0,11274697,158805
OK,53,62,910,53,2014-05-14T00:20:00,0,11275146,158805
OK,53,62,910,53,2014-05-14T00:25:00,0,11275595,158805
OK,53,62,910,53,2014-05-14T00:30:00,0,11276044,158805
OK,53,62,910,53,2014-05-14T00:35:00,0,11276493,158805
OK,53,62,910,53,2014-05-14T00:40:00,0,11276942,158805
OK,53,62,910,53,2014-05-14T00:45:00,0,11277391,158805
OK,53,62,910,53,2014-05-14T00:50:00,0,11277840,158805
OK,53,62,910,53,2014-05-14T00:55:00,0,11278289,158805
OK,62,53,910,62,2014-05-14T01:00:00,1,11278738,158805
OK,62,53,910,62,2014-05-14T01:05:00,0,11279187,158805
OK,62,53,910,62,2014-05-14T01:10:00,0,11279636,158805
OK,62,53,910,62,2014-05-14T01:15:00,0,11280085,158805
OK,62,53,910,62,2014-05-14T01:20:00,0,11280534,158805
OK,62,53,910,62,2014-05-14T01:25:00,0,11280983,158805
OK,62,53,910,62,2014-05-14T01:30:00,0,11281432,158805
OK,62,53,910,62,2014-05-14T01:35:00,0,11281881,158805
OK,62,53,910,62,2014-05-14T01:40:00,0,11282330,158805
OK,62,53,910,62,2014-05-14T01:45:00,0,11282779,158805
OK,62,53,910,62,2014-05-14T01:50:00,0,11283228,158805
OK,62,53,910,62,2014-05-14T01:55:00,0,11283677,158805
OK,62,53,910,62,2014-05-14T02:00:00,0,11284126,158805
OK,62,53,910,62,2014-05-14T02:05:00,0,11284575,158805
OK,62,53,910,62,2014-05-14T02:10:00,0,11285024,158805
OK,62,53,910,62,2014-05-14T02:15:00,0,11285473,158805
OK,62,53,910,62,2014-05-14T02:20:00,0,11285922,158805
OK,62,53,910,62,2014-05-14T02:25:00,0,11286371,158805
OK,62,53,910,62,2014-05-14T02:30:00,0,11286820,158805
OK,62,53,910,62,2014-05-14T02:35:00,0,11287269,158805
OK,62,53,910,62,2014-05-14T02:40:00,0,11287718,158805
OK,62,53,910,62,2014-05-14T02:45:00,0,11288167,158805
OK,62,53,910,62,2014-05-14T02:50:00,0,11288616,158805
OK,62,53,910,62,2014-05-14T02:55:00,0,11289065,158805
OK,62,53,910,62,2014-05-14T03:00:00,0,11289514,158805
OK,30,110,910,30,2014-05-14T03:05:00,0,11289963,158805
OK,30,110,910,30,2014-05-14T03:10:00,0,11290412,158805
OK,52,63,910,52,2014-05-14T03:15:00,1,11290861,158805
OK,52,63,910,52,2014-05-14T03:20:00,1,11291310,158805
OK,61,54,910,61,2014-05-14T03:25:00,1,11291759,158805
OK,57,58,910,57,2014-05-14T03:30:00,3,11292208,158805
OK,61,54,910,61,2014-05-14T03:35:00,3,11292657,158805
OK,60,55,910,60,2014-05-14T03:40:00,4,11293106,158805
OK,53,62,910,53,2014-05-14T03:45:00,1,11293555,158805
OK,48,69,910,48,2014-05-14T03:50:00,1,11294004,158805
OK,48,69,910,48,2014-05-14T03:55:00,0,11294453,158805
OK,71,46,910,71,2014-05-14T04:00:00,3,11294902,158805
OK,66,50,910,66,2014-05-14T04:05:00,4,11295351,158805
OK,43,77,910,43,2014-05-14T04:10:00,3,11295800,158805
OK,43,77,910,43,2014-05-14T04:15:00,4,11296249,158805
OK,60,55,910,60,2014-05-14T04:20:00,1,11296698,158805
OK,66,50,910,66,2014-05-14T04:25:00,3,11297147,158805
OK,68,48,910,68,2014-05-14T04:30:00,2,11297596,158805
OK,64,51,910,64,2014-05-14T04:35:00,1,11298045,158805
OK,68,48,910,68,2014-05-14T04:40:00,3,11298494,158805
OK,68,48,910,68,2014-05-14T04:45:00,2,11298943,158805
OK,67,49,910,67,2014-05-14T04:50:00,4,11299392,158805
OK,65,50,910,65,2014-05-14T04:55:00,4,11299841,158805
OK,65,50,910,65,2014-05-14T05:00:00,2,11300290,158805
OK,63,52,910,63,2014-05-14T05:05:00,2,11300739,158805
OK,69,48,910,69,2014-05-14T05:10:00,3,11301188,158805
OK,69,48,910,69,2014-05-14T05:15:00,6,11301637,158805
OK,68,48,910,68,2014-05-14T05:20:00,5,11302086,158805
OK,67,49,910,67,2014-05-14T05:25:00,4,11302535,158805
OK,60,55,910,60,2014-05-14T05:30:00,4,11302984,158805
OK,64,51,910,64,2014-05-14T05:35:00,8,11303433,158805
OK,81,40,910,81,2014-05-14T05:40:00,12,11303882,158805
OK,81,40,910,81,2014-05-14T05:45:00,13,11304331,158805
OK,74,44,910,74,2014-05-14T05:50:00,5,11304780,158805
OK,71,46,910,71,2014-05-14T05:55:00,10,11305229,158805
OK,73,45,910,73,2014-05-14T06:00:00,14,11305678,158805
OK,73,45,910,73,2014-05-14T06:05:00,12,11306127,158805
OK,74,44,910,74,2014-05-14T06:10:00,7,11306576,158805
OK,72,46,910,72,2014-05-14T06:15:00,3,11307025,158805
OK,69,48,910,69,2014-05-14T06:20:00,3,11307474,158805
OK,69,48,910,69,2014-05-14T06:25:00,5,11307923,158805
OK,65,50,910,65,2014-05-14T06:35:00,6,11308821,158805
OK,65,50,910,65,2014-05-14T06:40:00,8,11309270,158805
OK,84,39,910,84,2014-05-14T06:45:00,6,11309719,158805
OK,88,37,910,88,2014-05-14T06:50:00,12,11310168,158805
OK,66,50,910,66,2014-05-14T06:55:00,11,11310617,158805
OK,65,50,910,65,2014-05-14T07:00:00,8,11311066,158805
OK,62,53,910,62,2014-05-14T07:05:00,3,11311515,158805
OK,81,40,910,81,2014-05-14T07:10:00,6,11311964,158805
OK,82,40,910,82,2014-05-14T07:15:00,10,11312413,158805
OK,73,45,910,73,2014-05-14T07:20:00,5,11312862,158805
OK,65,50,910,65,2014-05-14T07:25:00,4,11313311,158805
OK,64,51,910,64,2014-05-14T07:30:00,5,11313760,158805
OK,63,52,910,63,2014-05-14T07:35:00,4,11314209,158805
OK,64,51,910,64,2014-05-14T07:40:00,6,11314658,158805
OK,64,51,910,64,2014-05-14T07:45:00,9,11315107,158805
OK,64,51,910,64,2014-05-14T07:50:00,9,11315556,158805
OK,65,50,910,65,2014-05-14T07:55:00,9,11316005,158805
OK,76,43,910,76,2014-05-14T08:00:00,12,11316454,158805
OK,69,48,910,69,2014-05-14T08:05:00,13,11316903,158805
OK,63,52,910,63,2014-05-14T08:10:00,9,11317352,158805
OK,70,47,910,70,2014-05-14T08:15:00,6,11317801,158805
OK,68,48,910,68,2014-05-14T08:20:00,3,11318250,158805
OK,72,46,910,72,2014-05-14T08:25:00,11,11318699,158805
OK,73,45,910,73,2014-05-14T08:30:00,12,11319148,158805
OK,78,42,910,78,2014-05-14T08:35:00,4,11319597,158805
OK,60,55,910,60,2014-05-14T08:40:00,9,11320046,158805
OK,62,53,910,62,2014-05-14T08:45:00,7,11320495,158805
OK,80,41,910,80,2014-05-14T08:50:00,6,11320944,158805
OK,76,43,910,76,2014-05-14T08:55:00,6,11321393,158805
OK,71,46,910,71,2014-05-14T09:00:00,11,11321842,158805
OK,78,42,910,78,2014-05-14T09:05:00,11,11322291,158805
OK,68,48,910,68,2014-05-14T09:10:00,7,11322740,158805
OK,59,56,910,59,2014-05-14T09:15:00,11,11323189,158805
OK,61,54,910,61,2014-05-14T09:20:00,8,11323638,158805
OK,59,56,910,59,2014-05-14T09:25:00,4,11324087,158805
OK,65,50,910,65,2014-05-14T09:30:00,8,11324536,158805
OK,71,46,910,71,2014-05-14T09:35:00,10,11324985,158805
OK,78,42,910,78,2014-05-14T09:40:00,9,11325434,158805
OK,65,50,910,65,2014-05-14T09:45:00,9,11325883,158805
OK,61,54,910,61,2014-05-14T09:50:00,8,11326332,158805
OK,61,54,910,61,2014-05-14T09:55:00,10,11326781,158805
OK,68,48,910,68,2014-05-14T10:00:00,5,11327230,158805
OK,69,48,910,69,2014-05-14T10:05:00,14,11327679,158805
OK,69,48,910,69,2014-05-14T10:10:00,14,11328128,158805
OK,64,51,910,64,2014-05-14T10:15:00,10,11328577,158805
OK,65,50,910,65,2014-05-14T10:20:00,12,11329026,158805
OK,72,46,910,72,2014-05-14T10:25:00,8,11329475,158805
OK,80,41,910,80,2014-05-14T10:30:00,4,11329924,158805
OK,81,40,910,81,2014-05-14T10:35:00,10,11330373,158805
OK,74,44,910,74,2014-05-14T10:40:00,7,11330822,158805
OK,74,44,910,74,2014-05-14T10:45:00,5,11331271,158805
OK,73,45,910,73,2014-05-14T10:50:00,12,11331720,158805
OK,72,46,910,72,2014-05-14T10:55:00,17,11332169,158805
OK,71,46,910,71,2014-05-14T11:00:00,14,11332618,158805
OK,68,48,910,68,2014-05-14T11:05:00,12,11333067,158805
OK,65,50,910,65,2014-05-14T11:10:00,13,11333516,158805
OK,77,43,910,77,2014-05-14T11:15:00,11,11333965,158805
OK,67,49,910,67,2014-05-14T11:20:00,11,11334414,158805
OK,65,50,910,65,2014-05-14T11:25:00,5,11334863,158805
OK,71,46,910,71,2014-05-14T11:30:00,7,11335312,158805
OK,67,49,910,67,2014-05-14T11:35:00,9,11335761,158805
OK,65,50,910,65,2014-05-14T11:40:00,8,11336210,158805
OK,60,55,910,60,2014-05-14T11:45:00,7,11336659,158805
OK,74,44,910,74,2014-05-14T11:50:00,10,11337108,158805
OK,74,44,910,74,2014-05-14T11:55:00,9,11337557,158805
OK,65,50,910,65,2014-05-14T12:25:00,7,11338055,158805
OK,77,43,910,77,2014-05-14T14:50:00,7,11338650,158805
OK,73,45,910,73,2014-05-14T14:55:00,8,11339099,158805
OK,67,49,910,67,2014-05-14T15:00:00,6,11339548,158805
OK,94,35,910,94,2014-05-14T15:05:00,7,11339997,158805
OK,96,34,910,96,2014-05-14T15:10:00,8,11340446,158805
OK,62,53,910,62,2014-05-14T15:15:00,5,11340895,158805
OK,62,53,910,62,2014-05-14T15:20:00,5,11341344,158805
OK,63,52,910,63,2014-05-14T15:25:00,11,11341793,158805
OK,62,53,910,62,2014-05-14T15:30:00,12,11342242,158805
OK,67,49,910,67,2014-05-14T15:35:00,6,11342691,158805
OK,67,49,910,67,2014-05-14T15:40:00,3,11343140,158805
OK,59,56,910,59,2014-05-14T15:45:00,7,11343589,158805
OK,63,52,910,63,2014-05-14T15:50:00,9,11344038,158805
OK,63,52,910,63,2014-05-14T15:55:00,6,11344487,158805
OK,66,50,910,66,2014-05-14T16:00:00,6,11344936,158805
OK,68,48,910,68,2014-05-14T16:05:00,4,11345385,158805
OK,68,48,910,68,2014-05-14T16:10:00,6,11345834,158805
OK,63,52,910,63,2014-05-14T16:15:00,10,11346283,158805
OK,60,55,910,60,2014-05-14T16:20:00,5,11346732,158805
OK,66,50,910,66,2014-05-14T16:25:00,4,11347181,158805
OK,69,48,910,69,2014-05-14T16:30:00,8,11347630,158805
OK,71,46,910,71,2014-05-14T16:35:00,5,11348079,158805
OK,70,47,910,70,2014-05-14T16:40:00,4,11348528,158805
OK,66,50,910,66,2014-05-14T16:45:00,6,11348977,158805
OK,62,53,910,62,2014-05-14T16:50:00,7,11349426,158805
OK,79,41,910,79,2014-05-14T16:55:00,5,11349875,158805
OK,79,41,910,79,2014-05-14T17:00:00,5,11350324,158805
OK,77,43,910,77,2014-05-14T17:05:00,3,11350773,158805
OK,77,43,910,77,2014-05-14T17:10:00,3,11351222,158805
OK,76,43,910,76,2014-05-14T17:15:00,2,11351671,158805
OK,75,44,910,75,2014-05-14T17:20:00,2,11352120,158805
OK,70,47,910,70,2014-05-14T17:25:00,2,11352569,158805
OK,82,40,910,82,2014-05-14T17:30:00,1,11353018,158805
OK,82,40,910,82,2014-05-14T17:35:00,0,11353467,158805
OK,53,62,910,53,2014-05-14T17:40:00,1,11353916,158805
OK,83,39,910,83,2014-05-14T17:45:00,2,11354365,158805
OK,101,32,910,101,2014-05-14T17:50:00,2,11354814,158805
OK,153,21,910,153,2014-05-14T17:55:00,2,11355263,158805
OK,116,28,910,116,2014-05-14T18:00:00,2,11355712,158805
OK,69,48,910,69,2014-05-14T18:05:00,3,11356161,158805
OK,69,48,910,69,2014-05-14T18:10:00,5,11356610,158805
OK,53,62,910,53,2014-05-14T18:15:00,3,11357059,158805
OK,52,63,910,52,2014-05-14T18:20:00,0,11357508,158805
OK,60,55,910,60,2014-05-14T18:25:00,3,11357957,158805
OK,55,60,910,55,2014-05-14T18:30:00,2,11358406,158805
OK,63,52,910,63,2014-05-14T18:35:00,4,11358855,158805
OK,63,52,910,63,2014-05-14T18:40:00,3,11359304,158805
OK,56,59,910,56,2014-05-14T18:45:00,1,11359753,158805
OK,59,56,910,59,2014-05-14T18:50:00,3,11360202,158805
OK,59,56,910,59,2014-05-14T18:55:00,3,11360651,158805
OK,51,64,910,51,2014-05-14T19:00:00,1,11361100,158805
OK,57,58,910,57,2014-05-14T19:05:00,1,11361549,158805
OK,57,58,910,57,2014-05-14T19:10:00,1,11361998,158805
OK,54,61,910,54,2014-05-14T19:15:00,4,11362447,158805
OK,55,60,910,55,2014-05-14T19:20:00,5,11362896,158805
OK,140,23,910,140,2014-05-14T19:25:00,1,11363345,158805
OK,140,23,910,140,2014-05-14T19:30:00,0,11363794,158805
OK,53,62,910,53,2014-05-14T19:35:00,3,11364243,158805
OK,52,63,910,52,2014-05-14T19:40:00,4,11364692,158805
OK,52,63,910,52,2014-05-14T19:45:00,0,11365141,158805
OK,62,53,910,62,2014-05-14T19:50:00,3,11365590,158805
OK,68,48,910,68,2014-05-14T19:55:00,3,11366039,158805
OK,55,60,910,55,2014-05-14T21:10:00,1,11371365,158805
OK,50,66,910,50,2014-05-14T21:20:00,0,11372262,158805
OK,50,66,910,50,2014-05-14T21:55:00,0,11375291,158805
OK,50,66,910,50,2014-05-14T22:00:00,0,11375701,158805
OK,50,66,910,50,2014-05-14T22:05:00,0,11376150,158805
OK,50,66,910,50,2014-05-14T22:10:00,0,11376599,158805
OK,50,66,910,50,2014-05-14T22:20:00,0,11377497,158805
OK,50,66,910,50,2014-05-14T22:25:00,0,11377946,158805
OK,68,48,910,68,2014-05-15T00:00:00,0,11385096,158805
OK,68,48,910,68,2014-05-15T00:05:00,0,11385544,158805
OK,68,48,910,68,2014-05-15T00:15:00,0,11386042,158805
OK,68,48,910,68,2014-05-15T00:20:00,0,11386491,158805
OK,68,48,910,68,2014-05-15T00:25:00,0,11386940,158805
OK,68,48,910,68,2014-05-15T00:30:00,0,11387389,158805
OK,68,48,910,68,2014-05-15T00:35:00,0,11387838,158805
OK,68,48,910,68,2014-05-15T00:40:00,0,11388287,158805
OK,68,48,910,68,2014-05-15T00:45:00,0,11388736,158805
OK,68,48,910,68,2014-05-15T00:50:00,0,11389185,158805
OK,68,48,910,68,2014-05-15T00:55:00,0,11389634,158805
OK,68,48,910,68,2014-05-15T01:00:00,0,11390083,158805
OK,68,48,910,68,2014-05-15T01:05:00,0,11390532,158805
OK,68,48,910,68,2014-05-15T01:10:00,0,11390981,158805
OK,68,48,910,68,2014-05-15T01:15:00,0,11391430,158805
OK,68,48,910,68,2014-05-15T01:20:00,0,11391879,158805
OK,68,48,910,68,2014-05-15T01:25:00,0,11392328,158805
OK,68,48,910,68,2014-05-15T01:30:00,0,11392777,158805
OK,68,48,910,68,2014-05-15T01:35:00,0,11393226,158805
OK,68,48,910,68,2014-05-15T01:40:00,0,11393675,158805
OK,68,48,910,68,2014-05-15T01:45:00,0,11394124,158805
OK,68,48,910,68,2014-05-15T01:50:00,0,11394573,158805
OK,68,48,910,68,2014-05-15T01:55:00,0,11395022,158805
OK,68,48,910,68,2014-05-15T02:00:00,0,11395471,158805
OK,68,48,910,68,2014-05-15T02:05:00,0,11395920,158805
OK,68,48,910,68,2014-05-15T02:10:00,0,11396369,158805
OK,68,48,910,68,2014-05-15T02:15:00,0,11396818,158805
OK,68,48,910,68,2014-05-15T02:20:00,0,11397267,158805
OK,68,48,910,68,2014-05-15T02:25:00,0,11397716,158805
OK,68,48,910,68,2014-05-15T02:30:00,0,11398165,158805
OK,68,48,910,68,2014-05-15T02:35:00,0,11398614,158805
OK,68,48,910,68,2014-05-15T02:40:00,0,11399063,158805
OK,68,48,910,68,2014-05-15T02:45:00,0,11399512,158805
OK,68,48,910,68,2014-05-15T02:50:00,0,11399961,158805
OK,68,48,910,68,2014-05-15T02:55:00,0,11400410,158805
OK,68,48,910,68,2014-05-15T03:00:00,0,11400859,158805
OK,68,48,910,68,2014-05-15T03:05:00,0,11401308,158805
OK,68,48,910,68,2014-05-15T03:10:00,0,11401757,158805
OK,68,48,910,68,2014-05-15T03:15:00,0,11402206,158805
OK,68,48,910,68,2014-05-15T03:20:00,0,11402655,158805
OK,68,48,910,68,2014-05-15T03:25:00,0,11403104,158805
OK,68,48,910,68,2014-05-15T03:30:00,0,11403553,158805
OK,80,41,910,80,2014-05-15T03:35:00,1,11404002,158805
OK,74,44,910,74,2014-05-15T03:40:00,2,11404451,158805
OK,63,52,910,63,2014-05-15T03:45:00,2,11404900,158805
OK,65,50,910,65,2014-05-15T03:50:00,4,11405349,158805
OK,58,57,910,58,2014-05-15T03:55:00,6,11405798,158805
OK,60,55,910,60,2014-05-15T04:00:00,5,11406247,158805
OK,62,53,910,62,2014-05-15T04:05:00,2,11406696,158805
OK,51,64,910,51,2014-05-15T04:10:00,2,11407145,158805
OK,66,50,910,66,2014-05-15T04:15:00,3,11407594,158805
OK,82,40,910,82,2014-05-15T04:20:00,2,11408043,158805
OK,63,52,910,63,2014-05-15T04:25:00,0,11408492,158805
OK,85,38,910,85,2014-05-15T04:30:00,1,11408941,158805
OK,55,60,910,55,2014-05-15T04:35:00,3,11409390,158805
OK,55,60,910,55,2014-05-15T04:40:00,3,11409839,158805
OK,57,58,910,57,2014-05-15T04:45:00,2,11410288,158805
OK,62,53,910,62,2014-05-15T04:50:00,3,11410737,158805
OK,58,57,910,58,2014-05-15T04:55:00,4,11411186,158805
OK,56,59,910,56,2014-05-15T05:00:00,3,11411635,158805
OK,68,48,910,68,2014-05-15T05:05:00,6,11412084,158805
OK,66,50,910,66,2014-05-15T05:10:00,6,11412533,158805
OK,59,56,910,59,2014-05-15T05:15:00,2,11412982,158805
OK,61,54,910,61,2014-05-15T05:20:00,8,11413431,158805
OK,72,46,910,72,2014-05-15T05:25:00,13,11413880,158805
OK,88,37,910,88,2014-05-15T05:30:00,12,11414329,158805
OK,64,51,910,64,2014-05-15T05:35:00,12,11414778,158805
OK,66,50,910,66,2014-05-15T05:40:00,11,11415227,158805
OK,83,39,910,83,2014-05-15T05:45:00,7,11415676,158805
OK,72,46,910,72,2014-05-15T05:50:00,6,11416125,158805
OK,62,53,910,62,2014-05-15T05:55:00,7,11416574,158805
OK,73,45,910,73,2014-05-15T06:00:00,9,11417023,158805
OK,73,45,910,73,2014-05-15T06:05:00,9,11417472,158805
OK,69,48,910,69,2014-05-15T06:10:00,3,11417921,158805
OK,69,48,910,69,2014-05-15T06:15:00,3,11418370,158805
OK,80,41,910,80,2014-05-15T06:20:00,7,11418819,158805
OK,65,50,910,65,2014-05-15T06:25:00,7,11419268,158805
OK,72,46,910,72,2014-05-15T06:30:00,11,11419717,158805
OK,72,46,910,72,2014-05-15T06:35:00,7,11420166,158805
OK,64,51,910,64,2014-05-15T06:40:00,9,11420615,158805
OK,58,57,910,58,2014-05-15T06:45:00,6,11421064,158805
OK,62,53,910,62,2014-05-15T06:50:00,4,11421513,158805
OK,64,51,910,64,2014-05-15T06:55:00,5,11421962,158805
OK,61,54,910,61,2014-05-15T07:00:00,7,11422411,158805
OK,59,56,910,59,2014-05-15T07:05:00,6,11422860,158805
OK,41,80,910,41,2014-05-15T07:10:00,1,11423309,158805
OK,67,49,910,67,2014-05-15T07:15:00,12,11423758,158805
OK,67,49,910,67,2014-05-15T07:20:00,8,11424207,158805
OK,62,53,910,62,2014-05-15T07:25:00,4,11424656,158805
OK,65,50,910,65,2014-05-15T07:30:00,6,11425105,158805
OK,71,46,910,71,2014-05-15T07:35:00,6,11425554,158805
OK,59,56,910,59,2014-05-15T07:40:00,9,11426003,158805
OK,59,56,910,59,2014-05-15T07:45:00,11,11426452,158805
OK,68,48,910,68,2014-05-15T07:50:00,7,11426901,158805
OK,66,50,910,66,2014-05-15T07:55:00,6,11427350,158805
OK,66,50,910,66,2014-05-15T08:00:00,7,11427799,158805
OK,64,51,910,64,2014-05-15T08:05:00,10,11428248,158805
OK,70,47,910,70,2014-05-15T08:10:00,7,11428697,158805
OK,70,47,910,70,2014-05-15T08:15:00,4,11429146,158805
OK,67,49,910,67,2014-05-15T08:20:00,11,11429595,158805
OK,65,50,910,65,2014-05-15T08:25:00,12,11430044,158805
OK,61,54,910,61,2014-05-15T08:30:00,7,11430493,158805
OK,62,53,910,62,2014-05-15T08:35:00,9,11430942,158805
OK,64,51,910,64,2014-05-15T08:40:00,12,11431391,158805
OK,65,50,910,65,2014-05-15T08:45:00,10,11431840,158805
OK,79,41,910,79,2014-05-15T08:50:00,5,11432289,158805
OK,83,39,910,83,2014-05-15T08:55:00,6,11432738,158805
OK,70,47,910,70,2014-05-15T09:00:00,7,11433187,158805
OK,69,48,910,69,2014-05-15T09:05:00,6,11433636,158805
OK,83,39,910,83,2014-05-15T09:10:00,5,11434085,158805
OK,62,53,910,62,2014-05-15T09:15:00,12,11434534,158805
OK,65,50,910,65,2014-05-15T09:20:00,16,11434983,158805
OK,73,45,910,73,2014-05-15T09:25:00,8,11435432,158805
OK,63,52,910,63,2014-05-15T09:30:00,5,11435881,158805
OK,67,49,910,67,2014-05-15T09:35:00,7,11436330,158805
OK,67,49,910,67,2014-05-15T09:40:00,9,11436779,158805
OK,76,43,910,76,2014-05-15T09:45:00,13,11437228,158805
OK,72,46,910,72,2014-05-15T09:50:00,12,11437677,158805
OK,64,51,910,64,2014-05-15T09:55:00,11,11438126,158805
OK,57,58,910,57,2014-05-15T10:00:00,12,11438575,158805
OK,58,57,910,58,2014-05-15T10:05:00,12,11439024,158805
OK,59,56,910,59,2014-05-15T10:10:00,8,11439473,158805
OK,59,56,910,59,2014-05-15T10:15:00,4,11439922,158805
OK,67,49,910,67,2014-05-15T10:20:00,8,11440371,158805
OK,62,53,910,62,2014-05-15T10:25:00,10,11440820,158805
OK,56,59,910,56,2014-05-15T10:30:00,6,11441269,158805
OK,63,52,910,63,2014-05-15T10:35:00,6,11441718,158805
OK,66,50,910,66,2014-05-15T10:40:00,4,11442167,158805
OK,68,48,910,68,2014-05-15T10:45:00,8,11442616,158805
OK,77,43,910,77,2014-05-15T10:50:00,13,11443065,158805
OK,61,54,910,61,2014-05-15T10:55:00,11,11443514,158805
OK,63,52,910,63,2014-05-15T11:00:00,10,11443963,158805
OK,68,48,910,68,2014-05-15T11:05:00,13,11444412,158805
OK,63,52,910,63,2014-05-15T11:10:00,12,11444861,158805
OK,67,49,910,67,2014-05-15T11:15:00,12,11445310,158805
OK,68,48,910,68,2014-05-15T11:20:00,8,11445759,158805
OK,67,49,910,67,2014-05-15T11:25:00,9,11446208,158805
OK,56,59,910,56,2014-05-15T11:30:00,10,11446657,158805
OK,58,57,910,58,2014-05-15T11:35:00,15,11447106,158805
OK,60,55,910,60,2014-05-15T11:40:00,10,11447555,158805
OK,60,55,910,60,2014-05-15T11:45:00,8,11448004,158805
OK,60,55,910,60,2014-05-15T11:50:00,8,11448453,158805
OK,61,54,910,61,2014-05-15T11:55:00,9,11448902,158805
OK,61,54,910,61,2014-05-15T12:00:00,10,11449351,158805
OK,63,52,910,63,2014-05-15T12:05:00,11,11449800,158805
OK,69,48,910,69,2014-05-15T12:10:00,17,11450249,158805
OK,69,48,910,69,2014-05-15T12:15:00,16,11450698,158805
OK,70,47,910,70,2014-05-15T12:20:00,12,11451147,158805
OK,65,50,910,65,2014-05-15T12:25:00,14,11451596,158805
OK,67,49,910,67,2014-05-15T12:30:00,14,11452045,158805
OK,66,50,910,66,2014-05-15T12:35:00,14,11452494,158805
OK,63,52,910,63,2014-05-15T12:40:00,15,11452943,158805
OK,63,52,910,63,2014-05-15T12:45:00,16,11453392,158805
OK,69,48,910,69,2014-05-15T12:50:00,15,11453840,158805
OK,65,50,910,65,2014-05-15T12:55:00,13,11454289,158805
OK,62,53,910,62,2014-05-15T13:00:00,12,11454738,158805
OK,56,59,910,56,2014-05-15T13:05:00,9,11455187,158805
OK,68,48,910,68,2014-05-15T13:10:00,12,11455636,158805
OK,62,53,910,62,2014-05-15T13:15:00,17,11456085,158805
OK,64,51,910,64,2014-05-15T13:20:00,20,11456534,158805
OK,71,46,910,71,2014-05-15T13:25:00,23,11456983,158805
OK,71,46,910,71,2014-05-15T13:30:00,18,11457432,158805
OK,67,49,910,67,2014-05-15T13:35:00,11,11457881,158805
OK,65,50,910,65,2014-05-15T13:40:00,12,11458330,158805
OK,87,38,910,87,2014-05-15T13:45:00,18,11458779,158805
OK,83,39,910,83,2014-05-15T13:50:00,20,11459228,158805
OK,76,43,910,76,2014-05-15T13:55:00,18,11459677,158805
OK,64,51,910,64,2014-05-15T14:00:00,22,11460126,158805
OK,71,46,910,71,2014-05-15T14:05:00,20,11460575,158805
OK,70,47,910,70,2014-05-15T14:10:00,26,11461024,158805
OK,57,58,910,57,2014-05-15T14:15:00,16,11461473,158805
OK,67,49,910,67,2014-05-15T14:20:00,16,11461922,158805
OK,70,47,910,70,2014-05-15T14:25:00,18,11462371,158805
OK,68,48,910,68,2014-05-15T14:30:00,21,11462820,158805
OK,65,50,910,65,2014-05-15T14:35:00,16,11463269,158805
OK,67,49,910,67,2014-05-15T14:40:00,10,11463718,158805
OK,59,56,910,59,2014-05-15T14:45:00,14,11464167,158805
OK,59,56,910,59,2014-05-15T14:50:00,16,11464616,158805
OK,59,56,910,59,2014-05-15T14:55:00,11,11465065,158805
OK,56,59,910,56,2014-05-15T15:00:00,12,11465514,158805
OK,59,56,910,59,2014-05-15T15:05:00,12,11465963,158805
OK,61,54,910,61,2014-05-15T15:10:00,8,11466412,158805
OK,59,56,910,59,2014-05-15T15:15:00,2,11466861,158805
OK,58,57,910,58,2014-05-15T15:20:00,5,11467310,158805
OK,57,58,910,57,2014-05-15T15:25:00,4,11467759,158805
OK,58,57,910,58,2014-05-15T15:30:00,2,11468208,158805
OK,56,59,910,56,2014-05-15T15:35:00,7,11468657,158805
OK,57,58,910,57,2014-05-15T15:40:00,10,11469106,158805
OK,62,53,910,62,2014-05-15T15:45:00,10,11469555,158805
OK,62,53,910,62,2014-05-15T15:50:00,11,11470004,158805
OK,57,58,910,57,2014-05-15T15:55:00,13,11470453,158805
OK,57,58,910,57,2014-05-15T16:00:00,8,11470902,158805
OK,56,59,910,56,2014-05-15T16:05:00,4,11471351,158805
OK,55,60,910,55,2014-05-15T16:10:00,10,11471800,158805
OK,55,60,910,55,2014-05-15T16:15:00,11,11472249,158805
OK,55,60,910,55,2014-05-15T16:20:00,3,11472698,158805
OK,51,64,910,51,2014-05-15T16:25:00,3,11473147,158805
OK,56,59,910,56,2014-05-15T16:30:00,8,11473596,158805
OK,56,59,910,56,2014-05-15T16:35:00,6,11474045,158805
OK,54,61,910,54,2014-05-15T16:40:00,2,11474494,158805
OK,50,66,910,50,2014-05-15T16:45:00,3,11474943,158805
OK,54,61,910,54,2014-05-15T16:50:00,5,11475392,158805
OK,60,55,910,60,2014-05-15T16:55:00,3,11475841,158805
OK,71,46,910,71,2014-05-15T17:00:00,2,11476290,158805
OK,66,50,910,66,2014-05-15T17:05:00,4,11476739,158805
OK,54,61,910,54,2014-05-15T17:10:00,2,11477188,158805
OK,60,55,910,60,2014-05-15T17:15:00,1,11477637,158805
OK,49,67,910,49,2014-05-15T17:20:00,2,11478086,158805
OK,53,62,910,53,2014-05-15T17:25:00,4,11478535,158805
OK,54,61,910,54,2014-05-15T17:30:00,8,11478984,158805
OK,55,60,910,55,2014-05-15T17:35:00,7,11479433,158805
OK,60,55,910,60,2014-05-15T17:40:00,2,11479882,158805
OK,56,59,910,56,2014-05-15T17:45:00,1,11480331,158805
OK,49,67,910,49,2014-05-15T17:50:00,2,11480780,158805
OK,89,37,910,89,2014-05-15T17:55:00,1,11481229,158805
OK,50,66,910,50,2014-05-15T18:00:00,1,11481678,158805
OK,50,66,910,50,2014-05-15T18:05:00,2,11482127,158805
OK,50,66,910,50,2014-05-15T18:10:00,1,11482575,158805
OK,29,114,910,29,2014-05-15T18:15:00,1,11483024,158805
OK,64,51,910,64,2014-05-15T18:20:00,3,11483473,158805
OK,56,59,910,56,2014-05-15T18:25:00,7,11483922,158805
OK,44,75,910,44,2014-05-15T18:30:00,1,11484371,158805
OK,44,75,910,44,2014-05-15T18:35:00,0,11484820,158805
OK,63,52,910,63,2014-05-15T18:40:00,1,11485269,158805
OK,63,52,910,63,2014-05-15T18:45:00,1,11485718,158805
OK,94,35,910,94,2014-05-15T18:50:00,1,11486167,158805
OK,91,36,910,91,2014-05-15T18:55:00,5,11486616,158805
OK,58,57,910,58,2014-05-15T19:00:00,2,11487065,158805
OK,60,55,910,60,2014-05-15T19:05:00,1,11487514,158805
OK,60,55,910,60,2014-05-15T19:10:00,1,11487963,158805
OK,60,55,910,60,2014-05-15T19:15:00,0,11488412,158805
OK,60,55,910,60,2014-05-15T19:20:00,0,11488861,158805
OK,64,51,910,64,2014-05-15T19:25:00,1,11489310,158805
OK,48,69,910,48,2014-05-15T19:30:00,3,11489759,158805
OK,48,69,910,48,2014-05-15T19:35:00,4,11490208,158805
OK,51,64,910,51,2014-05-15T19:40:00,2,11490657,158805
OK,44,75,910,44,2014-05-15T19:45:00,2,11491106,158805
OK,53,62,910,53,2014-05-15T19:50:00,6,11491555,158805
OK,47,70,910,47,2014-05-15T19:55:00,4,11492004,158805
OK,61,54,910,61,2014-05-15T22:00:00,0,11501533,158805
OK,62,53,910,62,2014-05-15T22:05:00,1,11501982,158805
OK,62,53,910,62,2014-05-15T22:10:00,1,11502431,158805
OK,35,94,910,35,2014-05-15T22:20:00,2,11503329,158805
OK,40,82,910,40,2014-05-16T00:00:00,0,11510976,158805
OK,40,82,910,40,2014-05-16T00:05:00,0,11511425,158805
OK,37,89,910,37,2014-05-16T00:15:00,1,11511892,158805
OK,37,89,910,37,2014-05-16T00:20:00,0,11512341,158805
OK,37,89,910,37,2014-05-16T00:25:00,0,11512790,158805
OK,37,89,910,37,2014-05-16T00:30:00,0,11513239,158805
OK,54,61,910,54,2014-05-16T00:35:00,0,11513688,158805
OK,54,61,910,54,2014-05-16T00:40:00,0,11514137,158805
OK,54,61,910,54,2014-05-16T00:45:00,0,11514586,158805
OK,54,61,910,54,2014-05-16T00:50:00,0,11515035,158805
OK,54,61,910,54,2014-05-16T00:55:00,0,11515484,158805
OK,54,61,910,54,2014-05-16T01:00:00,0,11515933,158805
OK,54,61,910,54,2014-05-16T01:05:00,0,11516382,158805
OK,54,61,910,54,2014-05-16T01:10:00,0,11516831,158805
OK,54,61,910,54,2014-05-16T01:15:00,0,11517280,158805
OK,54,61,910,54,2014-05-16T01:20:00,0,11517729,158805
OK,54,61,910,54,2014-05-16T01:25:00,0,11518178,158805
OK,54,61,910,54,2014-05-16T01:30:00,0,11518627,158805
OK,54,61,910,54,2014-05-16T01:35:00,0,11519076,158805
OK,54,61,910,54,2014-05-16T01:40:00,0,11519525,158805
OK,54,61,910,54,2014-05-16T01:45:00,0,11519974,158805
OK,54,61,910,54,2014-05-16T01:50:00,0,11520423,158805
OK,54,61,910,54,2014-05-16T01:55:00,0,11520872,158805
OK,54,61,910,54,2014-05-16T02:00:00,0,11521321,158805
OK,54,61,910,54,2014-05-16T02:05:00,0,11521770,158805
OK,66,50,910,66,2014-05-16T02:10:00,3,11522219,158805
OK,66,50,910,66,2014-05-16T02:15:00,3,11522668,158805
OK,66,50,910,66,2014-05-16T02:20:00,0,11523117,158805
OK,66,50,910,66,2014-05-16T02:25:00,0,11523566,158805
OK,55,60,910,55,2014-05-16T02:30:00,1,11524015,158805
OK,55,60,910,55,2014-05-16T02:35:00,0,11524464,158805
OK,55,60,910,55,2014-05-16T02:40:00,0,11524913,158805
OK,55,60,910,55,2014-05-16T02:45:00,0,11525362,158805
OK,55,60,910,55,2014-05-16T02:50:00,0,11525811,158805
OK,55,60,910,55,2014-05-16T02:55:00,0,11526260,158805
OK,55,60,910,55,2014-05-16T03:00:00,0,11526709,158805
OK,53,62,910,53,2014-05-16T03:05:00,1,11527158,158805
OK,53,62,910,53,2014-05-16T03:10:00,1,11527607,158805
OK,53,62,910,53,2014-05-16T03:15:00,0,11528056,158805
OK,53,62,910,53,2014-05-16T03:20:00,0,11528505,158805
OK,50,66,910,50,2014-05-16T03:25:00,1,11528954,158805
OK,50,66,910,50,2014-05-16T03:30:00,1,11529403,158805
OK,40,82,910,40,2014-05-16T03:35:00,0,11529852,158805
OK,40,82,910,40,2014-05-16T03:40:00,0,11530301,158805
OK,40,82,910,40,2014-05-16T03:45:00,0,11530750,158805
OK,40,82,910,40,2014-05-16T03:50:00,0,11531199,158805
OK,40,82,910,40,2014-05-16T03:55:00,0,11531648,158805
OK,40,82,910,40,2014-05-16T04:00:00,0,11532097,158805
OK,40,82,910,40,2014-05-16T04:05:00,0,11532546,158805
OK,40,82,910,40,2014-05-16T04:10:00,0,11532995,158805
OK,40,82,910,40,2014-05-16T04:15:00,0,11533444,158805
OK,40,82,910,40,2014-05-16T04:20:00,0,11533893,158805
OK,40,82,910,40,2014-05-16T04:25:00,0,11534342,158805
OK,40,82,910,40,2014-05-16T04:30:00,0,11534791,158805
OK,49,67,910,49,2014-05-16T04:35:00,1,11535240,158805
OK,49,67,910,49,2014-05-16T04:40:00,1,11535689,158805
OK,49,67,910,49,2014-05-16T04:45:00,0,11536138,158805
OK,49,67,910,49,2014-05-16T04:50:00,0,11536587,158805
OK,49,67,910,49,2014-05-16T04:55:00,0,11537036,158805
OK,49,67,910,49,2014-05-16T05:00:00,0,11537485,158805
OK,49,67,910,49,2014-05-16T05:05:00,0,11537934,158805
OK,49,67,910,49,2014-05-16T05:10:00,0,11538383,158805
OK,55,60,910,55,2014-05-16T05:15:00,1,11538832,158805
OK,55,60,910,55,2014-05-16T05:20:00,1,11539281,158805
OK,51,64,910,51,2014-05-16T05:25:00,1,11539730,158805
OK,51,64,910,51,2014-05-16T05:30:00,1,11540179,158805
OK,51,64,910,51,2014-05-16T05:35:00,0,11540628,158805
OK,37,89,910,37,2014-05-16T05:40:00,1,11541077,158805
OK,46,72,910,46,2014-05-16T05:45:00,2,11541526,158805
OK,59,56,910,59,2014-05-16T05:50:00,2,11541975,158805
OK,60,55,910,60,2014-05-16T05:55:00,4,11542424,158805
OK,60,55,910,60,2014-05-16T06:00:00,2,11542873,158805
OK,40,82,910,40,2014-05-16T06:05:00,1,11543322,158805
OK,40,82,910,40,2014-05-16T06:10:00,0,11543771,158805
OK,40,82,910,40,2014-05-16T06:15:00,0,11544220,158805
OK,40,82,910,40,2014-05-16T06:20:00,0,11544669,158805
OK,40,82,910,40,2014-05-16T06:25:00,0,11545118,158805
OK,67,49,910,67,2014-05-16T06:30:00,1,11545567,158805
OK,55,60,910,55,2014-05-16T06:35:00,2,11546016,158805
OK,44,75,910,44,2014-05-16T06:40:00,0,11546465,158805
OK,70,47,910,70,2014-05-16T06:45:00,1,11546914,158805
OK,55,60,910,55,2014-05-16T06:50:00,2,11547363,158805
OK,41,80,910,41,2014-05-16T06:55:00,1,11547812,158805
OK,41,80,910,41,2014-05-16T07:00:00,0,11548261,158805
OK,64,51,910,64,2014-05-16T07:05:00,1,11548710,158805
OK,66,50,910,66,2014-05-16T07:10:00,2,11549159,158805
OK,68,48,910,68,2014-05-16T07:15:00,0,11549608,158805
OK,68,48,910,68,2014-05-16T07:20:00,0,11550057,158805
OK,69,48,910,69,2014-05-16T07:25:00,1,11550506,158805
OK,69,48,910,69,2014-05-16T07:30:00,0,11550955,158805
OK,69,48,910,69,2014-05-16T07:35:00,0,11551404,158805
OK,69,48,910,69,2014-05-16T07:40:00,0,11551853,158805
OK,51,64,910,51,2014-05-16T07:45:00,2,11552302,158805
OK,64,51,910,64,2014-05-16T07:50:00,6,11552751,158805
OK,76,43,910,76,2014-05-16T07:55:00,5,11553200,158805
OK,61,54,910,61,2014-05-16T08:00:00,2,11553649,158805
OK,69,48,910,69,2014-05-16T08:05:00,4,11554098,158805
OK,59,56,910,59,2014-05-16T08:10:00,7,11554547,158805
OK,58,57,910,58,2014-05-16T08:15:00,7,11554996,158805
OK,57,58,910,57,2014-05-16T08:20:00,6,11555445,158805
OK,59,56,910,59,2014-05-16T08:25:00,4,11555894,158805
OK,91,36,910,91,2014-05-16T08:30:00,0,11556343,158805
OK,59,56,910,59,2014-05-16T08:35:00,1,11556792,158805
OK,56,59,910,56,2014-05-16T08:40:00,3,11557241,158805
OK,52,63,910,52,2014-05-16T08:45:00,4,11557690,158805
OK,53,62,910,53,2014-05-16T08:50:00,2,11558139,158805
OK,53,62,910,53,2014-05-16T08:55:00,0,11558588,158805
OK,53,62,910,53,2014-05-16T09:00:00,0,11559037,158805
OK,61,54,910,61,2014-05-16T09:05:00,2,11559486,158805
OK,59,56,910,59,2014-05-16T09:10:00,4,11559935,158805
OK,55,60,910,55,2014-05-16T09:15:00,3,11560384,158805
OK,43,77,910,43,2014-05-16T09:20:00,2,11560833,158805
OK,58,57,910,58,2014-05-16T09:25:00,3,11561282,158805
OK,58,57,910,58,2014-05-16T09:30:00,10,11561731,158805
OK,59,56,910,59,2014-05-16T09:35:00,8,11562180,158805
OK,59,56,910,59,2014-05-16T09:40:00,3,11562629,158805
OK,64,51,910,64,2014-05-16T09:45:00,4,11563078,158805
OK,62,53,910,62,2014-05-16T09:50:00,4,11563527,158805
OK,55,60,910,55,2014-05-16T09:55:00,2,11563976,158805
OK,54,61,910,54,2014-05-16T10:00:00,3,11564425,158805
OK,44,75,910,44,2014-05-16T10:05:00,2,11564874,158805
OK,50,66,910,50,2014-05-16T10:10:00,2,11565323,158805
OK,49,67,910,49,2014-05-16T10:15:00,1,11565772,158805
OK,56,59,910,56,2014-05-16T10:20:00,2,11566221,158805
OK,56,59,910,56,2014-05-16T10:25:00,2,11566670,158805
OK,80,41,910,80,2014-05-16T10:30:00,1,11567119,158805
OK,68,48,910,68,2014-05-16T10:35:00,5,11567568,158805
OK,68,48,910,68,2014-05-16T10:40:00,5,11568017,158805
OK,77,43,910,77,2014-05-16T10:45:00,1,11568466,158805
OK,77,43,910,77,2014-05-16T10:50:00,0,11568915,158805
OK,56,59,910,56,2014-05-16T10:55:00,3,11569364,158805
OK,55,60,910,55,2014-05-16T11:00:00,3,11569813,158805
OK,52,63,910,52,2014-05-16T11:05:00,4,11570262,158805
OK,63,52,910,63,2014-05-16T11:10:00,3,11570711,158805
OK,63,52,910,63,2014-05-16T11:15:00,1,11571160,158805
OK,56,59,910,56,2014-05-16T11:20:00,2,11571609,158805
OK,59,56,910,59,2014-05-16T11:25:00,3,11572058,158805
OK,69,48,910,69,2014-05-16T11:30:00,3,11572507,158805
OK,61,54,910,61,2014-05-16T11:35:00,4,11572956,158805
OK,50,66,910,50,2014-05-16T11:40:00,4,11573405,158805
OK,50,66,910,50,2014-05-16T11:45:00,3,11573854,158805
OK,59,56,910,59,2014-05-16T11:50:00,2,11574303,158805
OK,65,50,910,65,2014-05-16T11:55:00,1,11574752,158805
OK,56,59,910,56,2014-05-16T12:00:00,3,11575201,158805
OK,55,60,910,55,2014-05-16T12:05:00,3,11575650,158805
OK,53,62,910,53,2014-05-16T12:10:00,0,11576099,158805
OK,75,44,910,75,2014-05-16T12:15:00,1,11576548,158805
OK,61,54,910,61,2014-05-16T12:20:00,1,11576997,158805
OK,61,54,910,61,2014-05-16T12:25:00,1,11577446,158805
OK,56,59,910,56,2014-05-16T12:30:00,3,11577895,158805
OK,56,59,910,56,2014-05-16T12:35:00,3,11578344,158805
OK,41,80,910,41,2014-05-16T12:40:00,1,11578793,158805
OK,41,80,910,41,2014-05-16T12:45:00,1,11579242,158805
OK,41,80,910,41,2014-05-16T12:50:00,0,11579691,158805
OK,119,27,910,119,2014-05-16T12:55:00,6,11580140,158805
OK,141,23,910,141,2014-05-16T13:00:00,2,11580589,158805
OK,43,77,910,43,2014-05-16T13:05:00,1,11581038,158805
OK,50,66,910,50,2014-05-16T13:10:00,2,11581487,158805
OK,62,53,910,62,2014-05-16T13:15:00,4,11581936,158805
OK,52,63,910,52,2014-05-16T13:20:00,6,11582385,158805
OK,57,58,910,57,2014-05-16T13:25:00,7,11582834,158805
OK,61,54,910,61,2014-05-16T13:30:00,6,11583283,158805
OK,54,61,910,54,2014-05-16T13:35:00,5,11583732,158805
OK,57,58,910,57,2014-05-16T13:40:00,4,11584181,158805
OK,57,58,910,57,2014-05-16T13:45:00,3,11584630,158805
OK,59,56,910,59,2014-05-16T13:50:00,2,11585079,158805
OK,55,60,910,55,2014-05-16T13:55:00,4,11585528,158805
OK,54,61,910,54,2014-05-16T14:00:00,4,11585977,158805
OK,55,60,910,55,2014-05-16T14:05:00,4,11586426,158805
OK,57,58,910,57,2014-05-16T14:10:00,3,11586875,158805
OK,79,41,910,79,2014-05-16T14:15:00,1,11587324,158805
OK,58,57,910,58,2014-05-16T14:20:00,3,11587773,158805
OK,58,57,910,58,2014-05-16T14:25:00,5,11588222,158805
OK,59,56,910,59,2014-05-16T14:30:00,4,11588671,158805
OK,53,62,910,53,2014-05-16T14:35:00,3,11589120,158805
OK,55,60,910,55,2014-05-16T14:40:00,2,11589569,158805
OK,52,63,910,52,2014-05-16T14:45:00,0,11590018,158805
OK,60,55,910,60,2014-05-16T14:50:00,1,11590467,158805
OK,60,55,910,60,2014-05-16T14:55:00,1,11590916,158805
OK,50,66,910,50,2014-05-16T15:00:00,2,11591365,158805
OK,53,62,910,53,2014-05-16T15:05:00,3,11591814,158805
OK,52,63,910,52,2014-05-16T15:10:00,2,11592263,158805
OK,84,39,910,84,2014-05-16T15:15:00,1,11592712,158805
OK,68,48,910,68,2014-05-16T15:20:00,2,11593161,158805
OK,53,62,910,53,2014-05-16T15:25:00,3,11593610,158805
OK,56,59,910,56,2014-05-16T15:30:00,4,11594059,158805
OK,62,53,910,62,2014-05-16T15:35:00,2,11594508,158805
OK,59,56,910,59,2014-05-16T15:40:00,1,11594957,158805
OK,59,56,910,59,2014-05-16T15:45:00,1,11595406,158805
OK,70,47,910,70,2014-05-16T15:50:00,2,11595855,158805
OK,70,47,910,70,2014-05-16T15:55:00,2,11596304,158805
OK,45,73,910,45,2014-05-16T16:00:00,0,11596753,158805
OK,55,60,910,55,2014-05-16T16:05:00,1,11597202,158805
OK,48,69,910,48,2014-05-16T16:10:00,2,11597651,158805
OK,41,80,910,41,2014-05-16T16:15:00,1,11598100,158805
OK,61,54,910,61,2014-05-16T16:20:00,1,11598549,158805
OK,61,54,910,61,2014-05-16T16:25:00,1,11598998,158805
OK,95,34,910,95,2014-05-16T16:30:00,1,11599447,158805
OK,95,34,910,95,2014-05-16T16:35:00,1,11599896,158805
OK,59,56,910,59,2014-05-16T16:40:00,1,11600345,158805
OK,55,60,910,55,2014-05-16T16:45:00,3,11600794,158805
OK,51,64,910,51,2014-05-16T16:50:00,2,11601243,158805
OK,58,57,910,58,2014-05-16T16:55:00,3,11601692,158805
OK,57,58,910,57,2014-05-16T17:00:00,4,11602141,158805
OK,59,56,910,59,2014-05-16T17:05:00,2,11602590,158805
OK,61,54,910,61,2014-05-16T17:10:00,2,11603039,158805
OK,61,54,910,61,2014-05-16T17:15:00,2,11603488,158805
OK,57,58,910,57,2014-05-16T17:20:00,3,11603937,158805
OK,58,57,910,58,2014-05-16T17:25:00,5,11604386,158805
OK,61,54,910,61,2014-05-16T17:30:00,3,11604835,158805
OK,60,55,910,60,2014-05-16T17:35:00,4,11605284,158805
OK,62,53,910,62,2014-05-16T17:40:00,2,11605733,158805
OK,50,66,910,50,2014-05-16T17:45:00,2,11606182,158805
OK,51,64,910,51,2014-05-16T17:50:00,3,11606631,158805
OK,51,64,910,51,2014-05-16T17:55:00,3,11607080,158805
OK,51,64,910,51,2014-05-16T18:00:00,4,11607529,158805
OK,51,64,910,51,2014-05-16T18:05:00,6,11607978,158805
OK,56,59,910,56,2014-05-16T18:10:00,5,11608427,158805
OK,60,55,910,60,2014-05-16T18:15:00,0,11608876,158805
OK,95,34,910,95,2014-05-16T18:20:00,1,11609325,158805
OK,95,34,910,95,2014-05-16T18:25:00,1,11609774,158805
OK,95,34,910,95,2014-05-16T18:30:00,0,11610223,158805
OK,95,34,910,95,2014-05-16T18:35:00,0,11610672,158805
OK,95,34,910,95,2014-05-16T18:40:00,0,11611121,158805
OK,54,61,910,54,2014-05-16T18:45:00,1,11611570,158805
OK,56,59,910,56,2014-05-16T18:50:00,2,11612019,158805
OK,59,56,910,59,2014-05-16T18:55:00,0,11612468,158805
OK,62,53,910,62,2014-05-16T19:00:00,5,11612917,158805
OK,62,53,910,62,2014-05-16T19:05:00,5,11613366,158805
OK,56,59,910,56,2014-05-16T19:10:00,3,11613815,158805
OK,61,54,910,61,2014-05-16T19:15:00,2,11614264,158805
OK,56,59,910,56,2014-05-16T19:20:00,0,11614713,158805
OK,48,69,910,48,2014-05-16T19:25:00,1,11615162,158805
OK,57,58,910,57,2014-05-16T19:30:00,3,11615611,158805
OK,57,58,910,57,2014-05-16T19:35:00,2,11616060,158805
OK,58,57,910,58,2014-05-16T19:40:00,0,11616509,158805
OK,57,58,910,57,2014-05-16T19:45:00,2,11616958,158805
OK,71,46,910,71,2014-05-16T19:50:00,4,11617407,158805
OK,84,39,910,84,2014-05-16T19:55:00,0,11617856,158805
OK,61,54,910,61,2014-05-16T22:00:00,0,11627336,158805
OK,55,60,910,55,2014-05-16T22:05:00,2,11627785,158805
OK,53,62,910,53,2014-05-16T22:15:00,3,11628683,158805
OK,54,61,910,54,2014-05-16T22:20:00,0,11629132,158805
OK,49,67,910,49,2014-05-16T23:00:00,0,11632449,158805
OK,55,60,910,55,2014-05-17T00:00:00,0,11636685,158805
OK,55,60,910,55,2014-05-17T00:10:00,0,11637179,158805
OK,55,60,910,55,2014-05-17T00:15:00,0,11637628,158805
OK,55,60,910,55,2014-05-17T00:20:00,0,11638077,158805
OK,55,60,910,55,2014-05-17T00:25:00,0,11638526,158805
OK,55,60,910,55,2014-05-17T00:30:00,0,11638975,158805
OK,55,60,910,55,2014-05-17T00:35:00,0,11639424,158805
OK,55,60,910,55,2014-05-17T00:40:00,0,11639873,158805
OK,55,60,910,55,2014-05-17T00:45:00,0,11640322,158805
OK,55,60,910,55,2014-05-17T00:50:00,0,11640771,158805
OK,55,60,910,55,2014-05-17T00:55:00,0,11641220,158805
OK,55,60,910,55,2014-05-17T01:00:00,0,11641669,158805
OK,55,60,910,55,2014-05-17T01:05:00,0,11642118,158805
OK,55,60,910,55,2014-05-17T01:10:00,0,11642567,158805
OK,55,60,910,55,2014-05-17T01:15:00,0,11643016,158805
OK,55,60,910,55,2014-05-17T01:20:00,0,11643465,158805
OK,55,60,910,55,2014-05-17T01:25:00,0,11643914,158805
OK,55,60,910,55,2014-05-17T01:30:00,0,11644363,158805
OK,55,60,910,55,2014-05-17T01:35:00,0,11644812,158805
OK,55,60,910,55,2014-05-17T01:40:00,0,11645261,158805
OK,55,60,910,55,2014-05-17T01:45:00,0,11645710,158805
OK,55,60,910,55,2014-05-17T01:50:00,0,11646159,158805
OK,55,60,910,55,2014-05-17T01:55:00,0,11646608,158805
OK,55,60,910,55,2014-05-17T02:00:00,0,11647057,158805
OK,55,60,910,55,2014-05-17T02:05:00,0,11647506,158805
OK,55,60,910,55,2014-05-17T02:10:00,0,11647955,158805
OK,55,60,910,55,2014-05-17T02:15:00,0,11648404,158805
OK,55,60,910,55,2014-05-17T02:20:00,0,11648853,158805
OK,55,60,910,55,2014-05-17T02:25:00,0,11649302,158805
OK,53,62,910,53,2014-05-17T02:30:00,1,11649751,158805
OK,53,62,910,53,2014-05-17T02:35:00,1,11650200,158805
OK,53,62,910,53,2014-05-17T02:40:00,0,11650649,158805
OK,53,62,910,53,2014-05-17T02:45:00,0,11651098,158805
OK,53,62,910,53,2014-05-17T02:50:00,0,11651547,158805
OK,59,56,910,59,2014-05-17T02:55:00,0,11651996,158805
OK,36,92,910,36,2014-05-17T03:00:00,1,11652445,158805
OK,36,92,910,36,2014-05-17T03:05:00,1,11652894,158805
OK,36,92,910,36,2014-05-17T03:10:00,0,11653343,158805
OK,36,92,910,36,2014-05-17T03:15:00,0,11653792,158805
OK,57,58,910,57,2014-05-17T03:20:00,1,11654241,158805
OK,57,58,910,57,2014-05-17T03:25:00,1,11654690,158805
OK,36,92,910,36,2014-05-17T03:30:00,0,11655139,158805
OK,36,92,910,36,2014-05-17T03:35:00,0,11655588,158805
OK,36,92,910,36,2014-05-17T03:40:00,0,11656037,158805
OK,36,92,910,36,2014-05-17T03:45:00,0,11656486,158805
OK,36,92,910,36,2014-05-17T03:50:00,0,11656935,158805
OK,36,92,910,36,2014-05-17T03:55:00,0,11657384,158805
OK,36,92,910,36,2014-05-17T04:00:00,0,11657833,158805
OK,36,92,910,36,2014-05-17T04:05:00,0,11658281,158805
OK,36,92,910,36,2014-05-17T04:10:00,0,11658730,158805
OK,36,92,910,36,2014-05-17T04:15:00,0,11659179,158805
OK,36,92,910,36,2014-05-17T04:20:00,0,11659610,158805
OK,36,92,910,36,2014-05-17T04:25:00,0,11660059,158805
OK,36,92,910,36,2014-05-17T04:30:00,0,11660508,158805
OK,36,92,910,36,2014-05-17T04:40:00,0,11661406,158805
OK,36,92,910,36,2014-05-17T04:45:00,0,11661855,158805
OK,55,60,910,55,2014-05-17T05:20:00,0,11664998,158805
OK,55,60,910,55,2014-05-17T05:25:00,0,11665447,158805
OK,46,72,910,46,2014-05-17T06:00:00,0,11668590,158805
OK,46,72,910,46,2014-05-17T06:05:00,0,11669039,158805
OK,46,72,910,46,2014-05-17T06:10:00,0,11669488,158805
OK,53,62,910,53,2014-05-17T06:15:00,3,11669937,158805
OK,53,62,910,53,2014-05-17T06:20:00,3,11670386,158805
OK,45,73,910,45,2014-05-17T06:25:00,1,11670835,158805
OK,43,77,910,43,2014-05-17T06:30:00,2,11671284,158805
OK,41,80,910,41,2014-05-17T06:35:00,0,11671733,158805
OK,62,53,910,62,2014-05-17T06:40:00,1,11672182,158805
OK,62,53,910,62,2014-05-17T06:45:00,1,11672631,158805
OK,52,63,910,52,2014-05-17T06:50:00,1,11673080,158805
OK,52,63,910,52,2014-05-17T06:55:00,1,11673529,158805
OK,52,63,910,52,2014-05-17T07:00:00,1,11673978,158805
OK,58,57,910,58,2014-05-17T07:05:00,1,11674427,158805
OK,58,57,910,58,2014-05-17T07:10:00,1,11674876,158805
OK,48,69,910,48,2014-05-17T07:15:00,1,11675325,158805
OK,57,58,910,57,2014-05-17T07:20:00,4,11675774,158805
OK,64,51,910,64,2014-05-17T07:25:00,2,11676223,158805
OK,65,50,910,65,2014-05-17T07:30:00,0,11676672,158805
OK,38,87,910,38,2014-05-17T07:35:00,1,11677121,158805
OK,38,87,910,38,2014-05-17T07:40:00,1,11677570,158805
OK,44,75,910,44,2014-05-17T07:45:00,1,11678019,158805
OK,51,64,910,51,2014-05-17T07:50:00,2,11678468,158805
OK,97,34,910,97,2014-05-17T07:55:00,1,11678917,158805
OK,97,34,910,97,2014-05-17T08:00:00,1,11679366,158805
OK,66,50,910,66,2014-05-17T08:05:00,1,11679815,158805
OK,79,41,910,79,2014-05-17T08:10:00,3,11680264,158805
OK,64,51,910,64,2014-05-17T08:15:00,6,11680713,158805
OK,57,58,910,57,2014-05-17T08:20:00,4,11681162,158805
OK,56,59,910,56,2014-05-17T08:25:00,5,11681611,158805
OK,56,59,910,56,2014-05-17T08:30:00,8,11682060,158805
OK,57,58,910,57,2014-05-17T08:35:00,4,11682509,158805
OK,52,63,910,52,2014-05-17T08:40:00,0,11682958,158805
OK,50,66,910,50,2014-05-17T08:45:00,3,11683407,158805
OK,54,61,910,54,2014-05-17T08:50:00,8,11683856,158805
OK,52,63,910,52,2014-05-17T08:55:00,9,11684305,158805
OK,49,67,910,49,2014-05-17T09:00:00,6,11684754,158805
OK,63,52,910,63,2014-05-17T09:05:00,1,11685203,158805
OK,55,60,910,55,2014-05-17T09:10:00,3,11685652,158805
OK,52,63,910,52,2014-05-17T09:15:00,4,11686101,158805
OK,54,61,910,54,2014-05-17T09:20:00,2,11686550,158805
OK,57,58,910,57,2014-05-17T09:25:00,3,11686999,158805
OK,61,54,910,61,2014-05-17T09:30:00,3,11687448,158805
OK,62,53,910,62,2014-05-17T09:35:00,4,11687897,158805
OK,58,57,910,58,2014-05-17T09:40:00,6,11688346,158805
OK,56,59,910,56,2014-05-17T09:45:00,4,11688795,158805
OK,55,60,910,55,2014-05-17T09:50:00,5,11689244,158805
OK,53,62,910,53,2014-05-17T09:55:00,2,11689693,158805
OK,55,60,910,55,2014-05-17T10:00:00,1,11690142,158805
OK,52,63,910,52,2014-05-17T10:05:00,4,11690591,158805
OK,58,57,910,58,2014-05-17T10:10:00,5,11691040,158805
OK,62,53,910,62,2014-05-17T10:15:00,4,11691489,158805
OK,61,54,910,61,2014-05-17T10:20:00,3,11691938,158805
OK,55,60,910,55,2014-05-17T10:25:00,3,11692387,158805
OK,54,61,910,54,2014-05-17T10:30:00,6,11692836,158805
OK,53,62,910,53,2014-05-17T10:35:00,5,11693285,158805
OK,52,63,910,52,2014-05-17T10:40:00,4,11693734,158805
OK,58,57,910,58,2014-05-17T10:45:00,7,11694183,158805
OK,64,51,910,64,2014-05-17T10:50:00,8,11694632,158805
OK,60,55,910,60,2014-05-17T10:55:00,6,11695081,158805
OK,50,66,910,50,2014-05-17T11:00:00,3,11695530,158805
OK,48,69,910,48,2014-05-17T11:05:00,1,11695979,158805
OK,59,56,910,59,2014-05-17T11:10:00,3,11696428,158805
OK,53,62,910,53,2014-05-17T11:15:00,3,11696877,158805
OK,52,63,910,52,2014-05-17T11:20:00,2,11697326,158805
OK,56,59,910,56,2014-05-17T11:25:00,4,11697775,158805
OK,55,60,910,55,2014-05-17T11:30:00,6,11698224,158805
OK,46,72,910,46,2014-05-17T11:35:00,2,11698673,158805
OK,67,49,910,67,2014-05-17T11:40:00,2,11699122,158805
OK,51,64,910,51,2014-05-17T11:45:00,4,11699571,158805
OK,56,59,910,56,2014-05-17T11:50:00,6,11700020,158805
OK,74,44,910,74,2014-05-17T11:55:00,7,11700469,158805
OK,64,51,910,64,2014-05-17T12:00:00,10,11700918,158805
OK,55,60,910,55,2014-05-17T12:05:00,10,11701367,158805
OK,50,66,910,50,2014-05-17T12:10:00,4,11701816,158805
OK,52,63,910,52,2014-05-17T12:15:00,2,11702265,158805
OK,57,58,910,57,2014-05-17T12:20:00,5,11702714,158805
OK,60,55,910,60,2014-05-17T12:25:00,9,11703163,158805
OK,65,50,910,65,2014-05-17T12:30:00,7,11703612,158805
OK,66,50,910,66,2014-05-17T12:35:00,4,11704061,158805
OK,58,57,910,58,2014-05-17T12:40:00,2,11704510,158805
OK,63,52,910,63,2014-05-17T12:45:00,2,11704959,158805
OK,60,55,910,60,2014-05-17T12:50:00,2,11705408,158805
OK,50,66,910,50,2014-05-17T12:55:00,1,11705857,158805
OK,61,54,910,61,2014-05-17T13:00:00,2,11706306,158805
OK,56,59,910,56,2014-05-17T13:05:00,5,11706755,158805
OK,55,60,910,55,2014-05-17T13:10:00,4,11707204,158805
OK,84,39,910,84,2014-05-17T13:15:00,3,11707653,158805
OK,71,46,910,71,2014-05-17T13:20:00,4,11708102,158805
OK,56,59,910,56,2014-05-17T13:25:00,2,11708551,158805
OK,66,50,910,66,2014-05-17T13:30:00,2,11709000,158805
OK,66,50,910,66,2014-05-17T13:35:00,7,11709449,158805
OK,61,54,910,61,2014-05-17T13:40:00,6,11709898,158805
OK,57,58,910,57,2014-05-17T13:45:00,3,11710347,158805
OK,74,44,910,74,2014-05-17T13:50:00,7,11710796,158805
OK,71,46,910,71,2014-05-17T13:55:00,7,11711245,158805
OK,70,47,910,70,2014-05-17T14:00:00,4,11711694,158805
OK,69,48,910,69,2014-05-17T14:05:00,3,11712143,158805
OK,56,59,910,56,2014-05-17T14:10:00,2,11712592,158805
OK,57,58,910,57,2014-05-17T14:15:00,0,11713041,158805
OK,60,55,910,60,2014-05-17T14:20:00,3,11713490,158805
OK,60,55,910,60,2014-05-17T14:25:00,3,11713939,158805
OK,40,82,910,40,2014-05-17T14:30:00,1,11714388,158805
OK,40,82,910,40,2014-05-17T14:35:00,1,11714837,158805
OK,58,57,910,58,2014-05-17T14:40:00,1,11715286,158805
OK,62,53,910,62,2014-05-17T14:45:00,2,11715735,158805
OK,67,49,910,67,2014-05-17T14:50:00,1,11716184,158805
OK,67,49,910,67,2014-05-17T14:55:00,1,11716633,158805
OK,61,54,910,61,2014-05-17T15:00:00,2,11717082,158805
OK,61,54,910,61,2014-05-17T15:05:00,2,11717531,158805
OK,65,50,910,65,2014-05-17T15:10:00,3,11717980,158805
OK,65,50,910,65,2014-05-17T15:15:00,5,11718429,158805
OK,57,58,910,57,2014-05-17T15:20:00,4,11718878,158805
OK,52,63,910,52,2014-05-17T15:25:00,7,11719327,158805
OK,52,63,910,52,2014-05-17T15:30:00,10,11719776,158805
OK,50,66,910,50,2014-05-17T15:35:00,4,11720225,158805
OK,42,78,910,42,2014-05-17T15:40:00,2,11720674,158805
OK,33,100,910,33,2014-05-17T15:45:00,1,11721123,158805
OK,49,67,910,49,2014-05-17T15:50:00,2,11721572,158805
OK,48,69,910,48,2014-05-17T15:55:00,3,11722021,158805
OK,48,69,910,48,2014-05-17T16:00:00,5,11722470,158805
OK,47,70,910,47,2014-05-17T16:05:00,1,11722919,158805
OK,79,41,910,79,2014-05-17T16:10:00,1,11723368,158805
OK,68,48,910,68,2014-05-17T16:15:00,2,11723817,158805
OK,52,63,910,52,2014-05-17T16:20:00,5,11724266,158805
OK,57,58,910,57,2014-05-17T16:25:00,4,11724715,158805
OK,69,48,910,69,2014-05-17T16:30:00,1,11725164,158805
OK,62,53,910,62,2014-05-17T16:35:00,3,11725613,158805
OK,101,32,910,101,2014-05-17T16:40:00,2,11726062,158805
OK,43,77,910,43,2014-05-17T16:45:00,1,11726511,158805
OK,53,62,910,53,2014-05-17T16:50:00,2,11726960,158805
OK,38,87,910,38,2014-05-17T16:55:00,1,11727409,158805
OK,46,72,910,46,2014-05-17T17:00:00,5,11727858,158805
OK,50,66,910,50,2014-05-17T17:05:00,5,11728307,158805
OK,57,58,910,57,2014-05-17T17:10:00,4,11728756,158805
OK,52,63,910,52,2014-05-17T17:15:00,5,11729205,158805
OK,52,63,910,52,2014-05-17T17:20:00,3,11729654,158805
OK,58,57,910,58,2014-05-17T17:25:00,2,11730103,158805
OK,61,54,910,61,2014-05-17T17:30:00,2,11730552,158805
OK,61,54,910,61,2014-05-17T17:35:00,1,11731001,158805
OK,62,53,910,62,2014-05-17T17:40:00,0,11731450,158805
OK,60,55,910,60,2014-05-17T17:45:00,3,11731899,158805
OK,60,55,910,60,2014-05-17T17:50:00,3,11732348,158805
OK,60,55,910,60,2014-05-17T17:55:00,0,11732797,158805
OK,59,56,910,59,2014-05-17T18:00:00,2,11733246,158805
OK,59,56,910,59,2014-05-17T18:05:00,4,11733695,158805
OK,41,80,910,41,2014-05-17T18:10:00,1,11734144,158805
OK,46,72,910,46,2014-05-17T18:15:00,1,11734593,158805
OK,46,72,910,46,2014-05-17T18:20:00,1,11735042,158805
OK,46,72,910,46,2014-05-17T18:25:00,0,11735491,158805
OK,66,50,910,66,2014-05-17T18:30:00,2,11735940,158805
OK,66,50,910,66,2014-05-17T18:35:00,2,11736389,158805
OK,65,50,910,65,2014-05-17T18:40:00,0,11736838,158805
OK,65,50,910,65,2014-05-17T18:45:00,0,11737287,158805
OK,52,63,910,52,2014-05-17T18:50:00,2,11737736,158805
OK,50,66,910,50,2014-05-17T18:55:00,3,11738185,158805
OK,53,62,910,53,2014-05-17T19:00:00,3,11738634,158805
OK,60,55,910,60,2014-05-17T19:05:00,1,11739083,158805
OK,60,55,910,60,2014-05-17T19:10:00,0,11739532,158805
OK,61,54,910,61,2014-05-17T19:15:00,3,11739981,158805
OK,60,55,910,60,2014-05-17T19:20:00,4,11740430,158805
OK,60,55,910,60,2014-05-17T19:25:00,2,11740879,158805
OK,60,55,910,60,2014-05-17T19:30:00,0,11741328,158805
OK,63,52,910,63,2014-05-17T19:35:00,1,11741777,158805
OK,58,57,910,58,2014-05-17T19:40:00,1,11742226,158805
OK,57,58,910,57,2014-05-17T19:45:00,2,11742674,158805
OK,69,48,910,69,2014-05-17T19:50:00,1,11743123,158805
OK,69,48,910,69,2014-05-17T19:55:00,1,11743572,158805
OK,46,72,910,46,2014-05-17T20:00:00,1,11744021,158805
OK,50,66,910,50,2014-05-17T20:05:00,3,11744470,158805
OK,51,64,910,51,2014-05-17T20:10:00,4,11744919,158805
OK,62,53,910,62,2014-05-17T20:15:00,2,11745368,158805
OK,57,58,910,57,2014-05-17T20:20:00,2,11745817,158805
OK,43,77,910,43,2014-05-17T20:25:00,1,11746266,158805
OK,60,55,910,60,2014-05-17T20:30:00,1,11746714,158805
OK,60,55,910,60,2014-05-17T20:35:00,1,11747163,158805
OK,60,55,910,60,2014-05-17T20:40:00,0,11747612,158805
OK,60,55,910,60,2014-05-17T20:45:00,0,11748061,158805
OK,59,56,910,59,2014-05-17T20:50:00,1,11748510,158805
OK,55,60,910,55,2014-05-17T20:55:00,2,11748959,158805
OK,59,56,910,59,2014-05-17T21:00:00,1,11749408,158805
OK,51,64,910,51,2014-05-17T21:05:00,2,11749857,158805
OK,47,70,910,47,2014-05-17T21:10:00,1,11750306,158805
OK,47,70,910,47,2014-05-17T21:15:00,0,11750755,158805
OK,50,66,910,50,2014-05-17T21:20:00,1,11751204,158805
OK,47,70,910,47,2014-05-17T21:25:00,3,11751653,158805
OK,48,69,910,48,2014-05-17T21:30:00,2,11752102,158805
OK,48,69,910,48,2014-05-17T21:35:00,0,11752551,158805
OK,48,69,910,48,2014-05-17T21:40:00,0,11753000,158805
OK,56,59,910,56,2014-05-17T21:45:00,2,11753449,158805
OK,56,59,910,56,2014-05-17T21:50:00,2,11753898,158805
OK,56,59,910,56,2014-05-17T21:55:00,0,11754347,158805
OK,56,59,910,56,2014-05-17T22:00:00,0,11754796,158805
OK,72,46,910,72,2014-05-17T22:05:00,1,11755245,158805
OK,68,48,910,68,2014-05-17T22:10:00,2,11755694,158805
OK,64,51,910,64,2014-05-17T22:15:00,1,11756143,158805
OK,64,51,910,64,2014-05-17T22:20:00,0,11756592,158805
OK,64,51,910,64,2014-05-17T22:25:00,0,11757041,158805
OK,64,51,910,64,2014-05-17T22:30:00,0,11757490,158805
OK,64,51,910,64,2014-05-17T22:35:00,0,11757939,158805
OK,64,51,910,64,2014-05-17T22:40:00,0,11758388,158805
OK,64,51,910,64,2014-05-17T22:45:00,0,11758837,158805
OK,78,42,910,78,2014-05-17T22:50:00,1,11759286,158805
OK,78,42,910,78,2014-05-17T22:55:00,0,11759735,158805
OK,78,42,910,78,2014-05-17T23:00:00,0,11760184,158805
OK,57,58,910,57,2014-05-17T23:10:00,3,11760693,158805
OK,57,58,910,57,2014-05-17T23:20:00,0,11761142,158805
OK,57,58,910,57,2014-05-17T23:25:00,0,11761591,158805
OK,51,64,910,51,2014-05-17T23:30:00,1,11762040,158805
OK,51,64,910,51,2014-05-17T23:35:00,0,11762489,158805
OK,51,64,910,51,2014-05-17T23:40:00,0,11762938,158805
OK,51,64,910,51,2014-05-17T23:45:00,0,11763387,158805
OK,51,64,910,51,2014-05-17T23:50:00,0,11763836,158805
OK,51,64,910,51,2014-05-17T23:55:00,0,11764285,158805
OK,51,64,910,51,2014-05-18T00:00:00,0,11764734,158805
OK,51,64,910,51,2014-05-18T00:05:00,0,11765183,158805
OK,51,64,910,51,2014-05-18T00:10:00,0,11765632,158805
OK,51,64,910,51,2014-05-18T00:15:00,0,11766081,158805
OK,51,64,910,51,2014-05-18T00:20:00,0,11766530,158805
OK,51,64,910,51,2014-05-18T00:25:00,0,11766979,158805
OK,51,64,910,51,2014-05-18T00:30:00,0,11767428,158805
OK,51,64,910,51,2014-05-18T00:35:00,0,11767877,158805
OK,51,64,910,51,2014-05-18T00:40:00,0,11768326,158805
OK,51,64,910,51,2014-05-18T00:45:00,0,11768775,158805
OK,51,64,910,51,2014-05-18T00:50:00,0,11769224,158805
OK,51,64,910,51,2014-05-18T00:55:00,1,11769673,158805
OK,51,64,910,51,2014-05-18T01:00:00,2,11770122,158805
OK,58,57,910,58,2014-05-18T01:05:00,1,11770571,158805
OK,58,57,910,58,2014-05-18T01:10:00,0,11771020,158805
OK,58,57,910,58,2014-05-18T01:15:00,0,11771469,158805
OK,58,57,910,58,2014-05-18T01:20:00,0,11771918,158805
OK,58,57,910,58,2014-05-18T01:25:00,0,11772367,158805
OK,58,57,910,58,2014-05-18T01:30:00,0,11772816,158805
OK,58,57,910,58,2014-05-18T01:35:00,0,11773265,158805
OK,58,57,910,58,2014-05-18T01:40:00,0,11773714,158805
OK,46,72,910,46,2014-05-18T01:45:00,0,11774163,158805
OK,46,72,910,46,2014-05-18T01:50:00,0,11774612,158805
OK,46,72,910,46,2014-05-18T01:55:00,0,11775061,158805
OK,46,72,910,46,2014-05-18T02:00:00,0,11775510,158805
OK,84,39,910,84,2014-05-18T02:05:00,1,11775959,158805
OK,84,39,910,84,2014-05-18T02:10:00,1,11776408,158805
OK,84,39,910,84,2014-05-18T02:15:00,0,11776857,158805
OK,84,39,910,84,2014-05-18T02:20:00,0,11777306,158805
OK,84,39,910,84,2014-05-18T02:25:00,0,11777755,158805
OK,84,39,910,84,2014-05-18T02:30:00,0,11778204,158805
OK,84,39,910,84,2014-05-18T02:35:00,0,11778653,158805
OK,84,39,910,84,2014-05-18T02:40:00,0,11779102,158805
OK,84,39,910,84,2014-05-18T02:45:00,0,11779551,158805
OK,84,39,910,84,2014-05-18T02:50:00,0,11780000,158805
OK,84,39,910,84,2014-05-18T02:55:00,0,11780449,158805
OK,84,39,910,84,2014-05-18T03:00:00,0,11780898,158805
OK,84,39,910,84,2014-05-18T03:05:00,0,11781347,158805
OK,84,39,910,84,2014-05-18T03:10:00,0,11781796,158805
OK,84,39,910,84,2014-05-18T03:15:00,0,11782245,158805
OK,84,39,910,84,2014-05-18T03:20:00,0,11782694,158805
OK,84,39,910,84,2014-05-18T03:25:00,0,11783143,158805
OK,84,39,910,84,2014-05-18T03:30:00,0,11783592,158805
OK,84,39,910,84,2014-05-18T03:35:00,0,11784041,158805
OK,84,39,910,84,2014-05-18T03:40:00,0,11784490,158805
OK,84,39,910,84,2014-05-18T03:45:00,0,11784939,158805
OK,84,39,910,84,2014-05-18T03:50:00,0,11785388,158805
OK,84,39,910,84,2014-05-18T03:55:00,0,11785837,158805
OK,84,39,910,84,2014-05-18T04:00:00,0,11786286,158805
OK,84,39,910,84,2014-05-18T04:10:00,0,11787184,158805
OK,84,39,910,84,2014-05-18T04:15:00,0,11787633,158805
OK,84,39,910,84,2014-05-18T04:25:00,0,11788531,158805
OK,84,39,910,84,2014-05-18T04:30:00,0,11788980,158805
OK,84,39,910,84,2014-05-18T04:50:00,0,11790776,158805
OK,63,52,910,63,2014-05-18T04:55:00,1,11791224,158805
OK,63,52,910,63,2014-05-18T05:00:00,0,11791673,158805
OK,63,52,910,63,2014-05-18T05:05:00,0,11792122,158805
OK,47,70,910,47,2014-05-18T05:10:00,1,11792571,158805
OK,56,59,910,56,2014-05-18T05:20:00,1,11793469,158805
OK,94,35,910,94,2014-05-18T05:25:00,1,11793918,158805
OK,94,35,910,94,2014-05-18T05:40:00,0,11795265,158805
OK,60,55,910,60,2014-05-18T05:50:00,2,11796163,158805
OK,54,61,910,54,2014-05-18T06:00:00,0,11797061,158805
OK,65,50,910,65,2014-05-18T06:05:00,2,11797510,158805
OK,65,50,910,65,2014-05-18T06:10:00,4,11797959,158805
OK,63,52,910,63,2014-05-18T06:15:00,2,11798408,158805
OK,68,48,910,68,2014-05-18T06:20:00,1,11798857,158805
OK,68,48,910,68,2014-05-18T06:25:00,0,11799306,158805
OK,68,48,910,68,2014-05-18T06:30:00,0,11799755,158805
OK,68,48,910,68,2014-05-18T06:35:00,0,11800204,158805
OK,68,48,910,68,2014-05-18T06:40:00,0,11800653,158805
OK,68,48,910,68,2014-05-18T06:45:00,0,11801102,158805
OK,68,48,910,68,2014-05-18T06:50:00,0,11801551,158805
OK,68,48,910,68,2014-05-18T06:55:00,0,11802000,158805
OK,68,48,910,68,2014-05-18T07:00:00,0,11802449,158805
OK,68,48,910,68,2014-05-18T07:05:00,0,11802898,158805
OK,68,48,910,68,2014-05-18T07:10:00,0,11803347,158805
OK,68,48,910,68,2014-05-18T07:15:00,0,11803796,158805
OK,68,48,910,68,2014-05-18T07:20:00,0,11804245,158805
OK,47,70,910,47,2014-05-18T07:25:00,2,11804694,158805
OK,47,70,910,47,2014-05-18T07:30:00,2,11805143,158805
OK,47,70,910,47,2014-05-18T07:35:00,0,11805592,158805
OK,47,70,910,47,2014-05-18T07:40:00,0,11806041,158805
OK,56,59,910,56,2014-05-18T07:45:00,2,11806490,158805
OK,63,52,910,63,2014-05-18T07:50:00,3,11806939,158805
OK,64,51,910,64,2014-05-18T07:55:00,5,11807388,158805
OK,52,63,910,52,2014-05-18T08:00:00,2,11807837,158805
OK,52,63,910,52,2014-05-18T08:05:00,1,11808286,158805
OK,72,46,910,72,2014-05-18T08:10:00,3,11808735,158805
OK,64,51,910,64,2014-05-18T08:15:00,4,11809184,158805
OK,54,61,910,54,2014-05-18T08:20:00,1,11809633,158805
OK,54,61,910,54,2014-05-18T08:25:00,0,11810082,158805
OK,65,50,910,65,2014-05-18T08:30:00,1,11810531,158805
OK,65,50,910,65,2014-05-18T08:35:00,1,11810980,158805
OK,55,60,910,55,2014-05-18T08:40:00,2,11811429,158805
OK,55,60,910,55,2014-05-18T08:45:00,3,11811878,158805
OK,72,46,910,72,2014-05-18T08:50:00,2,11812327,158805
OK,90,36,910,90,2014-05-18T08:55:00,1,11812776,158805
OK,37,89,910,37,2014-05-18T09:00:00,1,11813225,158805
OK,48,69,910,48,2014-05-18T09:05:00,2,11813674,158805
OK,49,67,910,49,2014-05-18T09:10:00,4,11814123,158805
OK,49,67,910,49,2014-05-18T09:15:00,4,11814572,158805
OK,51,64,910,51,2014-05-18T09:20:00,0,11815021,158805
OK,53,62,910,53,2014-05-18T09:25:00,2,11815470,158805
OK,53,62,910,53,2014-05-18T09:30:00,1,11815919,158805
OK,53,62,910,53,2014-05-18T09:35:00,0,11816368,158805
OK,53,62,910,53,2014-05-18T09:40:00,0,11816817,158805
OK,66,50,910,66,2014-05-18T09:45:00,2,11817266,158805
OK,73,45,910,73,2014-05-18T09:50:00,3,11817715,158805
OK,70,47,910,70,2014-05-18T09:55:00,4,11818164,158805
OK,60,55,910,60,2014-05-18T10:00:00,4,11818613,158805
OK,62,53,910,62,2014-05-18T10:05:00,3,11819062,158805
OK,64,51,910,64,2014-05-18T10:10:00,3,11819511,158805
OK,63,52,910,63,2014-05-18T10:15:00,5,11819960,158805
OK,65,50,910,65,2014-05-18T10:20:00,6,11820409,158805
OK,87,38,910,87,2014-05-18T10:25:00,4,11820858,158805
OK,75,44,910,75,2014-05-18T10:30:00,0,11821307,158805
OK,51,64,910,51,2014-05-18T10:35:00,2,11821756,158805
OK,63,52,910,63,2014-05-18T10:40:00,6,11822205,158805
OK,66,50,910,66,2014-05-18T10:45:00,8,11822654,158805
OK,62,53,910,62,2014-05-18T10:50:00,7,11823103,158805
OK,56,59,910,56,2014-05-18T10:55:00,3,11823552,158805
OK,55,60,910,55,2014-05-18T11:00:00,2,11824001,158805
OK,55,60,910,55,2014-05-18T11:05:00,2,11824450,158805
OK,75,44,910,75,2014-05-18T11:10:00,3,11824899,158805
OK,57,58,910,57,2014-05-18T11:15:00,6,11825348,158805
OK,54,61,910,54,2014-05-18T11:20:00,5,11825797,158805
OK,68,48,910,68,2014-05-18T11:25:00,4,11826246,158805
OK,67,49,910,67,2014-05-18T11:30:00,6,11826695,158805
OK,67,49,910,67,2014-05-18T11:35:00,3,11827144,158805
OK,72,46,910,72,2014-05-18T11:40:00,3,11827593,158805
OK,66,50,910,66,2014-05-18T11:45:00,4,11828042,158805
OK,51,64,910,51,2014-05-18T11:50:00,3,11828491,158805
OK,49,67,910,49,2014-05-18T11:55:00,3,11828940,158805
OK,49,67,910,49,2014-05-18T12:00:00,2,11829389,158805
OK,59,56,910,59,2014-05-18T12:05:00,5,11829838,158805
OK,52,63,910,52,2014-05-18T12:10:00,6,11830287,158805
OK,53,62,910,53,2014-05-18T12:15:00,3,11830736,158805
OK,58,57,910,58,2014-05-18T12:20:00,3,11831185,158805
OK,57,58,910,57,2014-05-18T12:25:00,1,11831634,158805
OK,59,56,910,59,2014-05-18T12:30:00,2,11832083,158805
OK,61,54,910,61,2014-05-18T12:35:00,7,11832532,158805
OK,58,57,910,58,2014-05-18T12:40:00,9,11832981,158805
OK,57,58,910,57,2014-05-18T12:45:00,5,11833430,158805
OK,46,72,910,46,2014-05-18T12:50:00,2,11833879,158805
OK,61,54,910,61,2014-05-18T12:55:00,4,11834328,158805
OK,60,55,910,60,2014-05-18T13:00:00,6,11834777,158805
OK,58,57,910,58,2014-05-18T13:05:00,4,11835226,158805
OK,56,59,910,56,2014-05-18T13:10:00,3,11835675,158805
OK,51,64,910,51,2014-05-18T13:15:00,2,11836124,158805
OK,68,48,910,68,2014-05-18T13:20:00,3,11836573,158805
OK,61,54,910,61,2014-05-18T13:25:00,3,11837022,158805
OK,56,59,910,56,2014-05-18T13:30:00,1,11837471,158805
OK,56,59,910,56,2014-05-18T13:35:00,3,11837920,158805
OK,65,50,910,65,2014-05-18T13:40:00,6,11838369,158805
OK,63,52,910,63,2014-05-18T13:45:00,3,11838818,158805
OK,57,58,910,57,2014-05-18T13:50:00,2,11839267,158805
OK,56,59,910,56,2014-05-18T13:55:00,2,11839716,158805
OK,54,61,910,54,2014-05-18T14:00:00,0,11840165,158805
OK,54,61,910,54,2014-05-18T14:05:00,0,11840614,158805
OK,66,50,910,66,2014-05-18T14:10:00,1,11841063,158805
OK,56,59,910,56,2014-05-18T14:15:00,2,11841512,158805
OK,58,57,910,58,2014-05-18T14:20:00,5,11841961,158805
OK,57,58,910,57,2014-05-18T14:25:00,5,11842410,158805
OK,38,87,910,38,2014-05-18T14:30:00,1,11842859,158805
OK,38,87,910,38,2014-05-18T14:35:00,0,11843308,158805
OK,66,50,910,66,2014-05-18T14:40:00,2,11843757,158805
OK,102,32,910,102,2014-05-18T14:45:00,2,11844206,158805
OK,68,48,910,68,2014-05-18T14:50:00,3,11844655,158805
OK,64,51,910,64,2014-05-18T14:55:00,2,11845104,158805
OK,61,54,910,61,2014-05-18T15:00:00,1,11845553,158805
OK,56,59,910,56,2014-05-18T15:05:00,2,11846002,158805
OK,55,60,910,55,2014-05-18T15:10:00,3,11846451,158805
OK,55,60,910,55,2014-05-18T15:15:00,4,11846900,158805
OK,55,60,910,55,2014-05-18T15:20:00,2,11847349,158805
OK,66,50,910,66,2014-05-18T15:25:00,1,11847798,158805
OK,66,50,910,66,2014-05-18T15:30:00,3,11848247,158805
OK,56,59,910,56,2014-05-18T15:35:00,4,11848696,158805
OK,51,64,910,51,2014-05-18T15:40:00,6,11849145,158805
OK,50,66,910,50,2014-05-18T15:45:00,6,11849594,158805
OK,48,69,910,48,2014-05-18T15:50:00,5,11850043,158805
OK,46,72,910,46,2014-05-18T15:55:00,3,11850492,158805
OK,43,77,910,43,2014-05-18T16:00:00,3,11850941,158805
OK,59,56,910,59,2014-05-18T16:05:00,5,11851390,158805
OK,61,54,910,61,2014-05-18T16:10:00,2,11851839,158805
OK,78,42,910,78,2014-05-18T16:15:00,2,11852288,158805
OK,50,66,910,50,2014-05-18T16:20:00,0,11852737,158805
OK,52,63,910,52,2014-05-18T16:25:00,2,11853186,158805
OK,48,69,910,48,2014-05-18T16:30:00,3,11853635,158805
OK,45,73,910,45,2014-05-18T16:35:00,2,11854084,158805
OK,49,67,910,49,2014-05-18T16:40:00,2,11854533,158805
OK,49,67,910,49,2014-05-18T16:45:00,3,11854982,158805
OK,48,69,910,48,2014-05-18T16:50:00,2,11855431,158805
OK,53,62,910,53,2014-05-18T16:55:00,4,11855880,158805
OK,52,63,910,52,2014-05-18T17:00:00,5,11856329,158805
OK,51,64,910,51,2014-05-18T17:05:00,3,11856778,158805
OK,62,53,910,62,2014-05-18T17:10:00,2,11857227,158805
OK,62,53,910,62,2014-05-18T17:15:00,3,11857676,158805
OK,50,66,910,50,2014-05-18T17:20:00,2,11858125,158805
OK,48,69,910,48,2014-05-18T17:25:00,2,11858574,158805
OK,54,61,910,54,2014-05-18T17:30:00,4,11859023,158805
OK,60,55,910,60,2014-05-18T17:35:00,3,11859472,158805
OK,68,48,910,68,2014-05-18T17:40:00,0,11859921,158805
OK,60,55,910,60,2014-05-18T17:45:00,2,11860370,158805
OK,50,66,910,50,2014-05-18T17:50:00,3,11860819,158805
OK,48,69,910,48,2014-05-18T17:55:00,1,11861268,158805
OK,56,59,910,56,2014-05-18T18:00:00,2,11861717,158805
OK,48,69,910,48,2014-05-18T18:05:00,2,11862166,158805
OK,41,80,910,41,2014-05-18T18:10:00,1,11862615,158805
OK,42,78,910,42,2014-05-18T18:15:00,2,11863064,158805
OK,43,77,910,43,2014-05-18T18:20:00,2,11863513,158805
OK,60,55,910,60,2014-05-18T18:25:00,2,11863962,158805
OK,66,50,910,66,2014-05-18T18:30:00,1,11864411,158805
OK,58,57,910,58,2014-05-18T18:35:00,5,11864860,158805
OK,58,57,910,58,2014-05-18T18:40:00,7,11865309,158805
OK,59,56,910,59,2014-05-18T18:45:00,2,11865758,158805
OK,70,47,910,70,2014-05-18T18:50:00,0,11866207,158805
OK,55,60,910,55,2014-05-18T18:55:00,1,11866656,158805
OK,54,61,910,54,2014-05-18T19:00:00,2,11867105,158805
OK,57,58,910,57,2014-05-18T19:05:00,2,11867554,158805
OK,59,56,910,59,2014-05-18T19:10:00,2,11868003,158805
OK,58,57,910,58,2014-05-18T19:15:00,1,11868452,158805
OK,65,50,910,65,2014-05-18T19:20:00,1,11868901,158805
OK,65,50,910,65,2014-05-18T19:25:00,0,11869350,158805
OK,59,56,910,59,2014-05-18T19:30:00,3,11869799,158805
OK,58,57,910,58,2014-05-18T19:35:00,5,11870248,158805
OK,54,61,910,54,2014-05-18T19:40:00,1,11870697,158805
OK,36,92,910,36,2014-05-18T19:45:00,1,11871146,158805
OK,45,73,910,45,2014-05-18T19:50:00,2,11871595,158805
OK,55,60,910,55,2014-05-18T19:55:00,0,11872044,158805
OK,55,60,910,55,2014-05-18T20:00:00,0,11872493,158805
OK,55,60,910,55,2014-05-18T20:05:00,0,11872942,158805
OK,65,50,910,65,2014-05-18T20:10:00,1,11873391,158805
OK,65,50,910,65,2014-05-18T20:15:00,3,11873840,158805
OK,60,55,910,60,2014-05-18T20:20:00,0,11874289,158805
OK,60,55,910,60,2014-05-18T20:25:00,0,11874738,158805
OK,60,55,910,60,2014-05-18T20:30:00,0,11875187,158805
OK,48,69,910,48,2014-05-18T20:35:00,1,11875636,158805
OK,48,69,910,48,2014-05-18T20:40:00,1,11876085,158805
OK,48,69,910,48,2014-05-18T20:45:00,0,11876534,158805
OK,48,69,910,48,2014-05-18T20:50:00,0,11876983,158805
OK,48,69,910,48,2014-05-18T20:55:00,0,11877432,158805
OK,55,60,910,55,2014-05-18T21:00:00,1,11877881,158805
OK,55,60,910,55,2014-05-18T21:05:00,1,11878330,158805
OK,48,69,910,48,2014-05-18T21:10:00,1,11878779,158805
OK,48,69,910,48,2014-05-18T21:15:00,1,11879228,158805
OK,62,53,910,62,2014-05-18T21:20:00,1,11879677,158805
OK,70,47,910,70,2014-05-18T21:25:00,1,11880126,158805
OK,57,58,910,57,2014-05-18T21:30:00,2,11880575,158805
OK,44,75,910,44,2014-05-18T21:35:00,1,11881024,158805
OK,58,57,910,58,2014-05-18T21:40:00,1,11881473,158805
OK,58,57,910,58,2014-05-18T21:45:00,0,11881922,158805
OK,58,57,910,58,2014-05-18T21:50:00,0,11882371,158805
OK,58,57,910,58,2014-05-18T21:55:00,0,11882820,158805
OK,58,57,910,58,2014-05-18T22:00:00,0,11883269,158805
OK,58,57,910,58,2014-05-18T22:05:00,0,11883718,158805
OK,58,57,910,58,2014-05-18T22:10:00,0,11884167,158805
OK,58,57,910,58,2014-05-18T22:15:00,0,11884616,158805
OK,58,57,910,58,2014-05-18T22:20:00,0,11885065,158805
OK,58,57,910,58,2014-05-18T22:25:00,0,11885514,158805
OK,58,57,910,58,2014-05-18T22:30:00,0,11885963,158805
OK,58,57,910,58,2014-05-18T22:35:00,0,11886412,158805
OK,58,57,910,58,2014-05-18T22:40:00,0,11886861,158805
OK,58,57,910,58,2014-05-18T22:45:00,0,11887310,158805
OK,58,57,910,58,2014-05-18T22:50:00,0,11887759,158805
OK,58,57,910,58,2014-05-18T22:55:00,0,11888208,158805
OK,58,57,910,58,2014-05-18T23:00:00,0,11888657,158805
OK,58,57,910,58,2014-05-18T23:05:00,0,11889106,158805
OK,58,57,910,58,2014-05-18T23:10:00,0,11889555,158805
OK,58,57,910,58,2014-05-18T23:15:00,0,11890004,158805
OK,58,57,910,58,2014-05-18T23:20:00,0,11890453,158805
OK,58,57,910,58,2014-05-18T23:25:00,0,11890902,158805
OK,58,57,910,58,2014-05-18T23:30:00,0,11891351,158805
OK,58,57,910,58,2014-05-18T23:35:00,0,11891800,158805
OK,58,57,910,58,2014-05-18T23:40:00,0,11892249,158805
OK,58,57,910,58,2014-05-18T23:45:00,0,11892698,158805
OK,58,57,910,58,2014-05-18T23:50:00,0,11893147,158805
OK,58,57,910,58,2014-05-18T23:55:00,0,11893596,158805
OK,58,57,910,58,2014-05-19T00:00:00,0,11894045,158805
OK,58,57,910,58,2014-05-19T00:15:00,0,11894589,158805
OK,58,57,910,58,2014-05-19T00:20:00,0,11895038,158805
OK,58,57,910,58,2014-05-19T00:25:00,0,11895487,158805
OK,58,57,910,58,2014-05-19T00:30:00,0,11895936,158805
OK,58,57,910,58,2014-05-19T00:35:00,0,11896385,158805
OK,58,57,910,58,2014-05-19T00:40:00,0,11896834,158805
OK,58,57,910,58,2014-05-19T00:45:00,0,11897283,158805
OK,58,57,910,58,2014-05-19T00:50:00,0,11897732,158805
OK,58,57,910,58,2014-05-19T00:55:00,0,11898181,158805
OK,58,57,910,58,2014-05-19T01:00:00,0,11898630,158805
OK,58,57,910,58,2014-05-19T01:05:00,0,11899079,158805
OK,58,57,910,58,2014-05-19T01:10:00,0,11899528,158805
OK,58,57,910,58,2014-05-19T01:15:00,0,11899977,158805
OK,58,57,910,58,2014-05-19T01:20:00,0,11900426,158805
OK,58,57,910,58,2014-05-19T01:25:00,0,11900875,158805
OK,58,57,910,58,2014-05-19T01:30:00,0,11901324,158805
OK,58,57,910,58,2014-05-19T01:35:00,0,11901773,158805
OK,58,57,910,58,2014-05-19T01:40:00,0,11902222,158805
OK,58,57,910,58,2014-05-19T01:45:00,0,11902671,158805
OK,58,57,910,58,2014-05-19T01:50:00,0,11903120,158805
OK,58,57,910,58,2014-05-19T01:55:00,0,11903568,158805
OK,58,57,910,58,2014-05-19T02:00:00,0,11904017,158805
OK,58,57,910,58,2014-05-19T02:05:00,0,11904466,158805
OK,58,57,910,58,2014-05-19T02:10:00,0,11904915,158805
OK,58,57,910,58,2014-05-19T02:15:00,0,11905364,158805
OK,58,57,910,58,2014-05-19T02:20:00,0,11905813,158805
OK,58,57,910,58,2014-05-19T02:25:00,0,11906262,158805
OK,58,57,910,58,2014-05-19T02:30:00,0,11906711,158805
OK,58,57,910,58,2014-05-19T02:35:00,0,11907160,158805
OK,58,57,910,58,2014-05-19T02:40:00,0,11907609,158805
OK,58,57,910,58,2014-05-19T02:45:00,0,11908058,158805
OK,58,57,910,58,2014-05-19T02:50:00,0,11908507,158805
OK,58,57,910,58,2014-05-19T02:55:00,0,11908956,158805
OK,58,57,910,58,2014-05-19T03:00:00,0,11909405,158805
OK,58,57,910,58,2014-05-19T03:05:00,0,11909854,158805
OK,58,57,910,58,2014-05-19T03:10:00,0,11910303,158805
OK,58,57,910,58,2014-05-19T03:15:00,0,11910752,158805
OK,58,57,910,58,2014-05-19T03:20:00,0,11911200,158805
OK,58,57,910,58,2014-05-19T03:25:00,0,11911649,158805
OK,56,59,910,56,2014-05-19T03:30:00,3,11912098,158805
OK,56,59,910,56,2014-05-19T03:35:00,3,11912547,158805
OK,65,50,910,65,2014-05-19T03:40:00,3,11912996,158805
OK,65,50,910,65,2014-05-19T03:45:00,3,11913445,158805
OK,47,70,910,47,2014-05-19T03:50:00,1,11913894,158805
OK,47,70,910,47,2014-05-19T03:55:00,0,11914343,158805
OK,63,52,910,63,2014-05-19T04:00:00,6,11914792,158805
OK,61,54,910,61,2014-05-19T04:05:00,3,11915241,158805
OK,53,62,910,53,2014-05-19T04:10:00,2,11915690,158805
OK,65,50,910,65,2014-05-19T04:15:00,2,11916139,158805
OK,64,51,910,64,2014-05-19T04:20:00,6,11916588,158805
OK,75,44,910,75,2014-05-19T04:25:00,4,11917037,158805
OK,61,54,910,61,2014-05-19T04:30:00,3,11917486,158805
OK,60,55,910,60,2014-05-19T04:35:00,4,11917935,158805
OK,58,57,910,58,2014-05-19T04:40:00,4,11918384,158805
OK,54,61,910,54,2014-05-19T04:45:00,3,11918833,158805
OK,54,61,910,54,2014-05-19T04:50:00,8,11919282,158805
OK,55,60,910,55,2014-05-19T04:55:00,9,11919731,158805
OK,56,59,910,56,2014-05-19T05:00:00,2,11920180,158805
OK,54,61,910,54,2014-05-19T05:05:00,4,11920629,158805
OK,54,61,910,54,2014-05-19T05:10:00,4,11921078,158805
OK,50,66,910,50,2014-05-19T05:15:00,5,11921527,158805
OK,60,55,910,60,2014-05-19T05:20:00,13,11921976,158805
OK,64,51,910,64,2014-05-19T05:25:00,11,11922425,158805
OK,65,50,910,65,2014-05-19T05:30:00,5,11922874,158805
OK,66,50,910,66,2014-05-19T05:35:00,4,11923323,158805
OK,72,46,910,72,2014-05-19T05:40:00,4,11923772,158805
OK,60,55,910,60,2014-05-19T05:45:00,5,11924221,158805
OK,57,58,910,57,2014-05-19T05:50:00,4,11924670,158805
OK,68,48,910,68,2014-05-19T05:55:00,4,11925119,158805
OK,62,53,910,62,2014-05-19T06:00:00,6,11925568,158805
OK,62,53,910,62,2014-05-19T06:05:00,5,11926017,158805
OK,64,51,910,64,2014-05-19T06:10:00,8,11926466,158805
OK,63,52,910,63,2014-05-19T06:15:00,9,11926915,158805
OK,56,59,910,56,2014-05-19T06:20:00,4,11927364,158805
OK,64,51,910,64,2014-05-19T06:25:00,3,11927813,158805
OK,64,51,910,64,2014-05-19T06:30:00,1,11928262,158805
OK,64,51,910,64,2014-05-19T06:35:00,0,11928711,158805
OK,64,51,910,64,2014-05-19T06:40:00,0,11929160,158805
OK,64,51,910,64,2014-05-19T06:45:00,0,11929609,158805
OK,65,50,910,65,2014-05-19T06:50:00,4,11930058,158805
OK,64,51,910,64,2014-05-19T06:55:00,5,11930507,158805
OK,58,57,910,58,2014-05-19T07:00:00,13,11930956,158805
OK,59,56,910,59,2014-05-19T07:05:00,16,11931405,158805
OK,54,61,910,54,2014-05-19T07:10:00,7,11931854,158805
OK,61,54,910,61,2014-05-19T07:15:00,4,11932303,158805
OK,59,56,910,59,2014-05-19T07:20:00,5,11932752,158805
OK,64,51,910,64,2014-05-19T07:25:00,4,11933201,158805
OK,60,55,910,60,2014-05-19T07:30:00,5,11933650,158805
OK,57,58,910,57,2014-05-19T07:35:00,6,11934099,158805
OK,60,55,910,60,2014-05-19T07:40:00,5,11934548,158805
OK,59,56,910,59,2014-05-19T07:45:00,7,11934997,158805
OK,61,54,910,61,2014-05-19T07:50:00,9,11935446,158805
OK,69,48,910,69,2014-05-19T07:55:00,3,11935895,158805
OK,71,46,910,71,2014-05-19T08:00:00,3,11936344,158805
OK,74,44,910,74,2014-05-19T08:05:00,5,11936793,158805
OK,57,58,910,57,2014-05-19T08:10:00,9,11937242,158805
OK,59,56,910,59,2014-05-19T08:15:00,9,11937691,158805
OK,60,55,910,60,2014-05-19T08:20:00,6,11938140,158805
OK,67,49,910,67,2014-05-19T08:25:00,6,11938589,158805
OK,80,41,910,80,2014-05-19T08:30:00,8,11939038,158805
OK,76,43,910,76,2014-05-19T08:35:00,6,11939487,158805
OK,76,43,910,76,2014-05-19T08:40:00,4,11939936,158805
OK,57,58,910,57,2014-05-19T08:45:00,2,11940385,158805
OK,60,55,910,60,2014-05-19T08:50:00,1,11940834,158805
OK,79,41,910,79,2014-05-19T08:55:00,4,11941283,158805
OK,79,41,910,79,2014-05-19T09:00:00,4,11941732,158805
OK,56,59,910,56,2014-05-19T09:05:00,8,11942181,158805
OK,56,59,910,56,2014-05-19T09:10:00,11,11942630,158805
OK,57,58,910,57,2014-05-19T09:15:00,9,11943079,158805
OK,63,52,910,63,2014-05-19T09:20:00,8,11943528,158805
OK,61,54,910,61,2014-05-19T09:25:00,7,11943977,158805
OK,61,54,910,61,2014-05-19T09:30:00,7,11944426,158805
OK,58,57,910,58,2014-05-19T09:35:00,10,11944875,158805
OK,59,56,910,59,2014-05-19T09:40:00,12,11945324,158805
OK,74,44,910,74,2014-05-19T09:45:00,12,11945773,158805
OK,64,51,910,64,2014-05-19T09:50:00,9,11946222,158805
OK,67,49,910,67,2014-05-19T09:55:00,10,11946671,158805
OK,67,49,910,67,2014-05-19T10:00:00,4,11947120,158805
OK,77,43,910,77,2014-05-19T10:05:00,5,11947569,158805
OK,59,56,910,59,2014-05-19T10:10:00,8,11948018,158805
OK,59,56,910,59,2014-05-19T10:15:00,12,11948467,158805
OK,64,51,910,64,2014-05-19T10:20:00,7,11948916,158805
OK,66,50,910,66,2014-05-19T10:25:00,10,11949365,158805
OK,63,52,910,63,2014-05-19T10:30:00,20,11949814,158805
OK,64,51,910,64,2014-05-19T10:35:00,12,11950263,158805
OK,65,50,910,65,2014-05-19T10:40:00,8,11950712,158805
OK,65,50,910,65,2014-05-19T10:45:00,14,11951161,158805
OK,57,58,910,57,2014-05-19T10:50:00,9,11951610,158805
OK,65,50,910,65,2014-05-19T10:55:00,6,11952059,158805
OK,63,52,910,63,2014-05-19T11:00:00,8,11952508,158805
OK,59,56,910,59,2014-05-19T11:05:00,10,11952957,158805
OK,55,60,910,55,2014-05-19T11:10:00,11,11953406,158805
OK,56,59,910,56,2014-05-19T11:15:00,12,11953855,158805
OK,56,59,910,56,2014-05-19T11:20:00,7,11954304,158805
OK,56,59,910,56,2014-05-19T11:25:00,7,11954753,158805
OK,55,60,910,55,2014-05-19T11:30:00,8,11955202,158805
OK,56,59,910,56,2014-05-19T11:35:00,13,11955651,158805
OK,61,54,910,61,2014-05-19T11:40:00,15,11956100,158805
OK,67,49,910,67,2014-05-19T11:45:00,16,11956549,158805
OK,55,60,910,55,2014-05-19T11:50:00,4,11956998,158805
OK,57,58,910,57,2014-05-19T11:55:00,8,11957447,158805
OK,71,46,910,71,2014-05-19T12:00:00,10,11957896,158805
OK,75,44,910,75,2014-05-19T12:05:00,13,11958345,158805
OK,77,43,910,77,2014-05-19T12:10:00,13,11958794,158805
OK,75,44,910,75,2014-05-19T12:15:00,10,11959243,158805
OK,62,53,910,62,2014-05-19T12:20:00,16,11959692,158805
OK,61,54,910,61,2014-05-19T12:25:00,20,11960141,158805
OK,58,57,910,58,2014-05-19T12:30:00,11,11960590,158805
OK,60,55,910,60,2014-05-19T12:35:00,10,11961039,158805
OK,64,51,910,64,2014-05-19T12:40:00,10,11961488,158805
OK,65,50,910,65,2014-05-19T12:45:00,13,11961937,158805
OK,60,55,910,60,2014-05-19T12:50:00,24,11962386,158805
OK,61,54,910,61,2014-05-19T12:55:00,19,11962835,158805
OK,64,51,910,64,2014-05-19T13:00:00,8,11963284,158805
OK,62,53,910,62,2014-05-19T13:05:00,13,11963733,158805
OK,66,50,910,66,2014-05-19T13:10:00,20,11964182,158805
OK,71,46,910,71,2014-05-19T13:15:00,22,11964631,158805
OK,74,44,910,74,2014-05-19T13:20:00,22,11965080,158805
OK,78,42,910,78,2014-05-19T13:25:00,24,11965529,158805
OK,76,43,910,76,2014-05-19T13:30:00,25,11965978,158805
OK,72,46,910,72,2014-05-19T13:35:00,18,11966427,158805
OK,72,46,910,72,2014-05-19T13:40:00,13,11966876,158805
OK,65,50,910,65,2014-05-19T13:45:00,10,11967325,158805
OK,80,41,910,80,2014-05-19T13:50:00,13,11967774,158805
OK,84,39,910,84,2014-05-19T13:55:00,11,11968223,158805
OK,86,38,910,86,2014-05-19T14:00:00,16,11968672,158805
OK,70,47,910,70,2014-05-19T14:05:00,19,11969121,158805
OK,65,50,910,65,2014-05-19T14:10:00,23,11969570,158805
OK,65,50,910,65,2014-05-19T14:15:00,20,11970019,158805
OK,67,49,910,67,2014-05-19T14:20:00,18,11970468,158805
OK,62,53,910,62,2014-05-19T14:25:00,21,11970917,158805
OK,59,56,910,59,2014-05-19T14:30:00,18,11971366,158805
OK,59,56,910,59,2014-05-19T14:35:00,16,11971815,158805
OK,61,54,910,61,2014-05-19T14:40:00,15,11972264,158805
OK,75,44,910,75,2014-05-19T14:45:00,15,11972713,158805
OK,75,44,910,75,2014-05-19T14:50:00,13,11973162,158805
OK,61,54,910,61,2014-05-19T14:55:00,15,11973611,158805
OK,61,54,910,61,2014-05-19T15:00:00,15,11974060,158805
OK,57,58,910,57,2014-05-19T15:05:00,8,11974509,158805
OK,58,57,910,58,2014-05-19T15:10:00,11,11974958,158805
OK,58,57,910,58,2014-05-19T15:15:00,9,11975407,158805
OK,63,52,910,63,2014-05-19T15:20:00,6,11975856,158805
OK,63,52,910,63,2014-05-19T15:25:00,11,11976305,158805
OK,63,52,910,63,2014-05-19T15:30:00,9,11976754,158805
OK,60,55,910,60,2014-05-19T15:35:00,7,11977203,158805
OK,59,56,910,59,2014-05-19T15:40:00,14,11977652,158805
OK,59,56,910,59,2014-05-19T15:45:00,12,11978101,158805
OK,79,41,910,79,2014-05-19T15:50:00,5,11978550,158805
OK,77,43,910,77,2014-05-19T15:55:00,6,11978999,158805
OK,75,44,910,75,2014-05-19T16:00:00,7,11979448,158805
OK,69,48,910,69,2014-05-19T16:05:00,4,11979897,158805
OK,52,63,910,52,2014-05-19T16:10:00,1,11980346,158805
OK,54,61,910,54,2014-05-19T16:15:00,4,11980795,158805
OK,59,56,910,59,2014-05-19T16:20:00,4,11981244,158805
OK,57,58,910,57,2014-05-19T16:25:00,5,11981693,158805
OK,56,59,910,56,2014-05-19T16:30:00,3,11982142,158805
OK,54,61,910,54,2014-05-19T16:35:00,3,11982591,158805
OK,57,58,910,57,2014-05-19T16:40:00,4,11983040,158805
OK,53,62,910,53,2014-05-19T16:50:00,8,11983489,158805
OK,49,67,910,49,2014-05-19T16:55:00,4,11983938,158805
OK,57,58,910,57,2014-05-19T17:00:00,6,11984387,158805
OK,58,57,910,58,2014-05-19T17:05:00,5,11984836,158805
OK,56,59,910,56,2014-05-19T17:10:00,4,11985285,158805
OK,46,72,910,46,2014-05-19T17:15:00,3,11985734,158805
OK,53,62,910,53,2014-05-19T17:20:00,4,11986183,158805
OK,45,73,910,45,2014-05-19T17:25:00,5,11986632,158805
OK,48,69,910,48,2014-05-19T17:30:00,6,11987081,158805
OK,50,66,910,50,2014-05-19T17:35:00,3,11987530,158805
OK,55,60,910,55,2014-05-19T17:40:00,3,11987979,158805
OK,55,60,910,55,2014-05-19T17:45:00,5,11988428,158805
OK,54,61,910,54,2014-05-19T17:50:00,5,11988877,158805
OK,57,58,910,57,2014-05-19T17:55:00,5,11989326,158805
OK,60,55,910,60,2014-05-19T18:00:00,5,11989775,158805
OK,63,52,910,63,2014-05-19T18:05:00,4,11990224,158805
OK,56,59,910,56,2014-05-19T18:10:00,4,11990673,158805
OK,56,59,910,56,2014-05-19T18:15:00,3,11991122,158805
OK,50,66,910,50,2014-05-19T18:20:00,0,11991571,158805
OK,47,70,910,47,2014-05-19T18:25:00,3,11992020,158805
OK,47,70,910,47,2014-05-19T18:30:00,3,11992469,158805
OK,50,66,910,50,2014-05-19T18:35:00,2,11992918,158805
OK,52,63,910,52,2014-05-19T18:40:00,1,11993367,158805
OK,59,56,910,59,2014-05-19T18:45:00,2,11993816,158805
OK,62,53,910,62,2014-05-19T18:50:00,5,11994265,158805
OK,82,40,910,82,2014-05-19T18:55:00,2,11994714,158805
OK,82,40,910,82,2014-05-19T19:00:00,0,11995163,158805
OK,55,60,910,55,2014-05-19T19:05:00,1,11995612,158805
OK,48,69,910,48,2014-05-19T19:10:00,2,11996061,158805
OK,41,80,910,41,2014-05-19T19:15:00,1,11996510,158805
OK,65,50,910,65,2014-05-19T19:20:00,1,11996959,158805
OK,65,50,910,65,2014-05-19T19:25:00,2,11997408,158805
OK,54,61,910,54,2014-05-19T19:30:00,3,11997857,158805
OK,46,72,910,46,2014-05-19T19:35:00,2,11998306,158805
OK,56,59,910,56,2014-05-19T19:40:00,1,11998755,158805
OK,56,59,910,56,2014-05-19T19:45:00,1,11999204,158805
OK,57,58,910,57,2014-05-19T19:50:00,1,11999653,158805
OK,57,58,910,57,2014-05-19T19:55:00,1,12000102,158805
OK,53,62,910,53,2014-05-19T21:40:00,1,12008170,158805
OK,52,63,910,52,2014-05-19T22:00:00,0,12009845,158805
OK,52,63,910,52,2014-05-19T22:05:00,0,12010294,158805
OK,52,63,910,52,2014-05-19T22:10:00,0,12010743,158805
OK,52,63,910,52,2014-05-19T22:15:00,1,12011192,158805
OK,68,48,910,68,2014-05-19T22:20:00,1,12011641,158805
OK,68,48,910,68,2014-05-19T22:25:00,1,12012090,158805
OK,68,48,910,68,2014-05-19T22:30:00,0,12012539,158805
OK,43,77,910,43,2014-05-19T22:35:00,1,12012988,158805
OK,43,77,910,43,2014-05-19T22:40:00,1,12013437,158805
OK,43,77,910,43,2014-05-19T22:45:00,0,12013886,158805
OK,43,77,910,43,2014-05-19T22:50:00,0,12014335,158805
OK,43,77,910,43,2014-05-19T22:55:00,0,12014784,158805
OK,43,77,910,43,2014-05-19T23:00:00,0,12015233,158805
OK,40,82,910,40,2014-05-19T23:05:00,0,12015682,158805
OK,40,82,910,40,2014-05-19T23:10:00,0,12016131,158805
OK,51,64,910,51,2014-05-19T23:15:00,0,12016580,158805
OK,51,64,910,51,2014-05-19T23:20:00,0,12017029,158805
OK,50,66,910,50,2014-05-19T23:25:00,1,12017478,158805
OK,50,66,910,50,2014-05-19T23:30:00,1,12017927,158805
OK,50,66,910,50,2014-05-19T23:35:00,0,12018376,158805
OK,50,66,910,50,2014-05-19T23:40:00,0,12018825,158805
OK,50,66,910,50,2014-05-19T23:45:00,0,12019274,158805
OK,50,66,910,50,2014-05-19T23:50:00,0,12019723,158805
OK,50,66,910,50,2014-05-19T23:55:00,0,12020172,158805
OK,50,66,910,50,2014-05-20T00:00:00,0,12020621,158805
OK,50,66,910,50,2014-05-20T00:05:00,0,12021070,158805
OK,50,66,910,50,2014-05-20T00:15:00,0,12021594,158805
OK,50,66,910,50,2014-05-20T00:20:00,0,12022043,158805
OK,50,66,910,50,2014-05-20T00:25:00,0,12022492,158805
OK,50,66,910,50,2014-05-20T00:30:00,0,12022941,158805
OK,50,66,910,50,2014-05-20T00:35:00,0,12023390,158805
OK,50,66,910,50,2014-05-20T00:40:00,0,12023839,158805
OK,50,66,910,50,2014-05-20T00:45:00,0,12024288,158805
OK,50,66,910,50,2014-05-20T00:50:00,0,12024737,158805
OK,42,78,910,42,2014-05-20T00:55:00,1,12025186,158805
OK,42,78,910,42,2014-05-20T01:00:00,1,12025635,158805
OK,42,78,910,42,2014-05-20T01:05:00,0,12026084,158805
OK,42,78,910,42,2014-05-20T01:10:00,0,12026533,158805
OK,42,78,910,42,2014-05-20T01:15:00,0,12026982,158805
OK,42,78,910,42,2014-05-20T01:20:00,0,12027431,158805
OK,42,78,910,42,2014-05-20T01:25:00,0,12027880,158805
OK,42,78,910,42,2014-05-20T01:30:00,0,12028329,158805
OK,42,78,910,42,2014-05-20T01:35:00,0,12028778,158805
OK,42,78,910,42,2014-05-20T01:40:00,0,12029227,158805
OK,42,78,910,42,2014-05-20T01:45:00,0,12029676,158805
OK,42,78,910,42,2014-05-20T01:50:00,0,12030125,158805
OK,42,78,910,42,2014-05-20T01:55:00,0,12030574,158805
OK,42,78,910,42,2014-05-20T02:00:00,0,12031023,158805
OK,42,78,910,42,2014-05-20T02:05:00,0,12031472,158805
OK,42,78,910,42,2014-05-20T02:10:00,0,12031921,158805
OK,42,78,910,42,2014-05-20T02:15:00,0,12032370,158805
OK,42,78,910,42,2014-05-20T02:20:00,0,12032819,158805
OK,42,78,910,42,2014-05-20T02:25:00,0,12033268,158805
OK,42,78,910,42,2014-05-20T02:30:00,0,12033717,158805
OK,42,78,910,42,2014-05-20T02:35:00,0,12034166,158805
OK,42,78,910,42,2014-05-20T02:40:00,0,12034615,158805
OK,42,78,910,42,2014-05-20T02:45:00,0,12035064,158805
OK,42,78,910,42,2014-05-20T02:50:00,0,12035513,158805
OK,42,78,910,42,2014-05-20T02:55:00,0,12035962,158805
OK,42,78,910,42,2014-05-20T03:00:00,0,12036411,158805
OK,42,78,910,42,2014-05-20T03:05:00,0,12036860,158805
OK,42,78,910,42,2014-05-20T03:10:00,0,12037309,158805
OK,42,78,910,42,2014-05-20T03:15:00,0,12037758,158805
OK,59,56,910,59,2014-05-20T03:20:00,1,12038207,158805
OK,60,55,910,60,2014-05-20T03:25:00,2,12038656,158805
OK,51,64,910,51,2014-05-20T03:30:00,2,12039105,158805
OK,62,53,910,62,2014-05-20T03:35:00,3,12039554,158805
OK,73,45,910,73,2014-05-20T03:40:00,2,12040003,158805
OK,73,45,910,73,2014-05-20T03:45:00,0,12040452,158805
OK,73,45,910,73,2014-05-20T03:50:00,0,12040901,158805
OK,73,45,910,73,2014-05-20T03:55:00,3,12041350,158805
OK,56,59,910,56,2014-05-20T04:00:00,3,12041799,158805
OK,56,59,910,56,2014-05-20T04:05:00,1,12042248,158805
OK,64,51,910,64,2014-05-20T04:10:00,2,12042697,158805
OK,68,48,910,68,2014-05-20T04:15:00,1,12043146,158805
OK,68,48,910,68,2014-05-20T04:20:00,0,12043595,158805
OK,70,47,910,70,2014-05-20T04:25:00,1,12044044,158805
OK,70,47,910,70,2014-05-20T04:30:00,1,12044493,158805
OK,79,41,910,79,2014-05-20T04:35:00,2,12044942,158805
OK,77,43,910,77,2014-05-20T04:40:00,5,12045391,158805
OK,60,55,910,60,2014-05-20T04:45:00,3,12045840,158805
OK,60,55,910,60,2014-05-20T04:50:00,3,12046289,158805
OK,60,55,910,60,2014-05-20T04:55:00,3,12046738,158805
OK,50,66,910,50,2014-05-20T05:00:00,3,12047187,158805
OK,62,53,910,62,2014-05-20T05:05:00,6,12047636,158805
OK,73,45,910,73,2014-05-20T05:10:00,12,12048085,158805
OK,74,44,910,74,2014-05-20T05:15:00,14,12048534,158805
OK,69,48,910,69,2014-05-20T05:20:00,10,12048983,158805
OK,67,49,910,67,2014-05-20T05:25:00,7,12049432,158805
OK,71,46,910,71,2014-05-20T05:30:00,5,12049881,158805
OK,71,46,910,71,2014-05-20T05:35:00,7,12050330,158805
OK,67,49,910,67,2014-05-20T05:40:00,8,12050779,158805
OK,62,53,910,62,2014-05-20T05:45:00,10,12051228,158805
OK,60,55,910,60,2014-05-20T05:50:00,6,12051677,158805
OK,66,50,910,66,2014-05-20T05:55:00,3,12052126,158805
OK,65,50,910,65,2014-05-20T06:00:00,9,12052575,158805
OK,61,54,910,61,2014-05-20T06:05:00,12,12053024,158805
OK,55,60,910,55,2014-05-20T06:10:00,9,12053473,158805
OK,63,52,910,63,2014-05-20T06:15:00,10,12053922,158805
OK,70,47,910,70,2014-05-20T06:20:00,10,12054371,158805
OK,70,47,910,70,2014-05-20T06:25:00,6,12054820,158805
OK,67,49,910,67,2014-05-20T06:30:00,2,12055269,158805
OK,63,52,910,63,2014-05-20T06:35:00,2,12055718,158805
OK,67,49,910,67,2014-05-20T06:40:00,5,12056167,158805
OK,67,49,910,67,2014-05-20T06:45:00,7,12056616,158805
OK,67,49,910,67,2014-05-20T06:50:00,8,12057065,158805
OK,68,48,910,68,2014-05-20T06:55:00,4,12057514,158805
OK,61,54,910,61,2014-05-20T07:00:00,3,12057963,158805
OK,66,50,910,66,2014-05-20T07:05:00,9,12058412,158805
OK,71,46,910,71,2014-05-20T07:10:00,10,12058861,158805
OK,64,51,910,64,2014-05-20T07:15:00,10,12059310,158805
OK,64,51,910,64,2014-05-20T07:20:00,5,12059759,158805
OK,66,50,910,66,2014-05-20T07:25:00,1,12060208,158805
OK,60,55,910,60,2014-05-20T07:30:00,3,12060657,158805
OK,68,48,910,68,2014-05-20T07:35:00,5,12061106,158805
OK,68,48,910,68,2014-05-20T07:40:00,5,12061555,158805
OK,58,57,910,58,2014-05-20T07:45:00,5,12062004,158805
OK,57,58,910,57,2014-05-20T07:50:00,4,12062453,158805
OK,68,48,910,68,2014-05-20T07:55:00,6,12062902,158805
OK,68,48,910,68,2014-05-20T08:00:00,5,12063351,158805
OK,65,50,910,65,2014-05-20T08:05:00,5,12063800,158805
OK,65,50,910,65,2014-05-20T08:10:00,7,12064249,158805
OK,74,44,910,74,2014-05-20T08:15:00,6,12064698,158805
OK,67,49,910,67,2014-05-20T08:20:00,8,12065147,158805
OK,65,50,910,65,2014-05-20T08:25:00,7,12065596,158805
OK,58,57,910,58,2014-05-20T08:30:00,8,12066045,158805
OK,55,60,910,55,2014-05-20T08:35:00,5,12066494,158805
OK,52,63,910,52,2014-05-20T08:40:00,2,12066943,158805
OK,54,61,910,54,2014-05-20T08:45:00,3,12067392,158805
OK,60,55,910,60,2014-05-20T08:50:00,8,12067841,158805
OK,57,58,910,57,2014-05-20T08:55:00,9,12068290,158805
OK,55,60,910,55,2014-05-20T09:00:00,5,12068739,158805
OK,62,53,910,62,2014-05-20T09:05:00,11,12069188,158805
OK,65,50,910,65,2014-05-20T09:10:00,17,12069637,158805
OK,65,50,910,65,2014-05-20T09:15:00,10,12070086,158805
OK,61,54,910,61,2014-05-20T09:20:00,5,12070535,158805
OK,66,50,910,66,2014-05-20T09:25:00,9,12070984,158805
OK,66,50,910,66,2014-05-20T09:30:00,9,12071433,158805
OK,58,57,910,58,2014-05-20T09:35:00,9,12071882,158805
OK,58,57,910,58,2014-05-20T09:40:00,11,12072330,158805
OK,61,54,910,61,2014-05-20T09:45:00,8,12072779,158805
OK,64,51,910,64,2014-05-20T09:50:00,10,12073228,158805
OK,58,57,910,58,2014-05-20T09:55:00,6,12073677,158805
OK,60,55,910,60,2014-05-20T10:00:00,6,12074126,158805
OK,62,53,910,62,2014-05-20T10:05:00,7,12074575,158805
OK,62,53,910,62,2014-05-20T10:10:00,8,12075024,158805
OK,63,52,910,63,2014-05-20T10:15:00,8,12075473,158805
OK,60,55,910,60,2014-05-20T10:20:00,6,12075922,158805
OK,60,55,910,60,2014-05-20T10:25:00,8,12076371,158805
OK,61,54,910,61,2014-05-20T10:30:00,8,12076820,158805
OK,58,57,910,58,2014-05-20T10:35:00,9,12077269,158805
OK,58,57,910,58,2014-05-20T10:40:00,9,12077718,158805
OK,71,46,910,71,2014-05-20T10:45:00,11,12078167,158805
OK,72,46,910,72,2014-05-20T10:50:00,9,12078616,158805
OK,59,56,910,59,2014-05-20T10:55:00,8,12079065,158805
OK,59,56,910,59,2014-05-20T11:00:00,15,12079514,158805
OK,53,62,910,53,2014-05-20T11:05:00,16,12079963,158805
OK,55,60,910,55,2014-05-20T11:10:00,14,12080412,158805
OK,64,51,910,64,2014-05-20T11:15:00,19,12080861,158805
OK,62,53,910,62,2014-05-20T11:20:00,16,12081310,158805
OK,60,55,910,60,2014-05-20T11:25:00,8,12081759,158805
OK,60,55,910,60,2014-05-20T11:30:00,8,12082208,158805
OK,56,59,910,56,2014-05-20T11:35:00,10,12082657,158805
OK,58,57,910,58,2014-05-20T11:40:00,10,12083106,158805
OK,60,55,910,60,2014-05-20T11:45:00,12,12083555,158805
OK,59,56,910,59,2014-05-20T11:50:00,10,12084004,158805
OK,60,55,910,60,2014-05-20T11:55:00,8,12084453,158805
OK,60,55,910,60,2014-05-20T12:00:00,10,12084902,158805
OK,59,56,910,59,2014-05-20T12:05:00,11,12085351,158805
OK,56,59,910,56,2014-05-20T12:10:00,14,12085800,158805
OK,62,53,910,62,2014-05-20T12:15:00,24,12086249,158805
OK,66,50,910,66,2014-05-20T12:20:00,14,12086698,158805
OK,74,44,910,74,2014-05-20T12:25:00,20,12087147,158805
OK,84,39,910,84,2014-05-20T12:30:00,16,12087596,158805
OK,65,50,910,65,2014-05-20T12:35:00,13,12088045,158805
OK,64,51,910,64,2014-05-20T12:40:00,10,12088494,158805
OK,73,45,910,73,2014-05-20T12:45:00,6,12088943,158805
OK,68,48,910,68,2014-05-20T12:50:00,14,12089392,158805
OK,65,50,910,65,2014-05-20T12:55:00,16,12089841,158805
OK,62,53,910,62,2014-05-20T13:00:00,13,12090290,158805
OK,64,51,910,64,2014-05-20T13:05:00,20,12090739,158805
OK,72,46,910,72,2014-05-20T13:10:00,16,12091188,158805
OK,78,42,910,78,2014-05-20T13:15:00,19,12091637,158805
OK,77,43,910,77,2014-05-20T13:20:00,18,12092086,158805
OK,67,49,910,67,2014-05-20T13:25:00,14,12092535,158805
OK,84,39,910,84,2014-05-20T13:30:00,18,12092984,158805
OK,78,42,910,78,2014-05-20T13:35:00,19,12093433,158805
OK,69,48,910,69,2014-05-20T13:40:00,12,12093882,158805
OK,67,49,910,67,2014-05-20T13:45:00,15,12094331,158805
OK,80,41,910,80,2014-05-20T13:50:00,18,12094780,158805
OK,82,40,910,82,2014-05-20T13:55:00,20,12095229,158805
OK,81,40,910,81,2014-05-20T14:00:00,21,12095678,158805
OK,79,41,910,79,2014-05-20T14:05:00,14,12096127,158805
OK,63,52,910,63,2014-05-20T14:10:00,14,12096576,158805
OK,72,46,910,72,2014-05-20T14:15:00,23,12097025,158805
OK,83,39,910,83,2014-05-20T14:20:00,34,12097474,158805
OK,85,38,910,85,2014-05-20T14:25:00,24,12097923,158805
OK,68,48,910,68,2014-05-20T14:30:00,14,12098372,158805
OK,68,48,910,68,2014-05-20T14:35:00,12,12098821,158805
OK,64,51,910,64,2014-05-20T14:40:00,9,12099270,158805
OK,54,61,910,54,2014-05-20T14:45:00,3,12099719,158805
OK,59,56,910,59,2014-05-20T14:50:00,13,12100168,158805
OK,58,57,910,58,2014-05-20T14:55:00,16,12100617,158805
OK,54,61,910,54,2014-05-20T15:00:00,12,12101066,158805
OK,53,62,910,53,2014-05-20T15:05:00,9,12101515,158805
OK,74,44,910,74,2014-05-20T15:10:00,8,12101964,158805
OK,80,41,910,80,2014-05-20T15:15:00,8,12102413,158805
OK,57,58,910,57,2014-05-20T15:20:00,8,12102862,158805
OK,56,59,910,56,2014-05-20T15:25:00,9,12103311,158805
OK,74,44,910,74,2014-05-20T15:30:00,5,12103760,158805
OK,67,49,910,67,2014-05-20T15:35:00,4,12104209,158805
OK,67,49,910,67,2014-05-20T15:40:00,6,12104658,158805
OK,71,46,910,71,2014-05-20T15:45:00,7,12105107,158805
OK,60,55,910,60,2014-05-20T15:50:00,6,12105556,158805
OK,55,60,910,55,2014-05-20T15:55:00,5,12106005,158805
OK,54,61,910,54,2014-05-20T16:00:00,3,12106454,158805
OK,59,56,910,59,2014-05-20T16:05:00,4,12106903,158805
OK,65,50,910,65,2014-05-20T16:10:00,7,12107352,158805
OK,65,50,910,65,2014-05-20T16:15:00,5,12107801,158805
OK,59,56,910,59,2014-05-20T16:20:00,4,12108250,158805
OK,61,54,910,61,2014-05-20T16:25:00,9,12108699,158805
OK,56,59,910,56,2014-05-20T16:30:00,10,12109148,158805
OK,50,66,910,50,2014-05-20T16:35:00,7,12109597,158805
OK,52,63,910,52,2014-05-20T16:40:00,3,12110046,158805
OK,61,54,910,61,2014-05-20T16:45:00,3,12110495,158805
OK,58,57,910,58,2014-05-20T16:50:00,4,12110944,158805
OK,55,60,910,55,2014-05-20T16:55:00,3,12111393,158805
OK,55,60,910,55,2014-05-20T17:00:00,3,12111842,158805
OK,57,58,910,57,2014-05-20T17:05:00,2,12112291,158805
OK,80,41,910,80,2014-05-20T17:10:00,1,12112740,158805
OK,64,51,910,64,2014-05-20T17:15:00,2,12113189,158805
OK,49,67,910,49,2014-05-20T17:20:00,4,12113638,158805
OK,59,56,910,59,2014-05-20T17:25:00,4,12114087,158805
OK,60,55,910,60,2014-05-20T17:30:00,2,12114536,158805
OK,64,51,910,64,2014-05-20T17:35:00,2,12114985,158805
OK,66,50,910,66,2014-05-20T17:40:00,3,12115434,158805
OK,67,49,910,67,2014-05-20T17:45:00,6,12115883,158805
OK,69,48,910,69,2014-05-20T17:50:00,5,12116332,158805
OK,58,57,910,58,2014-05-20T17:55:00,5,12116781,158805
OK,63,52,910,63,2014-05-20T18:00:00,5,12117230,158805
OK,59,56,910,59,2014-05-20T18:05:00,5,12117679,158805
OK,51,64,910,51,2014-05-20T18:10:00,4,12118128,158805
OK,66,50,910,66,2014-05-20T18:15:00,5,12118577,158805
OK,66,50,910,66,2014-05-20T18:20:00,5,12119026,158805
OK,52,63,910,52,2014-05-20T18:25:00,1,12119475,158805
OK,63,52,910,63,2014-05-20T18:30:00,1,12119924,158805
OK,63,52,910,63,2014-05-20T18:35:00,1,12120373,158805
OK,63,52,910,63,2014-05-20T18:40:00,1,12120822,158805
OK,60,55,910,60,2014-05-20T18:45:00,2,12121271,158805
OK,52,63,910,52,2014-05-20T18:50:00,1,12121720,158805
OK,52,63,910,52,2014-05-20T18:55:00,1,12122169,158805
OK,52,63,910,52,2014-05-20T19:00:00,0,12122618,158805
OK,41,80,910,41,2014-05-20T19:05:00,1,12123067,158805
OK,41,80,910,41,2014-05-20T19:10:00,1,12123516,158805
OK,41,80,910,41,2014-05-20T19:15:00,0,12123965,158805
OK,41,80,910,41,2014-05-20T19:20:00,0,12124414,158805
OK,41,80,910,41,2014-05-20T19:25:00,0,12124863,158805
OK,41,80,910,41,2014-05-20T19:30:00,0,12125312,158805
OK,67,49,910,67,2014-05-20T19:35:00,1,12125761,158805
OK,91,36,910,91,2014-05-20T19:40:00,2,12126210,158805
OK,91,36,910,91,2014-05-20T19:45:00,0,12126659,158805
OK,49,67,910,49,2014-05-20T19:50:00,1,12127108,158805
OK,61,54,910,61,2014-05-20T19:55:00,1,12127557,158805
OK,59,56,910,59,2014-05-20T21:30:00,6,12134624,158805
OK,55,60,910,55,2014-05-20T21:50:00,1,12136305,158805
OK,55,60,910,55,2014-05-20T22:00:00,0,12137149,158805
OK,55,60,910,55,2014-05-20T22:05:00,0,12137598,158805
OK,55,60,910,55,2014-05-20T22:10:00,0,12138047,158805
OK,55,60,910,55,2014-05-20T22:20:00,0,12138945,158805
OK,55,60,910,55,2014-05-20T22:25:00,0,12139394,158805
OK,66,50,910,66,2014-05-20T23:20:00,0,12143454,158805
OK,66,50,910,66,2014-05-20T23:30:00,0,12144279,158805
OK,50,66,910,50,2014-05-20T23:45:00,1,12145369,158805
OK,50,66,910,50,2014-05-21T00:00:00,0,12146502,158805
OK,50,66,910,50,2014-05-21T00:05:00,0,12146951,158805
OK,50,66,910,50,2014-05-21T00:10:00,0,12147400,158805
OK,50,66,910,50,2014-05-21T00:20:00,0,12147895,158805
OK,50,66,910,50,2014-05-21T00:25:00,0,12148344,158805
OK,50,66,910,50,2014-05-21T00:30:00,0,12148793,158805
OK,50,66,910,50,2014-05-21T00:35:00,0,12149242,158805
OK,50,66,910,50,2014-05-21T00:40:00,0,12149691,158805
OK,50,66,910,50,2014-05-21T00:45:00,0,12150140,158805
OK,50,66,910,50,2014-05-21T00:50:00,0,12150589,158805
OK,50,66,910,50,2014-05-21T00:55:00,0,12151038,158805
OK,50,66,910,50,2014-05-21T01:00:00,0,12151487,158805
OK,50,66,910,50,2014-05-21T01:05:00,0,12151936,158805
OK,50,66,910,50,2014-05-21T01:10:00,0,12152385,158805
OK,50,66,910,50,2014-05-21T01:15:00,0,12152834,158805
OK,50,66,910,50,2014-05-21T01:20:00,0,12153283,158805
OK,50,66,910,50,2014-05-21T01:25:00,0,12153732,158805
OK,50,66,910,50,2014-05-21T01:30:00,0,12154181,158805
OK,50,66,910,50,2014-05-21T01:35:00,0,12154630,158805
OK,50,66,910,50,2014-05-21T01:40:00,0,12155079,158805
OK,50,66,910,50,2014-05-21T01:45:00,0,12155528,158805
OK,50,66,910,50,2014-05-21T01:50:00,0,12155977,158805
OK,50,66,910,50,2014-05-21T01:55:00,0,12156426,158805
OK,50,66,910,50,2014-05-21T02:00:00,0,12156875,158805
OK,50,66,910,50,2014-05-21T02:05:00,0,12157324,158805
OK,50,66,910,50,2014-05-21T02:10:00,0,12157773,158805
OK,50,66,910,50,2014-05-21T02:15:00,0,12158222,158805
OK,46,72,910,46,2014-05-21T02:20:00,1,12158671,158805
OK,46,72,910,46,2014-05-21T02:25:00,0,12159120,158805
OK,46,72,910,46,2014-05-21T02:30:00,0,12159569,158805
OK,46,72,910,46,2014-05-21T02:35:00,0,12160018,158805
OK,46,72,910,46,2014-05-21T02:40:00,0,12160467,158805
OK,46,72,910,46,2014-05-21T02:45:00,0,12160916,158805
OK,46,72,910,46,2014-05-21T02:50:00,0,12161365,158805
OK,46,72,910,46,2014-05-21T02:55:00,0,12161814,158805
OK,46,72,910,46,2014-05-21T03:00:00,0,12162263,158805
OK,46,72,910,46,2014-05-21T03:05:00,0,12162712,158805
OK,46,72,910,46,2014-05-21T03:10:00,0,12163161,158805
OK,45,73,910,45,2014-05-21T03:15:00,1,12163610,158805
OK,45,73,910,45,2014-05-21T03:20:00,0,12164059,158805
OK,63,52,910,63,2014-05-21T03:25:00,1,12164508,158805
OK,63,52,910,63,2014-05-21T03:30:00,3,12164957,158805
OK,63,52,910,63,2014-05-21T03:35:00,3,12165406,158805
OK,83,39,910,83,2014-05-21T03:40:00,1,12165855,158805
OK,83,39,910,83,2014-05-21T03:45:00,0,12166304,158805
OK,55,60,910,55,2014-05-21T03:50:00,3,12166753,158805
OK,73,45,910,73,2014-05-21T03:55:00,4,12167202,158805
OK,68,48,910,68,2014-05-21T04:00:00,3,12167651,158805
OK,66,50,910,66,2014-05-21T04:05:00,2,12168100,158805
OK,78,42,910,78,2014-05-21T04:10:00,2,12168549,158805
OK,62,53,910,62,2014-05-21T04:15:00,5,12168998,158805
OK,60,55,910,60,2014-05-21T04:20:00,4,12169447,158805
OK,104,31,910,104,2014-05-21T04:25:00,1,12169896,158805
OK,104,31,910,104,2014-05-21T04:30:00,1,12170345,158805
OK,60,55,910,60,2014-05-21T04:35:00,2,12170794,158805
OK,61,54,910,61,2014-05-21T04:40:00,4,12171243,158805
OK,71,46,910,71,2014-05-21T04:45:00,3,12171692,158805
OK,95,34,910,95,2014-05-21T04:50:00,5,12172141,158805
OK,92,36,910,92,2014-05-21T04:55:00,6,12172590,158805
OK,62,53,910,62,2014-05-21T05:00:00,8,12173039,158805
OK,60,55,910,60,2014-05-21T05:05:00,9,12173488,158805
OK,62,53,910,62,2014-05-21T05:10:00,5,12173937,158805
OK,67,49,910,67,2014-05-21T05:15:00,5,12174386,158805
OK,68,48,910,68,2014-05-21T05:20:00,10,12174835,158805
OK,87,38,910,87,2014-05-21T05:25:00,11,12175284,158805
OK,79,41,910,79,2014-05-21T05:30:00,7,12175733,158805
OK,71,46,910,71,2014-05-21T05:35:00,8,12176182,158805
OK,68,48,910,68,2014-05-21T05:40:00,9,12176631,158805
OK,71,46,910,71,2014-05-21T05:45:00,8,12177080,158805
OK,69,48,910,69,2014-05-21T05:50:00,9,12177529,158805
OK,68,48,910,68,2014-05-21T05:55:00,11,12177978,158805
OK,66,50,910,66,2014-05-21T06:00:00,9,12178427,158805
OK,62,53,910,62,2014-05-21T06:05:00,7,12178876,158805
OK,61,54,910,61,2014-05-21T06:10:00,7,12179325,158805
OK,64,51,910,64,2014-05-21T06:15:00,5,12179774,158805
OK,58,57,910,58,2014-05-21T06:20:00,2,12180223,158805
OK,55,60,910,55,2014-05-21T06:25:00,1,12180672,158805
OK,67,49,910,67,2014-05-21T06:30:00,1,12181121,158805
OK,71,46,910,71,2014-05-21T06:35:00,6,12181570,158805
OK,72,46,910,72,2014-05-21T06:40:00,4,12182019,158805
OK,70,47,910,70,2014-05-21T06:45:00,4,12182468,158805
OK,60,55,910,60,2014-05-21T06:50:00,7,12182917,158805
OK,61,54,910,61,2014-05-21T06:55:00,8,12183366,158805
OK,57,58,910,57,2014-05-21T07:00:00,7,12183815,158805
OK,57,58,910,57,2014-05-21T07:05:00,4,12184264,158805
OK,65,50,910,65,2014-05-21T07:10:00,7,12184713,158805
OK,65,50,910,65,2014-05-21T07:15:00,8,12185162,158805
OK,70,47,910,70,2014-05-21T07:20:00,5,12185611,158805
OK,62,53,910,62,2014-05-21T07:25:00,4,12186060,158805
OK,64,51,910,64,2014-05-21T07:30:00,3,12186509,158805
OK,65,50,910,65,2014-05-21T07:35:00,4,12186958,158805
OK,59,56,910,59,2014-05-21T07:40:00,3,12187407,158805
OK,61,54,910,61,2014-05-21T07:45:00,3,12187856,158805
OK,76,43,910,76,2014-05-21T07:50:00,7,12188305,158805
OK,77,43,910,77,2014-05-21T07:55:00,13,12188754,158805
OK,74,44,910,74,2014-05-21T08:00:00,8,12189203,158805
OK,64,51,910,64,2014-05-21T08:05:00,5,12189652,158805
OK,64,51,910,64,2014-05-21T08:10:00,7,12190101,158805
OK,64,51,910,64,2014-05-21T08:15:00,8,12190550,158805
OK,59,56,910,59,2014-05-21T08:20:00,8,12190999,158805
OK,53,62,910,53,2014-05-21T08:25:00,5,12191448,158805
OK,61,54,910,61,2014-05-21T08:30:00,6,12191897,158805
OK,68,48,910,68,2014-05-21T08:35:00,6,12192346,158805
OK,74,44,910,74,2014-05-21T08:40:00,7,12192795,158805
OK,74,44,910,74,2014-05-21T08:45:00,7,12193244,158805
OK,64,51,910,64,2014-05-21T08:50:00,5,12193693,158805
OK,64,51,910,64,2014-05-21T08:55:00,7,12194142,158805
OK,61,54,910,61,2014-05-21T09:00:00,15,12194591,158805
OK,60,55,910,60,2014-05-21T09:05:00,12,12195040,158805
OK,61,54,910,61,2014-05-21T09:10:00,6,12195489,158805
OK,65,50,910,65,2014-05-21T09:15:00,13,12195938,158805
OK,69,48,910,69,2014-05-21T09:20:00,12,12196387,158805
OK,77,43,910,77,2014-05-21T09:25:00,3,12196836,158805
OK,60,55,910,60,2014-05-21T09:30:00,7,12197285,158805
OK,55,60,910,55,2014-05-21T09:35:00,5,12197734,158805
OK,95,34,910,95,2014-05-21T09:40:00,5,12198183,158805
OK,61,54,910,61,2014-05-21T09:45:00,10,12198632,158805
OK,59,56,910,59,2014-05-21T09:50:00,10,12199081,158805
OK,67,49,910,67,2014-05-21T09:55:00,8,12199530,158805
OK,68,48,910,68,2014-05-21T10:00:00,8,12199979,158805
OK,68,48,910,68,2014-05-21T10:05:00,10,12200428,158805
OK,60,55,910,60,2014-05-21T10:10:00,6,12200877,158805
OK,61,54,910,61,2014-05-21T10:15:00,8,12201326,158805
OK,66,50,910,66,2014-05-21T10:20:00,4,12201775,158805
OK,64,51,910,64,2014-05-21T10:25:00,9,12202224,158805
OK,64,51,910,64,2014-05-21T10:30:00,9,12202673,158805
OK,61,54,910,61,2014-05-21T10:35:00,7,12203122,158805
OK,62,53,910,62,2014-05-21T10:40:00,6,12203571,158805
OK,67,49,910,67,2014-05-21T10:45:00,4,12204020,158805
OK,60,55,910,60,2014-05-21T11:05:00,8,12204469,158805
OK,67,49,910,67,2014-05-21T11:15:00,11,12204918,158805
OK,63,52,910,63,2014-05-21T11:20:00,7,12205367,158805
OK,64,51,910,64,2014-05-21T11:25:00,7,12205816,158805
OK,64,51,910,64,2014-05-21T11:30:00,11,12206265,158805
OK,64,51,910,64,2014-05-21T11:35:00,7,12206714,158805
OK,69,48,910,69,2014-05-21T11:40:00,4,12207163,158805
OK,64,51,910,64,2014-05-21T11:45:00,8,12207612,158805
OK,68,48,910,68,2014-05-21T11:50:00,11,12208061,158805
OK,66,50,910,66,2014-05-21T11:55:00,12,12208510,158805
OK,65,50,910,65,2014-05-21T12:00:00,12,12208959,158805
OK,66,50,910,66,2014-05-21T12:05:00,7,12209408,158805
OK,62,53,910,62,2014-05-21T12:10:00,10,12209857,158805
OK,60,55,910,60,2014-05-21T12:15:00,11,12210306,158805
OK,67,49,910,67,2014-05-21T12:20:00,8,12210755,158805
OK,70,47,910,70,2014-05-21T12:25:00,14,12211204,158805
OK,65,50,910,65,2014-05-21T12:30:00,15,12211653,158805
OK,56,59,910,56,2014-05-21T12:35:00,14,12212102,158805
OK,54,61,910,54,2014-05-21T12:40:00,10,12212551,158805
OK,65,50,910,65,2014-05-21T12:45:00,8,12213000,158805
OK,65,50,910,65,2014-05-21T12:50:00,20,12213449,158805
OK,62,53,910,62,2014-05-21T12:55:00,17,12213898,158805
OK,58,57,910,58,2014-05-21T13:00:00,9,12214347,158805
OK,61,54,910,61,2014-05-21T13:05:00,15,12214796,158805
OK,64,51,910,64,2014-05-21T13:10:00,16,12215245,158805
OK,71,46,910,71,2014-05-21T13:15:00,13,12215694,158805
OK,70,47,910,70,2014-05-21T13:20:00,18,12216143,158805
OK,73,45,910,73,2014-05-21T13:25:00,22,12216592,158805
OK,73,45,910,73,2014-05-21T13:30:00,18,12217041,158805
OK,68,48,910,68,2014-05-21T13:35:00,12,12217490,158805
OK,63,52,910,63,2014-05-21T13:40:00,12,12217939,158805
OK,62,53,910,62,2014-05-21T13:45:00,16,12218388,158805
OK,59,56,910,59,2014-05-21T13:50:00,19,12218837,158805
OK,59,56,910,59,2014-05-21T13:55:00,19,12219286,158805
OK,79,41,910,79,2014-05-21T14:00:00,16,12219735,158805
OK,64,51,910,64,2014-05-21T14:05:00,20,12220184,158805
OK,62,53,910,62,2014-05-21T14:10:00,20,12220633,158805
OK,67,49,910,67,2014-05-21T14:15:00,23,12221082,158805
OK,68,48,910,68,2014-05-21T14:20:00,18,12221531,158805
OK,63,52,910,63,2014-05-21T14:25:00,17,12221980,158805
OK,62,53,910,62,2014-05-21T14:30:00,14,12222429,158805
OK,70,47,910,70,2014-05-21T14:35:00,12,12222878,158805
OK,69,48,910,69,2014-05-21T14:40:00,14,12223327,158805
OK,63,52,910,63,2014-05-21T14:45:00,8,12223776,158805
OK,63,52,910,63,2014-05-21T14:50:00,7,12224225,158805
OK,60,55,910,60,2014-05-21T14:55:00,10,12224674,158805
OK,58,57,910,58,2014-05-21T15:00:00,8,12225123,158805
OK,58,57,910,58,2014-05-21T15:05:00,4,12225572,158805
OK,59,56,910,59,2014-05-21T15:10:00,3,12226021,158805
OK,57,58,910,57,2014-05-21T15:15:00,5,12226470,158805
OK,55,60,910,55,2014-05-21T15:20:00,9,12226919,158805
OK,57,58,910,57,2014-05-21T15:25:00,6,12227368,158805
OK,59,56,910,59,2014-05-21T15:30:00,7,12227817,158805
OK,55,60,910,55,2014-05-21T15:35:00,9,12228266,158805
OK,53,62,910,53,2014-05-21T15:40:00,10,12228715,158805
OK,57,58,910,57,2014-05-21T15:45:00,8,12229164,158805
OK,67,49,910,67,2014-05-21T15:50:00,6,12229613,158805
OK,60,55,910,60,2014-05-21T15:55:00,7,12230062,158805
OK,54,61,910,54,2014-05-21T16:00:00,6,12230511,158805
OK,53,62,910,53,2014-05-21T16:05:00,5,12230960,158805
OK,60,55,910,60,2014-05-21T16:10:00,4,12231409,158805
OK,64,51,910,64,2014-05-21T16:15:00,2,12231858,158805
OK,60,55,910,60,2014-05-21T16:20:00,1,12232307,158805
OK,60,55,910,60,2014-05-21T16:25:00,3,12232756,158805
OK,73,45,910,73,2014-05-21T16:30:00,2,12233205,158805
OK,54,61,910,54,2014-05-21T16:35:00,4,12233654,158805
OK,54,61,910,54,2014-05-21T16:40:00,4,12234103,158805
OK,54,61,910,54,2014-05-21T16:45:00,1,12234552,158805
OK,57,58,910,57,2014-05-21T16:50:00,2,12235001,158805
OK,59,56,910,59,2014-05-21T16:55:00,3,12235450,158805
OK,52,63,910,52,2014-05-21T17:00:00,5,12235899,158805
OK,53,62,910,53,2014-05-21T17:05:00,6,12236348,158805
OK,60,55,910,60,2014-05-21T17:10:00,7,12236797,158805
OK,66,50,910,66,2014-05-21T17:15:00,5,12237246,158805
OK,62,53,910,62,2014-05-21T17:20:00,2,12237695,158805
OK,50,66,910,50,2014-05-21T17:25:00,4,12238144,158805
OK,46,72,910,46,2014-05-21T17:30:00,5,12238593,158805
OK,51,64,910,51,2014-05-21T17:35:00,6,12239042,158805
OK,53,62,910,53,2014-05-21T17:40:00,6,12239491,158805
OK,69,48,910,69,2014-05-21T17:45:00,3,12239940,158805
OK,58,57,910,58,2014-05-21T17:50:00,2,12240389,158805
OK,52,63,910,52,2014-05-21T17:55:00,3,12240838,158805
OK,53,62,910,53,2014-05-21T18:00:00,4,12241287,158805
OK,48,69,910,48,2014-05-21T18:05:00,3,12241736,158805
OK,53,62,910,53,2014-05-21T18:10:00,2,12242185,158805
OK,60,55,910,60,2014-05-21T18:15:00,5,12242634,158805
OK,61,54,910,61,2014-05-21T18:20:00,4,12243083,158805
OK,54,61,910,54,2014-05-21T18:25:00,0,12243532,158805
OK,58,57,910,58,2014-05-21T18:30:00,4,12243981,158805
OK,60,55,910,60,2014-05-21T18:35:00,2,12244430,158805
OK,63,52,910,63,2014-05-21T18:40:00,2,12244842,158805
OK,63,52,910,63,2014-05-21T18:45:00,2,12245291,158805
OK,70,47,910,70,2014-05-21T18:50:00,2,12245740,158805
OK,58,57,910,58,2014-05-21T18:55:00,3,12246189,158805
OK,52,63,910,52,2014-05-21T19:00:00,2,12246638,158805
OK,48,69,910,48,2014-05-21T19:05:00,1,12246874,158805
OK,51,64,910,51,2014-05-21T19:10:00,4,12247239,158805
OK,49,67,910,49,2014-05-21T19:15:00,5,12247688,158805
OK,42,78,910,42,2014-05-21T19:20:00,2,12248137,158805
OK,50,66,910,50,2014-05-21T19:25:00,3,12248586,158805
OK,57,58,910,57,2014-05-21T19:30:00,2,12249035,158805
OK,63,52,910,63,2014-05-21T19:35:00,2,12249484,158805
OK,72,46,910,72,2014-05-21T19:40:00,4,12249933,158805
OK,61,54,910,61,2014-05-21T19:45:00,7,12250382,158805
OK,60,55,910,60,2014-05-21T19:50:00,4,12250831,158805
OK,70,47,910,70,2014-05-21T19:55:00,1,12251280,158805
OK,66,50,910,66,2014-05-21T21:30:00,2,12257585,158805
OK,61,54,910,61,2014-05-21T21:40:00,2,12258430,158805
OK,54,61,910,54,2014-05-21T21:50:00,0,12259267,158805
OK,54,61,910,54,2014-05-21T22:00:00,0,12260165,158805
OK,44,75,910,44,2014-05-21T22:05:00,1,12260614,158805
OK,44,75,910,44,2014-05-21T22:10:00,1,12261063,158805
OK,67,49,910,67,2014-05-21T22:15:00,4,12261512,158805
OK,67,49,910,67,2014-05-21T22:20:00,4,12261961,158805
OK,58,57,910,58,2014-05-21T23:30:00,0,12267425,158805
OK,58,57,910,58,2014-05-21T23:35:00,0,12267840,158805
OK,58,57,910,58,2014-05-22T00:00:00,0,12269573,158805
OK,58,57,910,58,2014-05-22T00:05:00,0,12270022,158805
OK,58,57,910,58,2014-05-22T00:10:00,0,12270608,158805
OK,58,57,910,58,2014-05-22T00:20:00,0,12271049,158805
OK,58,57,910,58,2014-05-22T00:25:00,0,12271498,158805
OK,58,57,910,58,2014-05-22T00:30:00,0,12271947,158805
OK,58,57,910,58,2014-05-22T00:35:00,0,12272396,158805
OK,58,57,910,58,2014-05-22T00:40:00,0,12272845,158805
OK,58,57,910,58,2014-05-22T00:45:00,0,12273294,158805
OK,58,57,910,58,2014-05-22T00:50:00,0,12273743,158805
OK,58,57,910,58,2014-05-22T00:55:00,0,12274192,158805
OK,58,57,910,58,2014-05-22T01:00:00,0,12274641,158805
OK,58,57,910,58,2014-05-22T01:05:00,0,12275090,158805
OK,58,57,910,58,2014-05-22T01:10:00,0,12275539,158805
OK,58,57,910,58,2014-05-22T01:15:00,0,12275988,158805
OK,58,57,910,58,2014-05-22T01:20:00,0,12276437,158805
OK,58,57,910,58,2014-05-22T01:25:00,0,12276886,158805
OK,58,57,910,58,2014-05-22T01:30:00,0,12277335,158805
OK,58,57,910,58,2014-05-22T01:35:00,0,12277784,158805
OK,58,57,910,58,2014-05-22T01:40:00,0,12278233,158805
OK,58,57,910,58,2014-05-22T01:45:00,0,12278682,158805
OK,58,57,910,58,2014-05-22T01:50:00,0,12279131,158805
OK,58,57,910,58,2014-05-22T01:55:00,0,12279580,158805
OK,58,57,910,58,2014-05-22T02:00:00,0,12280029,158805
OK,58,57,910,58,2014-05-22T02:05:00,0,12280478,158805
OK,58,57,910,58,2014-05-22T02:10:00,0,12280927,158805
OK,58,57,910,58,2014-05-22T02:15:00,0,12281376,158805
OK,58,57,910,58,2014-05-22T02:20:00,0,12281825,158805
OK,58,57,910,58,2014-05-22T02:25:00,0,12282274,158805
OK,58,57,910,58,2014-05-22T02:30:00,0,12282723,158805
OK,58,57,910,58,2014-05-22T02:35:00,0,12283172,158805
OK,58,57,910,58,2014-05-22T02:40:00,0,12283621,158805
OK,58,57,910,58,2014-05-22T02:45:00,0,12284070,158805
OK,46,72,910,46,2014-05-22T02:50:00,1,12284519,158805
OK,60,55,910,60,2014-05-22T02:55:00,1,12284968,158805
OK,60,55,910,60,2014-05-22T03:00:00,1,12285417,158805
OK,60,55,910,60,2014-05-22T03:05:00,0,12285866,158805
OK,60,55,910,60,2014-05-22T03:10:00,0,12286315,158805
OK,60,55,910,60,2014-05-22T03:15:00,0,12286764,158805
OK,62,53,910,62,2014-05-22T03:20:00,1,12287213,158805
OK,62,53,910,62,2014-05-22T03:25:00,1,12287662,158805
OK,62,53,910,62,2014-05-22T03:30:00,0,12288111,158805
OK,62,53,910,62,2014-05-22T03:35:00,0,12288560,158805
OK,53,62,910,53,2014-05-22T03:40:00,2,12289009,158805
OK,46,72,910,46,2014-05-22T03:45:00,1,12289458,158805
OK,46,72,910,46,2014-05-22T03:50:00,1,12289907,158805
OK,53,62,910,53,2014-05-22T03:55:00,2,12290356,158805
OK,54,61,910,54,2014-05-22T04:00:00,2,12290805,158805
OK,52,63,910,52,2014-05-22T04:05:00,2,12291254,158805
OK,57,58,910,57,2014-05-22T04:10:00,1,12291703,158805
OK,56,59,910,56,2014-05-22T04:15:00,1,12292152,158805
OK,56,59,910,56,2014-05-22T04:20:00,1,12292601,158805
OK,66,50,910,66,2014-05-22T04:25:00,2,12293050,158805
OK,61,54,910,61,2014-05-22T04:30:00,4,12293499,158805
OK,71,46,910,71,2014-05-22T04:35:00,5,12293948,158805
OK,105,31,910,105,2014-05-22T04:40:00,0,12294397,158805
OK,58,57,910,58,2014-05-22T04:45:00,2,12294846,158805
OK,54,61,910,54,2014-05-22T04:50:00,1,12295295,158805
OK,52,63,910,52,2014-05-22T04:55:00,2,12295744,158805
OK,58,57,910,58,2014-05-22T05:00:00,5,12296193,158805
OK,72,46,910,72,2014-05-22T05:05:00,5,12296642,158805
OK,78,42,910,78,2014-05-22T05:10:00,5,12297091,158805
OK,68,48,910,68,2014-05-22T05:15:00,4,12297540,158805
OK,53,62,910,53,2014-05-22T05:20:00,4,12297989,158805
OK,55,60,910,55,2014-05-22T05:25:00,5,12298438,158805
OK,62,53,910,62,2014-05-22T05:30:00,4,12298887,158805
OK,65,50,910,65,2014-05-22T05:35:00,8,12299336,158805
OK,56,59,910,56,2014-05-22T05:40:00,5,12299785,158805
OK,59,56,910,59,2014-05-22T05:45:00,7,12300234,158805
OK,73,45,910,73,2014-05-22T05:50:00,11,12300683,158805
OK,78,42,910,78,2014-05-22T05:55:00,8,12301132,158805
OK,71,46,910,71,2014-05-22T06:00:00,5,12301581,158805
OK,61,54,910,61,2014-05-22T06:05:00,7,12302030,158805
OK,64,51,910,64,2014-05-22T06:10:00,5,12302479,158805
OK,83,39,910,83,2014-05-22T06:15:00,2,12302928,158805
OK,58,57,910,58,2014-05-22T06:20:00,4,12303377,158805
OK,63,52,910,63,2014-05-22T06:25:00,3,12303826,158805
OK,79,41,910,79,2014-05-22T06:30:00,6,12304275,158805
OK,79,41,910,79,2014-05-22T06:35:00,6,12304724,158805
OK,63,52,910,63,2014-05-22T06:40:00,5,12305173,158805
OK,75,44,910,75,2014-05-22T06:45:00,12,12305622,158805
OK,75,44,910,75,2014-05-22T06:50:00,11,12306071,158805
OK,60,55,910,60,2014-05-22T06:55:00,5,12306520,158805
OK,56,59,910,56,2014-05-22T07:00:00,3,12306969,158805
OK,62,53,910,62,2014-05-22T07:05:00,11,12307418,158805
OK,62,53,910,62,2014-05-22T07:10:00,12,12307867,158805
OK,63,52,910,63,2014-05-22T07:15:00,9,12308316,158805
OK,63,52,910,63,2014-05-22T07:20:00,11,12308765,158805
OK,67,49,910,67,2014-05-22T07:25:00,6,12309214,158805
OK,64,51,910,64,2014-05-22T07:30:00,5,12309663,158805
OK,83,39,910,83,2014-05-22T07:35:00,7,12310112,158805
OK,82,40,910,82,2014-05-22T07:40:00,6,12310561,158805
OK,66,50,910,66,2014-05-22T07:45:00,3,12311010,158805
OK,58,57,910,58,2014-05-22T07:50:00,1,12311459,158805
OK,77,43,910,77,2014-05-22T07:55:00,7,12311908,158805
OK,67,49,910,67,2014-05-22T08:00:00,10,12312357,158805
OK,62,53,910,62,2014-05-22T08:05:00,4,12312806,158805
OK,74,44,910,74,2014-05-22T08:10:00,7,12313255,158805
OK,79,41,910,79,2014-05-22T08:15:00,5,12313704,158805
OK,58,57,910,58,2014-05-22T08:20:00,2,12314153,158805
OK,61,54,910,61,2014-05-22T08:25:00,9,12314602,158805
OK,57,58,910,57,2014-05-22T08:30:00,12,12315051,158805
OK,54,61,910,54,2014-05-22T08:35:00,6,12315500,158805
OK,59,56,910,59,2014-05-22T08:40:00,9,12315949,158805
OK,61,54,910,61,2014-05-22T08:45:00,12,12316398,158805
OK,61,54,910,61,2014-05-22T08:50:00,9,12316847,158805
OK,60,55,910,60,2014-05-22T08:55:00,9,12317296,158805
OK,63,52,910,63,2014-05-22T09:00:00,4,12317745,158805
OK,57,58,910,57,2014-05-22T09:05:00,3,12318194,158805
OK,57,58,910,57,2014-05-22T09:10:00,7,12318643,158805
OK,59,56,910,59,2014-05-22T09:15:00,12,12319092,158805
OK,59,56,910,59,2014-05-22T09:20:00,12,12319541,158805
OK,57,58,910,57,2014-05-22T09:25:00,9,12319990,158805
OK,74,44,910,74,2014-05-22T09:30:00,6,12320439,158805
OK,56,59,910,56,2014-05-22T09:35:00,6,12320888,158805
OK,56,59,910,56,2014-05-22T09:40:00,6,12321337,158805
OK,58,57,910,58,2014-05-22T09:45:00,3,12321786,158805
OK,60,55,910,60,2014-05-22T09:50:00,6,12322235,158805
OK,60,55,910,60,2014-05-22T09:55:00,7,12322684,158805
OK,48,69,910,48,2014-05-22T10:00:00,3,12323133,158805
OK,66,50,910,66,2014-05-22T10:05:00,10,12323582,158805
OK,69,48,910,69,2014-05-22T10:10:00,9,12324031,158805
OK,61,54,910,61,2014-05-22T10:15:00,5,12324480,158805
OK,61,54,910,61,2014-05-22T10:20:00,11,12324929,158805
OK,63,52,910,63,2014-05-22T10:25:00,11,12325378,158805
OK,63,52,910,63,2014-05-22T10:30:00,8,12325827,158805
OK,54,61,910,54,2014-05-22T10:35:00,2,12326276,158805
OK,60,55,910,60,2014-05-22T10:40:00,3,12326725,158805
OK,66,50,910,66,2014-05-22T10:45:00,7,12327174,158805
OK,61,54,910,61,2014-05-22T10:50:00,10,12327623,158805
OK,60,55,910,60,2014-05-22T10:55:00,11,12328072,158805
OK,58,57,910,58,2014-05-22T11:00:00,11,12328521,158805
OK,58,57,910,58,2014-05-22T11:05:00,11,12328970,158805
OK,63,52,910,63,2014-05-22T11:10:00,11,12329419,158805
OK,64,51,910,64,2014-05-22T11:15:00,8,12329868,158805
OK,66,50,910,66,2014-05-22T11:20:00,8,12330317,158805
OK,62,53,910,62,2014-05-22T11:25:00,8,12330766,158805
OK,58,57,910,58,2014-05-22T11:30:00,7,12331215,158805
OK,57,58,910,57,2014-05-22T11:35:00,10,12331664,158805
OK,60,55,910,60,2014-05-22T11:40:00,10,12332113,158805
OK,64,51,910,64,2014-05-22T11:45:00,12,12332562,158805
OK,72,46,910,72,2014-05-22T11:50:00,7,12333011,158805
OK,67,49,910,67,2014-05-22T11:55:00,11,12333460,158805
OK,67,49,910,67,2014-05-22T12:00:00,11,12333909,158805
OK,59,56,910,59,2014-05-22T12:05:00,7,12334358,158805
OK,71,46,910,71,2014-05-22T12:10:00,12,12334807,158805
OK,76,43,910,76,2014-05-22T12:15:00,16,12335256,158805
OK,71,46,910,71,2014-05-22T12:20:00,14,12335705,158805
OK,61,54,910,61,2014-05-22T12:25:00,10,12336154,158805
OK,60,55,910,60,2014-05-22T12:30:00,9,12336603,158805
OK,67,49,910,67,2014-05-22T12:35:00,13,12337052,158805
OK,64,51,910,64,2014-05-22T12:40:00,16,12337501,158805
OK,58,57,910,58,2014-05-22T12:45:00,10,12337950,158805
OK,58,57,910,58,2014-05-22T12:50:00,10,12338399,158805
OK,72,46,910,72,2014-05-22T12:55:00,17,12338848,158805
OK,68,48,910,68,2014-05-22T13:00:00,22,12339297,158805
OK,60,55,910,60,2014-05-22T13:05:00,18,12339746,158805
OK,71,46,910,71,2014-05-22T13:10:00,14,12340195,158805
OK,77,43,910,77,2014-05-22T13:15:00,9,12340644,158805
OK,74,44,910,74,2014-05-22T13:20:00,8,12341093,158805
OK,75,44,910,75,2014-05-22T13:25:00,10,12341542,158805
OK,75,44,910,75,2014-05-22T13:30:00,12,12341991,158805
OK,70,47,910,70,2014-05-22T13:35:00,10,12342440,158805
OK,65,50,910,65,2014-05-22T13:40:00,11,12342889,158805
OK,71,46,910,71,2014-05-22T13:45:00,20,12343338,158805
OK,72,46,910,72,2014-05-22T13:50:00,19,12343787,158805
OK,69,48,910,69,2014-05-22T13:55:00,16,12344236,158805
OK,72,46,910,72,2014-05-22T14:00:00,22,12344685,158805
OK,70,47,910,70,2014-05-22T14:05:00,21,12345134,158805
OK,59,56,910,59,2014-05-22T14:10:00,16,12345583,158805
OK,60,55,910,60,2014-05-22T14:15:00,18,12346032,158805
OK,72,46,910,72,2014-05-22T14:20:00,23,12346481,158805
OK,82,40,910,82,2014-05-22T14:25:00,13,12346930,158805
OK,67,49,910,67,2014-05-22T14:30:00,10,12347379,158805
OK,65,50,910,65,2014-05-22T14:35:00,10,12347828,158805
OK,65,50,910,65,2014-05-22T14:40:00,10,12348277,158805
OK,66,50,910,66,2014-05-22T14:45:00,7,12348726,158805
OK,66,50,910,66,2014-05-22T14:50:00,9,12349175,158805
OK,61,54,910,61,2014-05-22T14:55:00,10,12349624,158805
OK,56,59,910,56,2014-05-22T15:00:00,5,12350073,158805
OK,60,55,910,60,2014-05-22T15:05:00,3,12350522,158805
OK,63,52,910,63,2014-05-22T15:10:00,5,12350971,158805
OK,66,50,910,66,2014-05-22T15:15:00,7,12351420,158805
OK,68,48,910,68,2014-05-22T15:20:00,7,12351869,158805
OK,68,48,910,68,2014-05-22T15:25:00,5,12352318,158805
OK,57,58,910,57,2014-05-22T15:30:00,4,12352767,158805
OK,58,57,910,58,2014-05-22T15:35:00,7,12353216,158805
OK,58,57,910,58,2014-05-22T15:40:00,9,12353665,158805
OK,58,57,910,58,2014-05-22T15:45:00,5,12354114,158805
OK,62,53,910,62,2014-05-22T15:50:00,5,12354563,158805
OK,65,50,910,65,2014-05-22T15:55:00,10,12355012,158805
OK,55,60,910,55,2014-05-22T16:00:00,9,12355461,158805
OK,55,60,910,55,2014-05-22T16:05:00,7,12355910,158805
OK,53,62,910,53,2014-05-22T16:10:00,3,12356359,158805
OK,50,66,910,50,2014-05-22T16:15:00,6,12356808,158805
OK,50,66,910,50,2014-05-22T16:20:00,6,12357257,158805
OK,60,55,910,60,2014-05-22T16:25:00,4,12357706,158805
OK,53,62,910,53,2014-05-22T16:30:00,5,12358155,158805
OK,50,66,910,50,2014-05-22T16:35:00,7,12358604,158805
OK,58,57,910,58,2014-05-22T16:40:00,8,12359053,158805
OK,61,54,910,61,2014-05-22T16:45:00,8,12359502,158805
OK,56,59,910,56,2014-05-22T16:50:00,5,12359951,158805
OK,50,66,910,50,2014-05-22T16:55:00,5,12360400,158805
OK,50,66,910,50,2014-05-22T17:00:00,5,12360849,158805
OK,53,62,910,53,2014-05-22T17:05:00,4,12361298,158805
OK,60,55,910,60,2014-05-22T17:10:00,5,12361747,158805
OK,70,47,910,70,2014-05-22T17:15:00,1,12362196,158805
OK,70,47,910,70,2014-05-22T17:20:00,0,12362645,158805
OK,69,48,910,69,2014-05-22T17:25:00,1,12363094,158805
OK,69,48,910,69,2014-05-22T17:30:00,1,12363543,158805
OK,50,66,910,50,2014-05-22T17:35:00,1,12363992,158805
OK,57,58,910,57,2014-05-22T17:40:00,2,12364441,158805
OK,55,60,910,55,2014-05-22T17:45:00,2,12364890,158805
OK,45,73,910,45,2014-05-22T17:50:00,0,12365339,158805
OK,50,66,910,50,2014-05-22T17:55:00,4,12365788,158805
OK,53,62,910,53,2014-05-22T18:00:00,4,12366237,158805
OK,56,59,910,56,2014-05-22T18:05:00,4,12366686,158805
OK,58,57,910,58,2014-05-22T18:10:00,3,12367135,158805
OK,57,58,910,57,2014-05-22T18:15:00,3,12367584,158805
OK,62,53,910,62,2014-05-22T18:20:00,2,12368033,158805
OK,61,54,910,61,2014-05-22T18:25:00,3,12368482,158805
OK,52,63,910,52,2014-05-22T18:30:00,3,12368931,158805
OK,56,59,910,56,2014-05-22T18:35:00,2,12369380,158805
OK,59,56,910,59,2014-05-22T18:40:00,5,12369829,158805
OK,58,57,910,58,2014-05-22T18:45:00,6,12370278,158805
OK,51,64,910,51,2014-05-22T18:50:00,3,12370727,158805
OK,67,49,910,67,2014-05-22T18:55:00,2,12371176,158805
OK,56,59,910,56,2014-05-22T19:00:00,2,12371625,158805
OK,56,59,910,56,2014-05-22T19:05:00,2,12372074,158805
OK,56,59,910,56,2014-05-22T19:10:00,0,12372523,158805
OK,54,61,910,54,2014-05-22T19:15:00,3,12372972,158805
OK,54,61,910,54,2014-05-22T19:20:00,3,12373421,158805
OK,60,55,910,60,2014-05-22T19:25:00,1,12373870,158805
OK,54,61,910,54,2014-05-22T19:30:00,3,12374319,158805
OK,58,57,910,58,2014-05-22T19:35:00,3,12374768,158805
OK,58,57,910,58,2014-05-22T19:40:00,1,12375217,158805
OK,56,59,910,56,2014-05-22T19:45:00,2,12375666,158805
OK,49,67,910,49,2014-05-22T19:50:00,4,12376115,158805
OK,45,73,910,45,2014-05-22T19:55:00,4,12376564,158805
OK,60,55,910,60,2014-05-22T22:00:00,0,12385193,158805
OK,60,55,910,60,2014-05-22T22:05:00,0,12385642,158805
OK,60,55,910,60,2014-05-22T22:10:00,0,12386091,158805
OK,50,66,910,50,2014-05-23T00:00:00,0,12394246,158805
OK,50,66,910,50,2014-05-23T00:10:00,0,12395144,158805
OK,50,66,910,50,2014-05-23T00:20:00,0,12395633,158805
OK,50,66,910,50,2014-05-23T00:25:00,0,12396082,158805
OK,50,66,910,50,2014-05-23T00:30:00,0,12396531,158805
OK,50,66,910,50,2014-05-23T00:35:00,0,12396980,158805
OK,50,66,910,50,2014-05-23T00:40:00,0,12397429,158805
OK,50,66,910,50,2014-05-23T00:45:00,0,12397878,158805
OK,50,66,910,50,2014-05-23T00:50:00,0,12398327,158805
OK,50,66,910,50,2014-05-23T00:55:00,0,12398776,158805
OK,50,66,910,50,2014-05-23T01:00:00,0,12399225,158805
OK,50,66,910,50,2014-05-23T01:05:00,0,12399674,158805
OK,50,66,910,50,2014-05-23T01:10:00,0,12400123,158805
OK,50,66,910,50,2014-05-23T01:15:00,0,12400572,158805
OK,50,66,910,50,2014-05-23T01:20:00,0,12401021,158805
OK,50,66,910,50,2014-05-23T01:25:00,0,12401470,158805
OK,50,66,910,50,2014-05-23T01:30:00,0,12401919,158805
OK,50,66,910,50,2014-05-23T01:35:00,0,12402368,158805
OK,50,66,910,50,2014-05-23T01:40:00,0,12402817,158805
OK,50,66,910,50,2014-05-23T01:45:00,0,12403266,158805
OK,50,66,910,50,2014-05-23T01:50:00,0,12403715,158805
OK,50,66,910,50,2014-05-23T01:55:00,0,12404164,158805
OK,50,66,910,50,2014-05-23T02:00:00,0,12404613,158805
OK,45,73,910,45,2014-05-23T02:05:00,1,12405062,158805
OK,45,73,910,45,2014-05-23T02:10:00,0,12405511,158805
OK,45,73,910,45,2014-05-23T02:15:00,0,12405960,158805
OK,45,73,910,45,2014-05-23T02:20:00,0,12406409,158805
OK,45,73,910,45,2014-05-23T02:25:00,0,12406858,158805
OK,45,73,910,45,2014-05-23T02:30:00,0,12407307,158805
OK,45,73,910,45,2014-05-23T02:35:00,0,12407756,158805
OK,45,73,910,45,2014-05-23T02:40:00,0,12408205,158805
OK,45,73,910,45,2014-05-23T02:45:00,0,12408654,158805
OK,45,73,910,45,2014-05-23T02:50:00,0,12409103,158805
OK,45,73,910,45,2014-05-23T02:55:00,0,12409552,158805
OK,45,73,910,45,2014-05-23T03:00:00,0,12410001,158805
OK,45,73,910,45,2014-05-23T03:05:00,0,12410450,158805
OK,45,73,910,45,2014-05-23T03:10:00,0,12410899,158805
OK,45,73,910,45,2014-05-23T03:15:00,0,12411348,158805
OK,45,73,910,45,2014-05-23T03:20:00,0,12411797,158805
OK,45,73,910,45,2014-05-23T03:25:00,0,12412246,158805
OK,61,54,910,61,2014-05-23T03:30:00,2,12412695,158805
OK,58,57,910,58,2014-05-23T03:35:00,3,12413144,158805
OK,58,57,910,58,2014-05-23T03:40:00,1,12413593,158805
OK,52,63,910,52,2014-05-23T03:45:00,1,12414042,158805
OK,49,67,910,49,2014-05-23T03:50:00,2,12414491,158805
OK,47,70,910,47,2014-05-23T03:55:00,1,12414940,158805
OK,60,55,910,60,2014-05-23T04:00:00,1,12415389,158805
OK,60,55,910,60,2014-05-23T04:05:00,1,12415838,158805
OK,61,54,910,61,2014-05-23T04:10:00,1,12416287,158805
OK,55,60,910,55,2014-05-23T04:15:00,2,12416736,158805
OK,50,66,910,50,2014-05-23T04:20:00,1,12417185,158805
OK,52,63,910,52,2014-05-23T04:25:00,3,12417634,158805
OK,72,46,910,72,2014-05-23T04:30:00,2,12418083,158805
OK,70,47,910,70,2014-05-23T04:35:00,2,12418532,158805
OK,66,50,910,66,2014-05-23T04:40:00,3,12418981,158805
OK,56,59,910,56,2014-05-23T04:45:00,5,12419430,158805
OK,57,58,910,57,2014-05-23T04:50:00,2,12419879,158805
OK,64,51,910,64,2014-05-23T04:55:00,2,12420328,158805
OK,64,51,910,64,2014-05-23T05:00:00,5,12420777,158805
OK,55,60,910,55,2014-05-23T05:05:00,3,12421226,158805
OK,52,63,910,52,2014-05-23T05:10:00,2,12421675,158805
OK,67,49,910,67,2014-05-23T05:15:00,8,12422124,158805
OK,67,49,910,67,2014-05-23T05:20:00,9,12422573,158805
OK,63,52,910,63,2014-05-23T05:25:00,5,12423022,158805
OK,62,53,910,62,2014-05-23T05:30:00,7,12423471,158805
OK,59,56,910,59,2014-05-23T05:35:00,8,12423920,158805
OK,60,55,910,60,2014-05-23T05:40:00,6,12424369,158805
OK,66,50,910,66,2014-05-23T05:45:00,7,12424818,158805
OK,63,52,910,63,2014-05-23T05:50:00,8,12425267,158805
OK,63,52,910,63,2014-05-23T05:55:00,5,12425716,158805
OK,62,53,910,62,2014-05-23T06:00:00,3,12426165,158805
OK,57,58,910,57,2014-05-23T06:05:00,5,12426614,158805
OK,56,59,910,56,2014-05-23T06:10:00,4,12427063,158805
OK,65,50,910,65,2014-05-23T06:15:00,4,12427512,158805
OK,67,49,910,67,2014-05-23T06:20:00,5,12427961,158805
OK,71,46,910,71,2014-05-23T06:25:00,3,12428410,158805
OK,64,51,910,64,2014-05-23T06:30:00,3,12428859,158805
OK,62,53,910,62,2014-05-23T06:35:00,10,12429308,158805
OK,70,47,910,70,2014-05-23T06:40:00,11,12429757,158805
OK,70,47,910,70,2014-05-23T06:45:00,10,12430206,158805
OK,69,48,910,69,2014-05-23T06:50:00,10,12430655,158805
OK,69,48,910,69,2014-05-23T06:55:00,5,12431104,158805
OK,69,48,910,69,2014-05-23T07:00:00,6,12431553,158805
OK,62,53,910,62,2014-05-23T07:05:00,8,12432002,158805
OK,58,57,910,58,2014-05-23T07:10:00,7,12432451,158805
OK,58,57,910,58,2014-05-23T07:15:00,8,12432900,158805
OK,59,56,910,59,2014-05-23T07:20:00,4,12433349,158805
OK,59,56,910,59,2014-05-23T07:25:00,4,12433798,158805
OK,61,54,910,61,2014-05-23T07:30:00,4,12434247,158805
OK,61,54,910,61,2014-05-23T07:35:00,4,12434696,158805
OK,59,56,910,59,2014-05-23T07:40:00,6,12435145,158805
OK,70,47,910,70,2014-05-23T07:45:00,7,12435594,158805
OK,70,47,910,70,2014-05-23T07:50:00,7,12436043,158805
OK,56,59,910,56,2014-05-23T07:55:00,3,12436492,158805
OK,57,58,910,57,2014-05-23T08:00:00,6,12436941,158805
OK,59,56,910,59,2014-05-23T08:05:00,8,12437390,158805
OK,58,57,910,58,2014-05-23T08:10:00,7,12437839,158805
OK,59,56,910,59,2014-05-23T08:15:00,16,12438288,158805
OK,60,55,910,60,2014-05-23T08:20:00,17,12438737,158805
OK,59,56,910,59,2014-05-23T08:25:00,14,12439186,158805
OK,64,51,910,64,2014-05-23T08:30:00,14,12439635,158805
OK,56,59,910,56,2014-05-23T08:35:00,10,12440084,158805
OK,54,61,910,54,2014-05-23T08:40:00,9,12440533,158805
OK,57,58,910,57,2014-05-23T08:45:00,8,12440982,158805
OK,58,57,910,58,2014-05-23T08:50:00,6,12441431,158805
OK,63,52,910,63,2014-05-23T08:55:00,3,12441880,158805
OK,66,50,910,66,2014-05-23T09:00:00,6,12442329,158805
OK,70,47,910,70,2014-05-23T09:05:00,5,12442778,158805
OK,42,78,910,42,2014-05-23T09:10:00,1,12443227,158805
OK,58,57,910,58,2014-05-23T09:15:00,5,12443676,158805
OK,64,51,910,64,2014-05-23T09:20:00,6,12444125,158805
OK,65,50,910,65,2014-05-23T09:25:00,6,12444574,158805
OK,60,55,910,60,2014-05-23T09:30:00,10,12445023,158805
OK,60,55,910,60,2014-05-23T09:35:00,13,12445472,158805
OK,67,49,910,67,2014-05-23T09:40:00,9,12445921,158805
OK,70,47,910,70,2014-05-23T09:45:00,7,12446370,158805
OK,70,47,910,70,2014-05-23T09:50:00,10,12446819,158805
OK,67,49,910,67,2014-05-23T09:55:00,9,12447268,158805
OK,56,59,910,56,2014-05-23T10:00:00,6,12447717,158805
OK,61,54,910,61,2014-05-23T10:05:00,6,12448166,158805
OK,57,58,910,57,2014-05-23T10:10:00,7,12448615,158805
OK,56,59,910,56,2014-05-23T10:15:00,10,12449064,158805
OK,64,51,910,64,2014-05-23T10:20:00,10,12449513,158805
OK,64,51,910,64,2014-05-23T10:25:00,8,12449962,158805
OK,63,52,910,63,2014-05-23T10:30:00,4,12450411,158805
OK,60,55,910,60,2014-05-23T10:35:00,9,12450860,158805
OK,65,50,910,65,2014-05-23T10:40:00,9,12451309,158805
OK,65,50,910,65,2014-05-23T10:45:00,7,12451758,158805
OK,64,51,910,64,2014-05-23T10:50:00,10,12452207,158805
OK,67,49,910,67,2014-05-23T10:55:00,8,12452656,158805
OK,68,48,910,68,2014-05-23T11:00:00,6,12453105,158805
OK,61,54,910,61,2014-05-23T11:05:00,12,12453554,158805
OK,62,53,910,62,2014-05-23T11:10:00,15,12454003,158805
OK,61,54,910,61,2014-05-23T11:15:00,18,12454452,158805
OK,61,54,910,61,2014-05-23T11:20:00,12,12454901,158805
OK,67,49,910,67,2014-05-23T11:50:00,9,12455350,158805
OK,61,54,910,61,2014-05-23T11:55:00,10,12455799,158805
OK,61,54,910,61,2014-05-23T12:00:00,11,12456248,158805
OK,65,50,910,65,2014-05-23T12:05:00,9,12456697,158805
OK,61,54,910,61,2014-05-23T12:10:00,11,12457146,158805
OK,61,54,910,61,2014-05-23T12:15:00,10,12457595,158805
OK,60,55,910,60,2014-05-23T12:20:00,4,12458044,158805
OK,83,39,910,83,2014-05-23T12:25:00,12,12458493,158805
OK,69,48,910,69,2014-05-23T12:30:00,23,12458942,158805
OK,64,51,910,64,2014-05-23T12:35:00,17,12459391,158805
OK,63,52,910,63,2014-05-23T12:40:00,10,12459840,158805
OK,73,45,910,73,2014-05-23T12:45:00,14,12460289,158805
OK,72,46,910,72,2014-05-23T12:50:00,13,12460738,158805
OK,66,50,910,66,2014-05-23T12:55:00,8,12461187,158805
OK,63,52,910,63,2014-05-23T13:00:00,13,12461636,158805
OK,63,52,910,63,2014-05-23T13:05:00,17,12462085,158805
OK,68,48,910,68,2014-05-23T13:10:00,17,12462534,158805
OK,65,50,910,65,2014-05-23T13:15:00,17,12462983,158805
OK,67,49,910,67,2014-05-23T13:20:00,17,12463432,158805
OK,82,40,910,82,2014-05-23T13:25:00,14,12463881,158805
OK,68,48,910,68,2014-05-23T13:30:00,15,12464330,158805
OK,72,46,910,72,2014-05-23T13:35:00,22,12464779,158805
OK,67,49,910,67,2014-05-23T13:40:00,17,12465228,158805
OK,65,50,910,65,2014-05-23T13:45:00,13,12465677,158805
OK,65,50,910,65,2014-05-23T13:50:00,10,12466126,158805
OK,66,50,910,66,2014-05-23T13:55:00,8,12466575,158805
OK,70,47,910,70,2014-05-23T14:00:00,10,12467024,158805
OK,69,48,910,69,2014-05-23T14:05:00,13,12467473,158805
OK,67,49,910,67,2014-05-23T14:10:00,18,12467922,158805
OK,64,51,910,64,2014-05-23T14:15:00,20,12468371,158805
OK,65,50,910,65,2014-05-23T14:20:00,17,12468820,158805
OK,58,57,910,58,2014-05-23T14:25:00,10,12469269,158805
OK,58,57,910,58,2014-05-23T14:30:00,13,12469718,158805
OK,62,53,910,62,2014-05-23T14:35:00,16,12470167,158805
OK,64,51,910,64,2014-05-23T14:40:00,11,12470616,158805
OK,64,51,910,64,2014-05-23T14:45:00,8,12471065,158805
OK,57,58,910,57,2014-05-23T14:50:00,7,12471514,158805
OK,71,46,910,71,2014-05-23T14:55:00,8,12471963,158805
OK,59,56,910,59,2014-05-23T15:00:00,5,12472412,158805
OK,62,53,910,62,2014-05-23T15:05:00,0,12472861,158805
OK,66,50,910,66,2014-05-23T15:10:00,4,12473310,158805
OK,64,51,910,64,2014-05-23T15:15:00,6,12473759,158805
OK,60,55,910,60,2014-05-23T15:20:00,12,12474208,158805
OK,56,59,910,56,2014-05-23T15:25:00,12,12474657,158805
OK,53,62,910,53,2014-05-23T15:30:00,3,12475106,158805
OK,59,56,910,59,2014-05-23T15:35:00,2,12475555,158805
OK,55,60,910,55,2014-05-23T15:40:00,5,12476004,158805
OK,56,59,910,56,2014-05-23T15:45:00,10,12476453,158805
OK,57,58,910,57,2014-05-23T15:50:00,7,12476902,158805
OK,51,64,910,51,2014-05-23T15:55:00,0,12477351,158805
OK,58,57,910,58,2014-05-23T16:00:00,7,12477800,158805
OK,62,53,910,62,2014-05-23T16:05:00,6,12478249,158805
OK,57,58,910,57,2014-05-23T16:10:00,4,12478698,158805
OK,66,50,910,66,2014-05-23T16:15:00,4,12479147,158805
OK,60,55,910,60,2014-05-23T16:20:00,2,12479596,158805
OK,60,55,910,60,2014-05-23T16:25:00,4,12480045,158805
OK,65,50,910,65,2014-05-23T16:30:00,4,12480494,158805
OK,66,50,910,66,2014-05-23T16:35:00,3,12480943,158805
OK,55,60,910,55,2014-05-23T16:40:00,6,12481392,158805
OK,55,60,910,55,2014-05-23T16:45:00,3,12481841,158805
OK,56,59,910,56,2014-05-23T16:50:00,0,12482290,158805
OK,41,80,910,41,2014-05-23T16:55:00,1,12482739,158805
OK,59,56,910,59,2014-05-23T17:00:00,5,12483188,158805
OK,61,54,910,61,2014-05-23T17:05:00,6,12483637,158805
OK,53,62,910,53,2014-05-23T17:10:00,3,12484086,158805
OK,111,29,910,111,2014-05-23T17:15:00,2,12484535,158805
OK,53,62,910,53,2014-05-23T17:20:00,5,12484984,158805
OK,50,66,910,50,2014-05-23T17:25:00,5,12485433,158805
OK,60,55,910,60,2014-05-23T17:30:00,3,12485882,158805
OK,67,49,910,67,2014-05-23T17:35:00,3,12486331,158805
OK,53,62,910,53,2014-05-23T17:40:00,4,12486780,158805
OK,54,61,910,54,2014-05-23T17:45:00,5,12487229,158805
OK,64,51,910,64,2014-05-23T17:50:00,2,12487678,158805
OK,44,75,910,44,2014-05-23T17:55:00,1,12488127,158805
OK,44,75,910,44,2014-05-23T18:00:00,0,12488576,158805
OK,72,46,910,72,2014-05-23T18:05:00,4,12489025,158805
OK,55,60,910,55,2014-05-23T18:10:00,3,12489474,158805
OK,55,60,910,55,2014-05-23T18:15:00,1,12489923,158805
OK,67,49,910,67,2014-05-23T18:20:00,1,12490372,158805
OK,61,54,910,61,2014-05-23T18:25:00,2,12490821,158805
OK,55,60,910,55,2014-05-23T18:30:00,1,12491270,158805
OK,55,60,910,55,2014-05-23T18:35:00,0,12491719,158805
OK,55,60,910,55,2014-05-23T18:40:00,0,12492168,158805
OK,62,53,910,62,2014-05-23T18:45:00,1,12492617,158805
OK,57,58,910,57,2014-05-23T18:50:00,3,12493066,158805
OK,53,62,910,53,2014-05-23T18:55:00,4,12493515,158805
OK,52,63,910,52,2014-05-23T19:00:00,3,12493964,158805
OK,52,63,910,52,2014-05-23T19:05:00,3,12494413,158805
OK,67,49,910,67,2014-05-23T19:10:00,1,12494862,158805
OK,59,56,910,59,2014-05-23T19:15:00,2,12495311,158805
OK,52,63,910,52,2014-05-23T19:20:00,1,12495760,158805
OK,64,51,910,64,2014-05-23T19:25:00,1,12496209,158805
OK,84,39,910,84,2014-05-23T19:30:00,2,12496658,158805
OK,51,64,910,51,2014-05-23T19:35:00,1,12497107,158805
OK,51,64,910,51,2014-05-23T19:40:00,0,12497556,158805
OK,51,64,910,51,2014-05-23T19:45:00,0,12498005,158805
OK,51,64,910,51,2014-05-23T19:50:00,0,12498454,158805
OK,64,51,910,64,2014-05-23T19:55:00,1,12498903,158805
OK,87,38,910,87,2014-05-23T22:00:00,0,12506993,158805
OK,87,38,910,87,2014-05-23T22:05:00,0,12507442,158805
OK,87,38,910,87,2014-05-23T22:10:00,0,12507891,158805
OK,58,57,910,58,2014-05-23T22:20:00,0,12508763,158805
OK,51,64,910,51,2014-05-24T00:00:00,0,12515768,158805
OK,51,64,910,51,2014-05-24T00:10:00,0,12516578,158805
OK,51,64,910,51,2014-05-24T00:15:00,0,12517027,158805
OK,49,67,910,49,2014-05-24T00:20:00,1,12517476,158805
OK,49,67,910,49,2014-05-24T00:25:00,0,12517925,158805
OK,49,67,910,49,2014-05-24T00:30:00,0,12518374,158805
OK,49,67,910,49,2014-05-24T00:35:00,0,12518823,158805
OK,49,67,910,49,2014-05-24T00:40:00,0,12519272,158805
OK,49,67,910,49,2014-05-24T00:45:00,0,12519721,158805
OK,49,67,910,49,2014-05-24T00:50:00,0,12520170,158805
OK,49,67,910,49,2014-05-24T00:55:00,0,12520619,158805
OK,49,67,910,49,2014-05-24T01:00:00,0,12521068,158805
OK,49,67,910,49,2014-05-24T01:05:00,0,12521517,158805
OK,49,67,910,49,2014-05-24T01:10:00,0,12521966,158805
OK,49,67,910,49,2014-05-24T01:15:00,0,12522415,158805
OK,53,62,910,53,2014-05-24T01:20:00,1,12522864,158805
OK,48,69,910,48,2014-05-24T01:25:00,2,12523313,158805
OK,44,75,910,44,2014-05-24T01:30:00,1,12523762,158805
OK,44,75,910,44,2014-05-24T01:35:00,0,12524211,158805
OK,44,75,910,44,2014-05-24T01:40:00,0,12524660,158805
OK,44,75,910,44,2014-05-24T01:45:00,0,12525109,158805
OK,44,75,910,44,2014-05-24T01:50:00,0,12525558,158805
OK,44,75,910,44,2014-05-24T01:55:00,0,12526007,158805
OK,44,75,910,44,2014-05-24T02:00:00,0,12526456,158805
OK,44,75,910,44,2014-05-24T02:05:00,0,12526905,158805
OK,44,75,910,44,2014-05-24T02:10:00,0,12527354,158805
OK,65,50,910,65,2014-05-24T02:15:00,2,12527803,158805
OK,63,52,910,63,2014-05-24T02:20:00,4,12528252,158805
OK,58,57,910,58,2014-05-24T02:25:00,0,12528701,158805
OK,58,57,910,58,2014-05-24T02:30:00,0,12529150,158805
OK,58,57,910,58,2014-05-24T02:35:00,0,12529599,158805
OK,58,57,910,58,2014-05-24T02:40:00,0,12530048,158805
OK,58,57,910,58,2014-05-24T02:45:00,0,12530497,158805
OK,58,57,910,58,2014-05-24T02:50:00,0,12530946,158805
OK,58,57,910,58,2014-05-24T02:55:00,0,12531395,158805
OK,58,57,910,58,2014-05-24T03:00:00,0,12531844,158805
OK,58,57,910,58,2014-05-24T03:05:00,0,12532293,158805
OK,58,57,910,58,2014-05-24T03:10:00,0,12532742,158805
OK,58,57,910,58,2014-05-24T03:15:00,0,12533191,158805
OK,58,57,910,58,2014-05-24T03:20:00,0,12533640,158805
OK,58,57,910,58,2014-05-24T03:25:00,0,12534089,158805
OK,58,57,910,58,2014-05-24T03:30:00,0,12534538,158805
OK,58,57,910,58,2014-05-24T03:35:00,0,12534987,158805
OK,58,57,910,58,2014-05-24T03:40:00,0,12535436,158805
OK,58,57,910,58,2014-05-24T03:45:00,0,12535885,158805
OK,58,57,910,58,2014-05-24T03:50:00,0,12536334,158805
OK,50,66,910,50,2014-05-24T03:55:00,1,12536783,158805
OK,50,66,910,50,2014-05-24T04:00:00,0,12537232,158805
OK,50,66,910,50,2014-05-24T04:10:00,0,12538130,158805
OK,50,66,910,50,2014-05-24T04:15:00,0,12538578,158805
OK,50,66,910,50,2014-05-24T04:40:00,0,12540823,158805
OK,50,66,910,50,2014-05-24T05:00:00,0,12542618,158805
OK,46,72,910,46,2014-05-24T05:15:00,1,12543965,158805
OK,46,72,910,46,2014-05-24T05:20:00,0,12544413,158805
OK,55,60,910,55,2014-05-24T05:40:00,2,12546209,158805
OK,50,66,910,50,2014-05-24T05:45:00,0,12546658,158805
OK,50,66,910,50,2014-05-24T06:00:00,0,12547974,158805
OK,50,66,910,50,2014-05-24T06:05:00,0,12548423,158805
OK,57,58,910,57,2014-05-24T06:10:00,3,12548872,158805
OK,59,56,910,59,2014-05-24T06:15:00,2,12549321,158805
OK,55,60,910,55,2014-05-24T06:20:00,2,12549770,158805
OK,56,59,910,56,2014-05-24T06:25:00,3,12550219,158805
OK,58,57,910,58,2014-05-24T06:30:00,3,12550668,158805
OK,67,49,910,67,2014-05-24T06:35:00,2,12551117,158805
OK,67,49,910,67,2014-05-24T06:40:00,0,12551566,158805
OK,78,42,910,78,2014-05-24T06:45:00,1,12552015,158805
OK,62,53,910,62,2014-05-24T06:50:00,2,12552464,158805
OK,47,70,910,47,2014-05-24T06:55:00,1,12552913,158805
OK,47,70,910,47,2014-05-24T07:00:00,0,12553362,158805
OK,47,70,910,47,2014-05-24T07:05:00,0,12553811,158805
OK,47,70,910,47,2014-05-24T07:10:00,0,12554260,158805
OK,47,70,910,47,2014-05-24T07:15:00,0,12554709,158805
OK,77,43,910,77,2014-05-24T07:20:00,3,12555158,158805
OK,69,48,910,69,2014-05-24T07:25:00,4,12555607,158805
OK,62,53,910,62,2014-05-24T07:30:00,1,12556056,158805
OK,62,53,910,62,2014-05-24T07:35:00,0,12556505,158805
OK,63,52,910,63,2014-05-24T07:40:00,1,12556954,158805
OK,63,52,910,63,2014-05-24T07:45:00,1,12557403,158805
OK,48,69,910,48,2014-05-24T07:50:00,2,12557852,158805
OK,48,69,910,48,2014-05-24T07:55:00,2,12558301,158805
OK,40,82,910,40,2014-05-24T08:00:00,1,12558750,158805
OK,68,48,910,68,2014-05-24T08:05:00,1,12559199,158805
OK,68,48,910,68,2014-05-24T08:10:00,1,12559648,158805
OK,68,48,910,68,2014-05-24T08:15:00,0,12560097,158805
OK,73,45,910,73,2014-05-24T08:20:00,2,12560546,158805
OK,69,48,910,69,2014-05-24T08:25:00,4,12560995,158805
OK,72,46,910,72,2014-05-24T08:30:00,3,12561444,158805
OK,58,57,910,58,2014-05-24T08:35:00,4,12561893,158805
OK,61,54,910,61,2014-05-24T08:40:00,3,12562342,158805
OK,83,39,910,83,2014-05-24T08:45:00,1,12562791,158805
OK,77,43,910,77,2014-05-24T08:50:00,1,12563240,158805
OK,67,49,910,67,2014-05-24T08:55:00,4,12563689,158805
OK,55,60,910,55,2014-05-24T09:00:00,7,12564138,158805
OK,55,60,910,55,2014-05-24T09:05:00,5,12564587,158805
OK,65,50,910,65,2014-05-24T09:10:00,4,12565036,158805
OK,63,52,910,63,2014-05-24T09:15:00,5,12565485,158805
OK,64,51,910,64,2014-05-24T09:20:00,6,12565934,158805
OK,58,57,910,58,2014-05-24T09:25:00,6,12566383,158805
OK,56,59,910,56,2014-05-24T09:30:00,6,12566832,158805
OK,65,50,910,65,2014-05-24T09:35:00,5,12567281,158805
OK,59,56,910,59,2014-05-24T09:40:00,2,12567730,158805
OK,61,54,910,61,2014-05-24T09:45:00,2,12568179,158805
OK,54,61,910,54,2014-05-24T09:50:00,3,12568628,158805
OK,63,52,910,63,2014-05-24T09:55:00,2,12569077,158805
OK,65,50,910,65,2014-05-24T10:00:00,3,12569526,158805
OK,65,50,910,65,2014-05-24T10:05:00,4,12569975,158805
OK,78,42,910,78,2014-05-24T10:10:00,2,12570424,158805
OK,78,42,910,78,2014-05-24T10:15:00,4,12570873,158805
OK,78,42,910,78,2014-05-24T10:20:00,8,12571322,158805
OK,70,47,910,70,2014-05-24T10:25:00,8,12571771,158805
OK,64,51,910,64,2014-05-24T10:30:00,6,12572220,158805
OK,65,50,910,65,2014-05-24T10:35:00,6,12572669,158805
OK,65,50,910,65,2014-05-24T10:40:00,6,12573118,158805
OK,57,58,910,57,2014-05-24T10:45:00,10,12573567,158805
OK,57,58,910,57,2014-05-24T10:50:00,8,12574016,158805
OK,65,50,910,65,2014-05-24T10:55:00,5,12574465,158805
OK,59,56,910,59,2014-05-24T11:00:00,4,12574914,158805
OK,71,46,910,71,2014-05-24T11:05:00,2,12575363,158805
OK,79,41,910,79,2014-05-24T11:10:00,5,12575812,158805
OK,77,43,910,77,2014-05-24T11:15:00,6,12576261,158805
OK,67,49,910,67,2014-05-24T11:20:00,3,12576710,158805
OK,68,48,910,68,2014-05-24T11:25:00,4,12577159,158805
OK,67,49,910,67,2014-05-24T11:30:00,4,12577608,158805
OK,58,57,910,58,2014-05-24T11:35:00,3,12578057,158805
OK,58,57,910,58,2014-05-24T11:40:00,3,12578506,158805
OK,54,61,910,54,2014-05-24T11:45:00,4,12578955,158805
OK,58,57,910,58,2014-05-24T11:50:00,5,12579404,158805
OK,73,45,910,73,2014-05-24T11:55:00,6,12579853,158805
OK,72,46,910,72,2014-05-24T12:00:00,5,12580302,158805
OK,60,55,910,60,2014-05-24T12:05:00,5,12580751,158805
OK,66,50,910,66,2014-05-24T12:10:00,4,12581200,158805
OK,75,44,910,75,2014-05-24T12:15:00,7,12581649,158805
OK,88,37,910,88,2014-05-24T12:20:00,4,12582098,158805
OK,72,46,910,72,2014-05-24T12:25:00,6,12582547,158805
OK,54,61,910,54,2014-05-24T12:30:00,3,12582996,158805
OK,73,45,910,73,2014-05-24T12:35:00,2,12583445,158805
OK,91,36,910,91,2014-05-24T12:40:00,2,12583894,158805
OK,69,48,910,69,2014-05-24T12:45:00,2,12584343,158805
OK,57,58,910,57,2014-05-24T12:50:00,1,12584792,158805
OK,72,46,910,72,2014-05-24T12:55:00,1,12585241,158805
OK,69,48,910,69,2014-05-24T13:00:00,3,12585690,158805
OK,64,51,910,64,2014-05-24T13:05:00,5,12586139,158805
OK,62,53,910,62,2014-05-24T13:10:00,4,12586588,158805
OK,57,58,910,57,2014-05-24T13:15:00,2,12587037,158805
OK,64,51,910,64,2014-05-24T13:20:00,3,12587486,158805
OK,70,47,910,70,2014-05-24T13:25:00,4,12587935,158805
OK,55,60,910,55,2014-05-24T13:30:00,3,12588384,158805
OK,59,56,910,59,2014-05-24T13:35:00,2,12588833,158805
OK,60,55,910,60,2014-05-24T13:40:00,7,12589282,158805
OK,60,55,910,60,2014-05-24T13:45:00,9,12589731,158805
OK,65,50,910,65,2014-05-24T13:50:00,3,12590180,158805
OK,63,52,910,63,2014-05-24T13:55:00,4,12590629,158805
OK,63,52,910,63,2014-05-24T14:00:00,4,12591078,158805
OK,73,45,910,73,2014-05-24T14:05:00,1,12591527,158805
OK,66,50,910,66,2014-05-24T14:10:00,4,12591976,158805
OK,70,47,910,70,2014-05-24T14:15:00,3,12592425,158805
OK,81,40,910,81,2014-05-24T14:20:00,2,12592874,158805
OK,56,59,910,56,2014-05-24T14:25:00,3,12593323,158805
OK,56,59,910,56,2014-05-24T14:30:00,3,12593772,158805
OK,62,53,910,62,2014-05-24T14:35:00,2,12594221,158805
OK,57,58,910,57,2014-05-24T14:40:00,4,12594670,158805
OK,58,57,910,58,2014-05-24T14:45:00,3,12595119,158805
OK,60,55,910,60,2014-05-24T14:50:00,6,12595568,158805
OK,65,50,910,65,2014-05-24T14:55:00,5,12596017,158805
OK,51,64,910,51,2014-05-24T15:00:00,4,12596466,158805
OK,58,57,910,58,2014-05-24T15:05:00,4,12596915,158805
OK,60,55,910,60,2014-05-24T15:10:00,4,12597364,158805
OK,64,51,910,64,2014-05-24T15:15:00,5,12597813,158805
OK,50,66,910,50,2014-05-24T15:20:00,3,12598262,158805
OK,70,47,910,70,2014-05-24T15:25:00,2,12598711,158805
OK,63,52,910,63,2014-05-24T15:30:00,7,12599160,158805
OK,53,62,910,53,2014-05-24T15:35:00,4,12599609,158805
OK,57,58,910,57,2014-05-24T15:40:00,2,12600058,158805
OK,78,42,910,78,2014-05-24T15:45:00,4,12600507,158805
OK,62,53,910,62,2014-05-24T15:50:00,5,12600956,158805
OK,67,49,910,67,2014-05-24T15:55:00,4,12601405,158805
OK,67,49,910,67,2014-05-24T16:00:00,4,12601854,158805
OK,82,40,910,82,2014-05-24T16:05:00,5,12602303,158805
OK,79,41,910,79,2014-05-24T16:10:00,7,12602752,158805
OK,57,58,910,57,2014-05-24T16:15:00,4,12603201,158805
OK,52,63,910,52,2014-05-24T16:20:00,3,12603650,158805
OK,59,56,910,59,2014-05-24T16:25:00,2,12604099,158805
OK,63,52,910,63,2014-05-24T16:30:00,5,12604548,158805
OK,67,49,910,67,2014-05-24T16:35:00,4,12604997,158805
OK,36,92,910,36,2014-05-24T16:40:00,1,12605446,158805
OK,61,54,910,61,2014-05-24T16:45:00,2,12605895,158805
OK,71,46,910,71,2014-05-24T16:50:00,2,12606344,158805
OK,57,58,910,57,2014-05-24T16:55:00,1,12606793,158805
OK,57,58,910,57,2014-05-24T17:00:00,0,12607242,158805
OK,62,53,910,62,2014-05-24T17:05:00,2,12607691,158805
OK,62,53,910,62,2014-05-24T17:10:00,2,12608140,158805
OK,55,60,910,55,2014-05-24T17:15:00,0,12608589,158805
OK,63,52,910,63,2014-05-24T17:20:00,1,12609038,158805
OK,63,52,910,63,2014-05-24T17:25:00,1,12609487,158805
OK,76,43,910,76,2014-05-24T17:30:00,1,12609936,158805
OK,77,43,910,77,2014-05-24T17:35:00,4,12610385,158805
OK,82,40,910,82,2014-05-24T17:40:00,1,12610834,158805
OK,119,27,910,119,2014-05-24T17:45:00,2,12611283,158805
OK,119,27,910,119,2014-05-24T17:50:00,2,12611732,158805
OK,119,27,910,119,2014-05-24T17:55:00,0,12612181,158805
OK,47,70,910,47,2014-05-24T18:00:00,1,12612630,158805
OK,51,64,910,51,2014-05-24T18:05:00,2,12613079,158805
OK,58,57,910,58,2014-05-24T18:10:00,2,12613528,158805
OK,58,57,910,58,2014-05-24T18:15:00,2,12613977,158805
OK,51,64,910,51,2014-05-24T18:20:00,1,12614426,158805
OK,51,64,910,51,2014-05-24T18:25:00,1,12614875,158805
OK,51,64,910,51,2014-05-24T18:30:00,0,12615324,158805
OK,67,49,910,67,2014-05-24T18:35:00,5,12615773,158805
OK,67,49,910,67,2014-05-24T18:40:00,5,12616222,158805
OK,59,56,910,59,2014-05-24T18:45:00,2,12616671,158805
OK,87,38,910,87,2014-05-24T18:50:00,1,12617120,158805
OK,87,38,910,87,2014-05-24T18:55:00,1,12617569,158805
OK,62,53,910,62,2014-05-24T19:00:00,0,12618018,158805
OK,62,53,910,62,2014-05-24T19:05:00,0,12618467,158805
OK,49,67,910,49,2014-05-24T19:10:00,1,12618916,158805
OK,49,67,910,49,2014-05-24T19:15:00,3,12619365,158805
OK,56,59,910,56,2014-05-24T19:20:00,2,12619814,158805
OK,60,55,910,60,2014-05-24T19:25:00,1,12620263,158805
OK,62,53,910,62,2014-05-24T19:30:00,2,12620712,158805
OK,58,57,910,58,2014-05-24T19:35:00,1,12621161,158805
OK,42,78,910,42,2014-05-24T19:40:00,1,12621610,158805
OK,61,54,910,61,2014-05-24T19:45:00,1,12622059,158805
OK,58,57,910,58,2014-05-24T19:50:00,2,12622508,158805
OK,72,46,910,72,2014-05-24T19:55:00,2,12622957,158805
OK,89,37,910,89,2014-05-24T20:00:00,1,12623406,158805
OK,48,69,910,48,2014-05-24T20:05:00,2,12623855,158805
OK,48,69,910,48,2014-05-24T20:10:00,2,12624304,158805
OK,54,61,910,54,2014-05-24T20:15:00,1,12624753,158805
OK,57,58,910,57,2014-05-24T20:20:00,2,12625202,158805
OK,60,55,910,60,2014-05-24T20:25:00,1,12625651,158805
OK,50,66,910,50,2014-05-24T20:30:00,1,12626100,158805
OK,58,57,910,58,2014-05-24T20:35:00,1,12626549,158805
OK,58,57,910,58,2014-05-24T20:40:00,1,12626998,158805
OK,67,49,910,67,2014-05-24T20:45:00,1,12627447,158805
OK,67,49,910,67,2014-05-24T20:50:00,1,12627896,158805
OK,67,49,910,67,2014-05-24T20:55:00,0,12628345,158805
OK,47,70,910,47,2014-05-24T21:00:00,1,12628794,158805
OK,47,70,910,47,2014-05-24T21:05:00,1,12629243,158805
OK,69,48,910,69,2014-05-24T21:10:00,2,12629692,158805
OK,69,48,910,69,2014-05-24T21:15:00,2,12630141,158805
OK,60,55,910,60,2014-05-24T21:20:00,0,12630590,158805
OK,86,38,910,86,2014-05-24T21:25:00,3,12631039,158805
OK,52,63,910,52,2014-05-24T21:30:00,4,12631488,158805
OK,51,64,910,51,2014-05-24T21:35:00,4,12631937,158805
OK,48,69,910,48,2014-05-24T21:40:00,1,12632386,158805
OK,65,50,910,65,2014-05-24T21:45:00,2,12632835,158805
OK,65,50,910,65,2014-05-24T21:50:00,2,12633284,158805
OK,65,50,910,65,2014-05-24T21:55:00,4,12633733,158805
OK,75,44,910,75,2014-05-24T22:00:00,0,12634182,158805
OK,72,46,910,72,2014-05-24T22:05:00,1,12634631,158805
OK,62,53,910,62,2014-05-24T22:10:00,2,12635080,158805
OK,65,50,910,65,2014-05-24T22:15:00,3,12635529,158805
OK,63,52,910,63,2014-05-24T22:20:00,6,12635978,158805
OK,68,48,910,68,2014-05-24T22:25:00,7,12636427,158805
OK,44,75,910,44,2014-05-24T22:30:00,1,12636876,158805
OK,60,55,910,60,2014-05-24T22:35:00,1,12637325,158805
OK,60,55,910,60,2014-05-24T22:40:00,0,12637774,158805
OK,60,55,910,60,2014-05-24T22:45:00,0,12638223,158805
OK,62,53,910,62,2014-05-24T22:50:00,1,12638672,158805
OK,54,61,910,54,2014-05-24T22:55:00,1,12639121,158805
OK,54,61,910,54,2014-05-24T23:00:00,1,12639570,158805
OK,69,48,910,69,2014-05-24T23:15:00,0,12640228,158805
OK,69,48,910,69,2014-05-24T23:25:00,0,12640847,158805
OK,69,48,910,69,2014-05-24T23:30:00,0,12641296,158805
OK,69,48,910,69,2014-05-24T23:35:00,0,12641745,158805
OK,69,48,910,69,2014-05-24T23:40:00,0,12642194,158805
OK,69,48,910,69,2014-05-24T23:45:00,0,12642643,158805
OK,69,48,910,69,2014-05-24T23:50:00,0,12643092,158805
OK,69,48,910,69,2014-05-24T23:55:00,0,12643541,158805
OK,69,48,910,69,2014-05-25T00:00:00,0,12643990,158805
OK,69,48,910,69,2014-05-25T00:05:00,0,12644439,158805
OK,69,48,910,69,2014-05-25T00:10:00,0,12644888,158805
OK,69,48,910,69,2014-05-25T00:15:00,0,12645337,158805
OK,69,48,910,69,2014-05-25T00:20:00,0,12645786,158805
OK,50,66,910,50,2014-05-25T00:25:00,1,12646235,158805
OK,50,66,910,50,2014-05-25T00:30:00,0,12646684,158805
OK,50,66,910,50,2014-05-25T00:35:00,0,12647133,158805
OK,50,66,910,50,2014-05-25T00:40:00,0,12647582,158805
OK,39,84,910,39,2014-05-25T00:45:00,1,12648031,158805
OK,39,84,910,39,2014-05-25T00:50:00,1,12648480,158805
OK,39,84,910,39,2014-05-25T00:55:00,0,12648929,158805
OK,39,84,910,39,2014-05-25T01:00:00,0,12649378,158805
OK,39,84,910,39,2014-05-25T01:05:00,0,12649827,158805
OK,39,84,910,39,2014-05-25T01:10:00,0,12650276,158805
OK,39,84,910,39,2014-05-25T01:15:00,0,12650725,158805
OK,39,84,910,39,2014-05-25T01:20:00,0,12651174,158805
OK,39,84,910,39,2014-05-25T01:25:00,0,12651623,158805
OK,39,84,910,39,2014-05-25T01:30:00,0,12652072,158805
OK,54,61,910,54,2014-05-25T01:35:00,0,12652521,158805
OK,54,61,910,54,2014-05-25T01:40:00,0,12652970,158805
OK,40,82,910,40,2014-05-25T01:45:00,1,12653419,158805
OK,40,82,910,40,2014-05-25T01:50:00,1,12653868,158805
OK,40,82,910,40,2014-05-25T01:55:00,0,12654317,158805
OK,40,82,910,40,2014-05-25T02:00:00,0,12654766,158805
OK,40,82,910,40,2014-05-25T02:05:00,0,12655215,158805
OK,40,82,910,40,2014-05-25T02:10:00,0,12655664,158805
OK,40,82,910,40,2014-05-25T02:15:00,0,12656113,158805
OK,40,82,910,40,2014-05-25T02:20:00,0,12656562,158805
OK,40,82,910,40,2014-05-25T02:25:00,0,12657011,158805
OK,40,82,910,40,2014-05-25T02:30:00,0,12657460,158805
OK,40,82,910,40,2014-05-25T02:35:00,0,12657909,158805
OK,40,82,910,40,2014-05-25T02:40:00,0,12658358,158805
OK,40,82,910,40,2014-05-25T02:45:00,0,12658807,158805
OK,40,82,910,40,2014-05-25T02:50:00,0,12659256,158805
OK,40,82,910,40,2014-05-25T02:55:00,0,12659705,158805
OK,50,66,910,50,2014-05-25T03:00:00,1,12660154,158805
OK,50,66,910,50,2014-05-25T03:05:00,0,12660603,158805
OK,50,66,910,50,2014-05-25T03:10:00,0,12661052,158805
OK,50,66,910,50,2014-05-25T03:15:00,0,12661501,158805
OK,50,66,910,50,2014-05-25T03:20:00,0,12661950,158805
OK,41,80,910,41,2014-05-25T03:25:00,1,12662399,158805
OK,41,80,910,41,2014-05-25T03:30:00,1,12662848,158805
OK,41,80,910,41,2014-05-25T03:35:00,0,12663297,158805
OK,41,80,910,41,2014-05-25T03:40:00,0,12663746,158805
OK,41,80,910,41,2014-05-25T03:45:00,0,12664195,158805
OK,41,80,910,41,2014-05-25T03:50:00,0,12664644,158805
OK,62,53,910,62,2014-05-25T03:55:00,1,12665093,158805
OK,62,53,910,62,2014-05-25T04:05:00,0,12665990,158805
OK,62,53,910,62,2014-05-25T04:10:00,0,12666428,158805
OK,62,53,910,62,2014-05-25T04:15:00,0,12666877,158805
OK,62,53,910,62,2014-05-25T04:20:00,0,12667326,158805
OK,62,53,910,62,2014-05-25T04:25:00,0,12667775,158805
OK,62,53,910,62,2014-05-25T04:35:00,0,12668672,158805
OK,62,53,910,62,2014-05-25T04:40:00,0,12669120,158805
OK,62,53,910,62,2014-05-25T04:55:00,0,12670467,158805
OK,62,53,910,62,2014-05-25T05:05:00,0,12671364,158805
OK,50,66,910,50,2014-05-25T05:10:00,1,12671812,158805
OK,50,66,910,50,2014-05-25T05:15:00,0,12672261,158805
OK,50,66,910,50,2014-05-25T05:20:00,0,12672710,158805
OK,75,44,910,75,2014-05-25T05:30:00,1,12673608,158805
OK,75,44,910,75,2014-05-25T05:35:00,0,12674055,158805
OK,75,44,910,75,2014-05-25T05:40:00,0,12674504,158805
OK,61,54,910,61,2014-05-25T05:50:00,1,12675402,158805
OK,50,66,910,50,2014-05-25T06:00:00,0,12676272,158805
OK,50,66,910,50,2014-05-25T06:05:00,0,12676721,158805
OK,50,66,910,50,2014-05-25T06:10:00,0,12677170,158805
OK,53,62,910,53,2014-05-25T06:15:00,1,12677619,158805
OK,53,62,910,53,2014-05-25T06:20:00,1,12678068,158805
OK,61,54,910,61,2014-05-25T06:25:00,1,12678517,158805
OK,61,54,910,61,2014-05-25T06:30:00,1,12678966,158805
OK,61,54,910,61,2014-05-25T06:35:00,0,12679415,158805
OK,61,54,910,61,2014-05-25T06:40:00,0,12679864,158805
OK,61,54,910,61,2014-05-25T06:45:00,0,12680313,158805
OK,60,55,910,60,2014-05-25T06:50:00,2,12680762,158805
OK,70,47,910,70,2014-05-25T06:55:00,1,12681211,158805
OK,65,50,910,65,2014-05-25T07:00:00,1,12681660,158805
OK,65,50,910,65,2014-05-25T07:05:00,1,12682109,158805
OK,54,61,910,54,2014-05-25T07:10:00,1,12682558,158805
OK,54,61,910,54,2014-05-25T07:15:00,1,12683007,158805
OK,58,57,910,58,2014-05-25T07:20:00,1,12683456,158805
OK,58,57,910,58,2014-05-25T07:25:00,1,12683905,158805
OK,58,57,910,58,2014-05-25T07:30:00,0,12684354,158805
OK,60,55,910,60,2014-05-25T07:35:00,1,12684803,158805
OK,60,55,910,60,2014-05-25T07:40:00,0,12685252,158805
OK,67,49,910,67,2014-05-25T07:45:00,1,12685701,158805
OK,72,46,910,72,2014-05-25T07:50:00,3,12686150,158805
OK,76,43,910,76,2014-05-25T07:55:00,3,12686599,158805
OK,87,38,910,87,2014-05-25T08:00:00,3,12687048,158805
OK,87,38,910,87,2014-05-25T08:05:00,3,12687497,158805
OK,44,75,910,44,2014-05-25T08:10:00,1,12687946,158805
OK,45,73,910,45,2014-05-25T08:15:00,2,12688395,158805
OK,53,62,910,53,2014-05-25T08:20:00,2,12688844,158805
OK,92,36,910,92,2014-05-25T08:25:00,1,12689293,158805
OK,92,36,910,92,2014-05-25T08:30:00,1,12689742,158805
OK,62,53,910,62,2014-05-25T08:35:00,1,12690191,158805
OK,66,50,910,66,2014-05-25T08:40:00,2,12690640,158805
OK,70,47,910,70,2014-05-25T08:45:00,0,12691089,158805
OK,48,69,910,48,2014-05-25T08:50:00,1,12691538,158805
OK,64,51,910,64,2014-05-25T08:55:00,3,12691987,158805
OK,68,48,910,68,2014-05-25T09:00:00,2,12692436,158805
OK,64,51,910,64,2014-05-25T09:05:00,1,12692885,158805
OK,63,52,910,63,2014-05-25T09:10:00,7,12693334,158805
OK,64,51,910,64,2014-05-25T09:15:00,6,12693783,158805
OK,68,48,910,68,2014-05-25T09:20:00,3,12694232,158805
OK,66,50,910,66,2014-05-25T09:25:00,3,12694681,158805
OK,51,64,910,51,2014-05-25T09:30:00,2,12695130,158805
OK,45,73,910,45,2014-05-25T09:35:00,1,12695579,158805
OK,55,60,910,55,2014-05-25T09:40:00,3,12696028,158805
OK,45,73,910,45,2014-05-25T09:45:00,1,12696477,158805
OK,68,48,910,68,2014-05-25T09:50:00,2,12696926,158805
OK,78,42,910,78,2014-05-25T09:55:00,5,12697375,158805
OK,79,41,910,79,2014-05-25T10:00:00,0,12697824,158805
OK,52,63,910,52,2014-05-25T10:05:00,1,12698273,158805
OK,52,63,910,52,2014-05-25T10:10:00,1,12698722,158805
OK,57,58,910,57,2014-05-25T10:15:00,1,12699171,158805
OK,59,56,910,59,2014-05-25T10:20:00,6,12699620,158805
OK,61,54,910,61,2014-05-25T10:25:00,10,12700069,158805
OK,59,56,910,59,2014-05-25T10:30:00,10,12700518,158805
OK,58,57,910,58,2014-05-25T10:35:00,7,12700967,158805
OK,58,57,910,58,2014-05-25T10:40:00,6,12701416,158805
OK,71,46,910,71,2014-05-25T10:45:00,5,12701865,158805
OK,74,44,910,74,2014-05-25T10:50:00,3,12702314,158805
OK,74,44,910,74,2014-05-25T10:55:00,3,12702763,158805
OK,69,48,910,69,2014-05-25T11:00:00,2,12703212,158805
OK,82,40,910,82,2014-05-25T11:05:00,2,12703661,158805
OK,84,39,910,84,2014-05-25T11:10:00,3,12704110,158805
OK,71,46,910,71,2014-05-25T11:15:00,2,12704559,158805
OK,56,59,910,56,2014-05-25T11:20:00,3,12705008,158805
OK,56,59,910,56,2014-05-25T11:25:00,3,12705457,158805
OK,55,60,910,55,2014-05-25T11:30:00,0,12705906,158805
OK,57,58,910,57,2014-05-25T11:35:00,2,12706355,158805
OK,56,59,910,56,2014-05-25T11:40:00,3,12706804,158805
OK,49,67,910,49,2014-05-25T11:45:00,2,12707253,158805
OK,54,61,910,54,2014-05-25T11:50:00,5,12707702,158805
OK,67,49,910,67,2014-05-25T11:55:00,5,12708151,158805
OK,63,52,910,63,2014-05-25T12:00:00,5,12708600,158805
OK,63,52,910,63,2014-05-25T12:05:00,3,12709049,158805
OK,114,29,910,114,2014-05-25T12:10:00,0,12709498,158805
OK,54,61,910,54,2014-05-25T12:15:00,3,12709947,158805
OK,56,59,910,56,2014-05-25T12:20:00,3,12710396,158805
OK,65,50,910,65,2014-05-25T12:25:00,5,12710845,158805
OK,65,50,910,65,2014-05-25T12:30:00,5,12711294,158805
OK,61,54,910,61,2014-05-25T12:35:00,5,12711743,158805
OK,59,56,910,59,2014-05-25T12:40:00,8,12712192,158805
OK,56,59,910,56,2014-05-25T12:45:00,3,12712641,158805
OK,45,73,910,45,2014-05-25T12:50:00,2,12713090,158805
OK,60,55,910,60,2014-05-25T12:55:00,7,12713539,158805
OK,59,56,910,59,2014-05-25T13:00:00,6,12713988,158805
OK,61,54,910,61,2014-05-25T13:05:00,2,12714437,158805
OK,53,62,910,53,2014-05-25T13:10:00,4,12714886,158805
OK,61,54,910,61,2014-05-25T13:15:00,4,12715335,158805
OK,50,66,910,50,2014-05-25T13:20:00,3,12715784,158805
OK,51,64,910,51,2014-05-25T13:25:00,4,12716233,158805
OK,72,46,910,72,2014-05-25T13:30:00,3,12716682,158805
OK,64,51,910,64,2014-05-25T13:35:00,1,12717131,158805
OK,64,51,910,64,2014-05-25T13:40:00,3,12717580,158805
OK,66,50,910,66,2014-05-25T13:45:00,5,12718029,158805
OK,62,53,910,62,2014-05-25T13:50:00,7,12718478,158805
OK,55,60,910,55,2014-05-25T13:55:00,6,12718927,158805
OK,64,51,910,64,2014-05-25T14:00:00,3,12719376,158805
OK,60,55,910,60,2014-05-25T14:05:00,2,12719825,158805
OK,57,58,910,57,2014-05-25T14:10:00,1,12720274,158805
OK,60,55,910,60,2014-05-25T14:15:00,2,12720723,158805
OK,60,55,910,60,2014-05-25T14:20:00,2,12721172,158805
OK,64,51,910,64,2014-05-25T14:25:00,6,12721621,158805
OK,55,60,910,55,2014-05-25T14:30:00,3,12722070,158805
OK,55,60,910,55,2014-05-25T14:35:00,1,12722519,158805
OK,55,60,910,55,2014-05-25T14:40:00,0,12722968,158805
OK,53,62,910,53,2014-05-25T14:45:00,3,12723417,158805
OK,50,66,910,50,2014-05-25T14:50:00,5,12723866,158805
OK,49,67,910,49,2014-05-25T14:55:00,7,12724315,158805
OK,59,56,910,59,2014-05-25T15:00:00,4,12724764,158805
OK,59,56,910,59,2014-05-25T15:05:00,2,12725213,158805
OK,54,61,910,54,2014-05-25T15:10:00,3,12725662,158805
OK,58,57,910,58,2014-05-25T15:15:00,2,12726111,158805
OK,67,49,910,67,2014-05-25T15:20:00,1,12726560,158805
OK,65,50,910,65,2014-05-25T15:25:00,1,12727009,158805
OK,54,61,910,54,2014-05-25T15:30:00,3,12727458,158805
OK,54,61,910,54,2014-05-25T15:35:00,2,12727907,158805
OK,57,58,910,57,2014-05-25T15:40:00,2,12728356,158805
OK,61,54,910,61,2014-05-25T15:45:00,1,12728805,158805
OK,58,57,910,58,2014-05-25T15:50:00,4,12729254,158805
OK,57,58,910,57,2014-05-25T15:55:00,9,12729703,158805
OK,59,56,910,59,2014-05-25T16:00:00,7,12730152,158805
OK,53,62,910,53,2014-05-25T16:05:00,3,12730601,158805
OK,50,66,910,50,2014-05-25T16:10:00,2,12731050,158805
OK,58,57,910,58,2014-05-25T16:15:00,3,12731499,158805
OK,66,50,910,66,2014-05-25T16:20:00,6,12731948,158805
OK,55,60,910,55,2014-05-25T16:25:00,5,12732397,158805
OK,48,69,910,48,2014-05-25T16:30:00,4,12732846,158805
OK,57,58,910,57,2014-05-25T16:35:00,3,12733295,158805
OK,61,54,910,61,2014-05-25T16:40:00,2,12733744,158805
OK,66,50,910,66,2014-05-25T16:45:00,1,12734193,158805
OK,52,63,910,52,2014-05-25T16:50:00,1,12734642,158805
OK,52,63,910,52,2014-05-25T16:55:00,1,12735091,158805
OK,49,67,910,49,2014-05-25T17:00:00,1,12735540,158805
OK,52,63,910,52,2014-05-25T17:05:00,3,12735989,158805
OK,57,58,910,57,2014-05-25T17:10:00,2,12736438,158805
OK,58,57,910,58,2014-05-25T17:15:00,2,12736887,158805
OK,62,53,910,62,2014-05-25T17:20:00,3,12737336,158805
OK,62,53,910,62,2014-05-25T17:25:00,1,12737785,158805
OK,62,53,910,62,2014-05-25T17:30:00,0,12738234,158805
OK,57,58,910,57,2014-05-25T17:35:00,1,12738683,158805
OK,57,58,910,57,2014-05-25T17:40:00,1,12739132,158805
OK,61,54,910,61,2014-05-25T17:45:00,3,12739581,158805
OK,62,53,910,62,2014-05-25T17:50:00,2,12740030,158805
OK,77,43,910,77,2014-05-25T17:55:00,1,12740479,158805
OK,77,43,910,77,2014-05-25T18:00:00,1,12740928,158805
OK,50,66,910,50,2014-05-25T18:05:00,1,12741377,158805
OK,50,66,910,50,2014-05-25T18:10:00,0,12741826,158805
OK,50,66,910,50,2014-05-25T18:15:00,0,12742275,158805
OK,50,66,910,50,2014-05-25T18:20:00,0,12742724,158805
OK,50,66,910,50,2014-05-25T18:25:00,0,12743173,158805
OK,44,75,910,44,2014-05-25T18:30:00,2,12743622,158805
OK,44,75,910,44,2014-05-25T18:35:00,1,12744071,158805
OK,44,75,910,44,2014-05-25T18:40:00,0,12744520,158805
OK,41,80,910,41,2014-05-25T18:45:00,2,12744969,158805
OK,50,66,910,50,2014-05-25T18:50:00,1,12745418,158805
OK,56,59,910,56,2014-05-25T18:55:00,3,12745867,158805
OK,54,61,910,54,2014-05-25T19:00:00,1,12746316,158805
OK,39,84,910,39,2014-05-25T19:05:00,1,12746765,158805
OK,39,84,910,39,2014-05-25T19:10:00,1,12747214,158805
OK,39,84,910,39,2014-05-25T19:15:00,0,12747663,158805
OK,39,84,910,39,2014-05-25T19:20:00,0,12748112,158805
OK,61,54,910,61,2014-05-25T19:25:00,3,12748561,158805
OK,58,57,910,58,2014-05-25T19:30:00,6,12749010,158805
OK,56,59,910,56,2014-05-25T19:35:00,3,12749459,158805
OK,53,62,910,53,2014-05-25T19:40:00,1,12749908,158805
OK,53,62,910,53,2014-05-25T19:45:00,0,12750357,158805
OK,91,36,910,91,2014-05-25T19:50:00,1,12750806,158805
OK,91,36,910,91,2014-05-25T19:55:00,0,12751255,158805
OK,91,36,910,91,2014-05-25T20:00:00,0,12751704,158805
OK,91,36,910,91,2014-05-25T20:05:00,0,12752153,158805
OK,91,36,910,91,2014-05-25T20:10:00,0,12752602,158805
OK,91,36,910,91,2014-05-25T20:15:00,0,12753051,158805
OK,91,36,910,91,2014-05-25T20:20:00,0,12753500,158805
OK,91,36,910,91,2014-05-25T20:25:00,0,12753949,158805
OK,50,66,910,50,2014-05-25T20:30:00,1,12754398,158805
OK,50,66,910,50,2014-05-25T20:35:00,1,12754847,158805
OK,50,66,910,50,2014-05-25T20:40:00,0,12755296,158805
OK,50,66,910,50,2014-05-25T20:45:00,0,12755745,158805
OK,53,62,910,53,2014-05-25T20:50:00,1,12756194,158805
OK,61,54,910,61,2014-05-25T20:55:00,4,12756643,158805
OK,63,52,910,63,2014-05-25T21:00:00,5,12757092,158805
OK,66,50,910,66,2014-05-25T21:05:00,0,12757541,158805
OK,52,63,910,52,2014-05-25T21:10:00,1,12757990,158805
OK,52,63,910,52,2014-05-25T21:15:00,1,12758439,158805
OK,98,33,910,98,2014-05-25T21:20:00,1,12758888,158805
OK,98,33,910,98,2014-05-25T21:25:00,0,12759337,158805
OK,98,33,910,98,2014-05-25T21:30:00,0,12759786,158805
OK,98,33,910,98,2014-05-25T21:35:00,0,12760235,158805
OK,98,33,910,98,2014-05-25T21:40:00,0,12760684,158805
OK,98,33,910,98,2014-05-25T21:45:00,0,12761133,158805
OK,98,33,910,98,2014-05-25T21:50:00,0,12761582,158805
OK,98,33,910,98,2014-05-25T21:55:00,0,12762031,158805
OK,98,33,910,98,2014-05-25T22:00:00,0,12762480,158805
OK,98,33,910,98,2014-05-25T22:05:00,0,12762929,158805
OK,98,33,910,98,2014-05-25T22:10:00,0,12763378,158805
OK,98,33,910,98,2014-05-25T22:15:00,0,12763827,158805
OK,62,53,910,62,2014-05-25T22:20:00,1,12764276,158805
OK,62,53,910,62,2014-05-25T22:25:00,0,12764725,158805
OK,62,53,910,62,2014-05-25T22:30:00,0,12765174,158805
OK,62,53,910,62,2014-05-25T22:35:00,0,12765623,158805
OK,62,53,910,62,2014-05-25T22:40:00,0,12766072,158805
OK,62,53,910,62,2014-05-25T22:45:00,0,12766521,158805
OK,62,53,910,62,2014-05-25T22:50:00,0,12766970,158805
OK,62,53,910,62,2014-05-25T22:55:00,0,12767419,158805
OK,62,53,910,62,2014-05-25T23:00:00,0,12767868,158805
OK,51,64,910,51,2014-05-25T23:05:00,2,12768317,158805
OK,51,64,910,51,2014-05-25T23:10:00,2,12768766,158805
OK,50,66,910,50,2014-05-25T23:15:00,1,12769215,158805
OK,50,66,910,50,2014-05-25T23:20:00,0,12769664,158805
OK,50,66,910,50,2014-05-25T23:25:00,0,12770113,158805
OK,50,66,910,50,2014-05-25T23:30:00,0,12770562,158805
OK,50,66,910,50,2014-05-25T23:35:00,0,12771011,158805
OK,50,66,910,50,2014-05-25T23:40:00,0,12771460,158805
OK,50,66,910,50,2014-05-25T23:45:00,0,12771909,158805
OK,50,66,910,50,2014-05-25T23:50:00,0,12772358,158805
OK,50,66,910,50,2014-05-25T23:55:00,0,12772807,158805
OK,50,66,910,50,2014-05-26T00:00:00,0,12773256,158805
OK,50,66,910,50,2014-05-26T00:20:00,0,12774218,158805
OK,50,66,910,50,2014-05-26T00:25:00,0,12774667,158805
OK,50,66,910,50,2014-05-26T00:30:00,0,12775116,158805
OK,50,66,910,50,2014-05-26T00:35:00,0,12775565,158805
OK,50,66,910,50,2014-05-26T00:40:00,0,12776014,158805
OK,50,66,910,50,2014-05-26T00:45:00,0,12776463,158805
OK,50,66,910,50,2014-05-26T00:50:00,0,12776912,158805
OK,50,66,910,50,2014-05-26T00:55:00,0,12777361,158805
OK,50,66,910,50,2014-05-26T01:00:00,0,12777810,158805
OK,50,66,910,50,2014-05-26T01:05:00,0,12778259,158805
OK,50,66,910,50,2014-05-26T01:10:00,0,12778708,158805
OK,50,66,910,50,2014-05-26T01:15:00,0,12779157,158805
OK,50,66,910,50,2014-05-26T01:20:00,0,12779606,158805
OK,50,66,910,50,2014-05-26T01:25:00,0,12780055,158805
OK,50,66,910,50,2014-05-26T01:30:00,0,12780504,158805
OK,50,66,910,50,2014-05-26T01:35:00,0,12780953,158805
OK,50,66,910,50,2014-05-26T01:40:00,0,12781402,158805
OK,50,66,910,50,2014-05-26T01:45:00,0,12781851,158805
OK,50,66,910,50,2014-05-26T01:50:00,0,12782300,158805
OK,50,66,910,50,2014-05-26T01:55:00,0,12782749,158805
OK,50,66,910,50,2014-05-26T02:00:00,0,12783198,158805
OK,49,67,910,49,2014-05-26T02:05:00,0,12783647,158805
OK,49,67,910,49,2014-05-26T02:10:00,0,12784096,158805
OK,49,67,910,49,2014-05-26T02:15:00,0,12784545,158805
OK,49,67,910,49,2014-05-26T02:20:00,0,12784994,158805
OK,49,67,910,49,2014-05-26T02:25:00,0,12785443,158805
OK,49,67,910,49,2014-05-26T02:30:00,0,12785892,158805
OK,49,67,910,49,2014-05-26T02:35:00,0,12786341,158805
OK,49,67,910,49,2014-05-26T02:40:00,0,12786790,158805
OK,49,67,910,49,2014-05-26T02:45:00,0,12787239,158805
OK,49,67,910,49,2014-05-26T02:50:00,0,12787688,158805
OK,49,67,910,49,2014-05-26T02:55:00,0,12788137,158805
OK,49,67,910,49,2014-05-26T03:00:00,0,12788586,158805
OK,49,67,910,49,2014-05-26T03:05:00,0,12789035,158805
OK,49,67,910,49,2014-05-26T03:10:00,0,12789484,158805
OK,49,67,910,49,2014-05-26T03:15:00,0,12789933,158805
OK,49,67,910,49,2014-05-26T03:20:00,0,12790382,158805
OK,57,58,910,57,2014-05-26T03:25:00,3,12790831,158805
OK,57,58,910,57,2014-05-26T03:30:00,1,12791280,158805
OK,57,58,910,57,2014-05-26T03:35:00,0,12791729,158805
OK,56,59,910,56,2014-05-26T03:40:00,5,12792178,158805
OK,54,61,910,54,2014-05-26T03:45:00,5,12792627,158805
OK,52,63,910,52,2014-05-26T03:50:00,2,12793076,158805
OK,52,63,910,52,2014-05-26T03:55:00,0,12793525,158805
OK,68,48,910,68,2014-05-26T04:00:00,1,12793974,158805
OK,68,48,910,68,2014-05-26T04:05:00,1,12794423,158805
OK,66,50,910,66,2014-05-26T04:10:00,2,12794872,158805
OK,55,60,910,55,2014-05-26T04:15:00,4,12795321,158805
OK,52,63,910,52,2014-05-26T04:20:00,2,12795770,158805
OK,57,58,910,57,2014-05-26T04:25:00,1,12796219,158805
OK,57,58,910,57,2014-05-26T04:30:00,0,12796668,158805
OK,57,58,910,57,2014-05-26T04:35:00,0,12797117,158805
OK,53,62,910,53,2014-05-26T04:40:00,2,12797566,158805
OK,53,62,910,53,2014-05-26T04:45:00,2,12798015,158805
OK,83,39,910,83,2014-05-26T04:50:00,3,12798464,158805
OK,61,54,910,61,2014-05-26T04:55:00,5,12798913,158805
OK,62,53,910,62,2014-05-26T05:00:00,5,12799362,158805
OK,64,51,910,64,2014-05-26T05:05:00,2,12799811,158805
OK,59,56,910,59,2014-05-26T05:10:00,3,12800260,158805
OK,62,53,910,62,2014-05-26T05:15:00,4,12800709,158805
OK,64,51,910,64,2014-05-26T05:20:00,7,12801158,158805
OK,68,48,910,68,2014-05-26T05:25:00,5,12801607,158805
OK,54,61,910,54,2014-05-26T05:30:00,5,12802056,158805
OK,71,46,910,71,2014-05-26T05:35:00,7,12802505,158805
OK,67,49,910,67,2014-05-26T05:40:00,11,12802954,158805
OK,69,48,910,69,2014-05-26T05:45:00,11,12803403,158805
OK,68,48,910,68,2014-05-26T05:50:00,5,12803852,158805
OK,64,51,910,64,2014-05-26T05:55:00,5,12804301,158805
OK,68,48,910,68,2014-05-26T06:00:00,0,12804750,158805
OK,52,63,910,52,2014-05-26T06:05:00,3,12805199,158805
OK,55,60,910,55,2014-05-26T06:10:00,5,12805648,158805
OK,77,43,910,77,2014-05-26T06:15:00,3,12806097,158805
OK,77,43,910,77,2014-05-26T06:20:00,2,12806546,158805
OK,77,43,910,77,2014-05-26T06:25:00,2,12806995,158805
OK,60,55,910,60,2014-05-26T06:30:00,1,12807444,158805
OK,62,53,910,62,2014-05-26T06:35:00,5,12807893,158805
OK,62,53,910,62,2014-05-26T06:40:00,9,12808342,158805
OK,63,52,910,63,2014-05-26T06:45:00,13,12808791,158805
OK,63,52,910,63,2014-05-26T06:50:00,13,12809240,158805
OK,59,56,910,59,2014-05-26T06:55:00,5,12809689,158805
OK,75,44,910,75,2014-05-26T07:00:00,1,12810138,158805
OK,75,44,910,75,2014-05-26T07:05:00,5,12810587,158805
OK,74,44,910,74,2014-05-26T07:10:00,4,12811036,158805
OK,68,48,910,68,2014-05-26T07:15:00,10,12811485,158805
OK,66,50,910,66,2014-05-26T07:20:00,14,12811934,158805
OK,66,50,910,66,2014-05-26T07:25:00,9,12812383,158805
OK,68,48,910,68,2014-05-26T07:30:00,8,12812832,158805
OK,68,48,910,68,2014-05-26T07:35:00,5,12813281,158805
OK,63,52,910,63,2014-05-26T07:40:00,7,12813730,158805
OK,63,52,910,63,2014-05-26T07:45:00,10,12814179,158805
OK,66,50,910,66,2014-05-26T07:50:00,8,12814628,158805
OK,61,54,910,61,2014-05-26T07:55:00,8,12815077,158805
OK,61,54,910,61,2014-05-26T08:00:00,12,12815526,158805
OK,58,57,910,58,2014-05-26T08:05:00,14,12815975,158805
OK,59,56,910,59,2014-05-26T08:10:00,11,12816424,158805
OK,62,53,910,62,2014-05-26T08:15:00,6,12816873,158805
OK,60,55,910,60,2014-05-26T08:20:00,4,12817322,158805
OK,62,53,910,62,2014-05-26T08:25:00,6,12817771,158805
OK,63,52,910,63,2014-05-26T08:30:00,6,12818220,158805
OK,47,70,910,47,2014-05-26T08:35:00,5,12818669,158805
OK,67,49,910,67,2014-05-26T08:40:00,10,12819118,158805
OK,79,41,910,79,2014-05-26T08:45:00,11,12819567,158805
OK,63,52,910,63,2014-05-26T08:50:00,12,12820016,158805
OK,64,51,910,64,2014-05-26T08:55:00,15,12820465,158805
OK,65,50,910,65,2014-05-26T09:00:00,13,12820914,158805
OK,65,50,910,65,2014-05-26T09:05:00,14,12821363,158805
OK,59,56,910,59,2014-05-26T09:10:00,8,12821812,158805
OK,55,60,910,55,2014-05-26T09:15:00,11,12822261,158805
OK,61,54,910,61,2014-05-26T09:20:00,12,12822710,158805
OK,56,59,910,56,2014-05-26T09:25:00,12,12823159,158805
OK,61,54,910,61,2014-05-26T09:30:00,7,12823608,158805
OK,57,58,910,57,2014-05-26T09:35:00,5,12824057,158805
OK,63,52,910,63,2014-05-26T09:40:00,1,12824506,158805
OK,59,56,910,59,2014-05-26T09:45:00,4,12824955,158805
OK,61,54,910,61,2014-05-26T09:50:00,8,12825404,158805
OK,62,53,910,62,2014-05-26T09:55:00,8,12825853,158805
OK,58,57,910,58,2014-05-26T10:00:00,8,12826302,158805
OK,58,57,910,58,2014-05-26T10:05:00,6,12826751,158805
OK,59,56,910,59,2014-05-26T10:10:00,4,12827200,158805
OK,62,53,910,62,2014-05-26T10:15:00,4,12827649,158805
OK,58,57,910,58,2014-05-26T10:20:00,4,12828098,158805
OK,63,52,910,63,2014-05-26T10:25:00,11,12828547,158805
OK,64,51,910,64,2014-05-26T10:30:00,10,12828996,158805
OK,67,49,910,67,2014-05-26T10:35:00,10,12829445,158805
OK,64,51,910,64,2014-05-26T10:40:00,5,12829894,158805
OK,60,55,910,60,2014-05-26T10:45:00,6,12830343,158805
OK,74,44,910,74,2014-05-26T10:50:00,8,12830792,158805
OK,61,54,910,61,2014-05-26T10:55:00,8,12831241,158805
OK,58,57,910,58,2014-05-26T11:00:00,10,12831690,158805
OK,59,56,910,59,2014-05-26T11:05:00,9,12832139,158805
OK,67,49,910,67,2014-05-26T11:10:00,8,12832588,158805
OK,71,46,910,71,2014-05-26T11:15:00,10,12833037,158805
OK,70,47,910,70,2014-05-26T11:20:00,10,12833486,158805
OK,58,57,910,58,2014-05-26T11:25:00,7,12833935,158805
OK,63,52,910,63,2014-05-26T11:30:00,10,12834384,158805
OK,67,49,910,67,2014-05-26T11:35:00,15,12834833,158805
OK,67,49,910,67,2014-05-26T11:40:00,9,12835282,158805
OK,61,54,910,61,2014-05-26T11:45:00,9,12835731,158805
OK,64,51,910,64,2014-05-26T11:50:00,14,12836180,158805
OK,67,49,910,67,2014-05-26T11:55:00,13,12836629,158805
OK,67,49,910,67,2014-05-26T12:00:00,11,12837078,158805
OK,66,50,910,66,2014-05-26T12:05:00,10,12837527,158805
OK,64,51,910,64,2014-05-26T12:10:00,8,12837976,158805
OK,66,50,910,66,2014-05-26T12:15:00,11,12838425,158805
OK,66,50,910,66,2014-05-26T12:20:00,13,12838874,158805
OK,63,52,910,63,2014-05-26T12:25:00,8,12839323,158805
OK,60,55,910,60,2014-05-26T12:30:00,7,12839772,158805
OK,58,57,910,58,2014-05-26T12:35:00,11,12840221,158805
OK,58,57,910,58,2014-05-26T12:40:00,16,12840670,158805
OK,64,51,910,64,2014-05-26T12:45:00,10,12841119,158805
OK,61,54,910,61,2014-05-26T12:50:00,3,12841568,158805
OK,76,43,910,76,2014-05-26T12:55:00,9,12842017,158805
OK,75,44,910,75,2014-05-26T13:00:00,14,12842466,158805
OK,66,50,910,66,2014-05-26T13:05:00,13,12842915,158805
OK,59,56,910,59,2014-05-26T13:10:00,10,12843364,158805
OK,81,40,910,81,2014-05-26T13:15:00,13,12843813,158805
OK,65,50,910,65,2014-05-26T13:20:00,13,12844262,158805
OK,72,46,910,72,2014-05-26T13:25:00,18,12844711,158805
OK,71,46,910,71,2014-05-26T13:30:00,19,12845160,158805
OK,66,50,910,66,2014-05-26T13:35:00,16,12845609,158805
OK,70,47,910,70,2014-05-26T13:40:00,16,12846058,158805
OK,87,38,910,87,2014-05-26T13:45:00,18,12846507,158805
OK,80,41,910,80,2014-05-26T13:50:00,20,12846956,158805
OK,71,46,910,71,2014-05-26T13:55:00,16,12847405,158805
OK,71,46,910,71,2014-05-26T14:00:00,18,12847854,158805
OK,65,50,910,65,2014-05-26T14:05:00,20,12848303,158805
OK,59,56,910,59,2014-05-26T14:10:00,18,12848752,158805
OK,66,50,910,66,2014-05-26T14:15:00,22,12849201,158805
OK,69,48,910,69,2014-05-26T14:20:00,25,12849650,158805
OK,66,50,910,66,2014-05-26T14:25:00,13,12850099,158805
OK,59,56,910,59,2014-05-26T14:30:00,13,12850548,158805
OK,59,56,910,59,2014-05-26T14:35:00,16,12850997,158805
OK,61,54,910,61,2014-05-26T14:40:00,9,12851446,158805
OK,62,53,910,62,2014-05-26T14:45:00,9,12851895,158805
OK,58,57,910,58,2014-05-26T14:50:00,12,12852344,158805
OK,57,58,910,57,2014-05-26T14:55:00,14,12852793,158805
OK,61,54,910,61,2014-05-26T15:00:00,17,12853242,158805
OK,62,53,910,62,2014-05-26T15:05:00,13,12853691,158805
OK,62,53,910,62,2014-05-26T15:10:00,9,12854140,158805
OK,58,57,910,58,2014-05-26T15:15:00,5,12854589,158805
OK,64,51,910,64,2014-05-26T15:20:00,2,12855038,158805
OK,64,51,910,64,2014-05-26T15:25:00,5,12855487,158805
OK,64,51,910,64,2014-05-26T15:30:00,7,12855936,158805
OK,67,49,910,67,2014-05-26T15:35:00,12,12856385,158805
OK,66,50,910,66,2014-05-26T15:40:00,9,12856834,158805
OK,108,30,910,108,2014-05-26T15:45:00,1,12857283,158805
OK,57,58,910,57,2014-05-26T15:50:00,4,12857732,158805
OK,57,58,910,57,2014-05-26T15:55:00,3,12858181,158805
OK,65,50,910,65,2014-05-26T16:00:00,1,12858630,158805
OK,54,61,910,54,2014-05-26T16:05:00,2,12859079,158805
OK,57,58,910,57,2014-05-26T16:10:00,4,12859528,158805
OK,60,55,910,60,2014-05-26T16:15:00,5,12859977,158805
OK,58,57,910,58,2014-05-26T16:20:00,4,12860426,158805
OK,55,60,910,55,2014-05-26T16:25:00,1,12860875,158805
OK,81,40,910,81,2014-05-26T16:30:00,3,12861324,158805
OK,53,62,910,53,2014-05-26T16:35:00,5,12861773,158805
OK,59,56,910,59,2014-05-26T16:40:00,7,12862222,158805
OK,65,50,910,65,2014-05-26T16:45:00,2,12862671,158805
OK,71,46,910,71,2014-05-26T16:50:00,3,12863120,158805
OK,69,48,910,69,2014-05-26T16:55:00,4,12863569,158805
OK,62,53,910,62,2014-05-26T17:00:00,4,12864018,158805
OK,56,59,910,56,2014-05-26T17:05:00,4,12864467,158805
OK,48,69,910,48,2014-05-26T17:10:00,3,12864916,158805
OK,45,73,910,45,2014-05-26T17:15:00,3,12865365,158805
OK,55,60,910,55,2014-05-26T17:20:00,2,12865814,158805
OK,60,55,910,60,2014-05-26T17:25:00,2,12866263,158805
OK,54,61,910,54,2014-05-26T17:30:00,1,12866712,158805
OK,54,61,910,54,2014-05-26T17:35:00,0,12867161,158805
OK,58,57,910,58,2014-05-26T17:40:00,1,12867610,158805
OK,68,48,910,68,2014-05-26T17:45:00,4,12868059,158805
OK,68,48,910,68,2014-05-26T17:50:00,4,12868508,158805
OK,53,62,910,53,2014-05-26T17:55:00,2,12868957,158805
OK,53,62,910,53,2014-05-26T18:00:00,1,12869406,158805
OK,53,62,910,53,2014-05-26T18:05:00,1,12869855,158805
OK,64,51,910,64,2014-05-26T18:10:00,1,12870304,158805
OK,56,59,910,56,2014-05-26T18:15:00,3,12870753,158805
OK,56,59,910,56,2014-05-26T18:20:00,3,12871202,158805
OK,57,58,910,57,2014-05-26T18:25:00,0,12871651,158805
OK,61,54,910,61,2014-05-26T18:30:00,3,12872100,158805
OK,62,53,910,62,2014-05-26T18:35:00,3,12872549,158805
OK,60,55,910,60,2014-05-26T18:40:00,1,12872998,158805
OK,55,60,910,55,2014-05-26T18:45:00,2,12873447,158805
OK,51,64,910,51,2014-05-26T18:50:00,1,12873896,158805
OK,64,51,910,64,2014-05-26T18:55:00,4,12874345,158805
OK,64,51,910,64,2014-05-26T19:00:00,4,12874794,158805
OK,59,56,910,59,2014-05-26T19:05:00,1,12875243,158805
OK,58,57,910,58,2014-05-26T19:10:00,2,12875692,158805
OK,57,58,910,57,2014-05-26T19:15:00,2,12876141,158805
OK,56,59,910,56,2014-05-26T19:20:00,6,12876590,158805
OK,55,60,910,55,2014-05-26T19:25:00,6,12877039,158805
OK,60,55,910,60,2014-05-26T19:30:00,5,12877488,158805
OK,57,58,910,57,2014-05-26T19:35:00,3,12877937,158805
OK,64,51,910,64,2014-05-26T19:40:00,1,12878386,158805
OK,55,60,910,55,2014-05-26T19:45:00,1,12878835,158805
OK,51,64,910,51,2014-05-26T19:50:00,1,12879284,158805
OK,47,70,910,47,2014-05-26T19:55:00,1,12879733,158805
OK,58,57,910,58,2014-05-26T20:10:00,2,12880918,158805
OK,66,50,910,66,2014-05-26T20:40:00,0,12883561,158805
OK,69,48,910,69,2014-05-26T20:55:00,0,12884790,158805
OK,69,48,910,69,2014-05-26T21:00:00,0,12885238,158805
OK,69,48,910,69,2014-05-26T21:05:00,0,12885687,158805
OK,69,48,910,69,2014-05-26T21:10:00,0,12886136,158805
OK,69,48,910,69,2014-05-26T21:15:00,0,12886585,158805
OK,69,48,910,69,2014-05-26T21:30:00,0,12887920,158805
OK,69,48,910,69,2014-05-26T21:40:00,0,12888818,158805
OK,69,48,910,69,2014-05-26T21:50:00,0,12889536,158805
OK,46,72,910,46,2014-05-26T22:00:00,0,12890434,158805
OK,46,72,910,46,2014-05-26T22:05:00,0,12890883,158805
OK,46,72,910,46,2014-05-26T22:10:00,0,12891332,158805
OK,46,72,910,46,2014-05-26T22:15:00,0,12891781,158805
OK,49,67,910,49,2014-05-26T22:20:00,1,12892230,158805
OK,46,72,910,46,2014-05-26T22:25:00,1,12892679,158805
OK,46,72,910,46,2014-05-26T22:30:00,0,12893128,158805
OK,46,72,910,46,2014-05-26T22:35:00,0,12893577,158805
OK,46,72,910,46,2014-05-26T22:40:00,0,12894026,158805
OK,46,72,910,46,2014-05-26T22:45:00,0,12894475,158805
OK,46,72,910,46,2014-05-26T22:50:00,0,12894924,158805
OK,46,72,910,46,2014-05-26T22:55:00,0,12895373,158805
OK,46,72,910,46,2014-05-26T23:00:00,0,12895822,158805
OK,46,72,910,46,2014-05-26T23:05:00,0,12896271,158805
OK,46,72,910,46,2014-05-26T23:10:00,0,12896720,158805
OK,46,72,910,46,2014-05-26T23:15:00,0,12897169,158805
OK,46,72,910,46,2014-05-26T23:20:00,0,12897618,158805
OK,46,72,910,46,2014-05-26T23:25:00,0,12898067,158805
OK,46,72,910,46,2014-05-26T23:30:00,0,12898516,158805
OK,46,72,910,46,2014-05-26T23:35:00,0,12898965,158805
OK,46,72,910,46,2014-05-26T23:40:00,0,12899414,158805
OK,46,72,910,46,2014-05-26T23:45:00,0,12899863,158805
OK,46,72,910,46,2014-05-26T23:50:00,0,12900312,158805
OK,46,72,910,46,2014-05-26T23:55:00,0,12900761,158805
OK,46,72,910,46,2014-05-27T00:00:00,0,12901210,158805
OK,46,72,910,46,2014-05-27T00:05:00,0,12901663,158805
OK,46,72,910,46,2014-05-27T00:20:00,0,12902282,158805
OK,46,72,910,46,2014-05-27T00:25:00,0,12902731,158805
OK,46,72,910,46,2014-05-27T00:30:00,0,12903180,158805
OK,46,72,910,46,2014-05-27T00:35:00,0,12903629,158805
OK,46,72,910,46,2014-05-27T00:40:00,0,12904078,158805
OK,46,72,910,46,2014-05-27T00:45:00,0,12904527,158805
OK,46,72,910,46,2014-05-27T00:50:00,0,12904976,158805
OK,46,72,910,46,2014-05-27T00:55:00,0,12905425,158805
OK,46,72,910,46,2014-05-27T01:00:00,0,12905874,158805
OK,46,72,910,46,2014-05-27T01:05:00,0,12906323,158805
OK,46,72,910,46,2014-05-27T01:10:00,0,12906772,158805
OK,46,72,910,46,2014-05-27T01:15:00,0,12907221,158805
OK,46,72,910,46,2014-05-27T01:20:00,0,12907670,158805
OK,46,72,910,46,2014-05-27T01:25:00,0,12908119,158805
OK,46,72,910,46,2014-05-27T01:30:00,0,12908568,158805
OK,46,72,910,46,2014-05-27T01:35:00,0,12909017,158805
OK,46,72,910,46,2014-05-27T01:40:00,0,12909466,158805
OK,46,72,910,46,2014-05-27T01:45:00,0,12909915,158805
OK,46,72,910,46,2014-05-27T01:50:00,0,12910364,158805
OK,46,72,910,46,2014-05-27T01:55:00,0,12910813,158805
OK,46,72,910,46,2014-05-27T02:00:00,0,12911262,158805
OK,46,72,910,46,2014-05-27T02:05:00,0,12911711,158805
OK,46,72,910,46,2014-05-27T02:10:00,0,12912160,158805
OK,46,72,910,46,2014-05-27T02:15:00,0,12912609,158805
OK,46,72,910,46,2014-05-27T02:20:00,0,12913058,158805
OK,46,72,910,46,2014-05-27T02:25:00,0,12913507,158805
OK,46,72,910,46,2014-05-27T02:30:00,0,12913956,158805
OK,58,57,910,58,2014-05-27T02:35:00,2,12914405,158805
OK,58,57,910,58,2014-05-27T02:40:00,0,12914854,158805
OK,58,57,910,58,2014-05-27T02:45:00,0,12915303,158805
OK,58,57,910,58,2014-05-27T02:50:00,0,12915752,158805
OK,58,57,910,58,2014-05-27T02:55:00,0,12916201,158805
OK,58,57,910,58,2014-05-27T03:00:00,0,12916650,158805
OK,58,57,910,58,2014-05-27T03:05:00,0,12917099,158805
OK,58,57,910,58,2014-05-27T03:10:00,0,12917548,158805
OK,58,57,910,58,2014-05-27T03:15:00,0,12917997,158805
OK,58,57,910,58,2014-05-27T03:20:00,0,12918446,158805
OK,58,57,910,58,2014-05-27T03:25:00,0,12918895,158805
OK,46,72,910,46,2014-05-27T03:30:00,1,12919344,158805
OK,67,49,910,67,2014-05-27T03:35:00,3,12919793,158805
OK,80,41,910,80,2014-05-27T03:40:00,3,12920242,158805
OK,70,47,910,70,2014-05-27T03:45:00,2,12920691,158805
OK,77,43,910,77,2014-05-27T03:50:00,1,12921140,158805
OK,56,59,910,56,2014-05-27T03:55:00,2,12921589,158805
OK,55,60,910,55,2014-05-27T04:00:00,5,12922038,158805
OK,57,58,910,57,2014-05-27T04:05:00,4,12922487,158805
OK,90,36,910,90,2014-05-27T04:10:00,1,12922936,158805
OK,90,36,910,90,2014-05-27T04:15:00,1,12923384,158805
OK,54,61,910,54,2014-05-27T04:20:00,1,12923833,158805
OK,54,61,910,54,2014-05-27T04:25:00,1,12924282,158805
OK,51,64,910,51,2014-05-27T04:30:00,2,12924731,158805
OK,69,48,910,69,2014-05-27T04:35:00,2,12925180,158805
OK,69,48,910,69,2014-05-27T04:40:00,2,12925629,158805
OK,70,47,910,70,2014-05-27T04:45:00,2,12926078,158805
OK,64,51,910,64,2014-05-27T04:50:00,4,12926527,158805
OK,61,54,910,61,2014-05-27T04:55:00,7,12926976,158805
OK,61,54,910,61,2014-05-27T05:00:00,8,12927425,158805
OK,67,49,910,67,2014-05-27T05:05:00,6,12927874,158805
OK,73,45,910,73,2014-05-27T05:10:00,7,12928323,158805
OK,66,50,910,66,2014-05-27T05:15:00,6,12928772,158805
OK,56,59,910,56,2014-05-27T05:20:00,5,12929221,158805
OK,56,59,910,56,2014-05-27T05:25:00,10,12929670,158805
OK,63,52,910,63,2014-05-27T05:30:00,7,12930119,158805
OK,62,53,910,62,2014-05-27T05:35:00,12,12930568,158805
OK,60,55,910,60,2014-05-27T05:40:00,10,12931017,158805
OK,86,38,910,86,2014-05-27T05:45:00,0,12931466,158805
OK,57,58,910,57,2014-05-27T05:50:00,4,12931915,158805
OK,53,62,910,53,2014-05-27T05:55:00,4,12932364,158805
OK,55,60,910,55,2014-05-27T06:00:00,8,12932813,158805
OK,57,58,910,57,2014-05-27T06:05:00,8,12933262,158805
OK,60,55,910,60,2014-05-27T06:10:00,6,12933711,158805
OK,58,57,910,58,2014-05-27T06:15:00,5,12934160,158805
OK,74,44,910,74,2014-05-27T06:20:00,7,12934609,158805
OK,69,48,910,69,2014-05-27T06:25:00,6,12935058,158805
OK,58,57,910,58,2014-05-27T06:30:00,6,12935507,158805
OK,73,45,910,73,2014-05-27T06:35:00,5,12935956,158805
OK,75,44,910,75,2014-05-27T06:40:00,6,12936405,158805
OK,69,48,910,69,2014-05-27T06:45:00,6,12936854,158805
OK,59,56,910,59,2014-05-27T06:50:00,4,12937303,158805
OK,57,58,910,57,2014-05-27T06:55:00,8,12937752,158805
OK,50,66,910,50,2014-05-27T07:00:00,5,12938201,158805
OK,57,58,910,57,2014-05-27T07:05:00,8,12938650,158805
OK,57,58,910,57,2014-05-27T07:10:00,9,12939099,158805
OK,56,59,910,56,2014-05-27T07:15:00,8,12939548,158805
OK,60,55,910,60,2014-05-27T07:20:00,9,12939997,158805
OK,60,55,910,60,2014-05-27T07:25:00,6,12940446,158805
OK,60,55,910,60,2014-05-27T07:30:00,4,12940895,158805
OK,107,30,910,107,2014-05-27T07:35:00,2,12941344,158805
OK,96,34,910,96,2014-05-27T07:40:00,3,12941793,158805
OK,68,48,910,68,2014-05-27T07:45:00,7,12942242,158805
OK,67,49,910,67,2014-05-27T07:50:00,6,12942691,158805
OK,64,51,910,64,2014-05-27T07:55:00,6,12943140,158805
OK,58,57,910,58,2014-05-27T08:00:00,4,12943589,158805
OK,58,57,910,58,2014-05-27T08:05:00,5,12944038,158805
OK,65,50,910,65,2014-05-27T08:10:00,6,12944487,158805
OK,71,46,910,71,2014-05-27T08:15:00,3,12944936,158805
OK,78,42,910,78,2014-05-27T08:20:00,3,12945385,158805
OK,64,51,910,64,2014-05-27T08:25:00,10,12945834,158805
OK,59,56,910,59,2014-05-27T08:30:00,11,12946283,158805
OK,53,62,910,53,2014-05-27T08:35:00,6,12946732,158805
OK,58,57,910,58,2014-05-27T08:40:00,4,12947181,158805
OK,60,55,910,60,2014-05-27T08:45:00,2,12947630,158805
OK,74,44,910,74,2014-05-27T08:50:00,4,12948079,158805
OK,55,60,910,55,2014-05-27T08:55:00,7,12948528,158805
OK,54,61,910,54,2014-05-27T09:00:00,8,12948977,158805
OK,67,49,910,67,2014-05-27T09:05:00,5,12949426,158805
OK,65,50,910,65,2014-05-27T09:10:00,10,12949875,158805
OK,63,52,910,63,2014-05-27T09:15:00,10,12950324,158805
OK,57,58,910,57,2014-05-27T09:20:00,10,12950773,158805
OK,71,46,910,71,2014-05-27T09:25:00,9,12951222,158805
OK,56,59,910,56,2014-05-27T09:30:00,3,12951671,158805
OK,53,62,910,53,2014-05-27T09:35:00,1,12952120,158805
OK,61,54,910,61,2014-05-27T09:40:00,8,12952569,158805
OK,69,48,910,69,2014-05-27T09:45:00,8,12953018,158805
OK,81,40,910,81,2014-05-27T09:50:00,6,12953467,158805
OK,79,41,910,79,2014-05-27T09:55:00,7,12953916,158805
OK,65,50,910,65,2014-05-27T10:00:00,6,12954365,158805
OK,60,55,910,60,2014-05-27T10:05:00,10,12954814,158805
OK,59,56,910,59,2014-05-27T10:10:00,12,12955263,158805
OK,61,54,910,61,2014-05-27T10:15:00,8,12955712,158805
OK,62,53,910,62,2014-05-27T10:20:00,7,12956161,158805
OK,60,55,910,60,2014-05-27T10:25:00,10,12956610,158805
OK,52,63,910,52,2014-05-27T10:30:00,7,12957059,158805
OK,58,57,910,58,2014-05-27T10:35:00,4,12957508,158805
OK,58,57,910,58,2014-05-27T10:40:00,5,12957957,158805
OK,57,58,910,57,2014-05-27T10:45:00,8,12958406,158805
OK,58,57,910,58,2014-05-27T10:50:00,7,12958855,158805
OK,70,47,910,70,2014-05-27T10:55:00,13,12959304,158805
OK,67,49,910,67,2014-05-27T11:00:00,13,12959753,158805
OK,66,50,910,66,2014-05-27T11:05:00,5,12960202,158805
OK,63,52,910,63,2014-05-27T11:10:00,5,12960651,158805
OK,60,55,910,60,2014-05-27T11:15:00,8,12961100,158805
OK,61,54,910,61,2014-05-27T11:20:00,13,12961549,158805
OK,65,50,910,65,2014-05-27T11:25:00,10,12961998,158805
OK,64,51,910,64,2014-05-27T11:30:00,12,12962447,158805
OK,66,50,910,66,2014-05-27T11:35:00,15,12962896,158805
OK,62,53,910,62,2014-05-27T11:40:00,10,12963345,158805
OK,58,57,910,58,2014-05-27T11:45:00,13,12963794,158805
OK,58,57,910,58,2014-05-27T11:50:00,11,12964243,158805
OK,62,53,910,62,2014-05-27T11:55:00,8,12964692,158805
OK,64,51,910,64,2014-05-27T12:00:00,7,12965141,158805
OK,56,59,910,56,2014-05-27T12:05:00,10,12965590,158805
OK,59,56,910,59,2014-05-27T12:10:00,9,12966039,158805
OK,62,53,910,62,2014-05-27T12:15:00,10,12966488,158805
OK,63,52,910,63,2014-05-27T12:20:00,8,12966937,158805
OK,61,54,910,61,2014-05-27T12:25:00,11,12967386,158805
OK,66,50,910,66,2014-05-27T12:30:00,12,12967835,158805
OK,70,47,910,70,2014-05-27T12:35:00,14,12968284,158805
OK,73,45,910,73,2014-05-27T12:40:00,15,12968733,158805
OK,72,46,910,72,2014-05-27T12:45:00,20,12969182,158805
OK,66,50,910,66,2014-05-27T12:50:00,9,12969631,158805
OK,61,54,910,61,2014-05-27T12:55:00,8,12970080,158805
OK,64,51,910,64,2014-05-27T13:00:00,7,12970529,158805
OK,82,40,910,82,2014-05-27T13:05:00,9,12970978,158805
OK,72,46,910,72,2014-05-27T13:10:00,15,12971427,158805
OK,70,47,910,70,2014-05-27T13:15:00,16,12971876,158805
OK,65,50,910,65,2014-05-27T13:20:00,24,12972325,158805
OK,64,51,910,64,2014-05-27T13:25:00,27,12972774,158805
OK,63,52,910,63,2014-05-27T13:30:00,20,12973223,158805
OK,60,55,910,60,2014-05-27T13:35:00,16,12973672,158805
OK,71,46,910,71,2014-05-27T13:40:00,11,12974121,158805
OK,67,49,910,67,2014-05-27T13:45:00,14,12974570,158805
OK,71,46,910,71,2014-05-27T13:50:00,17,12975019,158805
OK,70,47,910,70,2014-05-27T13:55:00,19,12975468,158805
OK,63,52,910,63,2014-05-27T14:00:00,18,12975917,158805
OK,62,53,910,62,2014-05-27T14:05:00,17,12976366,158805
OK,67,49,910,67,2014-05-27T14:10:00,17,12976815,158805
OK,67,49,910,67,2014-05-27T14:15:00,21,12977264,158805
OK,65,50,910,65,2014-05-27T14:20:00,22,12977713,158805
OK,65,50,910,65,2014-05-27T14:25:00,16,12978162,158805
OK,68,48,910,68,2014-05-27T14:30:00,9,12978611,158805
OK,67,49,910,67,2014-05-27T14:35:00,11,12979060,158805
OK,59,56,910,59,2014-05-27T14:40:00,6,12979509,158805
OK,59,56,910,59,2014-05-27T14:45:00,3,12979958,158805
OK,80,41,910,80,2014-05-27T14:50:00,6,12980407,158805
OK,84,39,910,84,2014-05-27T14:55:00,5,12980856,158805
OK,56,59,910,56,2014-05-27T15:00:00,3,12981305,158805
OK,61,54,910,61,2014-05-27T15:05:00,3,12981754,158805
OK,61,54,910,61,2014-05-27T15:10:00,8,12982203,158805
OK,62,53,910,62,2014-05-27T15:15:00,10,12982652,158805
OK,65,50,910,65,2014-05-27T15:20:00,5,12983101,158805
OK,59,56,910,59,2014-05-27T15:25:00,6,12983550,158805
OK,56,59,910,56,2014-05-27T15:30:00,7,12983999,158805
OK,52,63,910,52,2014-05-27T15:35:00,7,12984448,158805
OK,54,61,910,54,2014-05-27T15:40:00,9,12984897,158805
OK,64,51,910,64,2014-05-27T15:45:00,7,12985346,158805
OK,60,55,910,60,2014-05-27T15:50:00,6,12985795,158805
OK,57,58,910,57,2014-05-27T15:55:00,13,12986244,158805
OK,56,59,910,56,2014-05-27T16:00:00,10,12986693,158805
OK,58,57,910,58,2014-05-27T16:05:00,4,12987142,158805
OK,59,56,910,59,2014-05-27T16:10:00,3,12987591,158805
OK,55,60,910,55,2014-05-27T16:15:00,1,12988040,158805
OK,58,57,910,58,2014-05-27T16:20:00,2,12988489,158805
OK,63,52,910,63,2014-05-27T16:25:00,3,12988938,158805
OK,63,52,910,63,2014-05-27T16:30:00,3,12989387,158805
OK,51,64,910,51,2014-05-27T16:35:00,3,12989836,158805
OK,53,62,910,53,2014-05-27T16:40:00,4,12990285,158805
OK,58,57,910,58,2014-05-27T16:45:00,4,12990734,158805
OK,86,38,910,86,2014-05-27T16:50:00,4,12991183,158805
OK,105,31,910,105,2014-05-27T16:55:00,2,12991632,158805
OK,60,55,910,60,2014-05-27T17:00:00,5,12992081,158805
OK,61,54,910,61,2014-05-27T17:05:00,11,12992530,158805
OK,61,54,910,61,2014-05-27T17:10:00,4,12992979,158805
OK,162,20,910,162,2014-05-27T17:15:00,1,12993428,158805
OK,52,63,910,52,2014-05-27T17:20:00,5,12993877,158805
OK,55,60,910,55,2014-05-27T17:25:00,4,12994326,158805
OK,61,54,910,61,2014-05-27T17:30:00,4,12994775,158805
OK,59,56,910,59,2014-05-27T17:35:00,3,12995224,158805
OK,55,60,910,55,2014-05-27T17:40:00,3,12995673,158805
OK,52,63,910,52,2014-05-27T17:45:00,1,12996122,158805
OK,48,69,910,48,2014-05-27T17:50:00,1,12996571,158805
OK,56,59,910,56,2014-05-27T17:55:00,2,12997020,158805
OK,64,51,910,64,2014-05-27T18:00:00,3,12997469,158805
OK,65,50,910,65,2014-05-27T18:05:00,3,12997918,158805
OK,56,59,910,56,2014-05-27T18:10:00,2,12998367,158805
OK,56,59,910,56,2014-05-27T18:15:00,2,12998816,158805
OK,56,59,910,56,2014-05-27T18:20:00,4,12999265,158805
OK,61,54,910,61,2014-05-27T18:25:00,2,12999714,158805
OK,47,70,910,47,2014-05-27T18:30:00,1,13000163,158805
OK,47,70,910,47,2014-05-27T18:35:00,0,13000612,158805
OK,80,41,910,80,2014-05-27T18:40:00,1,13001061,158805
OK,53,62,910,53,2014-05-27T18:45:00,3,13001510,158805
OK,53,62,910,53,2014-05-27T18:50:00,3,13001959,158805
OK,68,48,910,68,2014-05-27T18:55:00,2,13002408,158805
OK,67,49,910,67,2014-05-27T19:00:00,1,13002857,158805
OK,56,59,910,56,2014-05-27T19:05:00,1,13003306,158805
OK,56,59,910,56,2014-05-27T19:10:00,1,13003755,158805
OK,55,60,910,55,2014-05-27T19:15:00,1,13004204,158805
OK,55,60,910,55,2014-05-27T19:20:00,5,13004653,158805
OK,54,61,910,54,2014-05-27T19:25:00,5,13005102,158805
OK,54,61,910,54,2014-05-27T19:30:00,0,13005551,158805
OK,54,61,910,54,2014-05-27T19:35:00,0,13006000,158805
OK,59,56,910,59,2014-05-27T19:40:00,1,13006449,158805
OK,60,55,910,60,2014-05-27T19:45:00,2,13006898,158805
OK,56,59,910,56,2014-05-27T19:50:00,3,13007347,158805
OK,56,59,910,56,2014-05-27T19:55:00,2,13007796,158805
OK,41,80,910,41,2014-05-27T20:15:00,1,13009499,158805
OK,53,62,910,53,2014-05-27T20:20:00,2,13009947,158805
OK,61,54,910,61,2014-05-27T20:30:00,3,13010776,158805
OK,56,59,910,56,2014-05-27T20:40:00,1,13011627,158805
OK,56,59,910,56,2014-05-27T20:45:00,1,13012075,158805
OK,70,47,910,70,2014-05-27T20:50:00,1,13012524,158805
OK,61,54,910,61,2014-05-27T21:00:00,2,13013422,158805
OK,60,55,910,60,2014-05-27T21:10:00,0,13014281,158805
OK,60,55,910,60,2014-05-27T21:20:00,0,13015178,158805
OK,52,63,910,52,2014-05-27T21:25:00,2,13015627,158805
OK,68,48,910,68,2014-05-27T21:30:00,1,13016076,158805
OK,68,48,910,68,2014-05-27T21:50:00,0,13017872,158805
OK,68,48,910,68,2014-05-27T21:55:00,0,13018320,158805
OK,68,48,910,68,2014-05-27T22:00:00,0,13018758,158805
OK,68,48,910,68,2014-05-27T22:05:00,0,13019207,158805
OK,68,48,910,68,2014-05-27T22:10:00,0,13019656,158805
OK,68,48,910,68,2014-05-27T22:15:00,0,13020105,158805
OK,66,50,910,66,2014-05-27T22:20:00,1,13020554,158805
OK,66,50,910,66,2014-05-27T22:50:00,0,13023113,158805
OK,66,50,910,66,2014-05-27T23:00:00,0,13023940,158805
OK,66,50,910,66,2014-05-28T00:00:00,0,13028656,158805
OK,66,50,910,66,2014-05-28T00:05:00,0,13029105,158805
OK,72,46,910,72,2014-05-28T08:05:00,9,13030015,158805
OK,63,52,910,63,2014-05-28T08:10:00,13,13030427,158805
OK,62,53,910,62,2014-05-28T08:15:00,10,13030876,158805
OK,57,58,910,57,2014-05-28T08:20:00,7,13031325,158805
OK,65,50,910,65,2014-05-28T08:25:00,13,13031774,158805
OK,66,50,910,66,2014-05-28T08:30:00,7,13032223,158805
OK,70,47,910,70,2014-05-28T08:35:00,2,13032672,158805
OK,67,49,910,67,2014-05-28T08:40:00,8,13033121,158805
OK,63,52,910,63,2014-05-28T08:45:00,8,13033570,158805
OK,65,50,910,65,2014-05-28T08:50:00,7,13034019,158805
OK,58,57,910,58,2014-05-28T08:55:00,4,13034468,158805
OK,60,55,910,60,2014-05-28T09:00:00,4,13034917,158805
OK,57,58,910,57,2014-05-28T09:05:00,7,13035366,158805
OK,61,54,910,61,2014-05-28T09:10:00,9,13035815,158805
OK,65,50,910,65,2014-05-28T09:15:00,11,13036264,158805
OK,66,50,910,66,2014-05-28T09:20:00,13,13036713,158805
OK,55,60,910,55,2014-05-28T09:25:00,10,13037162,158805
OK,58,57,910,58,2014-05-28T09:30:00,8,13037611,158805
OK,62,53,910,62,2014-05-28T09:35:00,10,13038060,158805
OK,57,58,910,57,2014-05-28T09:40:00,12,13038509,158805
OK,58,57,910,58,2014-05-28T09:45:00,11,13038958,158805
OK,61,54,910,61,2014-05-28T09:50:00,10,13039407,158805
OK,58,57,910,58,2014-05-28T09:55:00,8,13039856,158805
OK,65,50,910,65,2014-05-28T10:00:00,3,13040305,158805
OK,67,49,910,67,2014-05-28T10:05:00,7,13040754,158805
OK,67,49,910,67,2014-05-28T10:10:00,10,13041203,158805
OK,62,53,910,62,2014-05-28T10:15:00,6,13041652,158805
OK,65,50,910,65,2014-05-28T10:20:00,2,13042101,158805
OK,69,48,910,69,2014-05-28T10:25:00,2,13042550,158805
OK,78,42,910,78,2014-05-28T10:30:00,11,13042999,158805
OK,77,43,910,77,2014-05-28T10:35:00,12,13043448,158805
OK,48,69,910,48,2014-05-28T10:40:00,7,13043897,158805
OK,56,59,910,56,2014-05-28T10:45:00,9,13044346,158805
OK,63,52,910,63,2014-05-28T10:50:00,11,13044795,158805
OK,63,52,910,63,2014-05-28T10:55:00,11,13045244,158805
OK,65,50,910,65,2014-05-28T11:00:00,8,13045693,158805
OK,63,52,910,63,2014-05-28T11:05:00,12,13046142,158805
OK,59,56,910,59,2014-05-28T11:10:00,10,13046591,158805
OK,58,57,910,58,2014-05-28T11:15:00,9,13047040,158805
OK,62,53,910,62,2014-05-28T11:20:00,8,13047489,158805
OK,61,54,910,61,2014-05-28T11:25:00,11,13047938,158805
OK,57,58,910,57,2014-05-28T11:30:00,5,13048387,158805
OK,65,50,910,65,2014-05-28T11:35:00,13,13048836,158805
OK,60,55,910,60,2014-05-28T11:40:00,14,13049285,158805
OK,61,54,910,61,2014-05-28T11:45:00,12,13049734,158805
OK,65,50,910,65,2014-05-28T11:50:00,16,13050183,158805
OK,64,51,910,64,2014-05-28T11:55:00,15,13050632,158805
OK,59,56,910,59,2014-05-28T12:00:00,11,13051081,158805
OK,58,57,910,58,2014-05-28T12:05:00,8,13051530,158805
OK,65,50,910,65,2014-05-28T12:10:00,4,13051979,158805
OK,75,44,910,75,2014-05-28T12:15:00,9,13052428,158805
OK,62,53,910,62,2014-05-28T12:20:00,15,13052877,158805
OK,60,55,910,60,2014-05-28T12:25:00,14,13053326,158805
OK,63,52,910,63,2014-05-28T12:30:00,10,13053775,158805
OK,64,51,910,64,2014-05-28T12:35:00,8,13054224,158805
OK,74,44,910,74,2014-05-28T12:40:00,17,13054673,158805
OK,70,47,910,70,2014-05-28T12:45:00,24,13055122,158805
OK,60,55,910,60,2014-05-28T12:50:00,13,13055571,158805
OK,77,43,910,77,2014-05-28T12:55:00,15,13056020,158805
OK,83,39,910,83,2014-05-28T13:00:00,18,13056469,158805
OK,68,48,910,68,2014-05-28T13:05:00,15,13056918,158805
OK,59,56,910,59,2014-05-28T13:10:00,17,13057367,158805
OK,64,51,910,64,2014-05-28T13:15:00,15,13057816,158805
OK,61,54,910,61,2014-05-28T13:20:00,13,13058265,158805
OK,58,57,910,58,2014-05-28T13:25:00,12,13058714,158805
OK,90,36,910,90,2014-05-28T13:30:00,11,13059163,158805
OK,69,48,910,69,2014-05-28T13:35:00,10,13059612,158805
OK,69,48,910,69,2014-05-28T13:40:00,12,13060061,158805
OK,75,44,910,75,2014-05-28T13:45:00,13,13060510,158805
OK,59,56,910,59,2014-05-28T13:50:00,17,13060959,158805
OK,68,48,910,68,2014-05-28T13:55:00,26,13061408,158805
OK,79,41,910,79,2014-05-28T14:00:00,28,13061857,158805
OK,79,41,910,79,2014-05-28T14:05:00,20,13062306,158805
OK,71,46,910,71,2014-05-28T14:10:00,18,13062755,158805
OK,71,46,910,71,2014-05-28T14:15:00,27,13063204,158805
OK,75,44,910,75,2014-05-28T14:20:00,25,13063653,158805
OK,74,44,910,74,2014-05-28T14:25:00,17,13064102,158805
OK,66,50,910,66,2014-05-28T14:30:00,14,13064551,158805
OK,63,52,910,63,2014-05-28T14:35:00,17,13065000,158805
OK,59,56,910,59,2014-05-28T14:40:00,12,13065449,158805
OK,62,53,910,62,2014-05-28T14:45:00,16,13065898,158805
OK,74,44,910,74,2014-05-28T14:50:00,21,13066347,158805
OK,79,41,910,79,2014-05-28T14:55:00,24,13066796,158805
OK,56,59,910,56,2014-05-28T15:00:00,19,13067245,158805
OK,65,50,910,65,2014-05-28T15:05:00,10,13067694,158805
OK,66,50,910,66,2014-05-28T15:10:00,15,13068143,158805
OK,65,50,910,65,2014-05-28T15:15:00,14,13068592,158805
OK,70,47,910,70,2014-05-28T15:20:00,12,13069041,158805
OK,72,46,910,72,2014-05-28T15:25:00,15,13069490,158805
OK,75,44,910,75,2014-05-28T15:30:00,13,13069939,158805
OK,55,60,910,55,2014-05-28T15:35:00,10,13070388,158805
OK,61,54,910,61,2014-05-28T15:40:00,13,13070837,158805
OK,62,53,910,62,2014-05-28T15:45:00,10,13071286,158805
OK,63,52,910,63,2014-05-28T15:50:00,7,13071735,158805
OK,56,59,910,56,2014-05-28T15:55:00,7,13072184,158805
OK,58,57,910,58,2014-05-28T16:00:00,5,13072633,158805
OK,58,57,910,58,2014-05-28T16:05:00,6,13073082,158805
OK,55,60,910,55,2014-05-28T16:10:00,10,13073531,158805
OK,54,61,910,54,2014-05-28T16:15:00,11,13073980,158805
OK,61,54,910,61,2014-05-28T16:20:00,7,13074429,158805
OK,79,41,910,79,2014-05-28T16:25:00,7,13074878,158805
OK,60,55,910,60,2014-05-28T16:30:00,13,13075327,158805
OK,58,57,910,58,2014-05-28T16:35:00,18,13075776,158805
OK,61,54,910,61,2014-05-28T16:40:00,17,13076225,158805
OK,61,54,910,61,2014-05-28T16:45:00,14,13076674,158805
OK,58,57,910,58,2014-05-28T16:50:00,10,13077123,158805
OK,57,58,910,57,2014-05-28T16:55:00,5,13077572,158805
OK,55,60,910,55,2014-05-28T17:00:00,4,13078021,158805
OK,73,45,910,73,2014-05-28T17:05:00,7,13078470,158805
OK,64,51,910,64,2014-05-28T17:10:00,9,13078919,158805
OK,49,67,910,49,2014-05-28T17:15:00,8,13079368,158805
OK,50,66,910,50,2014-05-28T17:20:00,4,13079817,158805
OK,53,62,910,53,2014-05-28T17:25:00,5,13080266,158805
OK,52,63,910,52,2014-05-28T17:30:00,4,13080715,158805
OK,53,62,910,53,2014-05-28T17:35:00,2,13081164,158805
OK,54,61,910,54,2014-05-28T17:40:00,3,13081613,158805
OK,52,63,910,52,2014-05-28T17:45:00,5,13082062,158805
OK,52,63,910,52,2014-05-28T17:50:00,3,13082511,158805
OK,52,63,910,52,2014-05-28T17:55:00,4,13082960,158805
OK,52,63,910,52,2014-05-28T18:00:00,4,13083409,158805
OK,78,42,910,78,2014-05-28T18:05:00,1,13083858,158805
OK,58,57,910,58,2014-05-28T18:10:00,4,13084307,158805
OK,58,57,910,58,2014-05-28T18:15:00,4,13084756,158805
OK,45,73,910,45,2014-05-28T18:20:00,0,13085205,158805
OK,59,56,910,59,2014-05-28T18:25:00,2,13085654,158805
OK,56,59,910,56,2014-05-28T18:30:00,1,13086103,158805
OK,59,56,910,59,2014-05-28T18:35:00,4,13086552,158805
OK,59,56,910,59,2014-05-28T18:40:00,5,13087001,158805
OK,48,69,910,48,2014-05-28T18:45:00,3,13087450,158805
OK,51,64,910,51,2014-05-28T18:50:00,4,13087899,158805
OK,67,49,910,67,2014-05-28T18:55:00,2,13088348,158805
OK,78,42,910,78,2014-05-28T19:00:00,0,13088797,158805
OK,78,42,910,78,2014-05-28T19:05:00,0,13089246,158805
OK,60,55,910,60,2014-05-28T19:10:00,2,13089695,158805
OK,60,55,910,60,2014-05-28T19:15:00,2,13090144,158805
OK,55,60,910,55,2014-05-28T19:20:00,1,13090593,158805
OK,59,56,910,59,2014-05-28T19:25:00,2,13091042,158805
OK,49,67,910,49,2014-05-28T19:30:00,1,13091491,158805
OK,61,54,910,61,2014-05-28T19:35:00,2,13091940,158805
OK,60,55,910,60,2014-05-28T19:40:00,3,13092389,158805
OK,44,75,910,44,2014-05-28T19:45:00,2,13092838,158805
OK,67,49,910,67,2014-05-28T19:50:00,2,13093287,158805
OK,73,45,910,73,2014-05-28T19:55:00,3,13093736,158805
OK,54,61,910,54,2014-05-28T21:30:00,0,13101824,158805
OK,58,57,910,58,2014-05-28T22:00:00,0,13104055,158805
OK,58,57,910,58,2014-05-28T22:05:00,0,13104504,158805
OK,58,57,910,58,2014-05-28T22:10:00,0,13104953,158805
OK,58,57,910,58,2014-05-28T22:20:00,0,13105851,158805
OK,62,53,910,62,2014-05-28T22:25:00,1,13106300,158805
OK,55,60,910,55,2014-05-28T22:50:00,1,13108362,158805
OK,48,69,910,48,2014-05-29T00:00:00,0,13113256,158805
OK,48,69,910,48,2014-05-29T00:10:00,0,13113745,158805
OK,48,69,910,48,2014-05-29T00:25:00,0,13114917,158805
OK,48,69,910,48,2014-05-29T00:30:00,0,13115366,158805
OK,48,69,910,48,2014-05-29T00:35:00,0,13115815,158805
OK,48,69,910,48,2014-05-29T00:40:00,0,13116264,158805
OK,48,69,910,48,2014-05-29T00:45:00,0,13116713,158805
OK,48,69,910,48,2014-05-29T00:50:00,0,13117162,158805
OK,48,69,910,48,2014-05-29T00:55:00,0,13117611,158805
OK,48,69,910,48,2014-05-29T01:00:00,0,13118060,158805
OK,48,69,910,48,2014-05-29T01:05:00,0,13118509,158805
OK,48,69,910,48,2014-05-29T01:10:00,0,13118958,158805
OK,48,69,910,48,2014-05-29T01:15:00,0,13119407,158805
OK,48,69,910,48,2014-05-29T01:20:00,0,13119856,158805
OK,48,69,910,48,2014-05-29T01:25:00,0,13120305,158805
OK,48,69,910,48,2014-05-29T01:30:00,0,13120754,158805
OK,48,69,910,48,2014-05-29T01:35:00,0,13121203,158805
OK,48,69,910,48,2014-05-29T01:40:00,0,13121652,158805
OK,48,69,910,48,2014-05-29T01:45:00,0,13122101,158805
OK,48,69,910,48,2014-05-29T01:50:00,0,13122550,158805
OK,48,69,910,48,2014-05-29T01:55:00,0,13122999,158805
OK,48,69,910,48,2014-05-29T02:00:00,0,13123448,158805
OK,48,69,910,48,2014-05-29T02:05:00,0,13123897,158805
OK,48,69,910,48,2014-05-29T02:10:00,0,13124346,158805
OK,48,69,910,48,2014-05-29T02:15:00,0,13124795,158805
OK,48,69,910,48,2014-05-29T02:20:00,0,13125244,158805
OK,48,69,910,48,2014-05-29T02:25:00,0,13125693,158805
OK,48,69,910,48,2014-05-29T02:30:00,0,13126142,158805
OK,48,69,910,48,2014-05-29T02:35:00,0,13126591,158805
OK,48,69,910,48,2014-05-29T02:40:00,0,13127040,158805
OK,48,69,910,48,2014-05-29T02:45:00,0,13127489,158805
OK,48,69,910,48,2014-05-29T02:50:00,0,13127938,158805
OK,48,69,910,48,2014-05-29T02:55:00,0,13128387,158805
OK,48,69,910,48,2014-05-29T03:00:00,0,13128836,158805
OK,48,69,910,48,2014-05-29T03:05:00,0,13129285,158805
OK,48,69,910,48,2014-05-29T03:10:00,0,13129734,158805
OK,48,69,910,48,2014-05-29T03:15:00,0,13130183,158805
OK,53,62,910,53,2014-05-29T03:20:00,1,13130632,158805
OK,53,62,910,53,2014-05-29T03:25:00,0,13131081,158805
OK,44,75,910,44,2014-05-29T03:30:00,1,13131530,158805
OK,50,66,910,50,2014-05-29T03:35:00,2,13131979,158805
OK,56,59,910,56,2014-05-29T03:40:00,0,13132428,158805
OK,56,59,910,56,2014-05-29T03:45:00,0,13132877,158805
OK,56,59,910,56,2014-05-29T03:50:00,0,13133326,158805
OK,48,69,910,48,2014-05-29T03:55:00,0,13133775,158805
OK,66,50,910,66,2014-05-29T04:00:00,4,13134224,158805
OK,66,50,910,66,2014-05-29T04:05:00,3,13134673,158805
OK,66,50,910,66,2014-05-29T04:10:00,0,13135122,158805
OK,66,50,910,66,2014-05-29T04:15:00,0,13135571,158805
OK,66,50,910,66,2014-05-29T04:20:00,0,13136020,158805
OK,66,50,910,66,2014-05-29T04:25:00,0,13136469,158805
OK,66,50,910,66,2014-05-29T04:30:00,0,13136918,158805
OK,66,50,910,66,2014-05-29T04:35:00,0,13137367,158805
OK,53,62,910,53,2014-05-29T04:40:00,1,13137816,158805
OK,53,62,910,53,2014-05-29T04:45:00,1,13138265,158805
OK,56,59,910,56,2014-05-29T04:50:00,2,13138714,158805
OK,56,59,910,56,2014-05-29T04:55:00,2,13139163,158805
OK,44,75,910,44,2014-05-29T05:00:00,0,13139612,158805
OK,44,75,910,44,2014-05-29T05:05:00,0,13140061,158805
OK,44,75,910,44,2014-05-29T05:10:00,0,13140510,158805
OK,44,75,910,44,2014-05-29T05:15:00,0,13140959,158805
OK,44,75,910,44,2014-05-29T05:20:00,0,13141408,158805
OK,63,52,910,63,2014-05-29T05:25:00,0,13141857,158805
OK,63,52,910,63,2014-05-29T05:30:00,0,13142306,158805
OK,63,52,910,63,2014-05-29T05:35:00,0,13142755,158805
OK,63,52,910,63,2014-05-29T05:40:00,0,13143204,158805
OK,48,69,910,48,2014-05-29T05:45:00,2,13143653,158805
OK,48,69,910,48,2014-05-29T05:50:00,2,13144102,158805
OK,118,28,910,118,2014-05-29T05:55:00,1,13144551,158805
OK,118,28,910,118,2014-05-29T06:00:00,1,13145000,158805
OK,118,28,910,118,2014-05-29T06:05:00,0,13145449,158805
OK,49,67,910,49,2014-05-29T06:10:00,2,13145898,158805
OK,67,49,910,67,2014-05-29T06:15:00,1,13146347,158805
OK,56,59,910,56,2014-05-29T06:20:00,2,13146796,158805
OK,56,59,910,56,2014-05-29T06:25:00,2,13147245,158805
OK,56,59,910,56,2014-05-29T06:30:00,0,13147693,158805
OK,57,58,910,57,2014-05-29T06:35:00,1,13148142,158805
OK,52,63,910,52,2014-05-29T06:40:00,2,13148591,158805
OK,56,59,910,56,2014-05-29T06:45:00,1,13149040,158805
OK,51,64,910,51,2014-05-29T06:50:00,2,13149489,158805
OK,54,61,910,54,2014-05-29T06:55:00,4,13149938,158805
OK,51,64,910,51,2014-05-29T07:00:00,1,13150387,158805
OK,48,69,910,48,2014-05-29T07:05:00,3,13150836,158805
OK,48,69,910,48,2014-05-29T07:10:00,3,13151285,158805
OK,48,69,910,48,2014-05-29T07:15:00,0,13151734,158805
OK,62,53,910,62,2014-05-29T07:20:00,2,13152183,158805
OK,60,55,910,60,2014-05-29T07:25:00,3,13152632,158805
OK,69,48,910,69,2014-05-29T07:30:00,1,13153081,158805
OK,69,48,910,69,2014-05-29T07:35:00,0,13153530,158805
OK,69,48,910,69,2014-05-29T07:40:00,0,13153979,158805
OK,69,48,910,69,2014-05-29T07:45:00,0,13154428,158805
OK,67,49,910,67,2014-05-29T07:50:00,1,13154877,158805
OK,62,53,910,62,2014-05-29T07:55:00,4,13155326,158805
OK,58,57,910,58,2014-05-29T08:00:00,3,13155775,158805
OK,45,73,910,45,2014-05-29T08:05:00,1,13156224,158805
OK,45,73,910,45,2014-05-29T08:10:00,1,13156673,158805
OK,45,73,910,45,2014-05-29T08:15:00,0,13157122,158805
OK,52,63,910,52,2014-05-29T08:20:00,1,13157571,158805
OK,57,58,910,57,2014-05-29T08:25:00,2,13158020,158805
OK,62,53,910,62,2014-05-29T08:30:00,3,13158469,158805
OK,60,55,910,60,2014-05-29T08:35:00,4,13158917,158805
OK,60,55,910,60,2014-05-29T08:40:00,4,13159366,158805
OK,61,54,910,61,2014-05-29T08:45:00,5,13159815,158805
OK,61,54,910,61,2014-05-29T08:50:00,5,13160264,158805
OK,59,56,910,59,2014-05-29T08:55:00,3,13160713,158805
OK,61,54,910,61,2014-05-29T09:00:00,2,13161162,158805
OK,69,48,910,69,2014-05-29T09:05:00,7,13161611,158805
OK,69,48,910,69,2014-05-29T09:10:00,5,13162060,158805
OK,85,38,910,85,2014-05-29T09:15:00,3,13162509,158805
OK,85,38,910,85,2014-05-29T09:20:00,3,13162958,158805
OK,79,41,910,79,2014-05-29T09:25:00,2,13163407,158805
OK,74,44,910,74,2014-05-29T09:30:00,1,13163856,158805
OK,56,59,910,56,2014-05-29T09:35:00,3,13164305,158805
OK,58,57,910,58,2014-05-29T09:40:00,4,13164754,158805
OK,61,54,910,61,2014-05-29T09:45:00,3,13165203,158805
OK,64,51,910,64,2014-05-29T09:50:00,4,13165652,158805
OK,65,50,910,65,2014-05-29T09:55:00,3,13166101,158805
OK,58,57,910,58,2014-05-29T10:00:00,1,13166550,158805
OK,58,57,910,58,2014-05-29T10:05:00,2,13166999,158805
OK,59,56,910,59,2014-05-29T10:10:00,2,13167448,158805
OK,62,53,910,62,2014-05-29T10:15:00,3,13167897,158805
OK,65,50,910,65,2014-05-29T10:20:00,4,13168346,158805
OK,58,57,910,58,2014-05-29T10:25:00,5,13168795,158805
OK,58,57,910,58,2014-05-29T10:30:00,2,13169244,158805
OK,55,60,910,55,2014-05-29T10:35:00,3,13169693,158805
OK,55,60,910,55,2014-05-29T10:40:00,5,13170142,158805
OK,52,63,910,52,2014-05-29T10:45:00,4,13170591,158805
OK,50,66,910,50,2014-05-29T10:50:00,3,13171040,158805
OK,54,61,910,54,2014-05-29T10:55:00,4,13171489,158805
OK,57,58,910,57,2014-05-29T11:00:00,5,13171938,158805
OK,55,60,910,55,2014-05-29T11:05:00,4,13172387,158805
OK,59,56,910,59,2014-05-29T11:10:00,5,13172836,158805
OK,59,56,910,59,2014-05-29T11:15:00,7,13173285,158805
OK,64,51,910,64,2014-05-29T11:20:00,6,13173734,158805
OK,71,46,910,71,2014-05-29T11:25:00,2,13174183,158805
OK,71,46,910,71,2014-05-29T11:30:00,2,13174632,158805
OK,68,48,910,68,2014-05-29T11:35:00,5,13175081,158805
OK,69,48,910,69,2014-05-29T11:40:00,2,13175530,158805
OK,59,56,910,59,2014-05-29T11:45:00,3,13175979,158805
OK,59,56,910,59,2014-05-29T11:50:00,3,13176428,158805
OK,74,44,910,74,2014-05-29T11:55:00,2,13176877,158805
OK,83,39,910,83,2014-05-29T12:00:00,4,13177326,158805
OK,92,36,910,92,2014-05-29T12:05:00,3,13177775,158805
OK,69,48,910,69,2014-05-29T12:10:00,6,13178224,158805
OK,65,50,910,65,2014-05-29T12:15:00,8,13178673,158805
OK,57,58,910,57,2014-05-29T12:20:00,3,13179122,158805
OK,58,57,910,58,2014-05-29T12:25:00,4,13179571,158805
OK,68,48,910,68,2014-05-29T12:30:00,2,13180020,158805
OK,56,59,910,56,2014-05-29T12:35:00,2,13180469,158805
OK,52,63,910,52,2014-05-29T12:40:00,1,13180918,158805
OK,54,61,910,54,2014-05-29T12:45:00,1,13181367,158805
OK,54,61,910,54,2014-05-29T12:50:00,1,13181816,158805
OK,61,54,910,61,2014-05-29T12:55:00,1,13182265,158805
OK,61,54,910,61,2014-05-29T13:00:00,2,13182714,158805
OK,61,54,910,61,2014-05-29T13:05:00,3,13183163,158805
OK,52,63,910,52,2014-05-29T13:10:00,6,13183612,158805
OK,52,63,910,52,2014-05-29T13:15:00,4,13184061,158805
OK,53,62,910,53,2014-05-29T13:20:00,1,13184510,158805
OK,62,53,910,62,2014-05-29T13:25:00,8,13184959,158805
OK,62,53,910,62,2014-05-29T13:30:00,11,13185408,158805
OK,58,57,910,58,2014-05-29T13:35:00,6,13185857,158805
OK,66,50,910,66,2014-05-29T13:40:00,6,13186306,158805
OK,66,50,910,66,2014-05-29T13:45:00,7,13186755,158805
OK,56,59,910,56,2014-05-29T13:50:00,5,13187204,158805
OK,60,55,910,60,2014-05-29T13:55:00,6,13187653,158805
OK,63,52,910,63,2014-05-29T14:00:00,4,13188102,158805
OK,57,58,910,57,2014-05-29T14:05:00,5,13188551,158805
OK,54,61,910,54,2014-05-29T14:10:00,7,13189000,158805
OK,62,53,910,62,2014-05-29T14:15:00,4,13189449,158805
OK,67,49,910,67,2014-05-29T14:20:00,6,13189898,158805
OK,60,55,910,60,2014-05-29T14:25:00,7,13190347,158805
OK,64,51,910,64,2014-05-29T14:30:00,5,13190796,158805
OK,62,53,910,62,2014-05-29T14:35:00,6,13191245,158805
OK,57,58,910,57,2014-05-29T14:40:00,6,13191694,158805
OK,59,56,910,59,2014-05-29T14:45:00,4,13192143,158805
OK,60,55,910,60,2014-05-29T14:50:00,1,13192592,158805
OK,66,50,910,66,2014-05-29T14:55:00,3,13193041,158805
OK,61,54,910,61,2014-05-29T15:00:00,4,13193490,158805
OK,59,56,910,59,2014-05-29T15:05:00,3,13193939,158805
OK,59,56,910,59,2014-05-29T15:10:00,5,13194388,158805
OK,59,56,910,59,2014-05-29T15:15:00,6,13194837,158805
OK,59,56,910,59,2014-05-29T15:20:00,3,13195286,158805
OK,63,52,910,63,2014-05-29T15:25:00,3,13195735,158805
OK,63,52,910,63,2014-05-29T15:30:00,3,13196184,158805
OK,77,43,910,77,2014-05-29T15:35:00,1,13196633,158805
OK,64,51,910,64,2014-05-29T15:40:00,3,13197082,158805
OK,53,62,910,53,2014-05-29T15:45:00,2,13197531,158805
OK,52,63,910,52,2014-05-29T15:50:00,1,13197980,158805
OK,52,63,910,52,2014-05-29T15:55:00,1,13198429,158805
OK,52,63,910,52,2014-05-29T16:00:00,0,13198878,158805
OK,57,58,910,57,2014-05-29T16:05:00,2,13199327,158805
OK,55,60,910,55,2014-05-29T16:10:00,3,13199776,158805
OK,55,60,910,55,2014-05-29T16:15:00,1,13200225,158805
OK,75,44,910,75,2014-05-29T16:20:00,5,13200674,158805
OK,75,44,910,75,2014-05-29T16:25:00,5,13201123,158805
OK,80,41,910,80,2014-05-29T16:30:00,0,13201572,158805
OK,80,41,910,80,2014-05-29T16:35:00,0,13202021,158805
OK,80,41,910,80,2014-05-29T16:40:00,0,13202470,158805
OK,59,56,910,59,2014-05-29T16:45:00,2,13202919,158805
OK,56,59,910,56,2014-05-29T16:50:00,3,13203368,158805
OK,46,72,910,46,2014-05-29T16:55:00,3,13203817,158805
OK,47,70,910,47,2014-05-29T17:00:00,4,13204266,158805
OK,59,56,910,59,2014-05-29T17:05:00,0,13204715,158805
OK,69,48,910,69,2014-05-29T17:10:00,2,13205164,158805
OK,66,50,910,66,2014-05-29T17:15:00,2,13205613,158805
OK,80,41,910,80,2014-05-29T17:20:00,0,13206062,158805
OK,59,56,910,59,2014-05-29T17:25:00,2,13206511,158805
OK,63,52,910,63,2014-05-29T17:30:00,4,13206960,158805
OK,54,61,910,54,2014-05-29T17:35:00,2,13207409,158805
OK,54,61,910,54,2014-05-29T17:40:00,0,13207858,158805
OK,54,61,910,54,2014-05-29T17:45:00,0,13208307,158805
OK,54,61,910,54,2014-05-29T17:50:00,0,13208756,158805
OK,72,46,910,72,2014-05-29T17:55:00,1,13209205,158805
OK,59,56,910,59,2014-05-29T18:00:00,1,13209654,158805
OK,82,40,910,82,2014-05-29T18:05:00,2,13210103,158805
OK,77,43,910,77,2014-05-29T18:10:00,2,13210552,158805
OK,48,69,910,48,2014-05-29T18:15:00,0,13211001,158805
OK,59,56,910,59,2014-05-29T18:20:00,1,13211450,158805
OK,59,56,910,59,2014-05-29T18:25:00,0,13211899,158805
OK,64,51,910,64,2014-05-29T18:30:00,1,13212348,158805
OK,60,55,910,60,2014-05-29T18:35:00,2,13212797,158805
OK,57,58,910,57,2014-05-29T18:40:00,1,13213246,158805
OK,49,67,910,49,2014-05-29T18:45:00,0,13213695,158805
OK,49,67,910,49,2014-05-29T18:50:00,0,13214144,158805
OK,53,62,910,53,2014-05-29T18:55:00,1,13214593,158805
OK,41,80,910,41,2014-05-29T19:00:00,1,13215042,158805
OK,45,73,910,45,2014-05-29T19:05:00,3,13215491,158805
OK,64,51,910,64,2014-05-29T19:10:00,2,13215940,158805
OK,64,51,910,64,2014-05-29T19:15:00,0,13216389,158805
OK,51,64,910,51,2014-05-29T19:20:00,2,13216838,158805
OK,51,64,910,51,2014-05-29T19:25:00,2,13217287,158805
OK,59,56,910,59,2014-05-29T19:30:00,1,13217736,158805
OK,55,60,910,55,2014-05-29T19:35:00,2,13218185,158805
OK,54,61,910,54,2014-05-29T19:40:00,2,13218634,158805
OK,48,69,910,48,2014-05-29T19:45:00,4,13219083,158805
OK,47,70,910,47,2014-05-29T19:50:00,3,13219532,158805
OK,76,43,910,76,2014-05-29T19:55:00,1,13219981,158805
OK,49,67,910,49,2014-05-29T22:00:00,0,13228823,158805
OK,49,67,910,49,2014-05-29T22:05:00,0,13229272,158805
OK,51,64,910,51,2014-05-30T00:00:00,0,13237066,158805
OK,51,64,910,51,2014-05-30T00:05:00,0,13237515,158805
OK,51,64,910,51,2014-05-30T00:10:00,0,13237964,158805
OK,51,64,910,51,2014-05-30T00:15:00,0,13238413,158805
OK,51,64,910,51,2014-05-30T00:20:00,0,13238862,158805
OK,51,64,910,51,2014-05-30T00:25:00,0,13239311,158805
OK,51,64,910,51,2014-05-30T00:30:00,0,13239760,158805
OK,51,64,910,51,2014-05-30T00:35:00,0,13240209,158805
OK,51,64,910,51,2014-05-30T00:40:00,0,13240658,158805
OK,52,63,910,52,2014-05-30T00:45:00,0,13241107,158805
OK,52,63,910,52,2014-05-30T00:50:00,0,13241556,158805
OK,52,63,910,52,2014-05-30T00:55:00,0,13242005,158805
OK,52,63,910,52,2014-05-30T01:00:00,0,13242454,158805
OK,52,63,910,52,2014-05-30T01:05:00,0,13242903,158805
OK,52,63,910,52,2014-05-30T01:10:00,0,13243352,158805
OK,52,63,910,52,2014-05-30T01:15:00,0,13243801,158805
OK,52,63,910,52,2014-05-30T01:20:00,0,13244250,158805
OK,112,29,910,112,2014-05-30T01:25:00,1,13244699,158805
OK,112,29,910,112,2014-05-30T01:30:00,0,13245148,158805
OK,112,29,910,112,2014-05-30T01:35:00,0,13245597,158805
OK,112,29,910,112,2014-05-30T01:40:00,0,13246046,158805
OK,112,29,910,112,2014-05-30T01:45:00,0,13246494,158805
OK,112,29,910,112,2014-05-30T01:50:00,0,13246943,158805
OK,112,29,910,112,2014-05-30T01:55:00,0,13247392,158805
OK,53,62,910,53,2014-05-30T02:00:00,1,13247841,158805
OK,53,62,910,53,2014-05-30T02:05:00,1,13248290,158805
OK,112,29,910,112,2014-05-30T02:10:00,0,13248739,158805
OK,112,29,910,112,2014-05-30T02:15:00,0,13249188,158805
OK,112,29,910,112,2014-05-30T02:20:00,0,13249637,158805
OK,112,29,910,112,2014-05-30T02:25:00,0,13250086,158805
OK,112,29,910,112,2014-05-30T02:30:00,0,13250535,158805
OK,112,29,910,112,2014-05-30T02:35:00,0,13250984,158805
OK,112,29,910,112,2014-05-30T02:40:00,0,13251433,158805
OK,112,29,910,112,2014-05-30T02:45:00,0,13251882,158805
OK,112,29,910,112,2014-05-30T02:50:00,0,13252331,158805
OK,112,29,910,112,2014-05-30T02:55:00,0,13252780,158805
OK,112,29,910,112,2014-05-30T03:00:00,0,13253229,158805
OK,112,29,910,112,2014-05-30T03:05:00,0,13253678,158805
OK,112,29,910,112,2014-05-30T03:10:00,0,13254127,158805
OK,112,29,910,112,2014-05-30T03:15:00,0,13254576,158805
OK,112,29,910,112,2014-05-30T03:20:00,0,13255025,158805
OK,112,29,910,112,2014-05-30T03:25:00,0,13255474,158805
OK,112,29,910,112,2014-05-30T03:30:00,0,13255923,158805
OK,61,54,910,61,2014-05-30T03:35:00,2,13256372,158805
OK,58,57,910,58,2014-05-30T03:40:00,1,13256821,158805
OK,69,48,910,69,2014-05-30T03:45:00,2,13257270,158805
OK,71,46,910,71,2014-05-30T03:50:00,4,13257719,158805
OK,71,46,910,71,2014-05-30T03:55:00,4,13258168,158805
OK,43,77,910,43,2014-05-30T04:00:00,1,13258617,158805
OK,51,64,910,51,2014-05-30T04:05:00,1,13259066,158805
OK,71,46,910,71,2014-05-30T04:10:00,2,13259515,158805
OK,92,36,910,92,2014-05-30T04:15:00,1,13259964,158805
OK,92,36,910,92,2014-05-30T04:20:00,0,13260413,158805
OK,65,50,910,65,2014-05-30T04:25:00,2,13260862,158805
OK,65,50,910,65,2014-05-30T04:30:00,2,13261311,158805
OK,58,57,910,58,2014-05-30T04:35:00,1,13261760,158805
OK,54,61,910,54,2014-05-30T04:40:00,3,13262209,158805
OK,53,62,910,53,2014-05-30T04:45:00,3,13262658,158805
OK,49,67,910,49,2014-05-30T04:50:00,2,13263107,158805
OK,66,50,910,66,2014-05-30T04:55:00,4,13263556,158805
OK,54,61,910,54,2014-05-30T05:00:00,2,13264005,158805
OK,54,61,910,54,2014-05-30T05:05:00,0,13264454,158805
OK,54,61,910,54,2014-05-30T05:10:00,0,13264903,158805
OK,54,61,910,54,2014-05-30T05:15:00,0,13265352,158805
OK,50,66,910,50,2014-05-30T05:20:00,2,13265801,158805
OK,71,46,910,71,2014-05-30T05:25:00,4,13266250,158805
OK,76,43,910,76,2014-05-30T05:30:00,4,13266699,158805
OK,70,47,910,70,2014-05-30T05:35:00,1,13267148,158805
OK,70,47,910,70,2014-05-30T05:40:00,0,13267597,158805
OK,63,52,910,63,2014-05-30T05:45:00,4,13268046,158805
OK,63,52,910,63,2014-05-30T05:50:00,4,13268495,158805
OK,54,61,910,54,2014-05-30T05:55:00,1,13268944,158805
OK,61,54,910,61,2014-05-30T06:00:00,3,13269393,158805
OK,61,54,910,61,2014-05-30T06:05:00,3,13269842,158805
OK,59,56,910,59,2014-05-30T06:10:00,3,13270291,158805
OK,58,57,910,58,2014-05-30T06:15:00,2,13270740,158805
OK,59,56,910,59,2014-05-30T06:20:00,0,13271189,158805
OK,59,56,910,59,2014-05-30T06:25:00,0,13271638,158805
OK,46,72,910,46,2014-05-30T06:30:00,1,13272087,158805
OK,62,53,910,62,2014-05-30T06:35:00,4,13272536,158805
OK,66,50,910,66,2014-05-30T06:40:00,3,13272985,158805
OK,76,43,910,76,2014-05-30T06:45:00,4,13273434,158805
OK,65,50,910,65,2014-05-30T06:50:00,7,13273883,158805
OK,59,56,910,59,2014-05-30T06:55:00,3,13274332,158805
OK,56,59,910,56,2014-05-30T07:00:00,3,13274781,158805
OK,56,59,910,56,2014-05-30T07:05:00,5,13275230,158805
OK,61,54,910,61,2014-05-30T07:10:00,6,13275679,158805
OK,66,50,910,66,2014-05-30T07:15:00,6,13276128,158805
OK,69,48,910,69,2014-05-30T07:20:00,5,13276577,158805
OK,66,50,910,66,2014-05-30T07:25:00,8,13277026,158805
OK,65,50,910,65,2014-05-30T07:30:00,7,13277475,158805
OK,74,44,910,74,2014-05-30T07:35:00,4,13277924,158805
OK,68,48,910,68,2014-05-30T07:40:00,7,13278373,158805
OK,65,50,910,65,2014-05-30T07:45:00,11,13278822,158805
OK,62,53,910,62,2014-05-30T07:50:00,6,13279271,158805
OK,62,53,910,62,2014-05-30T07:55:00,3,13279720,158805
OK,60,55,910,60,2014-05-30T08:00:00,6,13280169,158805
OK,62,53,910,62,2014-05-30T08:05:00,9,13280618,158805
OK,67,49,910,67,2014-05-30T08:10:00,7,13281067,158805
OK,61,54,910,61,2014-05-30T08:15:00,6,13281516,158805
OK,61,54,910,61,2014-05-30T08:20:00,6,13281965,158805
OK,59,56,910,59,2014-05-30T08:25:00,5,13282414,158805
OK,67,49,910,67,2014-05-30T08:30:00,9,13282863,158805
OK,66,50,910,66,2014-05-30T08:35:00,10,13283312,158805
OK,60,55,910,60,2014-05-30T08:40:00,7,13283761,158805
OK,57,58,910,57,2014-05-30T08:45:00,4,13284210,158805
OK,60,55,910,60,2014-05-30T08:50:00,6,13284659,158805
OK,60,55,910,60,2014-05-30T08:55:00,7,13285108,158805
OK,59,56,910,59,2014-05-30T09:00:00,6,13285557,158805
OK,60,55,910,60,2014-05-30T09:05:00,10,13286006,158805
OK,55,60,910,55,2014-05-30T09:10:00,14,13286455,158805
OK,61,54,910,61,2014-05-30T09:15:00,10,13286904,158805
OK,71,46,910,71,2014-05-30T09:20:00,5,13287353,158805
OK,63,52,910,63,2014-05-30T09:25:00,5,13287802,158805
OK,64,51,910,64,2014-05-30T09:30:00,4,13288251,158805
OK,58,57,910,58,2014-05-30T09:35:00,6,13288700,158805
OK,63,52,910,63,2014-05-30T09:40:00,5,13289149,158805
OK,60,55,910,60,2014-05-30T09:45:00,2,13289598,158805
OK,55,60,910,55,2014-05-30T09:50:00,5,13290047,158805
OK,53,62,910,53,2014-05-30T09:55:00,7,13290496,158805
OK,58,57,910,58,2014-05-30T10:00:00,14,13290945,158805
OK,60,55,910,60,2014-05-30T10:05:00,11,13291394,158805
OK,80,41,910,80,2014-05-30T10:10:00,4,13291843,158805
OK,67,49,910,67,2014-05-30T10:15:00,8,13292292,158805
OK,66,50,910,66,2014-05-30T10:20:00,7,13292741,158805
OK,64,51,910,64,2014-05-30T10:25:00,2,13293190,158805
OK,53,62,910,53,2014-05-30T10:30:00,2,13293639,158805
OK,62,53,910,62,2014-05-30T10:35:00,4,13294088,158805
OK,62,53,910,62,2014-05-30T10:40:00,8,13294537,158805
OK,61,54,910,61,2014-05-30T10:45:00,9,13294986,158805
OK,65,50,910,65,2014-05-30T10:50:00,9,13295435,158805
OK,58,57,910,58,2014-05-30T10:55:00,4,13295884,158805
OK,71,46,910,71,2014-05-30T11:00:00,5,13296333,158805
OK,63,52,910,63,2014-05-30T11:05:00,9,13296782,158805
OK,63,52,910,63,2014-05-30T11:10:00,15,13297231,158805
OK,66,50,910,66,2014-05-30T11:15:00,12,13297680,158805
OK,63,52,910,63,2014-05-30T11:20:00,6,13298129,158805
OK,61,54,910,61,2014-05-30T11:25:00,7,13298578,158805
OK,55,60,910,55,2014-05-30T11:30:00,4,13299027,158805
OK,63,52,910,63,2014-05-30T11:35:00,3,13299476,158805
OK,66,50,910,66,2014-05-30T11:40:00,3,13299925,158805
OK,65,50,910,65,2014-05-30T11:45:00,4,13300374,158805
OK,65,50,910,65,2014-05-30T11:50:00,11,13300823,158805
OK,61,54,910,61,2014-05-30T11:55:00,9,13301272,158805
OK,67,49,910,67,2014-05-30T12:00:00,10,13301721,158805
OK,70,47,910,70,2014-05-30T12:05:00,14,13302170,158805
OK,66,50,910,66,2014-05-30T12:10:00,13,13302619,158805
OK,63,52,910,63,2014-05-30T12:15:00,10,13303068,158805
OK,70,47,910,70,2014-05-30T12:20:00,12,13303517,158805
OK,71,46,910,71,2014-05-30T12:25:00,17,13303966,158805
OK,71,46,910,71,2014-05-30T12:30:00,8,13304415,158805
OK,62,53,910,62,2014-05-30T12:35:00,3,13304864,158805
OK,58,57,910,58,2014-05-30T12:40:00,5,13305313,158805
OK,58,57,910,58,2014-05-30T12:45:00,9,13305762,158805
OK,62,53,910,62,2014-05-30T12:50:00,10,13306211,158805
OK,62,53,910,62,2014-05-30T12:55:00,8,13306660,158805
OK,67,49,910,67,2014-05-30T13:00:00,9,13307109,158805
OK,69,48,910,69,2014-05-30T13:05:00,7,13307558,158805
OK,59,56,910,59,2014-05-30T13:10:00,4,13308007,158805
OK,61,54,910,61,2014-05-30T13:15:00,6,13308456,158805
OK,60,55,910,60,2014-05-30T13:20:00,8,13308905,158805
OK,55,60,910,55,2014-05-30T13:25:00,7,13309354,158805
OK,58,57,910,58,2014-05-30T13:30:00,3,13309803,158805
OK,63,52,910,63,2014-05-30T13:35:00,4,13310252,158805
OK,55,60,910,55,2014-05-30T13:40:00,4,13310701,158805
OK,55,60,910,55,2014-05-30T13:45:00,5,13311150,158805
OK,57,58,910,57,2014-05-30T13:50:00,6,13311599,158805
OK,61,54,910,61,2014-05-30T13:55:00,7,13312048,158805
OK,60,55,910,60,2014-05-30T14:00:00,7,13312497,158805
OK,56,59,910,56,2014-05-30T14:05:00,9,13312946,158805
OK,58,57,910,58,2014-05-30T14:10:00,13,13313395,158805
OK,62,53,910,62,2014-05-30T14:15:00,11,13313844,158805
OK,53,62,910,53,2014-05-30T14:20:00,5,13314293,158805
OK,50,66,910,50,2014-05-30T14:25:00,5,13314742,158805
OK,49,67,910,49,2014-05-30T14:30:00,3,13315191,158805
OK,54,61,910,54,2014-05-30T14:35:00,2,13315640,158805
OK,52,63,910,52,2014-05-30T14:40:00,3,13316089,158805
OK,58,57,910,58,2014-05-30T14:45:00,4,13316538,158805
OK,60,55,910,60,2014-05-30T14:50:00,10,13316987,158805
OK,60,55,910,60,2014-05-30T14:55:00,6,13317436,158805
OK,68,48,910,68,2014-05-30T15:00:00,5,13317885,158805
OK,61,54,910,61,2014-05-30T15:05:00,7,13318334,158805
OK,65,50,910,65,2014-05-30T15:10:00,7,13318783,158805
OK,72,46,910,72,2014-05-30T15:15:00,7,13319232,158805
OK,56,59,910,56,2014-05-30T15:20:00,5,13319681,158805
OK,50,66,910,50,2014-05-30T15:25:00,3,13320130,158805
OK,52,63,910,52,2014-05-30T15:30:00,3,13320579,158805
OK,52,63,910,52,2014-05-30T15:35:00,1,13321028,158805
OK,77,43,910,77,2014-05-30T15:40:00,1,13321477,158805
OK,72,46,910,72,2014-05-30T15:45:00,3,13321926,158805
OK,68,48,910,68,2014-05-30T15:50:00,4,13322375,158805
OK,61,54,910,61,2014-05-30T15:55:00,7,13322824,158805
OK,55,60,910,55,2014-05-30T16:00:00,6,13323273,158805
OK,58,57,910,58,2014-05-30T16:05:00,7,13323722,158805
OK,56,59,910,56,2014-05-30T16:10:00,6,13324171,158805
OK,54,61,910,54,2014-05-30T16:15:00,2,13324620,158805
OK,55,60,910,55,2014-05-30T16:20:00,0,13325069,158805
OK,49,67,910,49,2014-05-30T16:25:00,2,13325518,158805
OK,49,67,910,49,2014-05-30T16:30:00,2,13325967,158805
OK,55,60,910,55,2014-05-30T16:35:00,1,13326416,158805
OK,56,59,910,56,2014-05-30T16:40:00,3,13326865,158805
OK,65,50,910,65,2014-05-30T16:45:00,4,13327314,158805
OK,60,55,910,60,2014-05-30T16:50:00,4,13327763,158805
OK,49,67,910,49,2014-05-30T16:55:00,3,13328212,158805
OK,54,61,910,54,2014-05-30T17:00:00,4,13328661,158805
OK,54,61,910,54,2014-05-30T17:05:00,3,13329110,158805
OK,56,59,910,56,2014-05-30T17:10:00,2,13329559,158805
OK,75,44,910,75,2014-05-30T17:15:00,2,13330008,158805
OK,44,75,910,44,2014-05-30T17:20:00,3,13330457,158805
OK,53,62,910,53,2014-05-30T17:25:00,3,13330906,158805
OK,52,63,910,52,2014-05-30T17:30:00,2,13331355,158805
OK,41,80,910,41,2014-05-30T17:35:00,1,13331804,158805
OK,52,63,910,52,2014-05-30T17:40:00,2,13332253,158805
OK,60,55,910,60,2014-05-30T17:45:00,1,13332702,158805
OK,56,59,910,56,2014-05-30T17:50:00,1,13333151,158805
OK,48,69,910,48,2014-05-30T17:55:00,2,13333600,158805
OK,48,69,910,48,2014-05-30T18:00:00,2,13334049,158805
OK,61,54,910,61,2014-05-30T18:05:00,2,13334498,158805
OK,56,59,910,56,2014-05-30T18:10:00,2,13334947,158805
OK,51,64,910,51,2014-05-30T18:15:00,2,13335396,158805
OK,52,63,910,52,2014-05-30T18:20:00,1,13335845,158805
OK,55,60,910,55,2014-05-30T18:25:00,1,13336294,158805
OK,55,60,910,55,2014-05-30T18:30:00,3,13336743,158805
OK,58,57,910,58,2014-05-30T18:35:00,2,13337192,158805
OK,68,48,910,68,2014-05-30T18:40:00,3,13337641,158805
OK,70,47,910,70,2014-05-30T18:45:00,3,13338090,158805
OK,71,46,910,71,2014-05-30T18:50:00,3,13338539,158805
OK,52,63,910,52,2014-05-30T18:55:00,3,13338988,158805
OK,51,64,910,51,2014-05-30T19:00:00,5,13339437,158805
OK,55,60,910,55,2014-05-30T19:05:00,2,13339886,158805
OK,55,60,910,55,2014-05-30T19:10:00,0,13340335,158805
OK,52,63,910,52,2014-05-30T19:15:00,2,13340784,158805
OK,48,69,910,48,2014-05-30T19:20:00,1,13341233,158805
OK,48,69,910,48,2014-05-30T19:25:00,0,13341682,158805
OK,48,69,910,48,2014-05-30T19:30:00,0,13342131,158805
OK,61,54,910,61,2014-05-30T19:35:00,2,13342580,158805
OK,65,50,910,65,2014-05-30T19:40:00,3,13343029,158805
OK,67,49,910,67,2014-05-30T19:45:00,1,13343478,158805
OK,59,56,910,59,2014-05-30T19:50:00,2,13343927,158805
OK,61,54,910,61,2014-05-30T19:55:00,1,13344376,158805
OK,56,59,910,56,2014-05-30T22:00:00,0,13352413,158805
OK,56,59,910,56,2014-05-30T22:05:00,0,13352862,158805
OK,50,66,910,50,2014-05-30T22:10:00,1,13353302,158805
OK,46,72,910,46,2014-05-31T00:00:00,0,13360793,158805
OK,46,72,910,46,2014-05-31T00:05:00,0,13361242,158805
OK,46,72,910,46,2014-05-31T00:10:00,0,13361691,158805
OK,46,72,910,46,2014-05-31T00:15:00,0,13362140,158805
OK,46,72,910,46,2014-05-31T00:20:00,0,13362589,158805
OK,46,72,910,46,2014-05-31T00:25:00,0,13363038,158805
OK,46,72,910,46,2014-05-31T00:30:00,0,13363487,158805
OK,46,72,910,46,2014-05-31T00:35:00,0,13363936,158805
OK,46,72,910,46,2014-05-31T00:40:00,0,13364385,158805
OK,46,72,910,46,2014-05-31T00:45:00,0,13364834,158805
OK,70,47,910,70,2014-05-31T00:50:00,3,13365283,158805
OK,47,70,910,47,2014-05-31T00:55:00,1,13365732,158805
OK,47,70,910,47,2014-05-31T01:00:00,0,13366181,158805
OK,47,70,910,47,2014-05-31T01:05:00,0,13366630,158805
OK,47,70,910,47,2014-05-31T01:10:00,0,13367079,158805
OK,47,70,910,47,2014-05-31T01:15:00,0,13367528,158805
OK,47,70,910,47,2014-05-31T01:20:00,0,13367977,158805
OK,47,70,910,47,2014-05-31T01:25:00,0,13368426,158805
OK,48,69,910,48,2014-05-31T01:30:00,1,13368875,158805
OK,48,69,910,48,2014-05-31T01:35:00,0,13369324,158805
OK,48,69,910,48,2014-05-31T01:40:00,0,13369773,158805
OK,48,69,910,48,2014-05-31T01:45:00,0,13370222,158805
OK,48,69,910,48,2014-05-31T01:50:00,0,13370671,158805
OK,48,69,910,48,2014-05-31T01:55:00,0,13371120,158805
OK,43,77,910,43,2014-05-31T02:00:00,1,13371569,158805
OK,43,77,910,43,2014-05-31T02:05:00,1,13372018,158805
OK,48,69,910,48,2014-05-31T02:10:00,0,13372467,158805
OK,48,69,910,48,2014-05-31T02:15:00,0,13372916,158805
OK,48,69,910,48,2014-05-31T02:20:00,0,13373365,158805
OK,48,69,910,48,2014-05-31T02:25:00,0,13373814,158805
OK,48,69,910,48,2014-05-31T02:30:00,0,13374263,158805
OK,48,69,910,48,2014-05-31T02:35:00,0,13374712,158805
OK,54,61,910,54,2014-05-31T02:40:00,1,13375161,158805
OK,54,61,910,54,2014-05-31T02:45:00,0,13375610,158805
OK,54,61,910,54,2014-05-31T02:50:00,0,13376059,158805
OK,54,61,910,54,2014-05-31T02:55:00,0,13376508,158805
OK,54,61,910,54,2014-05-31T03:00:00,0,13376957,158805
OK,54,61,910,54,2014-05-31T03:05:00,0,13377406,158805
OK,54,61,910,54,2014-05-31T03:10:00,0,13377855,158805
OK,54,61,910,54,2014-05-31T03:15:00,0,13378304,158805
OK,54,61,910,54,2014-05-31T03:20:00,0,13378753,158805
OK,54,61,910,54,2014-05-31T03:25:00,0,13379202,158805
OK,54,61,910,54,2014-05-31T03:30:00,0,13379651,158805
OK,54,61,910,54,2014-05-31T03:35:00,0,13380100,158805
OK,54,61,910,54,2014-05-31T03:40:00,0,13380549,158805
OK,54,61,910,54,2014-05-31T03:45:00,0,13380998,158805
OK,54,61,910,54,2014-05-31T03:50:00,0,13381447,158805
OK,54,61,910,54,2014-05-31T03:55:00,0,13381896,158805
OK,54,61,910,54,2014-05-31T04:10:00,3,13383187,158805
OK,61,54,910,61,2014-05-31T06:00:00,0,13391798,158805
OK,61,54,910,61,2014-05-31T06:05:00,0,13392247,158805
OK,61,54,910,61,2014-05-31T06:10:00,0,13392696,158805
OK,61,54,910,61,2014-05-31T06:15:00,0,13393145,158805
OK,57,58,910,57,2014-05-31T06:20:00,1,13393594,158805
OK,60,55,910,60,2014-05-31T06:25:00,4,13394043,158805
OK,64,51,910,64,2014-05-31T06:30:00,4,13394492,158805
OK,59,56,910,59,2014-05-31T06:35:00,0,13394941,158805
OK,47,70,910,47,2014-05-31T06:40:00,2,13395390,158805
OK,54,61,910,54,2014-05-31T06:45:00,2,13395839,158805
OK,62,53,910,62,2014-05-31T06:50:00,2,13396288,158805
OK,62,53,910,62,2014-05-31T06:55:00,2,13396737,158805
OK,60,55,910,60,2014-05-31T07:00:00,3,13397186,158805
OK,58,57,910,58,2014-05-31T07:05:00,2,13397635,158805
OK,54,61,910,54,2014-05-31T07:10:00,3,13398084,158805
OK,54,61,910,54,2014-05-31T07:15:00,3,13398533,158805
OK,52,63,910,52,2014-05-31T07:20:00,0,13398982,158805
OK,56,59,910,56,2014-05-31T07:25:00,6,13399431,158805
OK,57,58,910,57,2014-05-31T07:30:00,7,13399880,158805
OK,66,50,910,66,2014-05-31T07:35:00,1,13400329,158805
OK,81,40,910,81,2014-05-31T07:40:00,2,13400778,158805
OK,81,40,910,81,2014-05-31T07:45:00,2,13401227,158805
OK,58,57,910,58,2014-05-31T07:50:00,2,13401676,158805
OK,57,58,910,57,2014-05-31T07:55:00,3,13402125,158805
OK,55,60,910,55,2014-05-31T08:00:00,2,13402574,158805
OK,79,41,910,79,2014-05-31T08:05:00,1,13403023,158805
OK,79,41,910,79,2014-05-31T08:10:00,0,13403472,158805
OK,83,39,910,83,2014-05-31T08:15:00,1,13403921,158805
OK,83,39,910,83,2014-05-31T08:20:00,2,13404370,158805
OK,84,39,910,84,2014-05-31T08:25:00,4,13404819,158805
OK,62,53,910,62,2014-05-31T08:30:00,3,13405268,158805
OK,91,36,910,91,2014-05-31T08:35:00,2,13405717,158805
OK,58,57,910,58,2014-05-31T08:40:00,3,13406166,158805
OK,70,47,910,70,2014-05-31T08:45:00,5,13406615,158805
OK,86,38,910,86,2014-05-31T08:50:00,3,13407064,158805
OK,59,56,910,59,2014-05-31T08:55:00,2,13407513,158805
OK,76,43,910,76,2014-05-31T09:00:00,2,13407962,158805
OK,63,52,910,63,2014-05-31T09:05:00,5,13408411,158805
OK,58,57,910,58,2014-05-31T09:10:00,6,13408860,158805
OK,71,46,910,71,2014-05-31T09:15:00,5,13409309,158805
OK,76,43,910,76,2014-05-31T09:20:00,4,13409758,158805
OK,57,58,910,57,2014-05-31T09:25:00,2,13410207,158805
OK,55,60,910,55,2014-05-31T09:30:00,5,13410656,158805
OK,60,55,910,60,2014-05-31T09:35:00,5,13411105,158805
OK,64,51,910,64,2014-05-31T09:40:00,2,13411554,158805
OK,67,49,910,67,2014-05-31T09:45:00,3,13412003,158805
OK,67,49,910,67,2014-05-31T09:50:00,7,13412452,158805
OK,69,48,910,69,2014-05-31T09:55:00,4,13412901,158805
OK,58,57,910,58,2014-05-31T10:00:00,8,13413350,158805
OK,67,49,910,67,2014-05-31T10:05:00,10,13413799,158805
OK,74,44,910,74,2014-05-31T10:10:00,9,13414248,158805
OK,67,49,910,67,2014-05-31T10:15:00,7,13414697,158805
OK,63,52,910,63,2014-05-31T10:20:00,3,13415146,158805
OK,59,56,910,59,2014-05-31T10:25:00,6,13415595,158805
OK,58,57,910,58,2014-05-31T10:30:00,8,13416044,158805
OK,65,50,910,65,2014-05-31T10:35:00,4,13416493,158805
OK,69,48,910,69,2014-05-31T10:40:00,4,13416942,158805
OK,63,52,910,63,2014-05-31T10:45:00,7,13417391,158805
OK,58,57,910,58,2014-05-31T10:50:00,6,13417840,158805
OK,70,47,910,70,2014-05-31T10:55:00,7,13418289,158805
OK,70,47,910,70,2014-05-31T11:00:00,7,13418738,158805
OK,65,50,910,65,2014-05-31T11:05:00,7,13419187,158805
OK,65,50,910,65,2014-05-31T11:10:00,6,13419636,158805
OK,55,60,910,55,2014-05-31T11:15:00,3,13420085,158805
OK,57,58,910,57,2014-05-31T11:20:00,2,13420534,158805
OK,57,58,910,57,2014-05-31T11:25:00,2,13420983,158805
OK,55,60,910,55,2014-05-31T11:30:00,1,13421432,158805
OK,63,52,910,63,2014-05-31T11:35:00,1,13421881,158805
OK,63,52,910,63,2014-05-31T11:40:00,3,13422330,158805
OK,64,51,910,64,2014-05-31T12:00:00,0,13422968,158805
OK,56,59,910,56,2014-05-31T12:05:00,4,13423417,158805
OK,59,56,910,59,2014-05-31T12:10:00,6,13423866,158805
OK,58,57,910,58,2014-05-31T12:15:00,8,13424315,158805
OK,62,53,910,62,2014-05-31T12:20:00,5,13424764,158805
OK,73,45,910,73,2014-05-31T12:25:00,6,13425213,158805
OK,56,59,910,56,2014-05-31T12:30:00,6,13425662,158805
OK,53,62,910,53,2014-05-31T12:35:00,9,13426111,158805
OK,52,63,910,52,2014-05-31T12:40:00,6,13426560,158805
OK,65,50,910,65,2014-05-31T12:45:00,3,13427009,158805
OK,65,50,910,65,2014-05-31T12:50:00,7,13427458,158805
OK,62,53,910,62,2014-05-31T12:55:00,7,13427907,158805
OK,61,54,910,61,2014-05-31T13:00:00,4,13428356,158805
OK,55,60,910,55,2014-05-31T13:05:00,2,13428805,158805
OK,66,50,910,66,2014-05-31T13:10:00,3,13429254,158805
OK,57,58,910,57,2014-05-31T13:15:00,4,13429703,158805
OK,62,53,910,62,2014-05-31T13:20:00,7,13430152,158805
OK,64,51,910,64,2014-05-31T13:25:00,7,13430601,158805
OK,65,50,910,65,2014-05-31T13:30:00,6,13431050,158805
OK,60,55,910,60,2014-05-31T13:35:00,3,13431499,158805
OK,67,49,910,67,2014-05-31T13:40:00,3,13431948,158805
OK,62,53,910,62,2014-05-31T13:45:00,4,13432397,158805
OK,61,54,910,61,2014-05-31T13:50:00,3,13432846,158805
OK,50,66,910,50,2014-05-31T13:55:00,4,13433295,158805
OK,57,58,910,57,2014-05-31T14:00:00,6,13433744,158805
OK,61,54,910,61,2014-05-31T14:05:00,4,13434193,158805
OK,57,58,910,57,2014-05-31T14:10:00,3,13434642,158805
OK,60,55,910,60,2014-05-31T14:15:00,3,13435091,158805
OK,60,55,910,60,2014-05-31T14:20:00,3,13435540,158805
OK,79,41,910,79,2014-05-31T14:25:00,2,13435989,158805
OK,89,37,910,89,2014-05-31T14:30:00,4,13436438,158805
OK,59,56,910,59,2014-05-31T14:35:00,5,13436887,158805
OK,58,57,910,58,2014-05-31T14:40:00,5,13437336,158805
OK,61,54,910,61,2014-05-31T14:45:00,3,13437785,158805
OK,59,56,910,59,2014-05-31T14:50:00,3,13438234,158805
OK,53,62,910,53,2014-05-31T14:55:00,3,13438683,158805
OK,52,63,910,52,2014-05-31T15:00:00,3,13439132,158805
OK,48,69,910,48,2014-05-31T15:05:00,4,13439581,158805
OK,49,67,910,49,2014-05-31T15:10:00,5,13440030,158805
OK,50,66,910,50,2014-05-31T15:15:00,3,13440479,158805
OK,57,58,910,57,2014-05-31T15:20:00,6,13440928,158805
OK,56,59,910,56,2014-05-31T15:25:00,5,13441377,158805
OK,59,56,910,59,2014-05-31T15:30:00,2,13441826,158805
OK,65,50,910,65,2014-05-31T15:35:00,3,13442275,158805
OK,63,52,910,63,2014-05-31T15:40:00,5,13442724,158805
OK,70,47,910,70,2014-05-31T15:45:00,6,13443173,158805
OK,58,57,910,58,2014-05-31T15:50:00,7,13443621,158805
OK,66,50,910,66,2014-05-31T15:55:00,7,13444070,158805
OK,67,49,910,67,2014-05-31T16:00:00,5,13444519,158805
OK,57,58,910,57,2014-05-31T16:05:00,1,13444968,158805
OK,58,57,910,58,2014-05-31T16:10:00,3,13445417,158805
OK,61,54,910,61,2014-05-31T16:15:00,4,13445866,158805
OK,60,55,910,60,2014-05-31T16:20:00,6,13446315,158805
OK,64,51,910,64,2014-05-31T16:25:00,5,13446764,158805
OK,69,48,910,69,2014-05-31T16:30:00,4,13447213,158805
OK,63,52,910,63,2014-05-31T16:35:00,5,13447662,158805
OK,66,50,910,66,2014-05-31T16:40:00,5,13448111,158805
OK,66,50,910,66,2014-05-31T16:45:00,5,13448560,158805
OK,59,56,910,59,2014-05-31T16:50:00,4,13449009,158805
OK,64,51,910,64,2014-05-31T16:55:00,4,13449458,158805
OK,51,64,910,51,2014-05-31T17:00:00,5,13449907,158805
OK,49,67,910,49,2014-05-31T17:05:00,3,13450356,158805
OK,50,66,910,50,2014-05-31T17:10:00,0,13450805,158805
OK,44,75,910,44,2014-05-31T17:15:00,3,13451254,158805
OK,49,67,910,49,2014-05-31T17:20:00,4,13451703,158805
OK,63,52,910,63,2014-05-31T17:25:00,1,13452152,158805
OK,63,52,910,63,2014-05-31T17:30:00,0,13452601,158805
OK,63,52,910,63,2014-05-31T17:35:00,1,13453050,158805
OK,67,49,910,67,2014-05-31T17:40:00,2,13453499,158805
OK,67,49,910,67,2014-05-31T17:45:00,2,13453948,158805
OK,67,49,910,67,2014-05-31T17:50:00,0,13454397,158805
OK,67,49,910,67,2014-05-31T17:55:00,0,13454846,158805
OK,79,41,910,79,2014-05-31T18:00:00,2,13455295,158805
OK,71,46,910,71,2014-05-31T18:05:00,3,13455744,158805
OK,65,50,910,65,2014-05-31T18:10:00,2,13456193,158805
OK,60,55,910,60,2014-05-31T18:15:00,0,13456642,158805
OK,69,48,910,69,2014-05-31T18:20:00,1,13457091,158805
OK,71,46,910,71,2014-05-31T18:25:00,2,13457540,158805
OK,74,44,910,74,2014-05-31T18:30:00,1,13457989,158805
OK,74,44,910,74,2014-05-31T18:35:00,0,13458438,158805
OK,74,44,910,74,2014-05-31T18:40:00,1,13458887,158805
OK,77,43,910,77,2014-05-31T18:45:00,2,13459336,158805
OK,70,47,910,70,2014-05-31T18:50:00,2,13459785,158805
OK,77,43,910,77,2014-05-31T18:55:00,3,13460234,158805
OK,86,38,910,86,2014-05-31T19:00:00,1,13460683,158805
OK,86,38,910,86,2014-05-31T19:05:00,0,13461132,158805
OK,86,38,910,86,2014-05-31T19:10:00,0,13461581,158805
OK,49,67,910,49,2014-05-31T19:15:00,1,13462030,158805
OK,53,62,910,53,2014-05-31T19:20:00,2,13462479,158805
OK,57,58,910,57,2014-05-31T19:25:00,1,13462928,158805
OK,69,48,910,69,2014-05-31T19:30:00,1,13463377,158805
OK,69,48,910,69,2014-05-31T19:35:00,3,13463826,158805
OK,69,48,910,69,2014-05-31T19:40:00,2,13464275,158805
OK,52,63,910,52,2014-05-31T19:45:00,2,13464724,158805
OK,47,70,910,47,2014-05-31T19:50:00,6,13465173,158805
OK,49,67,910,49,2014-05-31T19:55:00,6,13465622,158805
OK,63,52,910,63,2014-05-31T20:00:00,2,13466071,158805
OK,55,60,910,55,2014-05-31T20:05:00,2,13466520,158805
OK,58,57,910,58,2014-05-31T20:10:00,2,13466969,158805
OK,49,67,910,49,2014-05-31T20:15:00,0,13467418,158805
OK,70,47,910,70,2014-05-31T20:20:00,1,13467867,158805
OK,59,56,910,59,2014-05-31T20:25:00,2,13468316,158805
OK,49,67,910,49,2014-05-31T20:30:00,1,13468765,158805
OK,49,67,910,49,2014-05-31T20:35:00,0,13469214,158805
OK,49,67,910,49,2014-05-31T20:40:00,0,13469663,158805
OK,60,55,910,60,2014-05-31T20:45:00,1,13470112,158805
OK,60,55,910,60,2014-05-31T20:50:00,0,13470561,158805
OK,60,55,910,60,2014-05-31T20:55:00,0,13471010,158805
OK,58,57,910,58,2014-05-31T21:00:00,1,13471459,158805
OK,58,57,910,58,2014-05-31T21:05:00,2,13471908,158805
OK,59,56,910,59,2014-05-31T21:10:00,1,13472357,158805
OK,59,56,910,59,2014-05-31T21:15:00,0,13472806,158805
OK,59,56,910,59,2014-05-31T21:20:00,0,13473255,158805
OK,59,56,910,59,2014-05-31T21:25:00,0,13473704,158805
OK,59,56,910,59,2014-05-31T21:30:00,0,13474153,158805
OK,59,56,910,59,2014-05-31T21:35:00,0,13474602,158805
OK,59,56,910,59,2014-05-31T21:40:00,0,13475051,158805
OK,52,63,910,52,2014-05-31T21:45:00,1,13475500,158805
OK,52,63,910,52,2014-05-31T21:50:00,0,13475949,158805
OK,61,54,910,61,2014-05-31T21:55:00,1,13476398,158805
OK,61,54,910,61,2014-05-31T22:00:00,0,13476847,158805
OK,61,54,910,61,2014-05-31T22:05:00,0,13477296,158805
OK,61,54,910,61,2014-05-31T22:10:00,0,13477745,158805
OK,61,54,910,61,2014-05-31T22:15:00,0,13478194,158805
OK,61,54,910,61,2014-05-31T22:20:00,0,13478643,158805
OK,65,50,910,65,2014-05-31T22:25:00,1,13479092,158805
OK,65,50,910,65,2014-05-31T22:30:00,1,13479541,158805
OK,65,50,910,65,2014-05-31T22:35:00,0,13479990,158805
OK,65,50,910,65,2014-05-31T22:40:00,0,13480439,158805
OK,45,73,910,45,2014-05-31T22:45:00,0,13480888,158805
OK,62,53,910,62,2014-05-31T22:50:00,1,13481337,158805
OK,52,63,910,52,2014-05-31T22:55:00,2,13481786,158805
OK,45,73,910,45,2014-05-31T23:00:00,1,13482235,158805
OK,55,60,910,55,2014-05-31T23:15:00,0,13483582,158805
OK,46,72,910,46,2014-05-31T23:20:00,1,13484031,158805
OK,46,72,910,46,2014-05-31T23:25:00,0,13484480,158805
OK,46,72,910,46,2014-05-31T23:30:00,0,13484929,158805
OK,46,72,910,46,2014-05-31T23:35:00,0,13485378,158805
OK,46,72,910,46,2014-05-31T23:40:00,0,13485827,158805
OK,41,80,910,41,2014-05-31T23:45:00,1,13486276,158805
OK,53,62,910,53,2014-05-31T23:50:00,2,13486725,158805
OK,75,44,910,75,2014-05-31T23:55:00,1,13487174,158805
OK,75,44,910,75,2014-06-01T00:00:00,0,13487623,158805
OK,55,60,910,55,2014-06-01T00:05:00,0,13488072,158805
OK,55,60,910,55,2014-06-01T00:10:00,0,13488521,158805
OK,55,60,910,55,2014-06-01T00:15:00,0,13488970,158805
OK,55,60,910,55,2014-06-01T00:20:00,0,13489419,158805
OK,55,60,910,55,2014-06-01T00:25:00,0,13489868,158805
OK,55,60,910,55,2014-06-01T00:30:00,0,13490317,158805
OK,55,60,910,55,2014-06-01T00:35:00,0,13490766,158805
OK,62,53,910,62,2014-06-01T00:40:00,1,13491215,158805
OK,62,53,910,62,2014-06-01T00:45:00,0,13491664,158805
OK,53,62,910,53,2014-06-01T00:50:00,2,13492113,158805
OK,53,62,910,53,2014-06-01T00:55:00,2,13492562,158805
OK,53,62,910,53,2014-06-01T01:00:00,0,13493011,158805
OK,53,62,910,53,2014-06-01T01:05:00,0,13493460,158805
OK,53,62,910,53,2014-06-01T01:10:00,0,13493909,158805
OK,53,62,910,53,2014-06-01T01:15:00,0,13494358,158805
OK,53,62,910,53,2014-06-01T01:20:00,0,13494807,158805
OK,53,62,910,53,2014-06-01T01:25:00,0,13495256,158805
OK,63,52,910,63,2014-06-01T01:30:00,1,13495705,158805
OK,55,60,910,55,2014-06-01T01:35:00,2,13496154,158805
OK,48,69,910,48,2014-06-01T01:40:00,0,13496603,158805
OK,32,103,910,32,2014-06-01T01:45:00,1,13497052,158805
OK,32,103,910,32,2014-06-01T01:50:00,0,13497501,158805
OK,32,103,910,32,2014-06-01T01:55:00,0,13497950,158805
OK,32,103,910,32,2014-06-01T02:00:00,0,13498399,158805
OK,32,103,910,32,2014-06-01T02:05:00,0,13498848,158805
OK,32,103,910,32,2014-06-01T02:10:00,0,13499297,158805
OK,32,103,910,32,2014-06-01T02:15:00,0,13499746,158805
OK,32,103,910,32,2014-06-01T02:20:00,0,13500195,158805
OK,32,103,910,32,2014-06-01T02:25:00,0,13500644,158805
OK,32,103,910,32,2014-06-01T02:30:00,0,13501093,158805
OK,32,103,910,32,2014-06-01T02:35:00,0,13501542,158805
OK,32,103,910,32,2014-06-01T02:40:00,0,13501991,158805
OK,32,103,910,32,2014-06-01T02:45:00,0,13502440,158805
OK,32,103,910,32,2014-06-01T02:50:00,0,13502889,158805
OK,32,103,910,32,2014-06-01T02:55:00,0,13503338,158805
OK,32,103,910,32,2014-06-01T03:00:00,0,13503787,158805
OK,32,103,910,32,2014-06-01T03:05:00,0,13504236,158805
OK,32,103,910,32,2014-06-01T03:10:00,0,13504685,158805
OK,50,66,910,50,2014-06-01T03:15:00,0,13505134,158805
OK,50,66,910,50,2014-06-01T03:20:00,0,13505583,158805
OK,50,66,910,50,2014-06-01T03:25:00,0,13506032,158805
OK,50,66,910,50,2014-06-01T03:30:00,0,13506481,158805
OK,50,66,910,50,2014-06-01T03:35:00,0,13506930,158805
OK,50,66,910,50,2014-06-01T03:40:00,0,13507379,158805
OK,50,66,910,50,2014-06-01T03:45:00,0,13507828,158805
OK,41,80,910,41,2014-06-01T03:50:00,2,13508277,158805
OK,41,80,910,41,2014-06-01T03:55:00,0,13508726,158805
OK,41,80,910,41,2014-06-01T04:00:00,0,13509175,158805
OK,41,80,910,41,2014-06-01T04:05:00,0,13509624,158805
OK,41,80,910,41,2014-06-01T04:10:00,0,13510072,158805
OK,79,41,910,79,2014-06-01T04:15:00,1,13510521,158805
OK,67,49,910,67,2014-06-01T04:30:00,1,13511868,158805
OK,51,64,910,51,2014-06-01T04:35:00,1,13512317,158805
OK,51,64,910,51,2014-06-01T04:40:00,1,13512766,158805
OK,51,64,910,51,2014-06-01T04:50:00,0,13513664,158805
OK,51,64,910,51,2014-06-01T04:55:00,0,13514113,158805
OK,51,64,910,51,2014-06-01T05:00:00,0,13514562,158805
OK,51,64,910,51,2014-06-01T05:05:00,0,13515011,158805
OK,51,64,910,51,2014-06-01T05:10:00,0,13515460,158805
OK,51,64,910,51,2014-06-01T05:15:00,0,13515909,158805
OK,51,64,910,51,2014-06-01T05:20:00,0,13516358,158805
OK,51,64,910,51,2014-06-01T05:25:00,0,13516807,158805
OK,85,38,910,85,2014-06-01T05:30:00,1,13517256,158805
OK,85,38,910,85,2014-06-01T05:35:00,0,13517705,158805
OK,85,38,910,85,2014-06-01T05:45:00,0,13518552,158805
OK,85,38,910,85,2014-06-01T05:50:00,0,13519001,158805
OK,85,38,910,85,2014-06-01T05:55:00,0,13519450,158805
OK,63,52,910,63,2014-06-01T06:00:00,1,13519899,158805
OK,63,52,910,63,2014-06-01T06:05:00,0,13520348,158805
OK,63,52,910,63,2014-06-01T06:10:00,0,13520797,158805
OK,63,52,910,63,2014-06-01T06:15:00,0,13521246,158805
OK,63,52,910,63,2014-06-01T06:20:00,0,13521695,158805
OK,63,52,910,63,2014-06-01T06:25:00,0,13522144,158805
OK,63,52,910,63,2014-06-01T06:30:00,0,13522593,158805
OK,63,52,910,63,2014-06-01T06:35:00,3,13523042,158805
OK,68,48,910,68,2014-06-01T06:40:00,3,13523491,158805
OK,148,22,910,148,2014-06-01T06:45:00,0,13523940,158805
OK,148,22,910,148,2014-06-01T06:50:00,0,13524389,158805
OK,148,22,910,148,2014-06-01T06:55:00,0,13524838,158805
OK,69,48,910,69,2014-06-01T07:00:00,1,13525287,158805
OK,65,50,910,65,2014-06-01T07:05:00,3,13525736,158805
OK,61,54,910,61,2014-06-01T07:10:00,2,13526185,158805
OK,57,58,910,57,2014-06-01T07:15:00,1,13526634,158805
OK,44,75,910,44,2014-06-01T07:20:00,1,13527083,158805
OK,44,75,910,44,2014-06-01T07:25:00,1,13527532,158805
OK,44,75,910,44,2014-06-01T07:30:00,0,13527981,158805
OK,44,75,910,44,2014-06-01T07:35:00,0,13528430,158805
OK,44,75,910,44,2014-06-01T07:40:00,0,13528879,158805
OK,44,75,910,44,2014-06-01T07:45:00,0,13529328,158805
OK,44,75,910,44,2014-06-01T07:50:00,0,13529777,158805
OK,44,75,910,44,2014-06-01T07:55:00,0,13530226,158805
OK,44,75,910,44,2014-06-01T08:00:00,0,13530675,158805
OK,44,75,910,44,2014-06-01T08:05:00,0,13531124,158805
OK,44,75,910,44,2014-06-01T08:10:00,0,13531573,158805
OK,62,53,910,62,2014-06-01T08:15:00,1,13532022,158805
OK,62,53,910,62,2014-06-01T08:20:00,1,13532471,158805
OK,62,53,910,62,2014-06-01T08:25:00,0,13532920,158805
OK,80,41,910,80,2014-06-01T08:30:00,3,13533369,158805
OK,87,38,910,87,2014-06-01T08:35:00,2,13533818,158805
OK,73,45,910,73,2014-06-01T08:40:00,1,13534267,158805
OK,66,50,910,66,2014-06-01T08:45:00,3,13534716,158805
OK,63,52,910,63,2014-06-01T08:50:00,4,13535165,158805
OK,59,56,910,59,2014-06-01T08:55:00,2,13535614,158805
OK,54,61,910,54,2014-06-01T09:00:00,1,13536063,158805
OK,54,61,910,54,2014-06-01T09:05:00,0,13536512,158805
OK,54,61,910,54,2014-06-01T09:10:00,1,13536961,158805
OK,54,61,910,54,2014-06-01T09:15:00,1,13537410,158805
OK,60,55,910,60,2014-06-01T09:20:00,1,13537859,158805
OK,59,56,910,59,2014-06-01T09:25:00,2,13538308,158805
OK,59,56,910,59,2014-06-01T09:30:00,3,13538757,158805
OK,49,67,910,49,2014-06-01T09:35:00,1,13539206,158805
OK,52,63,910,52,2014-06-01T09:40:00,3,13539655,158805
OK,54,61,910,54,2014-06-01T09:45:00,4,13540104,158805
OK,70,47,910,70,2014-06-01T09:50:00,4,13540553,158805
OK,61,54,910,61,2014-06-01T09:55:00,7,13541002,158805
OK,56,59,910,56,2014-06-01T10:00:00,4,13541451,158805
OK,78,42,910,78,2014-06-01T10:05:00,2,13541900,158805
OK,66,50,910,66,2014-06-01T10:10:00,2,13542349,158805
OK,59,56,910,59,2014-06-01T10:15:00,3,13542798,158805
OK,64,51,910,64,2014-06-01T10:20:00,5,13543247,158805
OK,64,51,910,64,2014-06-01T10:25:00,3,13543696,158805
OK,68,48,910,68,2014-06-01T10:30:00,4,13544145,158805
OK,63,52,910,63,2014-06-01T10:35:00,8,13544594,158805
OK,59,56,910,59,2014-06-01T10:40:00,4,13545043,158805
OK,51,64,910,51,2014-06-01T10:45:00,1,13545492,158805
OK,61,54,910,61,2014-06-01T10:50:00,3,13545941,158805
OK,60,55,910,60,2014-06-01T10:55:00,4,13546390,158805
OK,71,46,910,71,2014-06-01T11:00:00,2,13546839,158805
OK,71,46,910,71,2014-06-01T11:05:00,2,13547288,158805
OK,56,59,910,56,2014-06-01T11:10:00,6,13547737,158805
OK,57,58,910,57,2014-06-01T11:15:00,8,13548186,158805
OK,69,48,910,69,2014-06-01T11:20:00,4,13548635,158805
OK,62,53,910,62,2014-06-01T11:25:00,3,13549084,158805
OK,72,46,910,72,2014-06-01T11:30:00,2,13549533,158805
OK,77,43,910,77,2014-06-01T11:35:00,3,13549982,158805
OK,75,44,910,75,2014-06-01T11:40:00,2,13550431,158805
OK,67,49,910,67,2014-06-01T11:45:00,1,13550880,158805
OK,67,49,910,67,2014-06-01T11:50:00,1,13551329,158805
OK,67,49,910,67,2014-06-01T11:55:00,0,13551778,158805
OK,69,48,910,69,2014-06-01T12:00:00,2,13552227,158805
OK,72,46,910,72,2014-06-01T12:05:00,2,13552676,158805
OK,74,44,910,74,2014-06-01T12:10:00,2,13553125,158805
OK,70,47,910,70,2014-06-01T12:15:00,3,13553574,158805
OK,70,47,910,70,2014-06-01T12:20:00,5,13554023,158805
OK,61,54,910,61,2014-06-01T12:25:00,3,13554472,158805
OK,60,55,910,60,2014-06-01T12:30:00,3,13554921,158805
OK,53,62,910,53,2014-06-01T12:35:00,2,13555370,158805
OK,44,75,910,44,2014-06-01T12:40:00,1,13555819,158805
OK,65,50,910,65,2014-06-01T12:45:00,4,13556268,158805
OK,62,53,910,62,2014-06-01T12:50:00,5,13556717,158805
OK,58,57,910,58,2014-06-01T12:55:00,2,13557166,158805
OK,82,40,910,82,2014-06-01T13:00:00,2,13557615,158805
OK,65,50,910,65,2014-06-01T13:05:00,3,13558064,158805
OK,53,62,910,53,2014-06-01T13:10:00,1,13558513,158805
OK,58,57,910,58,2014-06-01T13:15:00,4,13558962,158805
OK,60,55,910,60,2014-06-01T13:20:00,6,13559411,158805
OK,56,59,910,56,2014-06-01T13:25:00,7,13559860,158805
OK,55,60,910,55,2014-06-01T13:30:00,8,13560309,158805
OK,66,50,910,66,2014-06-01T13:35:00,6,13560758,158805
OK,55,60,910,55,2014-06-01T13:40:00,7,13561207,158805
OK,54,61,910,54,2014-06-01T13:45:00,3,13561656,158805
OK,49,67,910,49,2014-06-01T13:50:00,2,13562105,158805
OK,66,50,910,66,2014-06-01T13:55:00,4,13562554,158805
OK,66,50,910,66,2014-06-01T14:00:00,4,13563003,158805
OK,58,57,910,58,2014-06-01T14:05:00,2,13563452,158805
OK,63,52,910,63,2014-06-01T14:10:00,3,13563901,158805
OK,67,49,910,67,2014-06-01T14:15:00,4,13564350,158805
OK,80,41,910,80,2014-06-01T14:20:00,2,13564799,158805
OK,66,50,910,66,2014-06-01T14:25:00,1,13565248,158805
OK,66,50,910,66,2014-06-01T14:30:00,4,13565697,158805
OK,61,54,910,61,2014-06-01T14:35:00,4,13566146,158805
OK,63,52,910,63,2014-06-01T14:40:00,1,13566595,158805
OK,63,52,910,63,2014-06-01T14:45:00,3,13567044,158805
OK,63,52,910,63,2014-06-01T14:50:00,3,13567493,158805
OK,66,50,910,66,2014-06-01T14:55:00,4,13567942,158805
OK,58,57,910,58,2014-06-01T15:00:00,4,13568391,158805
OK,65,50,910,65,2014-06-01T15:05:00,3,13568840,158805
OK,65,50,910,65,2014-06-01T15:10:00,1,13569289,158805
OK,65,50,910,65,2014-06-01T15:15:00,0,13569738,158805
OK,52,63,910,52,2014-06-01T15:20:00,4,13570187,158805
OK,53,62,910,53,2014-06-01T15:25:00,3,13570636,158805
OK,89,37,910,89,2014-06-01T15:30:00,1,13571085,158805
OK,89,37,910,89,2014-06-01T15:35:00,0,13571534,158805
OK,53,62,910,53,2014-06-01T15:40:00,4,13571983,158805
OK,57,58,910,57,2014-06-01T15:45:00,4,13572432,158805
OK,61,54,910,61,2014-06-01T15:50:00,1,13572881,158805
OK,60,55,910,60,2014-06-01T15:55:00,1,13573330,158805
OK,60,55,910,60,2014-06-01T16:00:00,2,13573779,158805
OK,60,55,910,60,2014-06-01T16:05:00,1,13574228,158805
OK,54,61,910,54,2014-06-01T16:10:00,3,13574677,158805
OK,54,61,910,54,2014-06-01T16:15:00,7,13575126,158805
OK,53,62,910,53,2014-06-01T16:20:00,4,13575575,158805
OK,62,53,910,62,2014-06-01T16:25:00,1,13576024,158805
OK,62,53,910,62,2014-06-01T16:30:00,0,13576473,158805
OK,63,52,910,63,2014-06-01T16:35:00,2,13576922,158805
OK,77,43,910,77,2014-06-01T16:40:00,3,13577371,158805
OK,63,52,910,63,2014-06-01T16:45:00,5,13577820,158805
OK,63,52,910,63,2014-06-01T16:50:00,3,13578269,158805
OK,56,59,910,56,2014-06-01T16:55:00,2,13578718,158805
OK,56,59,910,56,2014-06-01T17:00:00,3,13579167,158805
OK,48,69,910,48,2014-06-01T17:05:00,2,13579616,158805
OK,50,66,910,50,2014-06-01T17:10:00,2,13580065,158805
OK,57,58,910,57,2014-06-01T17:15:00,2,13580514,158805
OK,54,61,910,54,2014-06-01T17:20:00,3,13580963,158805
OK,68,48,910,68,2014-06-01T17:25:00,2,13581412,158805
OK,65,50,910,65,2014-06-01T17:30:00,1,13581861,158805
OK,69,48,910,69,2014-06-01T17:35:00,3,13582310,158805
OK,67,49,910,67,2014-06-01T17:40:00,4,13582759,158805
OK,54,61,910,54,2014-06-01T17:45:00,1,13583208,158805
OK,54,61,910,54,2014-06-01T17:50:00,0,13583657,158805
OK,68,48,910,68,2014-06-01T17:55:00,1,13584106,158805
OK,68,48,910,68,2014-06-01T18:00:00,3,13584555,158805
OK,61,54,910,61,2014-06-01T18:05:00,2,13585004,158805
OK,65,50,910,65,2014-06-01T18:10:00,2,13585453,158805
OK,54,61,910,54,2014-06-01T18:15:00,3,13585902,158805
OK,53,62,910,53,2014-06-01T18:20:00,2,13586351,158805
OK,53,62,910,53,2014-06-01T18:25:00,0,13586800,158805
OK,62,53,910,62,2014-06-01T18:30:00,2,13587249,158805
OK,62,53,910,62,2014-06-01T18:35:00,2,13587698,158805
OK,62,53,910,62,2014-06-01T18:40:00,1,13588147,158805
OK,62,53,910,62,2014-06-01T18:45:00,1,13588596,158805
OK,64,51,910,64,2014-06-01T18:50:00,3,13589045,158805
OK,64,51,910,64,2014-06-01T18:55:00,3,13589494,158805
OK,59,56,910,59,2014-06-01T19:00:00,2,13589943,158805
OK,55,60,910,55,2014-06-01T19:05:00,3,13590392,158805
OK,55,60,910,55,2014-06-01T19:10:00,3,13590841,158805
OK,57,58,910,57,2014-06-01T19:15:00,1,13591290,158805
OK,66,50,910,66,2014-06-01T19:20:00,3,13591739,158805
OK,66,50,910,66,2014-06-01T19:25:00,4,13592188,158805
OK,96,34,910,96,2014-06-01T19:30:00,1,13592637,158805
OK,96,34,910,96,2014-06-01T19:35:00,0,13593086,158805
OK,96,34,910,96,2014-06-01T19:40:00,0,13593535,158805
OK,57,58,910,57,2014-06-01T19:45:00,2,13593984,158805
OK,66,50,910,66,2014-06-01T19:50:00,2,13594433,158805
OK,66,50,910,66,2014-06-01T19:55:00,0,13594882,158805
OK,57,58,910,57,2014-06-01T20:00:00,1,13595331,158805
OK,85,38,910,85,2014-06-01T20:05:00,1,13595780,158805
OK,85,38,910,85,2014-06-01T20:10:00,0,13596229,158805
OK,76,43,910,76,2014-06-01T20:15:00,1,13596678,158805
OK,75,44,910,75,2014-06-01T20:20:00,2,13597127,158805
OK,75,44,910,75,2014-06-01T20:25:00,2,13597576,158805
OK,90,36,910,90,2014-06-01T20:30:00,0,13598025,158805
OK,90,36,910,90,2014-06-01T20:35:00,0,13598474,158805
OK,90,36,910,90,2014-06-01T20:40:00,0,13598923,158805
OK,90,36,910,90,2014-06-01T20:45:00,0,13599372,158805
OK,90,36,910,90,2014-06-01T20:50:00,0,13599821,158805
OK,90,36,910,90,2014-06-01T20:55:00,0,13600270,158805
OK,90,36,910,90,2014-06-01T21:00:00,0,13600719,158805
OK,61,54,910,61,2014-06-01T21:05:00,2,13601168,158805
OK,58,57,910,58,2014-06-01T21:10:00,3,13601617,158805
OK,50,66,910,50,2014-06-01T21:15:00,1,13602066,158805
OK,50,66,910,50,2014-06-01T21:20:00,0,13602515,158805
OK,57,58,910,57,2014-06-01T21:25:00,1,13602964,158805
OK,58,57,910,58,2014-06-01T21:30:00,1,13603413,158805
OK,58,57,910,58,2014-06-01T21:35:00,1,13603862,158805
OK,58,57,910,58,2014-06-01T21:40:00,0,13604311,158805
OK,58,57,910,58,2014-06-01T21:45:00,0,13604760,158805
OK,58,57,910,58,2014-06-01T21:50:00,0,13605209,158805
OK,58,57,910,58,2014-06-01T21:55:00,0,13605658,158805
OK,58,57,910,58,2014-06-01T22:00:00,0,13606107,158805
OK,58,57,910,58,2014-06-01T22:05:00,0,13606556,158805
OK,58,57,910,58,2014-06-01T22:10:00,0,13607005,158805
OK,58,57,910,58,2014-06-01T22:15:00,0,13607454,158805
OK,58,57,910,58,2014-06-01T22:20:00,0,13607903,158805
OK,58,57,910,58,2014-06-01T22:25:00,0,13608352,158805
OK,58,57,910,58,2014-06-01T22:30:00,0,13608801,158805
OK,58,57,910,58,2014-06-01T22:35:00,0,13609250,158805
OK,58,57,910,58,2014-06-01T22:40:00,0,13609699,158805
OK,58,57,910,58,2014-06-01T22:45:00,0,13610148,158805
OK,58,57,910,58,2014-06-01T22:50:00,0,13610597,158805
OK,58,57,910,58,2014-06-01T22:55:00,0,13611046,158805
OK,58,57,910,58,2014-06-01T23:00:00,0,13611495,158805
OK,58,57,910,58,2014-06-01T23:05:00,0,13611944,158805
OK,58,57,910,58,2014-06-01T23:10:00,0,13612393,158805
OK,58,57,910,58,2014-06-01T23:15:00,0,13612842,158805
OK,58,57,910,58,2014-06-01T23:20:00,0,13613291,158805
OK,58,57,910,58,2014-06-01T23:25:00,0,13613740,158805
OK,58,57,910,58,2014-06-01T23:30:00,0,13614189,158805
OK,58,57,910,58,2014-06-01T23:35:00,0,13614638,158805
OK,58,57,910,58,2014-06-01T23:40:00,0,13615087,158805
OK,58,57,910,58,2014-06-01T23:45:00,0,13615536,158805
OK,58,57,910,58,2014-06-01T23:50:00,0,13615985,158805
OK,58,57,910,58,2014-06-01T23:55:00,0,13616434,158805
OK,58,57,910,58,2014-06-02T00:00:00,0,13616883,158805
OK,58,57,910,58,2014-06-02T00:05:00,0,13617332,158805
OK,58,57,910,58,2014-06-02T00:10:00,0,13617781,158805
OK,58,57,910,58,2014-06-02T00:15:00,0,13618230,158805
OK,58,57,910,58,2014-06-02T00:20:00,0,13618679,158805
OK,50,66,910,50,2014-06-02T00:25:00,0,13619128,158805
OK,50,66,910,50,2014-06-02T00:30:00,0,13619577,158805
OK,50,66,910,50,2014-06-02T00:35:00,0,13620026,158805
OK,50,66,910,50,2014-06-02T00:40:00,0,13620475,158805
OK,50,66,910,50,2014-06-02T00:45:00,0,13620924,158805
OK,50,66,910,50,2014-06-02T00:50:00,0,13621373,158805
OK,50,66,910,50,2014-06-02T00:55:00,0,13621822,158805
OK,50,66,910,50,2014-06-02T01:00:00,0,13622271,158805
OK,50,66,910,50,2014-06-02T01:05:00,0,13622720,158805
OK,50,66,910,50,2014-06-02T01:10:00,0,13623169,158805
OK,50,66,910,50,2014-06-02T01:15:00,0,13623618,158805
OK,50,66,910,50,2014-06-02T01:20:00,0,13624067,158805
OK,50,66,910,50,2014-06-02T01:25:00,0,13624516,158805
OK,50,66,910,50,2014-06-02T01:30:00,0,13624965,158805
OK,50,66,910,50,2014-06-02T01:35:00,0,13625414,158805
OK,50,66,910,50,2014-06-02T01:40:00,0,13625863,158805
OK,50,66,910,50,2014-06-02T01:45:00,0,13626312,158805
OK,50,66,910,50,2014-06-02T01:50:00,0,13626761,158805
OK,50,66,910,50,2014-06-02T01:55:00,0,13627210,158805
OK,50,66,910,50,2014-06-02T02:00:00,0,13627659,158805
OK,50,66,910,50,2014-06-02T02:05:00,0,13628108,158805
OK,50,66,910,50,2014-06-02T02:10:00,0,13628557,158805
OK,50,66,910,50,2014-06-02T02:15:00,0,13629006,158805
OK,74,44,910,74,2014-06-02T02:20:00,1,13629455,158805
OK,74,44,910,74,2014-06-02T02:25:00,1,13629904,158805
OK,74,44,910,74,2014-06-02T02:30:00,0,13630353,158805
OK,74,44,910,74,2014-06-02T02:35:00,0,13630802,158805
OK,74,44,910,74,2014-06-02T02:40:00,0,13631251,158805
OK,74,44,910,74,2014-06-02T02:45:00,0,13631700,158805
OK,74,44,910,74,2014-06-02T02:50:00,0,13632149,158805
OK,74,44,910,74,2014-06-02T02:55:00,0,13632598,158805
OK,74,44,910,74,2014-06-02T03:00:00,0,13633047,158805
OK,74,44,910,74,2014-06-02T03:05:00,0,13633496,158805
OK,74,44,910,74,2014-06-02T03:10:00,0,13633945,158805
OK,74,44,910,74,2014-06-02T03:15:00,0,13634394,158805
OK,74,44,910,74,2014-06-02T03:20:00,0,13634843,158805
OK,74,44,910,74,2014-06-02T03:25:00,0,13635292,158805
OK,105,31,910,105,2014-06-02T03:30:00,2,13635741,158805
OK,105,31,910,105,2014-06-02T03:35:00,2,13636190,158805
OK,82,40,910,82,2014-06-02T03:40:00,2,13636639,158805
OK,67,49,910,67,2014-06-02T03:45:00,2,13637088,158805
OK,75,44,910,75,2014-06-02T03:50:00,2,13637537,158805
OK,73,45,910,73,2014-06-02T03:55:00,2,13637986,158805
OK,55,60,910,55,2014-06-02T04:00:00,1,13638435,158805
OK,55,60,910,55,2014-06-02T04:05:00,0,13638884,158805
OK,65,50,910,65,2014-06-02T04:10:00,3,13639333,158805
OK,64,51,910,64,2014-06-02T04:15:00,2,13639782,158805
OK,64,51,910,64,2014-06-02T04:20:00,2,13640231,158805
OK,64,51,910,64,2014-06-02T04:25:00,2,13640680,158805
OK,66,50,910,66,2014-06-02T04:30:00,0,13641129,158805
OK,52,63,910,52,2014-06-02T04:35:00,1,13641578,158805
OK,66,50,910,66,2014-06-02T04:40:00,3,13642027,158805
OK,67,49,910,67,2014-06-02T04:45:00,2,13642476,158805
OK,67,49,910,67,2014-06-02T04:50:00,0,13642925,158805
OK,68,48,910,68,2014-06-02T04:55:00,3,13643374,158805
OK,59,56,910,59,2014-06-02T05:00:00,4,13643823,158805
OK,64,51,910,64,2014-06-02T05:05:00,11,13644272,158805
OK,64,51,910,64,2014-06-02T05:10:00,7,13644721,158805
OK,71,46,910,71,2014-06-02T05:15:00,6,13645170,158805
OK,67,49,910,67,2014-06-02T05:20:00,7,13645619,158805
OK,62,53,910,62,2014-06-02T05:25:00,5,13646068,158805
OK,70,47,910,70,2014-06-02T05:30:00,9,13646517,158805
OK,71,46,910,71,2014-06-02T05:35:00,9,13646966,158805
OK,81,40,910,81,2014-06-02T05:40:00,3,13647415,158805
OK,61,54,910,61,2014-06-02T05:45:00,7,13647864,158805
OK,67,49,910,67,2014-06-02T05:50:00,9,13648313,158805
OK,71,46,910,71,2014-06-02T05:55:00,7,13648762,158805
OK,63,52,910,63,2014-06-02T06:00:00,5,13649211,158805
OK,63,52,910,63,2014-06-02T06:05:00,4,13649660,158805
OK,64,51,910,64,2014-06-02T06:10:00,3,13650109,158805
OK,49,67,910,49,2014-06-02T06:15:00,0,13650558,158805
OK,69,48,910,69,2014-06-02T06:20:00,4,13651007,158805
OK,61,54,910,61,2014-06-02T06:25:00,5,13651456,158805
OK,57,58,910,57,2014-06-02T06:30:00,2,13651905,158805
OK,64,51,910,64,2014-06-02T06:35:00,1,13652354,158805
OK,68,48,910,68,2014-06-02T06:40:00,2,13652803,158805
OK,67,49,910,67,2014-06-02T06:45:00,8,13653252,158805
OK,61,54,910,61,2014-06-02T06:50:00,9,13653701,158805
OK,60,55,910,60,2014-06-02T06:55:00,10,13654150,158805
OK,60,55,910,60,2014-06-02T07:00:00,7,13654599,158805
OK,57,58,910,57,2014-06-02T07:05:00,7,13655048,158805
OK,56,59,910,56,2014-06-02T07:10:00,10,13655497,158805
OK,56,59,910,56,2014-06-02T07:15:00,8,13655946,158805
OK,58,57,910,58,2014-06-02T07:20:00,8,13656395,158805
OK,62,53,910,62,2014-06-02T07:25:00,7,13656844,158805
OK,70,47,910,70,2014-06-02T07:30:00,8,13657293,158805
OK,62,53,910,62,2014-06-02T07:35:00,13,13657742,158805
OK,55,60,910,55,2014-06-02T07:40:00,8,13658191,158805
OK,59,56,910,59,2014-06-02T07:45:00,4,13658640,158805
OK,60,55,910,60,2014-06-02T07:50:00,8,13659089,158805
OK,67,49,910,67,2014-06-02T07:55:00,6,13659538,158805
OK,60,55,910,60,2014-06-02T08:00:00,3,13659987,158805
OK,58,57,910,58,2014-06-02T08:05:00,8,13660436,158805
OK,61,54,910,61,2014-06-02T08:10:00,8,13660885,158805
OK,69,48,910,69,2014-06-02T08:15:00,9,13661334,158805
OK,59,56,910,59,2014-06-02T08:20:00,13,13661783,158805
OK,57,58,910,57,2014-06-02T08:25:00,13,13662232,158805
OK,61,54,910,61,2014-06-02T08:30:00,8,13662681,158805
OK,59,56,910,59,2014-06-02T08:35:00,7,13663130,158805
OK,55,60,910,55,2014-06-02T08:40:00,6,13663579,158805
OK,65,50,910,65,2014-06-02T08:45:00,8,13664028,158805
OK,66,50,910,66,2014-06-02T08:50:00,11,13664477,158805
OK,60,55,910,60,2014-06-02T08:55:00,9,13664926,158805
OK,63,52,910,63,2014-06-02T09:00:00,7,13665375,158805
OK,63,52,910,63,2014-06-02T09:05:00,10,13665824,158805
OK,61,54,910,61,2014-06-02T09:10:00,8,13666273,158805
OK,76,43,910,76,2014-06-02T09:15:00,11,13666722,158805
OK,63,52,910,63,2014-06-02T09:20:00,12,13667171,158805
OK,63,52,910,63,2014-06-02T09:25:00,6,13667620,158805
OK,61,54,910,61,2014-06-02T09:30:00,8,13668069,158805
OK,63,52,910,63,2014-06-02T09:35:00,4,13668518,158805
OK,57,58,910,57,2014-06-02T09:40:00,7,13668967,158805
OK,70,47,910,70,2014-06-02T09:50:00,3,13669865,158805
OK,58,57,910,58,2014-06-02T09:55:00,6,13670314,158805
OK,58,57,910,58,2014-06-02T10:00:00,13,13670763,158805
OK,59,56,910,59,2014-06-02T10:05:00,17,13671212,158805
OK,61,54,910,61,2014-06-02T10:10:00,14,13671661,158805
OK,63,52,910,63,2014-06-02T10:15:00,11,13672110,158805
OK,60,55,910,60,2014-06-02T10:20:00,6,13672559,158805
OK,67,49,910,67,2014-06-02T10:25:00,4,13673008,158805
OK,69,48,910,69,2014-06-02T10:30:00,7,13673457,158805
OK,64,51,910,64,2014-06-02T10:35:00,7,13673906,158805
OK,69,48,910,69,2014-06-02T10:40:00,11,13674355,158805
OK,69,48,910,69,2014-06-02T10:45:00,13,13674804,158805
OK,64,51,910,64,2014-06-02T10:50:00,9,13675253,158805
OK,60,55,910,60,2014-06-02T10:55:00,4,13675702,158805
OK,53,62,910,53,2014-06-02T11:00:00,4,13676151,158805
OK,54,61,910,54,2014-06-02T11:05:00,9,13676600,158805
OK,68,48,910,68,2014-06-02T11:10:00,16,13677049,158805
OK,69,48,910,69,2014-06-02T11:15:00,14,13677498,158805
OK,59,56,910,59,2014-06-02T11:20:00,7,13677947,158805
OK,69,48,910,69,2014-06-02T11:25:00,12,13678396,158805
OK,69,48,910,69,2014-06-02T11:30:00,20,13678845,158805
OK,62,53,910,62,2014-06-02T11:35:00,15,13679294,158805
OK,57,58,910,57,2014-06-02T11:40:00,7,13679743,158805
OK,65,50,910,65,2014-06-02T11:45:00,8,13680192,158805
OK,71,46,910,71,2014-06-02T11:50:00,7,13680641,158805
OK,69,48,910,69,2014-06-02T11:55:00,16,13681090,158805
OK,68,48,910,68,2014-06-02T12:00:00,18,13681539,158805
OK,64,51,910,64,2014-06-02T12:05:00,10,13681988,158805
OK,66,50,910,66,2014-06-02T12:10:00,12,13682437,158805
OK,60,55,910,60,2014-06-02T12:15:00,15,13682886,158805
OK,65,50,910,65,2014-06-02T12:20:00,14,13683335,158805
OK,75,44,910,75,2014-06-02T12:25:00,11,13683784,158805
OK,65,50,910,65,2014-06-02T12:30:00,9,13684233,158805
OK,63,52,910,63,2014-06-02T12:35:00,8,13684682,158805
OK,60,55,910,60,2014-06-02T12:40:00,14,13685131,158805
OK,67,49,910,67,2014-06-02T12:45:00,19,13685580,158805
OK,70,47,910,70,2014-06-02T12:50:00,19,13686029,158805
OK,73,45,910,73,2014-06-02T12:55:00,18,13686478,158805
OK,72,46,910,72,2014-06-02T13:00:00,12,13686927,158805
OK,63,52,910,63,2014-06-02T13:05:00,14,13687376,158805
OK,66,50,910,66,2014-06-02T13:10:00,18,13687825,158805
OK,77,43,910,77,2014-06-02T13:15:00,13,13688274,158805
OK,64,51,910,64,2014-06-02T13:20:00,10,13688723,158805
OK,77,43,910,77,2014-06-02T13:25:00,14,13689172,158805
OK,81,40,910,81,2014-06-02T13:30:00,15,13689621,158805
OK,72,46,910,72,2014-06-02T13:35:00,11,13690070,158805
OK,68,48,910,68,2014-06-02T13:40:00,14,13690519,158805
OK,66,50,910,66,2014-06-02T13:45:00,14,13690968,158805
OK,66,50,910,66,2014-06-02T13:50:00,16,13691417,158805
OK,64,51,910,64,2014-06-02T13:55:00,19,13691866,158805
OK,64,51,910,64,2014-06-02T14:00:00,19,13692315,158805
OK,68,48,910,68,2014-06-02T14:05:00,17,13692763,158805
OK,75,44,910,75,2014-06-02T14:10:00,15,13693212,158805
OK,75,44,910,75,2014-06-02T14:15:00,25,13693661,158805
OK,71,46,910,71,2014-06-02T14:20:00,20,13694110,158805
OK,69,48,910,69,2014-06-02T14:25:00,19,13694559,158805
OK,71,46,910,71,2014-06-02T14:30:00,20,13695008,158805
OK,70,47,910,70,2014-06-02T14:35:00,19,13695457,158805
OK,68,48,910,68,2014-06-02T14:40:00,17,13695906,158805
OK,67,49,910,67,2014-06-02T14:45:00,18,13696355,158805
OK,65,50,910,65,2014-06-02T14:50:00,16,13696804,158805
OK,62,53,910,62,2014-06-02T14:55:00,8,13697253,158805
OK,56,59,910,56,2014-06-02T15:00:00,7,13697702,158805
OK,56,59,910,56,2014-06-02T15:05:00,3,13698151,158805
OK,58,57,910,58,2014-06-02T15:10:00,5,13698600,158805
OK,53,62,910,53,2014-06-02T15:15:00,7,13699049,158805
OK,50,66,910,50,2014-06-02T15:20:00,9,13699498,158805
OK,49,67,910,49,2014-06-02T15:25:00,5,13699947,158805
OK,56,59,910,56,2014-06-02T15:30:00,4,13700396,158805
OK,57,58,910,57,2014-06-02T15:35:00,9,13700845,158805
OK,62,53,910,62,2014-06-02T15:40:00,5,13701294,158805
OK,59,56,910,59,2014-06-02T15:45:00,1,13701743,158805
OK,57,58,910,57,2014-06-02T15:50:00,5,13702192,158805
OK,58,57,910,58,2014-06-02T15:55:00,7,13702641,158805
OK,55,60,910,55,2014-06-02T16:00:00,8,13703090,158805
OK,53,62,910,53,2014-06-02T16:05:00,8,13703539,158805
OK,50,66,910,50,2014-06-02T16:10:00,4,13703988,158805
OK,51,64,910,51,2014-06-02T16:15:00,5,13704437,158805
OK,55,60,910,55,2014-06-02T16:20:00,8,13704886,158805
OK,63,52,910,63,2014-06-02T16:25:00,9,13705335,158805
OK,64,51,910,64,2014-06-02T16:30:00,9,13705784,158805
OK,56,59,910,56,2014-06-02T16:35:00,8,13706233,158805
OK,47,70,910,47,2014-06-02T16:40:00,4,13706682,158805
OK,50,66,910,50,2014-06-02T16:45:00,3,13707131,158805
OK,56,59,910,56,2014-06-02T16:50:00,2,13707580,158805
OK,53,62,910,53,2014-06-02T16:55:00,4,13708029,158805
OK,53,62,910,53,2014-06-02T17:00:00,4,13708478,158805
OK,58,57,910,58,2014-06-02T17:05:00,1,13708927,158805
OK,58,57,910,58,2014-06-02T17:10:00,3,13709376,158805
OK,59,56,910,59,2014-06-02T17:15:00,1,13709825,158805
OK,51,64,910,51,2014-06-02T17:20:00,2,13710274,158805
OK,50,66,910,50,2014-06-02T17:25:00,2,13710723,158805
OK,55,60,910,55,2014-06-02T17:30:00,2,13711172,158805
OK,57,58,910,57,2014-06-02T17:35:00,2,13711621,158805
OK,57,58,910,57,2014-06-02T17:40:00,5,13712070,158805
OK,52,63,910,52,2014-06-02T17:45:00,4,13712519,158805
OK,55,60,910,55,2014-06-02T17:50:00,2,13712968,158805
OK,54,61,910,54,2014-06-02T17:55:00,1,13713417,158805
OK,54,61,910,54,2014-06-02T18:00:00,0,13713866,158805
OK,55,60,910,55,2014-06-02T18:05:00,1,13714315,158805
OK,56,59,910,56,2014-06-02T18:10:00,3,13714764,158805
OK,56,59,910,56,2014-06-02T18:15:00,2,13715213,158805
OK,57,58,910,57,2014-06-02T18:20:00,1,13715662,158805
OK,84,39,910,84,2014-06-02T18:25:00,1,13716111,158805
OK,46,72,910,46,2014-06-02T18:30:00,2,13716560,158805
OK,46,72,910,46,2014-06-02T18:35:00,2,13717009,158805
OK,43,77,910,43,2014-06-02T18:40:00,0,13717458,158805
OK,66,50,910,66,2014-06-02T18:45:00,1,13717907,158805
OK,66,50,910,66,2014-06-02T18:50:00,0,13718356,158805
OK,58,57,910,58,2014-06-02T18:55:00,2,13718805,158805
OK,58,57,910,58,2014-06-02T19:00:00,2,13719254,158805
OK,63,52,910,63,2014-06-02T19:05:00,1,13719703,158805
OK,63,52,910,63,2014-06-02T19:10:00,2,13720152,158805
OK,63,52,910,63,2014-06-02T19:15:00,0,13720601,158805
OK,63,52,910,63,2014-06-02T19:20:00,0,13721050,158805
OK,55,60,910,55,2014-06-02T19:25:00,3,13721499,158805
OK,55,60,910,55,2014-06-02T19:30:00,3,13721948,158805
OK,101,32,910,101,2014-06-02T19:35:00,1,13722397,158805
OK,101,32,910,101,2014-06-02T19:40:00,0,13722846,158805
OK,46,72,910,46,2014-06-02T19:45:00,0,13723295,158805
OK,52,63,910,52,2014-06-02T19:50:00,2,13723744,158805
OK,53,62,910,53,2014-06-02T19:55:00,2,13724193,158805
OK,41,80,910,41,2014-06-02T20:00:00,2,13724642,158805
OK,47,70,910,47,2014-06-02T20:40:00,0,13727982,158805
OK,72,46,910,72,2014-06-02T21:00:00,1,13729584,158805
OK,49,67,910,49,2014-06-02T21:05:00,1,13730032,158805
OK,49,67,910,49,2014-06-02T21:10:00,0,13730459,158805
OK,42,78,910,42,2014-06-02T21:15:00,1,13730908,158805
OK,48,69,910,48,2014-06-02T21:20:00,2,13731353,158805
OK,51,64,910,51,2014-06-02T21:30:00,0,13732182,158805
OK,61,54,910,61,2014-06-02T21:35:00,1,13732621,158805
OK,61,54,910,61,2014-06-02T21:40:00,0,13733060,158805
OK,61,54,910,61,2014-06-02T21:45:00,0,13733509,158805
OK,45,73,910,45,2014-06-02T21:50:00,1,13733944,158805
OK,45,73,910,45,2014-06-02T21:55:00,1,13734390,158805
OK,45,73,910,45,2014-06-02T22:00:00,0,13734839,158805
OK,45,73,910,45,2014-06-02T22:05:00,0,13735288,158805
OK,49,67,910,49,2014-06-02T22:10:00,1,13735737,158805
OK,49,67,910,49,2014-06-02T22:15:00,1,13736186,158805
OK,49,67,910,49,2014-06-02T22:20:00,0,13736635,158805
OK,53,62,910,53,2014-06-02T22:25:00,1,13737084,158805
OK,53,62,910,53,2014-06-02T22:30:00,0,13737533,158805
OK,53,62,910,53,2014-06-02T22:35:00,0,13737982,158805
OK,53,62,910,53,2014-06-02T22:40:00,0,13738431,158805
OK,53,62,910,53,2014-06-02T22:45:00,0,13738880,158805
OK,53,62,910,53,2014-06-02T22:50:00,0,13739329,158805
OK,53,62,910,53,2014-06-02T22:55:00,0,13739778,158805
OK,53,62,910,53,2014-06-02T23:00:00,0,13740227,158805
OK,53,62,910,53,2014-06-02T23:05:00,0,13740676,158805
OK,53,62,910,53,2014-06-02T23:10:00,0,13741125,158805
OK,53,62,910,53,2014-06-02T23:15:00,0,13741574,158805
OK,53,62,910,53,2014-06-02T23:20:00,0,13742023,158805
OK,53,62,910,53,2014-06-02T23:25:00,0,13742472,158805
OK,53,62,910,53,2014-06-02T23:30:00,0,13742921,158805
OK,53,62,910,53,2014-06-02T23:35:00,0,13743370,158805
OK,53,62,910,53,2014-06-02T23:40:00,0,13743819,158805
OK,53,62,910,53,2014-06-02T23:45:00,0,13744268,158805
OK,53,62,910,53,2014-06-02T23:50:00,0,13744717,158805
OK,53,62,910,53,2014-06-02T23:55:00,0,13745166,158805
OK,53,62,910,53,2014-06-03T00:00:00,0,13745615,158805
OK,53,62,910,53,2014-06-03T00:05:00,0,13746064,158805
OK,53,62,910,53,2014-06-03T00:10:00,0,13746513,158805
OK,53,62,910,53,2014-06-03T00:15:00,0,13746962,158805
OK,53,62,910,53,2014-06-03T00:20:00,0,13747411,158805
OK,53,62,910,53,2014-06-03T00:25:00,0,13747860,158805
OK,53,62,910,53,2014-06-03T00:30:00,0,13748309,158805
OK,53,62,910,53,2014-06-03T00:35:00,0,13748758,158805
OK,53,62,910,53,2014-06-03T00:40:00,0,13749207,158805
OK,53,62,910,53,2014-06-03T00:45:00,0,13749656,158805
OK,53,62,910,53,2014-06-03T00:50:00,0,13750105,158805
OK,53,62,910,53,2014-06-03T00:55:00,0,13750554,158805
OK,49,67,910,49,2014-06-03T01:00:00,1,13751003,158805
OK,49,67,910,49,2014-06-03T01:05:00,0,13751452,158805
OK,49,67,910,49,2014-06-03T01:10:00,0,13751901,158805
OK,49,67,910,49,2014-06-03T01:15:00,0,13752350,158805
OK,49,67,910,49,2014-06-03T01:20:00,0,13752799,158805
OK,49,67,910,49,2014-06-03T01:25:00,0,13753248,158805
OK,49,67,910,49,2014-06-03T01:30:00,0,13753697,158805
OK,49,67,910,49,2014-06-03T01:35:00,0,13754146,158805
OK,49,67,910,49,2014-06-03T01:40:00,0,13754595,158805
OK,49,67,910,49,2014-06-03T01:45:00,0,13755044,158805
OK,49,67,910,49,2014-06-03T01:50:00,0,13755493,158805
OK,49,67,910,49,2014-06-03T01:55:00,0,13755942,158805
OK,49,67,910,49,2014-06-03T02:00:00,0,13756391,158805
OK,49,67,910,49,2014-06-03T02:05:00,0,13756840,158805
OK,49,67,910,49,2014-06-03T02:10:00,0,13757289,158805
OK,49,67,910,49,2014-06-03T02:15:00,0,13757738,158805
OK,49,67,910,49,2014-06-03T02:20:00,0,13758187,158805
OK,49,67,910,49,2014-06-03T02:25:00,0,13758636,158805
OK,49,67,910,49,2014-06-03T02:30:00,0,13759085,158805
OK,49,67,910,49,2014-06-03T02:35:00,0,13759534,158805
OK,49,67,910,49,2014-06-03T02:40:00,0,13759983,158805
OK,49,67,910,49,2014-06-03T02:45:00,0,13760432,158805
OK,49,67,910,49,2014-06-03T02:50:00,0,13760881,158805
OK,49,67,910,49,2014-06-03T02:55:00,0,13761330,158805
OK,49,67,910,49,2014-06-03T03:00:00,0,13761779,158805
OK,49,67,910,49,2014-06-03T03:05:00,0,13762228,158805
OK,46,72,910,46,2014-06-03T03:10:00,2,13762677,158805
OK,46,72,910,46,2014-06-03T03:15:00,0,13763126,158805
OK,46,72,910,46,2014-06-03T03:20:00,0,13763575,158805
OK,46,72,910,46,2014-06-03T03:25:00,0,13764024,158805
OK,46,72,910,46,2014-06-03T03:30:00,0,13764473,158805
OK,57,58,910,57,2014-06-03T03:35:00,1,13764922,158805
OK,57,58,910,57,2014-06-03T03:40:00,1,13765371,158805
OK,50,66,910,50,2014-06-03T03:45:00,1,13765820,158805
OK,43,77,910,43,2014-06-03T03:50:00,2,13766269,158805
OK,44,75,910,44,2014-06-03T03:55:00,3,13766718,158805
OK,54,61,910,54,2014-06-03T04:00:00,4,13767167,158805
OK,60,55,910,60,2014-06-03T04:05:00,1,13767616,158805
OK,67,49,910,67,2014-06-03T04:10:00,2,13768065,158805
OK,54,61,910,54,2014-06-03T04:15:00,3,13768514,158805
OK,62,53,910,62,2014-06-03T04:20:00,1,13768963,158805
OK,62,53,910,62,2014-06-03T04:25:00,1,13769412,158805
OK,69,48,910,69,2014-06-03T04:30:00,4,13769861,158805
OK,69,48,910,69,2014-06-03T04:35:00,4,13770310,158805
OK,72,46,910,72,2014-06-03T04:40:00,0,13770759,158805
OK,62,53,910,62,2014-06-03T04:45:00,1,13771208,158805
OK,62,53,910,62,2014-06-03T04:50:00,3,13771657,158805
OK,63,52,910,63,2014-06-03T04:55:00,3,13772106,158805
OK,55,60,910,55,2014-06-03T05:00:00,6,13772555,158805
OK,55,60,910,55,2014-06-03T05:05:00,7,13773004,158805
OK,54,61,910,54,2014-06-03T05:10:00,3,13773453,158805
OK,57,58,910,57,2014-06-03T05:15:00,2,13773902,158805
OK,64,51,910,64,2014-06-03T05:20:00,5,13774351,158805
OK,74,44,910,74,2014-06-03T05:25:00,9,13774800,158805
OK,80,41,910,80,2014-06-03T05:30:00,8,13775249,158805
OK,56,59,910,56,2014-06-03T05:35:00,7,13775698,158805
OK,66,50,910,66,2014-06-03T05:40:00,11,13776147,158805
OK,88,37,910,88,2014-06-03T05:45:00,7,13776596,158805
OK,59,56,910,59,2014-06-03T05:50:00,7,13777045,158805
OK,71,46,910,71,2014-06-03T05:55:00,10,13777494,158805
OK,74,44,910,74,2014-06-03T06:00:00,10,13777943,158805
OK,68,48,910,68,2014-06-03T06:05:00,11,13778392,158805
OK,71,46,910,71,2014-06-03T06:10:00,9,13778841,158805
OK,64,51,910,64,2014-06-03T06:15:00,4,13779290,158805
OK,62,53,910,62,2014-06-03T06:20:00,3,13779739,158805
OK,58,57,910,58,2014-06-03T06:25:00,2,13780188,158805
OK,54,61,910,54,2014-06-03T06:30:00,1,13780637,158805
OK,72,46,910,72,2014-06-03T06:35:00,2,13781086,158805
OK,63,52,910,63,2014-06-03T06:40:00,4,13781535,158805
OK,63,52,910,63,2014-06-03T06:45:00,5,13781984,158805
OK,65,50,910,65,2014-06-03T06:50:00,4,13782433,158805
OK,63,52,910,63,2014-06-03T06:55:00,4,13782882,158805
OK,63,52,910,63,2014-06-03T07:00:00,7,13783331,158805
OK,65,50,910,65,2014-06-03T07:05:00,6,13783780,158805
OK,69,48,910,69,2014-06-03T07:10:00,6,13784229,158805
OK,69,48,910,69,2014-06-03T07:15:00,6,13784678,158805
OK,57,58,910,57,2014-06-03T07:20:00,1,13785127,158805
OK,66,50,910,66,2014-06-03T07:25:00,2,13785576,158805
OK,73,45,910,73,2014-06-03T07:30:00,3,13786025,158805
OK,64,51,910,64,2014-06-03T07:35:00,5,13786474,158805
OK,64,51,910,64,2014-06-03T07:40:00,5,13786923,158805
OK,57,58,910,57,2014-06-03T07:45:00,4,13787372,158805
OK,56,59,910,56,2014-06-03T07:50:00,4,13787821,158805
OK,63,52,910,63,2014-06-03T07:55:00,5,13788270,158805
OK,63,52,910,63,2014-06-03T08:00:00,7,13788719,158805
OK,64,51,910,64,2014-06-03T08:05:00,4,13789168,158805
OK,61,54,910,61,2014-06-03T08:10:00,1,13789617,158805
OK,73,45,910,73,2014-06-03T08:15:00,2,13790066,158805
OK,59,56,910,59,2014-06-03T08:20:00,4,13790515,158805
OK,61,54,910,61,2014-06-03T08:25:00,6,13790964,158805
OK,58,57,910,58,2014-06-03T08:30:00,9,13791413,158805
OK,58,57,910,58,2014-06-03T08:35:00,8,13791862,158805
OK,56,59,910,56,2014-06-03T08:40:00,6,13792311,158805
OK,59,56,910,59,2014-06-03T08:45:00,8,13792760,158805
OK,64,51,910,64,2014-06-03T08:50:00,4,13793209,158805
OK,80,41,910,80,2014-06-03T08:55:00,4,13793658,158805
OK,66,50,910,66,2014-06-03T09:00:00,6,13794107,158805
OK,59,56,910,59,2014-06-03T09:05:00,12,13794556,158805
OK,60,55,910,60,2014-06-03T09:10:00,11,13795005,158805
OK,72,46,910,72,2014-06-03T09:15:00,7,13795454,158805
OK,72,46,910,72,2014-06-03T09:20:00,11,13795903,158805
OK,72,46,910,72,2014-06-03T09:25:00,7,13796352,158805
OK,59,56,910,59,2014-06-03T09:30:00,4,13796801,158805
OK,55,60,910,55,2014-06-03T09:35:00,9,13797250,158805
OK,52,63,910,52,2014-06-03T09:40:00,6,13797699,158805
OK,75,44,910,75,2014-06-03T09:45:00,6,13798148,158805
OK,63,52,910,63,2014-06-03T09:50:00,7,13798597,158805
OK,62,53,910,62,2014-06-03T09:55:00,6,13799046,158805
OK,61,54,910,61,2014-06-03T10:00:00,5,13799495,158805
OK,63,52,910,63,2014-06-03T10:05:00,9,13799944,158805
OK,58,57,910,58,2014-06-03T10:10:00,8,13800393,158805
OK,63,52,910,63,2014-06-03T10:15:00,13,13800842,158805
OK,61,54,910,61,2014-06-03T10:20:00,10,13801291,158805
OK,60,55,910,60,2014-06-03T10:25:00,9,13801740,158805
OK,59,56,910,59,2014-06-03T10:30:00,10,13802189,158805
OK,59,56,910,59,2014-06-03T10:35:00,10,13802638,158805
OK,63,52,910,63,2014-06-03T10:40:00,9,13803087,158805
OK,62,53,910,62,2014-06-03T10:45:00,5,13803536,158805
OK,66,50,910,66,2014-06-03T10:50:00,7,13803985,158805
OK,66,50,910,66,2014-06-03T10:55:00,9,13804434,158805
OK,59,56,910,59,2014-06-03T11:00:00,6,13804883,158805
OK,62,53,910,62,2014-06-03T11:05:00,9,13805332,158805
OK,69,48,910,69,2014-06-03T11:10:00,9,13805781,158805
OK,64,51,910,64,2014-06-03T11:15:00,9,13806230,158805
OK,57,58,910,57,2014-06-03T11:20:00,9,13806679,158805
OK,59,56,910,59,2014-06-03T11:25:00,9,13807128,158805
OK,60,55,910,60,2014-06-03T11:30:00,7,13807577,158805
OK,63,52,910,63,2014-06-03T11:35:00,4,13808026,158805
OK,56,59,910,56,2014-06-03T11:40:00,9,13808475,158805
OK,56,59,910,56,2014-06-03T11:45:00,11,13808924,158805
OK,58,57,910,58,2014-06-03T11:50:00,7,13809373,158805
OK,60,55,910,60,2014-06-03T11:55:00,7,13809822,158805
OK,80,41,910,80,2014-06-03T12:00:00,6,13810250,158805
OK,72,46,910,72,2014-06-03T12:05:00,12,13810699,158805
OK,71,46,910,71,2014-06-03T12:10:00,14,13811148,158805
OK,70,47,910,70,2014-06-03T12:15:00,18,13811597,158805
OK,69,48,910,69,2014-06-03T12:20:00,14,13812046,158805
OK,61,54,910,61,2014-06-03T12:25:00,6,13812495,158805
OK,61,54,910,61,2014-06-03T12:30:00,11,13812944,158805
OK,61,54,910,61,2014-06-03T12:35:00,11,13813393,158805
OK,62,53,910,62,2014-06-03T12:40:00,14,13813842,158805
OK,67,49,910,67,2014-06-03T12:45:00,17,13814291,158805
OK,67,49,910,67,2014-06-03T12:50:00,17,13814740,158805
OK,64,51,910,64,2014-06-03T12:55:00,18,13815189,158805
OK,55,60,910,55,2014-06-03T13:00:00,14,13815638,158805
OK,64,51,910,64,2014-06-03T13:05:00,9,13816087,158805
OK,60,55,910,60,2014-06-03T13:10:00,12,13816536,158805
OK,74,44,910,74,2014-06-03T13:15:00,21,13816985,158805
OK,77,43,910,77,2014-06-03T13:20:00,17,13817434,158805
OK,67,49,910,67,2014-06-03T13:25:00,15,13817883,158805
OK,64,51,910,64,2014-06-03T13:30:00,17,13818332,158805
OK,62,53,910,62,2014-06-03T13:35:00,16,13818781,158805
OK,66,50,910,66,2014-06-03T13:40:00,17,13819230,158805
OK,63,52,910,63,2014-06-03T13:45:00,16,13819679,158805
OK,62,53,910,62,2014-06-03T13:50:00,12,13820128,158805
OK,77,43,910,77,2014-06-03T13:55:00,19,13820577,158805
OK,77,43,910,77,2014-06-03T14:00:00,19,13821026,158805
OK,61,54,910,61,2014-06-03T14:05:00,13,13821475,158805
OK,61,54,910,61,2014-06-03T14:10:00,18,13821924,158805
OK,68,48,910,68,2014-06-03T14:15:00,26,13822373,158805
OK,74,44,910,74,2014-06-03T14:20:00,28,13822822,158805
OK,74,44,910,74,2014-06-03T14:25:00,16,13823271,158805
OK,59,56,910,59,2014-06-03T14:30:00,6,13823720,158805
OK,68,48,910,68,2014-06-03T14:35:00,15,13824169,158805
OK,66,50,910,66,2014-06-03T14:40:00,12,13824618,158805
OK,61,54,910,61,2014-06-03T14:45:00,9,13825067,158805
OK,60,55,910,60,2014-06-03T14:50:00,11,13825516,158805
OK,64,51,910,64,2014-06-03T14:55:00,7,13825965,158805
OK,54,61,910,54,2014-06-03T15:00:00,8,13826414,158805
OK,55,60,910,55,2014-06-03T15:05:00,8,13826863,158805
OK,54,61,910,54,2014-06-03T15:10:00,10,13827312,158805
OK,55,60,910,55,2014-06-03T15:15:00,4,13827761,158805
OK,60,55,910,60,2014-06-03T15:20:00,3,13828210,158805
OK,50,66,910,50,2014-06-03T15:25:00,7,13828659,158805
OK,57,58,910,57,2014-06-03T15:30:00,6,13829108,158805
OK,60,55,910,60,2014-06-03T15:35:00,6,13829557,158805
OK,58,57,910,58,2014-06-03T15:40:00,7,13830006,158805
OK,54,61,910,54,2014-06-03T15:45:00,3,13830455,158805
OK,55,60,910,55,2014-06-03T15:50:00,5,13830904,158805
OK,54,61,910,54,2014-06-03T15:55:00,4,13831353,158805
OK,59,56,910,59,2014-06-03T16:00:00,1,13831802,158805
OK,57,58,910,57,2014-06-03T16:05:00,3,13832251,158805
OK,109,30,910,109,2014-06-03T16:10:00,10,13832700,158805
OK,109,30,910,109,2014-06-03T16:15:00,10,13833149,158805
OK,55,60,910,55,2014-06-03T16:20:00,3,13833598,158805
OK,59,56,910,59,2014-06-03T16:25:00,7,13834047,158805
OK,59,56,910,59,2014-06-03T16:30:00,5,13834496,158805
OK,59,56,910,59,2014-06-03T16:35:00,3,13834945,158805
OK,67,49,910,67,2014-06-03T16:40:00,4,13835394,158805
OK,55,60,910,55,2014-06-03T16:45:00,3,13835843,158805
OK,66,50,910,66,2014-06-03T16:50:00,2,13836292,158805
OK,54,61,910,54,2014-06-03T16:55:00,6,13836741,158805
OK,56,59,910,56,2014-06-03T17:00:00,4,13837190,158805
OK,59,56,910,59,2014-06-03T17:05:00,0,13837639,158805
OK,67,49,910,67,2014-06-03T17:10:00,1,13838088,158805
OK,67,49,910,67,2014-06-03T17:15:00,0,13838537,158805
OK,67,49,910,67,2014-06-03T17:20:00,0,13838986,158805
OK,49,67,910,49,2014-06-03T17:25:00,3,13839435,158805
OK,51,64,910,51,2014-06-03T17:30:00,6,13839884,158805
OK,55,60,910,55,2014-06-03T17:35:00,4,13840333,158805
OK,53,62,910,53,2014-06-03T17:40:00,2,13840782,158805
OK,49,67,910,49,2014-06-03T17:45:00,0,13841231,158805
OK,49,67,910,49,2014-06-03T17:50:00,0,13841680,158805
OK,55,60,910,55,2014-06-03T17:55:00,2,13842129,158805
OK,67,49,910,67,2014-06-03T18:00:00,1,13842578,158805
OK,67,49,910,67,2014-06-03T18:05:00,0,13843027,158805
OK,67,49,910,67,2014-06-03T18:10:00,0,13843476,158805
OK,67,49,910,67,2014-06-03T18:15:00,0,13843925,158805
OK,62,53,910,62,2014-06-03T18:20:00,2,13844374,158805
OK,62,53,910,62,2014-06-03T18:25:00,1,13844823,158805
OK,62,53,910,62,2014-06-03T18:30:00,2,13845272,158805
OK,61,54,910,61,2014-06-03T18:35:00,3,13845721,158805
OK,54,61,910,54,2014-06-03T18:40:00,3,13846170,158805
OK,57,58,910,57,2014-06-03T18:45:00,6,13846619,158805
OK,111,29,910,111,2014-06-03T18:50:00,2,13847068,158805
OK,139,23,910,139,2014-06-03T18:55:00,0,13847517,158805
OK,51,64,910,51,2014-06-03T19:00:00,3,13847966,158805
OK,50,66,910,50,2014-06-03T19:05:00,2,13848415,158805
OK,48,69,910,48,2014-06-03T19:10:00,4,13848864,158805
OK,48,69,910,48,2014-06-03T19:15:00,1,13849313,158805
OK,48,69,910,48,2014-06-03T19:20:00,0,13849762,158805
OK,71,46,910,71,2014-06-03T19:25:00,1,13850211,158805
OK,71,46,910,71,2014-06-03T19:30:00,0,13850660,158805
OK,71,46,910,71,2014-06-03T19:35:00,0,13851109,158805
OK,64,51,910,64,2014-06-03T19:40:00,2,13851558,158805
OK,48,69,910,48,2014-06-03T19:45:00,3,13852007,158805
OK,59,56,910,59,2014-06-03T19:50:00,1,13852456,158805
OK,73,45,910,73,2014-06-03T19:55:00,2,13852905,158805
OK,65,50,910,65,2014-06-03T20:15:00,3,13854572,158805
OK,61,54,910,61,2014-06-03T20:20:00,4,13855021,158805
OK,54,61,910,54,2014-06-03T20:25:00,2,13855470,158805
OK,65,50,910,65,2014-06-03T20:30:00,1,13855919,158805
OK,33,100,910,33,2014-06-03T20:40:00,3,13856817,158805
OK,58,57,910,58,2014-06-03T21:00:00,2,13858598,158805
OK,57,58,910,57,2014-06-03T21:05:00,2,13859047,158805
OK,57,58,910,57,2014-06-03T21:10:00,0,13859496,158805
OK,62,53,910,62,2014-06-03T21:20:00,1,13860393,158805
OK,60,55,910,60,2014-06-03T21:30:00,1,13861250,158805
OK,51,64,910,51,2014-06-03T21:40:00,3,13862147,158805
OK,56,59,910,56,2014-06-03T21:50:00,0,13863011,158805
OK,56,59,910,56,2014-06-03T21:55:00,0,13863449,158805
OK,56,59,910,56,2014-06-03T22:00:00,0,13863898,158805
OK,56,59,910,56,2014-06-03T22:05:00,0,13864347,158805
OK,56,59,910,56,2014-06-03T22:10:00,0,13864796,158805
OK,56,59,910,56,2014-06-03T22:15:00,0,13865245,158805
OK,48,69,910,48,2014-06-03T22:20:00,1,13865694,158805
OK,56,59,910,56,2014-06-03T22:25:00,1,13866143,158805
OK,56,59,910,56,2014-06-03T22:30:00,0,13866592,158805
OK,56,59,910,56,2014-06-03T22:40:00,0,13867367,158805
OK,51,64,910,51,2014-06-03T22:55:00,0,13868449,158805
OK,51,64,910,51,2014-06-03T23:45:00,0,13872552,158805
OK,51,64,910,51,2014-06-04T00:00:00,0,13873781,158805
OK,51,64,910,51,2014-06-04T00:10:00,0,13874679,158805
OK,50,66,910,50,2014-06-04T00:15:00,1,13875128,158805
OK,50,66,910,50,2014-06-04T00:20:00,0,13875577,158805
OK,63,52,910,63,2014-06-04T00:25:00,0,13876026,158805
OK,63,52,910,63,2014-06-04T00:30:00,0,13876475,158805
OK,63,52,910,63,2014-06-04T00:35:00,0,13876924,158805
OK,63,52,910,63,2014-06-04T00:40:00,0,13877373,158805
OK,63,52,910,63,2014-06-04T00:45:00,0,13877822,158805
OK,63,52,910,63,2014-06-04T00:50:00,0,13878271,158805
OK,63,52,910,63,2014-06-04T00:55:00,0,13878720,158805
OK,63,52,910,63,2014-06-04T01:00:00,0,13879169,158805
OK,63,52,910,63,2014-06-04T01:05:00,0,13879618,158805
OK,63,52,910,63,2014-06-04T01:10:00,0,13880067,158805
OK,63,52,910,63,2014-06-04T01:15:00,0,13880516,158805
OK,63,52,910,63,2014-06-04T01:20:00,0,13880965,158805
OK,63,52,910,63,2014-06-04T01:25:00,0,13881414,158805
OK,63,52,910,63,2014-06-04T01:30:00,0,13881863,158805
OK,63,52,910,63,2014-06-04T01:35:00,0,13882312,158805
OK,63,52,910,63,2014-06-04T01:40:00,0,13882761,158805
OK,63,52,910,63,2014-06-04T01:45:00,0,13883210,158805
OK,63,52,910,63,2014-06-04T01:50:00,0,13883659,158805
OK,53,62,910,53,2014-06-04T01:55:00,1,13884108,158805
OK,53,62,910,53,2014-06-04T02:00:00,0,13884557,158805
OK,53,62,910,53,2014-06-04T02:05:00,0,13885006,158805
OK,53,62,910,53,2014-06-04T02:10:00,0,13885455,158805
OK,53,62,910,53,2014-06-04T02:15:00,0,13885904,158805
OK,53,62,910,53,2014-06-04T02:20:00,0,13886353,158805
OK,53,62,910,53,2014-06-04T02:25:00,0,13886802,158805
OK,53,62,910,53,2014-06-04T02:30:00,0,13887251,158805
OK,50,66,910,50,2014-06-04T02:35:00,1,13887700,158805
OK,50,66,910,50,2014-06-04T02:40:00,1,13888149,158805
OK,50,66,910,50,2014-06-04T02:45:00,0,13888598,158805
OK,50,66,910,50,2014-06-04T02:50:00,0,13889047,158805
OK,50,66,910,50,2014-06-04T02:55:00,0,13889496,158805
OK,50,66,910,50,2014-06-04T03:00:00,0,13889945,158805
OK,50,66,910,50,2014-06-04T03:05:00,0,13890394,158805
OK,50,66,910,50,2014-06-04T03:10:00,0,13890843,158805
OK,50,66,910,50,2014-06-04T03:15:00,0,13891292,158805
OK,55,60,910,55,2014-06-04T03:20:00,1,13891741,158805
OK,55,60,910,55,2014-06-04T03:25:00,1,13892190,158805
OK,55,60,910,55,2014-06-04T03:30:00,0,13892639,158805
OK,73,45,910,73,2014-06-04T03:35:00,1,13893088,158805
OK,66,50,910,66,2014-06-04T03:40:00,2,13893537,158805
OK,57,58,910,57,2014-06-04T03:45:00,2,13893986,158805
OK,66,50,910,66,2014-06-04T03:50:00,2,13894435,158805
OK,56,59,910,56,2014-06-04T03:55:00,1,13894884,158805
OK,56,59,910,56,2014-06-04T04:00:00,1,13895333,158805
OK,56,59,910,56,2014-06-04T04:05:00,0,13895782,158805
OK,56,59,910,56,2014-06-04T04:10:00,0,13896231,158805
OK,56,59,910,56,2014-06-04T04:15:00,1,13896680,158805
OK,56,59,910,56,2014-06-04T04:20:00,1,13897129,158805
OK,56,59,910,56,2014-06-04T04:25:00,0,13897578,158805
OK,56,59,910,56,2014-06-04T04:30:00,0,13898027,158805
OK,66,50,910,66,2014-06-04T04:35:00,2,13898476,158805
OK,57,58,910,57,2014-06-04T04:40:00,6,13898925,158805
OK,46,72,910,46,2014-06-04T04:45:00,6,13899374,158805
OK,53,62,910,53,2014-06-04T04:50:00,6,13899823,158805
OK,57,58,910,57,2014-06-04T04:55:00,4,13900272,158805
OK,57,58,910,57,2014-06-04T05:00:00,1,13900721,158805
OK,46,72,910,46,2014-06-04T05:05:00,1,13901170,158805
OK,57,58,910,57,2014-06-04T05:10:00,2,13901619,158805
OK,56,59,910,56,2014-06-04T05:15:00,8,13902068,158805
OK,56,59,910,56,2014-06-04T05:20:00,6,13902517,158805
OK,65,50,910,65,2014-06-04T05:25:00,5,13902966,158805
OK,59,56,910,59,2014-06-04T05:30:00,3,13903415,158805
OK,67,49,910,67,2014-06-04T05:35:00,6,13903864,158805
OK,67,49,910,67,2014-06-04T05:40:00,9,13904313,158805
OK,64,51,910,64,2014-06-04T05:45:00,5,13904762,158805
OK,70,47,910,70,2014-06-04T05:50:00,2,13905211,158805
OK,73,45,910,73,2014-06-04T05:55:00,2,13905660,158805
OK,60,55,910,60,2014-06-04T06:00:00,9,13906109,158805
OK,61,54,910,61,2014-06-04T06:05:00,12,13906558,158805
OK,62,53,910,62,2014-06-04T06:10:00,5,13907007,158805
OK,63,52,910,63,2014-06-04T06:15:00,4,13907456,158805
OK,64,51,910,64,2014-06-04T06:20:00,4,13907905,158805
OK,93,35,910,93,2014-06-04T06:25:00,3,13908354,158805
OK,93,35,910,93,2014-06-04T06:30:00,4,13908803,158805
OK,85,38,910,85,2014-06-04T06:35:00,4,13909252,158805
OK,69,48,910,69,2014-06-04T06:40:00,6,13909701,158805
OK,59,56,910,59,2014-06-04T06:45:00,6,13910150,158805
OK,57,58,910,57,2014-06-04T06:50:00,6,13910599,158805
OK,61,54,910,61,2014-06-04T06:55:00,7,13911048,158805
OK,61,54,910,61,2014-06-04T07:00:00,9,13911497,158805
OK,86,38,910,86,2014-06-04T07:05:00,3,13911946,158805
OK,99,33,910,99,2014-06-04T07:10:00,3,13912395,158805
OK,95,34,910,95,2014-06-04T07:15:00,6,13912844,158805
OK,68,48,910,68,2014-06-04T07:20:00,10,13913293,158805
OK,71,46,910,71,2014-06-04T07:25:00,10,13913742,158805
OK,67,49,910,67,2014-06-04T07:30:00,9,13914191,158805
OK,56,59,910,56,2014-06-04T07:35:00,9,13914640,158805
OK,59,56,910,59,2014-06-04T07:40:00,8,13915089,158805
OK,63,52,910,63,2014-06-04T07:45:00,8,13915538,158805
OK,61,54,910,61,2014-06-04T07:50:00,7,13915987,158805
OK,67,49,910,67,2014-06-04T07:55:00,7,13916436,158805
OK,63,52,910,63,2014-06-04T08:00:00,8,13916885,158805
OK,59,56,910,59,2014-06-04T08:05:00,7,13917334,158805
OK,62,53,910,62,2014-06-04T08:10:00,5,13917783,158805
OK,59,56,910,59,2014-06-04T08:15:00,6,13918232,158805
OK,56,59,910,56,2014-06-04T08:20:00,9,13918681,158805
OK,65,50,910,65,2014-06-04T08:25:00,8,13919130,158805
OK,76,43,910,76,2014-06-04T08:30:00,6,13919579,158805
OK,61,54,910,61,2014-06-04T08:35:00,7,13920028,158805
OK,62,53,910,62,2014-06-04T08:40:00,9,13920477,158805
OK,60,55,910,60,2014-06-04T08:45:00,11,13920926,158805
OK,63,52,910,63,2014-06-04T08:50:00,9,13921375,158805
OK,58,57,910,58,2014-06-04T08:55:00,10,13921824,158805
OK,58,57,910,58,2014-06-04T09:00:00,9,13922273,158805
OK,63,52,910,63,2014-06-04T09:05:00,4,13922722,158805
OK,62,53,910,62,2014-06-04T09:10:00,2,13923171,158805
OK,54,61,910,54,2014-06-04T09:15:00,4,13923620,158805
OK,54,61,910,54,2014-06-04T09:20:00,4,13924069,158805
OK,57,58,910,57,2014-06-04T09:25:00,4,13924518,158805
OK,59,56,910,59,2014-06-04T09:30:00,6,13924967,158805
OK,63,52,910,63,2014-06-04T09:35:00,5,13925416,158805
OK,79,41,910,79,2014-06-04T09:40:00,5,13925865,158805
OK,65,50,910,65,2014-06-04T09:45:00,8,13926314,158805
OK,62,53,910,62,2014-06-04T09:50:00,10,13926763,158805
OK,66,50,910,66,2014-06-04T09:55:00,6,13927212,158805
OK,90,36,910,90,2014-06-04T10:00:00,3,13927661,158805
OK,65,50,910,65,2014-06-04T10:05:00,5,13928110,158805
OK,65,50,910,65,2014-06-04T10:10:00,9,13928559,158805
OK,65,50,910,65,2014-06-04T10:15:00,8,13929008,158805
OK,59,56,910,59,2014-06-04T10:20:00,8,13929457,158805
OK,60,55,910,60,2014-06-04T10:25:00,7,13929906,158805
OK,92,36,910,92,2014-06-04T10:30:00,8,13930355,158805
OK,83,39,910,83,2014-06-04T10:35:00,10,13930804,158805
OK,61,54,910,61,2014-06-04T10:40:00,7,13931253,158805
OK,65,50,910,65,2014-06-04T10:45:00,8,13931702,158805
OK,67,49,910,67,2014-06-04T10:50:00,13,13932151,158805
OK,66,50,910,66,2014-06-04T10:55:00,14,13932600,158805
OK,66,50,910,66,2014-06-04T11:00:00,12,13933049,158805
OK,70,47,910,70,2014-06-04T11:05:00,10,13933498,158805
OK,63,52,910,63,2014-06-04T11:10:00,11,13933947,158805
OK,63,52,910,63,2014-06-04T11:15:00,9,13934396,158805
OK,59,56,910,59,2014-06-04T11:20:00,9,13934845,158805
OK,59,56,910,59,2014-06-04T11:25:00,7,13935294,158805
OK,66,50,910,66,2014-06-04T11:30:00,14,13935743,158805
OK,63,52,910,63,2014-06-04T11:35:00,16,13936192,158805
OK,62,53,910,62,2014-06-04T11:40:00,8,13936641,158805
OK,61,54,910,61,2014-06-04T11:45:00,10,13937090,158805
OK,62,53,910,62,2014-06-04T11:50:00,10,13937539,158805
OK,78,42,910,78,2014-06-04T11:55:00,9,13937988,158805
OK,62,53,910,62,2014-06-04T12:00:00,8,13938436,158805
OK,54,61,910,54,2014-06-04T12:05:00,5,13938885,158805
OK,79,41,910,79,2014-06-04T12:10:00,9,13939334,158805
OK,80,41,910,80,2014-06-04T12:15:00,15,13939783,158805
OK,66,50,910,66,2014-06-04T12:20:00,16,13940232,158805
OK,59,56,910,59,2014-06-04T12:25:00,20,13940681,158805
OK,59,56,910,59,2014-06-04T12:30:00,16,13941130,158805
OK,57,58,910,57,2014-06-04T12:35:00,11,13941579,158805
OK,62,53,910,62,2014-06-04T12:40:00,16,13942028,158805
OK,68,48,910,68,2014-06-04T12:45:00,21,13942477,158805
OK,69,48,910,69,2014-06-04T12:50:00,16,13942926,158805
OK,60,55,910,60,2014-06-04T12:55:00,12,13943375,158805
OK,60,55,910,60,2014-06-04T13:00:00,12,13943824,158805
OK,65,50,910,65,2014-06-04T13:05:00,8,13944273,158805
OK,55,60,910,55,2014-06-04T13:10:00,10,13944722,158805
OK,63,52,910,63,2014-06-04T13:15:00,14,13945171,158805
OK,79,41,910,79,2014-06-04T13:20:00,15,13945620,158805
OK,81,40,910,81,2014-06-04T13:25:00,15,13946069,158805
OK,67,49,910,67,2014-06-04T13:30:00,17,13946518,158805
OK,63,52,910,63,2014-06-04T13:35:00,18,13946967,158805
OK,64,51,910,64,2014-06-04T13:40:00,12,13947416,158805
OK,62,53,910,62,2014-06-04T13:45:00,11,13947865,158805
OK,55,60,910,55,2014-06-04T13:50:00,10,13948314,158805
OK,67,49,910,67,2014-06-04T13:55:00,10,13948763,158805
OK,73,45,910,73,2014-06-04T14:00:00,13,13949212,158805
OK,71,46,910,71,2014-06-04T14:10:00,16,13950032,158805
OK,66,50,910,66,2014-06-04T14:15:00,15,13950481,158805
OK,82,40,910,82,2014-06-04T14:20:00,9,13950930,158805
OK,72,46,910,72,2014-06-04T14:25:00,16,13951379,158805
OK,71,46,910,71,2014-06-04T14:30:00,18,13951828,158805
OK,66,50,910,66,2014-06-04T14:35:00,16,13952277,158805
OK,62,53,910,62,2014-06-04T14:40:00,15,13952726,158805
OK,62,53,910,62,2014-06-04T14:45:00,10,13953175,158805
OK,65,50,910,65,2014-06-04T14:50:00,13,13953624,158805
OK,63,52,910,63,2014-06-04T14:55:00,17,13954073,158805
OK,61,54,910,61,2014-06-04T15:00:00,12,13954522,158805
OK,68,48,910,68,2014-06-04T15:05:00,10,13954971,158805
OK,65,50,910,65,2014-06-04T15:10:00,11,13955420,158805
OK,58,57,910,58,2014-06-04T15:15:00,7,13955869,158805
OK,67,49,910,67,2014-06-04T15:20:00,9,13956318,158805
OK,64,51,910,64,2014-06-04T15:25:00,11,13956767,158805
OK,57,58,910,57,2014-06-04T15:30:00,12,13957216,158805
OK,58,57,910,58,2014-06-04T15:35:00,8,13957665,158805
OK,60,55,910,60,2014-06-04T15:40:00,7,13958114,158805
OK,60,55,910,60,2014-06-04T15:45:00,10,13958563,158805
OK,62,53,910,62,2014-06-04T15:50:00,8,13959012,158805
OK,54,61,910,54,2014-06-04T15:55:00,5,13959461,158805
OK,61,54,910,61,2014-06-04T16:05:00,9,13960166,158805
OK,51,64,910,51,2014-06-04T16:10:00,6,13960615,158805
OK,47,70,910,47,2014-06-04T16:15:00,3,13961064,158805
OK,51,64,910,51,2014-06-04T16:30:00,3,13962411,158805
OK,50,66,910,50,2014-06-04T16:35:00,2,13962860,158805
OK,54,61,910,54,2014-06-04T16:40:00,3,13963309,158805
OK,53,62,910,53,2014-06-04T16:45:00,7,13963758,158805
OK,56,59,910,56,2014-06-04T16:55:00,6,13964463,158805
OK,54,61,910,54,2014-06-04T17:00:00,3,13964912,158805
OK,51,64,910,51,2014-06-04T17:05:00,5,13965361,158805
OK,48,69,910,48,2014-06-04T17:10:00,4,13965810,158805
OK,50,66,910,50,2014-06-04T17:15:00,7,13966259,158805
OK,48,69,910,48,2014-06-04T17:25:00,2,13966942,158805
OK,61,54,910,61,2014-06-04T17:30:00,3,13967391,158805
OK,61,54,910,61,2014-06-04T17:35:00,3,13967840,158805
OK,46,72,910,46,2014-06-04T17:40:00,1,13968289,158805
OK,56,59,910,56,2014-06-04T17:50:00,4,13968738,158805
OK,67,49,910,67,2014-06-04T17:55:00,4,13969187,158805
OK,54,61,910,54,2014-06-04T18:05:00,2,13969705,158805
OK,54,61,910,54,2014-06-04T18:10:00,3,13970154,158805
OK,56,59,910,56,2014-06-04T18:15:00,2,13970603,158805
OK,155,21,910,155,2014-06-04T18:25:00,1,13971332,158805
OK,62,53,910,62,2014-06-04T18:40:00,1,13972298,158805
OK,58,57,910,58,2014-06-04T18:45:00,2,13972747,158805
OK,46,72,910,46,2014-06-04T18:55:00,1,13973473,158805
OK,62,53,910,62,2014-06-04T19:00:00,3,13973922,158805
OK,55,60,910,55,2014-06-04T19:05:00,4,13974371,158805
OK,57,58,910,57,2014-06-04T19:10:00,4,13974820,158805
OK,60,55,910,60,2014-06-04T19:15:00,3,13975269,158805
OK,54,61,910,54,2014-06-04T19:20:00,1,13975718,158805
OK,54,61,910,54,2014-06-04T19:25:00,0,13976167,158805
OK,63,52,910,63,2014-06-04T19:35:00,2,13976878,158805
OK,54,61,910,54,2014-06-04T19:40:00,2,13977327,158805
OK,48,69,910,48,2014-06-04T19:45:00,2,13977776,158805
OK,52,63,910,52,2014-06-04T19:50:00,1,13978225,158805
OK,56,59,910,56,2014-06-04T19:55:00,2,13978674,158805
OK,54,61,910,54,2014-06-04T20:20:00,3,13980339,158805
OK,57,58,910,57,2014-06-04T20:30:00,0,13981212,158805
OK,55,60,910,55,2014-06-04T20:55:00,2,13983222,158805
OK,50,66,910,50,2014-06-04T21:00:00,2,13983670,158805
OK,51,64,910,51,2014-06-04T21:05:00,0,13984119,158805
OK,51,64,910,51,2014-06-04T21:10:00,1,13984568,158805
OK,48,69,910,48,2014-06-04T21:20:00,1,13985461,158805
OK,48,69,910,48,2014-06-04T21:25:00,0,13985910,158805
OK,50,66,910,50,2014-06-04T21:35:00,1,13986807,158805
OK,51,64,910,51,2014-06-04T21:40:00,1,13987255,158805
OK,50,66,910,50,2014-06-04T21:45:00,1,13987698,158805
OK,50,66,910,50,2014-06-04T21:50:00,0,13988138,158805
OK,50,66,910,50,2014-06-04T21:55:00,0,13988587,158805
OK,50,66,910,50,2014-06-04T22:00:00,0,13989022,158805
OK,50,66,910,50,2014-06-04T22:05:00,0,13989471,158805
OK,52,63,910,52,2014-06-04T22:10:00,1,13989920,158805
OK,52,63,910,52,2014-06-04T22:20:00,0,13990818,158805
OK,57,58,910,57,2014-06-04T22:40:00,0,13992115,158805
OK,60,55,910,60,2014-06-04T23:50:00,0,13997540,158805
OK,60,55,910,60,2014-06-05T00:00:00,0,13998361,158805
OK,60,55,910,60,2014-06-05T00:15:00,0,13998884,158805
OK,60,55,910,60,2014-06-05T00:20:00,0,13999333,158805
OK,60,55,910,60,2014-06-05T00:25:00,0,13999782,158805
OK,60,55,910,60,2014-06-05T00:45:00,0,14000918,158805
OK,60,55,910,60,2014-06-05T00:50:00,0,14001367,158805
OK,60,55,910,60,2014-06-05T00:55:00,0,14001816,158805
OK,60,55,910,60,2014-06-05T01:00:00,0,14002265,158805
OK,60,55,910,60,2014-06-05T01:20:00,0,14002721,158805
OK,60,55,910,60,2014-06-05T01:30:00,0,14003322,158805
OK,60,55,910,60,2014-06-05T01:35:00,0,14003771,158805
OK,60,55,910,60,2014-06-05T01:45:00,0,14004387,158805
OK,59,56,910,59,2014-06-05T02:05:00,1,14004993,158805
OK,59,56,910,59,2014-06-05T02:10:00,1,14005442,158805
OK,59,56,910,59,2014-06-05T02:15:00,0,14005891,158805
OK,59,56,910,59,2014-06-05T02:20:00,0,14006340,158805
OK,59,56,910,59,2014-06-05T02:35:00,0,14007046,158805
OK,50,66,910,50,2014-06-05T02:40:00,1,14007495,158805
OK,50,66,910,50,2014-06-05T02:45:00,0,14007944,158805
OK,50,66,910,50,2014-06-05T02:50:00,0,14008393,158805
OK,50,66,910,50,2014-06-05T02:55:00,0,14008842,158805
OK,50,66,910,50,2014-06-05T03:00:00,0,14009291,158805
OK,50,66,910,50,2014-06-05T03:20:00,0,14010000,158805
OK,50,66,910,50,2014-06-05T03:25:00,0,14010449,158805
OK,50,66,910,50,2014-06-05T03:30:00,0,14010898,158805
OK,48,69,910,48,2014-06-05T03:35:00,2,14011347,158805
OK,46,72,910,46,2014-06-05T03:40:00,3,14011796,158805
OK,40,82,910,40,2014-06-05T03:45:00,0,14012245,158805
OK,57,58,910,57,2014-06-05T03:50:00,2,14012694,158805
OK,53,62,910,53,2014-06-05T04:00:00,1,14013143,158805
OK,53,62,910,53,2014-06-05T04:05:00,0,14013592,158805
OK,53,62,910,53,2014-06-05T04:15:00,0,14014102,158805
OK,53,62,910,53,2014-06-05T04:20:00,0,14014551,158805
OK,53,62,910,53,2014-06-05T04:25:00,0,14015000,158805
OK,64,51,910,64,2014-06-05T04:30:00,3,14015449,158805
OK,62,53,910,62,2014-06-05T04:50:00,5,14016859,158805
OK,62,53,910,62,2014-06-05T04:55:00,3,14017308,158805
OK,64,51,910,64,2014-06-05T05:00:00,0,14017757,158805
OK,52,63,910,52,2014-06-05T05:05:00,1,14018206,158805
OK,56,59,910,56,2014-06-05T05:15:00,2,14018903,158805
OK,56,59,910,56,2014-06-05T05:20:00,2,14019352,158805
OK,56,59,910,56,2014-06-05T05:25:00,3,14019801,158805
OK,63,52,910,63,2014-06-05T05:30:00,5,14020250,158805
OK,53,62,910,53,2014-06-05T06:10:00,2,14021860,158805
OK,56,59,910,56,2014-06-05T06:40:00,3,14023247,158805
OK,75,44,910,75,2014-06-05T06:45:00,2,14023696,158805
OK,53,62,910,53,2014-06-05T07:00:00,7,14024436,158805
OK,58,57,910,58,2014-06-05T07:05:00,6,14024885,158805
OK,58,57,910,58,2014-06-05T07:10:00,3,14025334,158805
OK,58,57,910,58,2014-06-05T07:15:00,5,14025783,158805
OK,58,57,910,58,2014-06-05T07:30:00,3,14026896,158805
OK,50,66,910,50,2014-06-05T07:35:00,2,14027337,158805
OK,110,30,910,110,2014-06-05T07:55:00,4,14027921,158805
OK,65,50,910,65,2014-06-05T08:10:00,7,14028587,158805
OK,70,47,910,70,2014-06-05T08:15:00,4,14029036,158805
OK,62,53,910,62,2014-06-05T08:30:00,2,14030159,158805
OK,67,49,910,67,2014-06-05T08:35:00,1,14030608,158805
OK,64,51,910,64,2014-06-05T08:40:00,3,14031057,158805
OK,59,56,910,59,2014-06-05T08:50:00,2,14031719,158805
OK,85,38,910,85,2014-06-05T08:55:00,5,14032168,158805
OK,64,51,910,64,2014-06-05T09:00:00,7,14032617,158805
OK,57,58,910,57,2014-06-05T09:15:00,6,14033730,158805
OK,52,63,910,52,2014-06-05T09:45:00,3,14035090,158805
OK,62,53,910,62,2014-06-05T10:15:00,9,14036217,158805
OK,58,57,910,58,2014-06-05T10:20:00,4,14036666,158805
OK,56,59,910,56,2014-06-05T11:35:00,7,14038609,158805
OK,62,53,910,62,2014-06-05T11:40:00,9,14039058,158805
OK,62,53,910,62,2014-06-05T11:50:00,3,14039724,158805
OK,62,53,910,62,2014-06-05T11:55:00,3,14040173,158805
OK,56,59,910,56,2014-06-05T12:20:00,8,14041090,158805
OK,70,47,910,70,2014-06-05T12:25:00,4,14041539,158805
OK,66,50,910,66,2014-06-05T12:30:00,5,14041988,158805
OK,60,55,910,60,2014-06-05T12:50:00,8,14042727,158805
OK,66,50,910,66,2014-06-05T12:55:00,5,14043176,158805
OK,65,50,910,65,2014-06-05T13:10:00,4,14043852,158805
OK,68,48,910,68,2014-06-05T13:15:00,6,14044301,158805
OK,62,53,910,62,2014-06-05T13:20:00,7,14044750,158805
OK,54,61,910,54,2014-06-05T13:25:00,8,14045199,158805
OK,57,58,910,57,2014-06-05T13:40:00,5,14045930,158805
OK,58,57,910,58,2014-06-05T13:45:00,4,14046379,158805
OK,57,58,910,57,2014-06-05T13:50:00,5,14046828,158805
OK,52,63,910,52,2014-06-05T14:05:00,3,14047945,158805
OK,72,46,910,72,2014-06-05T14:15:00,6,14048636,158805
OK,66,50,910,66,2014-06-05T14:20:00,4,14049085,158805
OK,59,56,910,59,2014-06-05T14:25:00,2,14049534,158805
OK,63,52,910,63,2014-06-05T14:30:00,0,14049983,158805
OK,61,54,910,61,2014-06-05T14:50:00,6,14050695,158805
OK,58,57,910,58,2014-06-05T14:55:00,6,14051144,158805
OK,46,72,910,46,2014-06-05T15:00:00,1,14051593,158805
OK,43,77,910,43,2014-06-05T15:05:00,1,14052042,158805
OK,59,56,910,59,2014-06-05T15:10:00,5,14052491,158805
OK,59,56,910,59,2014-06-05T15:15:00,8,14052940,158805
OK,62,53,910,62,2014-06-05T15:20:00,4,14053389,158805
OK,49,67,910,49,2014-06-05T15:25:00,2,14053838,158805
OK,57,58,910,57,2014-06-05T15:45:00,3,14054581,158805
OK,56,59,910,56,2014-06-05T15:50:00,3,14055030,158805
OK,64,51,910,64,2014-06-05T16:15:00,3,14056602,158805
OK,58,57,910,58,2014-06-05T16:35:00,5,14057742,158805
OK,56,59,910,56,2014-06-05T17:15:00,3,14058994,158805
OK,55,60,910,55,2014-06-05T17:25:00,0,14059697,158805
OK,49,67,910,49,2014-06-05T17:45:00,2,14060438,158805
OK,58,57,910,58,2014-06-05T18:05:00,5,14061567,158805
OK,59,56,910,59,2014-06-05T18:10:00,4,14062016,158805
OK,44,75,910,44,2014-06-05T18:15:00,0,14062465,158805
OK,40,82,910,40,2014-06-05T18:35:00,0,14063168,158805
OK,51,64,910,51,2014-06-05T18:40:00,1,14063617,158805
OK,57,58,910,57,2014-06-05T18:45:00,2,14064066,158805
OK,63,52,910,63,2014-06-05T18:50:00,2,14064515,158805
OK,53,62,910,53,2014-06-05T19:10:00,3,14065212,158805
OK,44,75,910,44,2014-06-05T19:35:00,0,14065894,158805
OK,57,58,910,57,2014-06-05T20:10:00,2,14067076,158805
OK,67,49,910,67,2014-06-05T22:00:00,0,14070390,158805
OK,67,49,910,67,2014-06-05T22:05:00,0,14070839,158805
OK,67,49,910,67,2014-06-05T22:10:00,0,14071288,158805
OK,67,49,910,67,2014-06-05T22:15:00,0,14071737,158805
OK,55,60,910,55,2014-06-05T22:50:00,1,14073877,158805
OK,55,60,910,55,2014-06-05T23:30:00,0,14074768,158805
OK,55,60,910,55,2014-06-05T23:35:00,0,14075217,158805
OK,55,60,910,55,2014-06-05T23:45:00,0,14076074,158805
OK,55,60,910,55,2014-06-06T00:00:00,0,14076704,158805
OK,55,60,910,55,2014-06-06T00:05:00,0,14077153,158805
OK,55,60,910,55,2014-06-06T00:35:00,0,14077606,158805
OK,55,60,910,55,2014-06-06T00:45:00,0,14078099,158805
OK,55,60,910,55,2014-06-06T00:50:00,0,14078548,158805
OK,55,60,910,55,2014-06-06T00:55:00,0,14078997,158805
OK,55,60,910,55,2014-06-06T01:20:00,0,14079513,158805
OK,55,60,910,55,2014-06-06T01:25:00,0,14079962,158805
OK,55,60,910,55,2014-06-06T01:30:00,0,14080411,158805
OK,55,60,910,55,2014-06-06T01:50:00,0,14081139,158805
OK,55,60,910,55,2014-06-06T01:55:00,0,14081588,158805
OK,55,60,910,55,2014-06-06T02:00:00,0,14082037,158805
OK,55,60,910,55,2014-06-06T02:25:00,0,14082780,158805
OK,55,60,910,55,2014-06-06T02:40:00,0,14083483,158805
OK,55,60,910,55,2014-06-06T02:45:00,0,14083932,158805
OK,55,60,910,55,2014-06-06T02:50:00,0,14084381,158805
OK,55,60,910,55,2014-06-06T02:55:00,0,14084830,158805
OK,55,60,910,55,2014-06-06T03:00:00,0,14085279,158805
OK,55,60,910,55,2014-06-06T03:30:00,0,14086301,158805
OK,55,60,910,55,2014-06-06T03:35:00,0,14086750,158805
OK,67,49,910,67,2014-06-06T04:15:00,0,14087539,158805
OK,53,62,910,53,2014-06-06T04:20:00,1,14087988,158805
OK,59,56,910,59,2014-06-06T04:30:00,3,14088606,158805
OK,56,59,910,56,2014-06-06T04:35:00,4,14089055,158805
OK,49,67,910,49,2014-06-06T04:50:00,2,14089762,158805
OK,60,55,910,60,2014-06-06T05:10:00,5,14090419,158805
OK,64,51,910,64,2014-06-06T05:15:00,4,14090868,158805
OK,66,50,910,66,2014-06-06T05:20:00,4,14091317,158805
OK,66,50,910,66,2014-06-06T05:25:00,4,14091766,158805
OK,55,60,910,55,2014-06-06T05:30:00,5,14092215,158805
OK,51,64,910,51,2014-06-06T05:35:00,6,14092664,158805
OK,64,51,910,64,2014-06-06T05:40:00,10,14093113,158805
OK,66,50,910,66,2014-06-06T05:45:00,9,14093562,158805
OK,66,50,910,66,2014-06-06T06:25:00,0,14094056,158805
OK,72,46,910,72,2014-06-06T06:30:00,5,14094505,158805
OK,69,48,910,69,2014-06-06T07:10:00,9,14095998,158805
OK,77,43,910,77,2014-06-06T07:15:00,7,14096447,158805
OK,69,48,910,69,2014-06-06T07:20:00,4,14096896,158805
OK,75,44,910,75,2014-06-06T07:25:00,2,14097345,158805
OK,69,48,910,69,2014-06-06T07:30:00,1,14097794,158805
OK,72,46,910,72,2014-06-06T07:35:00,5,14098243,158805
OK,59,56,910,59,2014-06-06T07:40:00,5,14098692,158805
OK,76,43,910,76,2014-06-06T07:45:00,6,14099141,158805
OK,72,46,910,72,2014-06-06T07:50:00,13,14099590,158805
OK,59,56,910,59,2014-06-06T07:55:00,13,14100039,158805
OK,63,52,910,63,2014-06-06T08:00:00,9,14100488,158805
OK,67,49,910,67,2014-06-06T08:05:00,12,14100937,158805
OK,71,46,910,71,2014-06-06T08:10:00,6,14101386,158805
OK,63,52,910,63,2014-06-06T08:15:00,5,14101835,158805
OK,63,52,910,63,2014-06-06T08:20:00,6,14102284,158805
OK,57,58,910,57,2014-06-06T08:25:00,3,14102733,158805
OK,72,46,910,72,2014-06-06T08:45:00,6,14103437,158805
OK,62,53,910,62,2014-06-06T08:50:00,8,14103886,158805
OK,59,56,910,59,2014-06-06T09:00:00,12,14104534,158805
OK,60,55,910,60,2014-06-06T09:05:00,18,14104983,158805
OK,56,59,910,56,2014-06-06T09:10:00,14,14105432,158805
OK,52,63,910,52,2014-06-06T09:15:00,7,14105881,158805
OK,72,46,910,72,2014-06-06T09:55:00,11,14106952,158805
OK,55,60,910,55,2014-06-06T10:00:00,5,14107401,158805
OK,60,55,910,60,2014-06-06T10:05:00,2,14107850,158805
OK,61,54,910,61,2014-06-06T10:35:00,16,14108355,158805
OK,60,55,910,60,2014-06-06T10:40:00,12,14108804,158805
OK,56,59,910,56,2014-06-06T10:45:00,14,14109253,158805
OK,59,56,910,59,2014-06-06T11:10:00,10,14110209,158805
OK,56,59,910,56,2014-06-06T11:30:00,10,14110892,158805
OK,54,61,910,54,2014-06-06T11:50:00,5,14111597,158805
OK,66,50,910,66,2014-06-06T12:15:00,14,14112234,158805
OK,64,51,910,64,2014-06-06T12:20:00,14,14112683,158805
OK,70,47,910,70,2014-06-06T13:20:00,10,14113159,158805
OK,60,55,910,60,2014-06-06T14:05:00,19,14113997,158805
OK,45,73,910,45,2014-06-06T15:30:00,1,14115573,158805
OK,59,56,910,59,2014-06-06T15:35:00,2,14116022,158805
OK,50,66,910,50,2014-06-06T15:40:00,6,14116471,158805
OK,57,58,910,57,2014-06-06T15:50:00,1,14117164,158805
OK,57,58,910,57,2014-06-06T15:55:00,0,14117613,158805
OK,54,61,910,54,2014-06-06T16:20:00,6,14118326,158805
OK,51,64,910,51,2014-06-06T16:45:00,4,14119021,158805
OK,61,54,910,61,2014-06-06T17:05:00,2,14119682,158805
OK,48,69,910,48,2014-06-06T17:15:00,2,14120174,158805
OK,47,70,910,47,2014-06-06T17:35:00,1,14120865,158805
OK,47,70,910,47,2014-06-06T17:40:00,0,14121314,158805
OK,48,69,910,48,2014-06-06T17:45:00,1,14121763,158805
OK,46,72,910,46,2014-06-06T18:05:00,1,14122505,158805
OK,46,72,910,46,2014-06-06T18:10:00,3,14122954,158805
OK,54,61,910,54,2014-06-06T18:15:00,3,14123403,158805
OK,59,56,910,59,2014-06-06T18:20:00,1,14123852,158805
OK,59,56,910,59,2014-06-06T18:25:00,0,14124301,158805
OK,49,67,910,49,2014-06-06T18:40:00,1,14125208,158805
OK,51,64,910,51,2014-06-06T18:55:00,2,14125892,158805
OK,71,46,910,71,2014-06-06T19:25:00,0,14126611,158805
OK,71,46,910,71,2014-06-06T19:30:00,0,14127060,158805
OK,60,55,910,60,2014-06-06T19:35:00,1,14127509,158805
OK,41,80,910,41,2014-06-06T19:50:00,1,14128206,158805
OK,70,47,910,70,2014-06-06T21:00:00,0,14130227,158805
OK,49,67,910,49,2014-06-06T21:10:00,2,14130718,158805
OK,54,61,910,54,2014-06-06T21:20:00,1,14131615,158805
OK,61,54,910,61,2014-06-06T21:45:00,0,14132838,158805
OK,61,54,910,61,2014-06-06T21:50:00,0,14133246,158805
OK,61,54,910,61,2014-06-06T22:00:00,0,14133976,158805
OK,61,54,910,61,2014-06-06T22:05:00,0,14134425,158805
OK,61,54,910,61,2014-06-06T22:10:00,0,14134874,158805
OK,61,54,910,61,2014-06-06T22:15:00,0,14135323,158805
OK,61,54,910,61,2014-06-06T22:20:00,0,14135772,158805
OK,56,59,910,56,2014-06-06T22:45:00,2,14137806,158805
OK,56,59,910,56,2014-06-06T23:20:00,0,14140566,158805
OK,51,64,910,51,2014-06-06T23:45:00,0,14142273,158805
OK,51,64,910,51,2014-06-07T00:25:00,0,14143310,158805
OK,51,64,910,51,2014-06-07T00:45:00,0,14143773,158805
OK,51,64,910,51,2014-06-07T00:50:00,0,14144222,158805
OK,52,63,910,52,2014-06-07T01:25:00,1,14144850,158805
OK,52,63,910,52,2014-06-07T02:10:00,0,14145435,158805
OK,52,63,910,52,2014-06-07T02:15:00,0,14145884,158805
OK,52,63,910,52,2014-06-07T02:20:00,0,14146333,158805
OK,52,63,910,52,2014-06-07T02:25:00,0,14146782,158805
OK,52,63,910,52,2014-06-07T02:30:00,0,14147231,158805
OK,52,63,910,52,2014-06-07T02:35:00,0,14147680,158805
OK,52,63,910,52,2014-06-07T02:40:00,0,14148129,158805
OK,52,63,910,52,2014-06-07T02:45:00,0,14148578,158805
OK,52,63,910,52,2014-06-07T02:50:00,0,14149027,158805
OK,52,63,910,52,2014-06-07T02:55:00,0,14149476,158805
OK,52,63,910,52,2014-06-07T03:00:00,0,14149925,158805
OK,52,63,910,52,2014-06-07T03:05:00,0,14150374,158805
OK,52,63,910,52,2014-06-07T03:10:00,0,14150823,158805
OK,52,63,910,52,2014-06-07T03:15:00,0,14151272,158805
OK,52,63,910,52,2014-06-07T03:30:00,0,14152040,158805
OK,52,63,910,52,2014-06-07T03:55:00,0,14153938,158805
OK,52,63,910,52,2014-06-07T04:00:00,0,14154387,158805
OK,52,63,910,52,2014-06-07T04:05:00,0,14154836,158805
OK,52,63,910,52,2014-06-07T04:10:00,0,14155285,158805
OK,85,38,910,85,2014-06-07T04:15:00,1,14155732,158805
OK,85,38,910,85,2014-06-07T04:20:00,0,14156174,158805
OK,85,38,910,85,2014-06-07T04:25:00,0,14156611,158805
OK,85,38,910,85,2014-06-07T04:30:00,0,14157060,158805
OK,52,63,910,52,2014-06-07T04:35:00,1,14157509,158805
OK,79,41,910,79,2014-06-07T04:50:00,1,14158324,158805
OK,73,45,910,73,2014-06-07T04:55:00,0,14158770,158805
OK,73,45,910,73,2014-06-07T05:00:00,0,14159219,158805
OK,73,45,910,73,2014-06-07T05:05:00,0,14159667,158805
OK,73,45,910,73,2014-06-07T05:10:00,0,14160116,158805
OK,73,45,910,73,2014-06-07T05:15:00,0,14160565,158805
OK,73,45,910,73,2014-06-07T05:20:00,0,14161014,158805
OK,47,70,910,47,2014-06-07T05:25:00,0,14161463,158805
OK,47,70,910,47,2014-06-07T05:30:00,0,14161912,158805
OK,47,70,910,47,2014-06-07T05:40:00,0,14162810,158805
OK,47,70,910,47,2014-06-07T05:50:00,0,14163708,158805
OK,47,70,910,47,2014-06-07T05:55:00,0,14164157,158805
OK,44,75,910,44,2014-06-07T06:00:00,1,14164605,158805
OK,44,75,910,44,2014-06-07T06:05:00,0,14165054,158805
OK,44,75,910,44,2014-06-07T06:10:00,0,14165503,158805
OK,44,75,910,44,2014-06-07T06:15:00,0,14165952,158805
OK,44,75,910,44,2014-06-07T06:25:00,0,14166675,158805
OK,44,75,910,44,2014-06-07T06:30:00,0,14167124,158805
OK,56,59,910,56,2014-06-07T06:40:00,1,14167834,158805
OK,39,84,910,39,2014-06-07T06:45:00,1,14168283,158805
OK,59,56,910,59,2014-06-07T07:15:00,1,14169298,158805
OK,57,58,910,57,2014-06-07T07:20:00,1,14169747,158805
OK,57,58,910,57,2014-06-07T07:25:00,4,14170196,158805
OK,58,57,910,58,2014-06-07T07:35:00,1,14170915,158805
OK,58,57,910,58,2014-06-07T07:40:00,1,14171364,158805
OK,57,58,910,57,2014-06-07T07:45:00,1,14171813,158805
OK,57,58,910,57,2014-06-07T07:50:00,3,14172262,158805
OK,65,50,910,65,2014-06-07T07:55:00,4,14172711,158805
OK,69,48,910,69,2014-06-07T08:00:00,6,14173160,158805
OK,60,55,910,60,2014-06-07T08:05:00,7,14173609,158805
OK,57,58,910,57,2014-06-07T08:10:00,3,14174058,158805
OK,56,59,910,56,2014-06-07T08:15:00,5,14174507,158805
OK,51,64,910,51,2014-06-07T08:25:00,3,14175191,158805
OK,51,64,910,51,2014-06-07T08:30:00,2,14175640,158805
OK,52,63,910,52,2014-06-07T08:50:00,4,14176716,158805
OK,49,67,910,49,2014-06-07T08:55:00,4,14177165,158805
OK,59,56,910,59,2014-06-07T09:00:00,4,14177614,158805
OK,63,52,910,63,2014-06-07T09:05:00,4,14178063,158805
OK,56,59,910,56,2014-06-07T09:10:00,8,14178512,158805
OK,61,54,910,61,2014-06-07T10:10:00,10,14180986,158805
OK,56,59,910,56,2014-06-07T10:15:00,5,14181435,158805
OK,59,56,910,59,2014-06-07T10:20:00,2,14181884,158805
OK,66,50,910,66,2014-06-07T10:25:00,5,14182333,158805
OK,60,55,910,60,2014-06-07T10:30:00,3,14182782,158805
OK,54,61,910,54,2014-06-07T10:40:00,8,14183434,158805
OK,59,56,910,59,2014-06-07T10:50:00,4,14184135,158805
OK,59,56,910,59,2014-06-07T11:05:00,5,14184801,158805
OK,62,53,910,62,2014-06-07T11:10:00,3,14185250,158805
OK,57,58,910,57,2014-06-07T11:20:00,4,14185864,158805
OK,51,64,910,51,2014-06-07T11:30:00,0,14186607,158805
OK,62,53,910,62,2014-06-07T11:35:00,4,14187056,158805
OK,57,58,910,57,2014-06-07T11:40:00,7,14187505,158805
OK,59,56,910,59,2014-06-07T12:10:00,1,14188259,158805
OK,69,48,910,69,2014-06-07T12:15:00,3,14188708,158805
OK,56,59,910,56,2014-06-07T13:20:00,4,14189567,158805
OK,58,57,910,58,2014-06-07T13:25:00,7,14190016,158805
OK,63,52,910,63,2014-06-07T14:05:00,2,14190745,158805
OK,58,57,910,58,2014-06-07T14:20:00,6,14191881,158805
OK,62,53,910,62,2014-06-07T14:25:00,3,14192330,158805
OK,61,54,910,61,2014-06-07T14:45:00,4,14193019,158805
OK,57,58,910,57,2014-06-07T15:00:00,7,14193709,158805
OK,56,59,910,56,2014-06-07T15:40:00,3,14194970,158805
OK,63,52,910,63,2014-06-07T15:45:00,2,14195419,158805
OK,46,72,910,46,2014-06-07T15:50:00,1,14195868,158805
OK,45,73,910,45,2014-06-07T15:55:00,2,14196317,158805
OK,44,75,910,44,2014-06-07T16:00:00,1,14196766,158805
OK,60,55,910,60,2014-06-07T16:20:00,2,14197553,158805
OK,60,55,910,60,2014-06-07T16:25:00,3,14198002,158805
OK,82,40,910,82,2014-06-07T16:30:00,3,14198451,158805
OK,73,45,910,73,2014-06-07T16:50:00,4,14199131,158805
OK,42,78,910,42,2014-06-07T17:15:00,0,14200276,158805
OK,108,30,910,108,2014-06-07T17:20:00,2,14200725,158805
OK,108,30,910,108,2014-06-07T17:25:00,2,14201174,158805
OK,155,21,910,155,2014-06-07T17:45:00,0,14201684,158805
OK,155,21,910,155,2014-06-07T17:50:00,0,14202133,158805
OK,52,63,910,52,2014-06-07T18:10:00,2,14203717,158805
OK,52,63,910,52,2014-06-07T18:15:00,0,14204166,158805
OK,52,63,910,52,2014-06-07T18:20:00,0,14204615,158805
OK,52,63,910,52,2014-06-07T18:25:00,0,14205064,158805
OK,60,55,910,60,2014-06-07T19:05:00,1,14206287,158805
OK,57,58,910,57,2014-06-07T19:10:00,2,14206736,158805
OK,58,57,910,58,2014-06-07T19:15:00,2,14207185,158805
OK,63,52,910,63,2014-06-07T19:20:00,2,14207634,158805
OK,62,53,910,62,2014-06-07T19:25:00,1,14208083,158805
OK,62,53,910,62,2014-06-07T19:35:00,0,14208778,158805
OK,66,50,910,66,2014-06-07T19:40:00,3,14209227,158805
OK,43,77,910,43,2014-06-07T19:45:00,2,14209676,158805
OK,56,59,910,56,2014-06-07T19:55:00,1,14210403,158805
OK,48,69,910,48,2014-06-07T20:10:00,1,14211090,158805
OK,48,69,910,48,2014-06-07T20:15:00,3,14211539,158805
OK,51,64,910,51,2014-06-07T20:20:00,5,14211988,158805
OK,58,57,910,58,2014-06-07T20:30:00,2,14212665,158805
OK,58,57,910,58,2014-06-07T20:35:00,0,14213114,158805
OK,58,57,910,58,2014-06-07T20:40:00,0,14213563,158805
OK,58,57,910,58,2014-06-07T20:45:00,0,14214012,158805
OK,54,61,910,54,2014-06-07T20:50:00,1,14214461,158805
OK,54,61,910,54,2014-06-07T20:55:00,1,14214910,158805
OK,54,61,910,54,2014-06-07T21:00:00,0,14215359,158805
OK,54,61,910,54,2014-06-07T21:05:00,0,14215808,158805
OK,54,61,910,54,2014-06-07T21:10:00,0,14216257,158805
OK,54,61,910,54,2014-06-07T21:15:00,0,14216706,158805
OK,53,62,910,53,2014-06-07T21:25:00,1,14217396,158805
OK,56,59,910,56,2014-06-07T21:30:00,2,14217845,158805
OK,59,56,910,59,2014-06-07T21:35:00,1,14218294,158805
OK,59,56,910,59,2014-06-07T21:40:00,0,14218743,158805
OK,59,56,910,59,2014-06-07T21:50:00,0,14219431,158805
OK,59,56,910,59,2014-06-07T21:55:00,0,14219880,158805
OK,50,66,910,50,2014-06-07T22:20:00,1,14220575,158805
OK,50,66,910,50,2014-06-07T22:25:00,0,14221024,158805
OK,50,66,910,50,2014-06-07T22:30:00,0,14221473,158805
OK,50,66,910,50,2014-06-07T22:50:00,0,14222092,158805
OK,50,66,910,50,2014-06-07T22:55:00,0,14222541,158805
OK,50,66,910,50,2014-06-07T23:00:00,0,14222990,158805
OK,50,66,910,50,2014-06-07T23:25:00,0,14223585,158805
OK,48,69,910,48,2014-06-07T23:50:00,0,14224530,158805
OK,58,57,910,58,2014-06-08T00:10:00,3,14225180,158805
OK,56,59,910,56,2014-06-08T00:20:00,0,14225736,158805
OK,56,59,910,56,2014-06-08T00:25:00,0,14226185,158805
OK,56,59,910,56,2014-06-08T00:30:00,0,14226634,158805
OK,56,59,910,56,2014-06-08T00:35:00,0,14227083,158805
OK,56,59,910,56,2014-06-08T00:40:00,0,14227532,158805
OK,56,59,910,56,2014-06-08T01:05:00,0,14228225,158805
OK,56,59,910,56,2014-06-08T01:10:00,0,14228674,158805
OK,56,59,910,56,2014-06-08T01:15:00,0,14229123,158805
OK,56,59,910,56,2014-06-08T01:20:00,0,14229572,158805
OK,56,59,910,56,2014-06-08T01:25:00,0,14230021,158805
OK,56,59,910,56,2014-06-08T01:30:00,0,14230470,158805
OK,56,59,910,56,2014-06-08T01:35:00,0,14230919,158805
OK,57,58,910,57,2014-06-08T01:40:00,1,14231368,158805
OK,57,58,910,57,2014-06-08T01:45:00,0,14231817,158805
OK,57,58,910,57,2014-06-08T01:50:00,0,14232266,158805
OK,57,58,910,57,2014-06-08T01:55:00,0,14232715,158805
OK,57,58,910,57,2014-06-08T02:00:00,0,14233164,158805
OK,57,58,910,57,2014-06-08T02:05:00,0,14233613,158805
OK,57,58,910,57,2014-06-08T02:10:00,0,14234062,158805
OK,57,58,910,57,2014-06-08T02:15:00,0,14234511,158805
OK,57,58,910,57,2014-06-08T02:20:00,0,14234960,158805
OK,39,84,910,39,2014-06-08T02:25:00,0,14235409,158805
OK,42,78,910,42,2014-06-08T02:30:00,1,14235858,158805
OK,42,78,910,42,2014-06-08T02:35:00,0,14236307,158805
OK,42,78,910,42,2014-06-08T02:40:00,0,14236756,158805
OK,42,78,910,42,2014-06-08T02:45:00,0,14237205,158805
OK,42,78,910,42,2014-06-08T02:50:00,0,14237654,158805
OK,42,78,910,42,2014-06-08T02:55:00,0,14238103,158805
OK,42,78,910,42,2014-06-08T03:00:00,0,14238552,158805
OK,42,78,910,42,2014-06-08T03:05:00,0,14239001,158805
OK,52,63,910,52,2014-06-08T03:10:00,1,14239450,158805
OK,52,63,910,52,2014-06-08T03:15:00,0,14239899,158805
OK,52,63,910,52,2014-06-08T03:20:00,0,14240348,158805
OK,52,63,910,52,2014-06-08T03:25:00,0,14240797,158805
OK,52,63,910,52,2014-06-08T03:30:00,0,14241246,158805
OK,52,63,910,52,2014-06-08T03:35:00,0,14241695,158805
OK,52,63,910,52,2014-06-08T03:40:00,0,14242144,158805
OK,52,63,910,52,2014-06-08T03:45:00,0,14242593,158805
OK,39,84,910,39,2014-06-08T03:50:00,1,14243042,158805
OK,39,84,910,39,2014-06-08T03:55:00,0,14243491,158805
OK,39,84,910,39,2014-06-08T04:00:00,0,14243940,158805
OK,39,84,910,39,2014-06-08T04:05:00,0,14244332,158805
OK,39,84,910,39,2014-06-08T04:10:00,0,14244781,158805
OK,39,84,910,39,2014-06-08T04:15:00,0,14245230,158805
OK,39,84,910,39,2014-06-08T04:20:00,0,14245679,158805
OK,52,63,910,52,2014-06-08T04:40:00,1,14247474,158805
OK,52,63,910,52,2014-06-08T04:45:00,0,14247898,158805
OK,52,63,910,52,2014-06-08T04:50:00,0,14248347,158805
OK,50,66,910,50,2014-06-08T04:55:00,1,14248788,158805
OK,50,66,910,50,2014-06-08T05:00:00,0,14249237,158805
OK,45,73,910,45,2014-06-08T05:10:00,0,14250135,158805
OK,45,73,910,45,2014-06-08T05:15:00,0,14250534,158805
OK,45,73,910,45,2014-06-08T05:20:00,0,14250983,158805
OK,45,73,910,45,2014-06-08T05:25:00,0,14251432,158805
OK,45,73,910,45,2014-06-08T05:30:00,0,14251870,158805
OK,45,73,910,45,2014-06-08T05:35:00,0,14252319,158805
OK,45,73,910,45,2014-06-08T05:45:00,0,14253217,158805
OK,45,73,910,45,2014-06-08T05:50:00,0,14253652,158805
OK,45,73,910,45,2014-06-08T05:55:00,0,14254101,158805
OK,45,73,910,45,2014-06-08T06:00:00,0,14254550,158805
OK,45,73,910,45,2014-06-08T06:05:00,0,14254998,158805
OK,45,73,910,45,2014-06-08T06:10:00,0,14255447,158805
OK,45,73,910,45,2014-06-08T06:15:00,0,14255896,158805
OK,45,73,910,45,2014-06-08T06:20:00,0,14256345,158805
OK,45,73,910,45,2014-06-08T06:25:00,0,14256794,158805
OK,48,69,910,48,2014-06-08T06:30:00,1,14257243,158805
OK,48,69,910,48,2014-06-08T06:35:00,1,14257692,158805
OK,48,69,910,48,2014-06-08T06:40:00,0,14258141,158805
OK,87,38,910,87,2014-06-08T06:50:00,1,14258853,158805
OK,72,46,910,72,2014-06-08T06:55:00,2,14259302,158805
OK,45,73,910,45,2014-06-08T07:00:00,1,14259751,158805
OK,45,73,910,45,2014-06-08T07:05:00,1,14260200,158805
OK,45,73,910,45,2014-06-08T07:10:00,0,14260649,158805
OK,54,61,910,54,2014-06-08T07:15:00,1,14261098,158805
OK,54,61,910,54,2014-06-08T07:20:00,0,14261547,158805
OK,54,61,910,54,2014-06-08T07:25:00,0,14261996,158805
OK,65,50,910,65,2014-06-08T07:30:00,1,14262445,158805
OK,51,64,910,51,2014-06-08T07:40:00,1,14263132,158805
OK,52,63,910,52,2014-06-08T07:45:00,2,14263581,158805
OK,54,61,910,54,2014-06-08T07:50:00,1,14264030,158805
OK,54,61,910,54,2014-06-08T07:55:00,0,14264479,158805
OK,61,54,910,61,2014-06-08T08:00:00,2,14264928,158805
OK,71,46,910,71,2014-06-08T08:05:00,3,14265377,158805
OK,60,55,910,60,2014-06-08T08:15:00,1,14266099,158805
OK,60,55,910,60,2014-06-08T08:20:00,0,14266548,158805
OK,60,55,910,60,2014-06-08T08:25:00,0,14266997,158805
OK,60,55,910,60,2014-06-08T08:30:00,0,14267446,158805
OK,60,55,910,60,2014-06-08T08:35:00,0,14267895,158805
OK,68,48,910,68,2014-06-08T08:40:00,4,14268344,158805
OK,68,48,910,68,2014-06-08T08:45:00,4,14268793,158805
OK,83,39,910,83,2014-06-08T08:50:00,1,14269242,158805
OK,83,39,910,83,2014-06-08T08:55:00,1,14269691,158805
OK,58,57,910,58,2014-06-08T09:00:00,2,14270140,158805
OK,60,55,910,60,2014-06-08T09:05:00,2,14270589,158805
OK,53,62,910,53,2014-06-08T09:10:00,4,14271038,158805
OK,53,62,910,53,2014-06-08T09:15:00,4,14271487,158805
OK,86,38,910,86,2014-06-08T09:20:00,1,14271936,158805
OK,88,37,910,88,2014-06-08T09:25:00,2,14272385,158805
OK,71,46,910,71,2014-06-08T09:30:00,5,14272834,158805
OK,70,47,910,70,2014-06-08T09:40:00,0,14273732,158805
OK,70,47,910,70,2014-06-08T09:45:00,0,14274181,158805
OK,52,63,910,52,2014-06-08T09:50:00,2,14274630,158805
OK,62,53,910,62,2014-06-08T09:55:00,6,14275079,158805
OK,62,53,910,62,2014-06-08T10:00:00,4,14275528,158805
OK,56,59,910,56,2014-06-08T10:05:00,1,14275977,158805
OK,56,59,910,56,2014-06-08T10:10:00,0,14276426,158805
OK,56,59,910,56,2014-06-08T10:15:00,0,14276875,158805
OK,59,56,910,59,2014-06-08T10:20:00,5,14277324,158805
OK,54,61,910,54,2014-06-08T10:30:00,4,14278222,158805
OK,54,61,910,54,2014-06-08T10:35:00,6,14278671,158805
OK,63,52,910,63,2014-06-08T10:40:00,6,14279120,158805
OK,62,53,910,62,2014-06-08T10:45:00,7,14279569,158805
OK,62,53,910,62,2014-06-08T10:50:00,6,14280018,158805
OK,59,56,910,59,2014-06-08T10:55:00,4,14280467,158805
OK,76,43,910,76,2014-06-08T11:00:00,2,14280916,158805
OK,54,61,910,54,2014-06-08T11:05:00,2,14281365,158805
OK,46,72,910,46,2014-06-08T11:10:00,1,14281814,158805
OK,67,49,910,67,2014-06-08T11:15:00,4,14282263,158805
OK,63,52,910,63,2014-06-08T11:30:00,6,14283408,158805
OK,63,52,910,63,2014-06-08T11:35:00,7,14283857,158805
OK,76,43,910,76,2014-06-08T11:50:00,6,14284751,158805
OK,71,46,910,71,2014-06-08T11:55:00,4,14285200,158805
OK,69,48,910,69,2014-06-08T12:00:00,3,14285649,158805
OK,60,55,910,60,2014-06-08T12:25:00,6,14287719,158805
OK,59,56,910,59,2014-06-08T12:30:00,3,14288168,158805
OK,59,56,910,59,2014-06-08T12:35:00,0,14288617,158805
OK,65,50,910,65,2014-06-08T12:50:00,5,14289549,158805
OK,76,43,910,76,2014-06-08T12:55:00,2,14289998,158805
OK,55,60,910,55,2014-06-08T13:05:00,4,14290896,158805
OK,64,51,910,64,2014-06-08T13:10:00,4,14291345,158805
OK,70,47,910,70,2014-06-08T13:15:00,2,14291794,158805
OK,74,44,910,74,2014-06-08T13:25:00,0,14292692,158805
OK,89,37,910,89,2014-06-08T13:30:00,1,14293141,158805
OK,72,46,910,72,2014-06-08T13:35:00,2,14293590,158805
OK,49,67,910,49,2014-06-08T13:40:00,2,14294039,158805
OK,63,52,910,63,2014-06-08T13:45:00,2,14294488,158805
OK,55,60,910,55,2014-06-08T13:50:00,5,14294937,158805
OK,56,59,910,56,2014-06-08T13:55:00,4,14295386,158805
OK,57,58,910,57,2014-06-08T14:00:00,4,14295835,158805
OK,56,59,910,56,2014-06-08T14:20:00,3,14296548,158805
OK,61,54,910,61,2014-06-08T14:45:00,2,14297528,158805
OK,61,54,910,61,2014-06-08T14:50:00,2,14297977,158805
OK,72,46,910,72,2014-06-08T15:00:00,3,14298643,158805
OK,52,63,910,52,2014-06-08T15:15:00,1,14299399,158805
OK,52,63,910,52,2014-06-08T15:20:00,1,14299848,158805
OK,65,50,910,65,2014-06-08T15:25:00,4,14300297,158805
OK,39,84,910,39,2014-06-08T15:40:00,1,14301006,158805
OK,66,50,910,66,2014-06-08T15:45:00,2,14301455,158805
OK,61,54,910,61,2014-06-08T15:50:00,4,14301904,158805
OK,67,49,910,67,2014-06-08T15:55:00,3,14302353,158805
OK,75,44,910,75,2014-06-08T16:05:00,7,14303070,158805
OK,75,44,910,75,2014-06-08T16:10:00,6,14303519,158805
OK,69,48,910,69,2014-06-08T16:25:00,3,14304186,158805
OK,64,51,910,64,2014-06-08T16:40:00,4,14305100,158805
OK,73,45,910,73,2014-06-08T16:50:00,1,14305766,158805
OK,57,58,910,57,2014-06-08T16:55:00,2,14306215,158805
OK,57,58,910,57,2014-06-08T17:00:00,0,14306664,158805
OK,57,58,910,57,2014-06-08T17:05:00,0,14307113,158805
OK,57,58,910,57,2014-06-08T17:10:00,0,14307562,158805
OK,57,58,910,57,2014-06-08T17:15:00,0,14308011,158805
OK,57,58,910,57,2014-06-08T17:20:00,0,14308460,158805
OK,68,48,910,68,2014-06-08T17:35:00,0,14309142,158805
OK,58,57,910,58,2014-06-08T17:40:00,3,14309591,158805
OK,54,61,910,54,2014-06-08T17:55:00,0,14310314,158805
OK,54,61,910,54,2014-06-08T18:00:00,0,14310763,158805
OK,49,67,910,49,2014-06-08T18:05:00,1,14311212,158805
OK,49,67,910,49,2014-06-08T18:10:00,1,14311661,158805
OK,36,92,910,36,2014-06-08T18:15:00,1,14312110,158805
OK,59,56,910,59,2014-06-08T18:20:00,2,14312559,158805
OK,59,56,910,59,2014-06-08T18:30:00,0,14313236,158805
OK,59,56,910,59,2014-06-08T18:35:00,0,14313685,158805
OK,54,61,910,54,2014-06-08T18:40:00,2,14314134,158805
OK,53,62,910,53,2014-06-08T18:45:00,1,14314583,158805
OK,53,62,910,53,2014-06-08T18:50:00,0,14315032,158805
OK,66,50,910,66,2014-06-08T19:20:00,1,14315883,158805
OK,66,50,910,66,2014-06-08T19:25:00,0,14316332,158805
OK,52,63,910,52,2014-06-08T19:30:00,2,14316781,158805
OK,52,63,910,52,2014-06-08T19:45:00,2,14317506,158805
OK,63,52,910,63,2014-06-08T19:50:00,3,14317955,158805
OK,81,40,910,81,2014-06-08T19:55:00,2,14318404,158805
OK,51,64,910,51,2014-06-08T20:00:00,0,14318853,158805
OK,51,64,910,51,2014-06-08T20:20:00,0,14319573,158805
OK,59,56,910,59,2014-06-08T20:25:00,0,14320022,158805
OK,42,78,910,42,2014-06-08T20:30:00,1,14320471,158805
OK,49,67,910,49,2014-06-08T20:35:00,2,14320920,158805
OK,67,49,910,67,2014-06-08T20:50:00,1,14321621,158805
OK,67,49,910,67,2014-06-08T21:10:00,0,14322345,158805
OK,51,64,910,51,2014-06-08T21:30:00,1,14323070,158805
OK,51,64,910,51,2014-06-08T21:35:00,0,14323519,158805
OK,51,64,910,51,2014-06-08T22:05:00,0,14324611,158805
OK,51,64,910,51,2014-06-08T22:20:00,0,14325772,158805
OK,51,64,910,51,2014-06-08T22:25:00,0,14326221,158805
OK,51,64,910,51,2014-06-08T22:30:00,0,14326670,158805
OK,51,64,910,51,2014-06-08T22:50:00,0,14327937,158805
OK,51,64,910,51,2014-06-08T22:55:00,0,14328386,158805
OK,51,64,910,51,2014-06-08T23:10:00,0,14329428,158805
OK,51,64,910,51,2014-06-08T23:15:00,0,14329877,158805
OK,51,64,910,51,2014-06-08T23:20:00,0,14330326,158805
OK,51,64,910,51,2014-06-08T23:25:00,0,14330775,158805
OK,40,82,910,40,2014-06-08T23:35:00,1,14331462,158805
OK,40,82,910,40,2014-06-08T23:40:00,0,14331911,158805
OK,40,82,910,40,2014-06-08T23:45:00,0,14332360,158805
OK,40,82,910,40,2014-06-08T23:50:00,0,14332809,158805
OK,40,82,910,40,2014-06-08T23:55:00,0,14333258,158805
OK,35,94,910,35,2014-06-09T00:05:00,2,14334156,158805
OK,35,94,910,35,2014-06-09T00:10:00,0,14334604,158805
OK,35,94,910,35,2014-06-09T00:15:00,0,14335053,158805
OK,35,94,910,35,2014-06-09T00:35:00,0,14335807,158805
OK,35,94,910,35,2014-06-09T00:45:00,0,14336596,158805
OK,35,94,910,35,2014-06-09T01:00:00,0,14337330,158805
OK,35,94,910,35,2014-06-09T01:30:00,0,14338422,158805
OK,35,94,910,35,2014-06-09T01:45:00,0,14339107,158805
OK,35,94,910,35,2014-06-09T01:50:00,0,14339556,158805
OK,35,94,910,35,2014-06-09T02:00:00,0,14340275,158805
OK,35,94,910,35,2014-06-09T02:05:00,0,14340724,158805
OK,35,94,910,35,2014-06-09T02:20:00,0,14341878,158805
OK,35,94,910,35,2014-06-09T02:25:00,0,14342327,158805
OK,35,94,910,35,2014-06-09T02:30:00,0,14342776,158805
OK,35,94,910,35,2014-06-09T02:40:00,0,14343523,158805
OK,35,94,910,35,2014-06-09T02:45:00,0,14343972,158805
OK,54,61,910,54,2014-06-09T03:00:00,0,14345052,158805
OK,54,61,910,54,2014-06-09T03:05:00,0,14345501,158805
OK,54,61,910,54,2014-06-09T03:10:00,0,14345950,158805
OK,54,61,910,54,2014-06-09T03:15:00,0,14346399,158805
OK,55,60,910,55,2014-06-09T03:35:00,1,14347161,158805
OK,55,60,910,55,2014-06-09T03:40:00,1,14347610,158805
OK,55,60,910,55,2014-06-09T03:50:00,0,14348359,158805
OK,55,60,910,55,2014-06-09T03:55:00,0,14348808,158805
OK,55,60,910,55,2014-06-09T04:00:00,0,14349257,158805
OK,55,60,910,55,2014-06-09T04:05:00,0,14349706,158805
OK,55,60,910,55,2014-06-09T04:25:00,0,14350462,158805
OK,55,60,910,55,2014-06-09T05:00:00,0,14351498,158805
OK,48,69,910,48,2014-06-09T05:05:00,1,14351947,158805
OK,48,69,910,48,2014-06-09T05:10:00,0,14352396,158805
OK,48,69,910,48,2014-06-09T05:15:00,0,14352845,158805
OK,86,38,910,86,2014-06-09T05:35:00,1,14354043,158805
